# Blender 5.1.2
# www.blender.org
mtllib mapa.mtl
o piso
v -10.274561 -12.354738 0.000000
v -10.274561 -0.093539 0.000000
v -5.137281 -12.354738 -8.594359
v -5.137281 -0.093539 -8.594359
v 5.137280 -12.354738 -8.594359
v 5.137280 -0.093539 -8.594359
v 10.274561 -12.354738 -0.000000
v 10.274561 -0.093539 -0.000000
v 5.137281 -12.354738 8.594359
v 5.137281 -0.093539 8.594359
v -5.137280 -12.354738 8.594359
v -5.137280 -0.093539 8.594359
vn -0.8583 -0.0000 -0.5131
vn -0.0000 -0.0000 -1.0000
vn 0.8583 -0.0000 -0.5131
vn 0.8583 -0.0000 0.5131
vn -0.0000 1.0000 -0.0000
vn -0.0000 -0.0000 1.0000
vn -0.8583 -0.0000 0.5131
vn -0.0000 -1.0000 -0.0000
vt 1.000000 0.500000
vt 1.000000 1.000000
vt 0.833333 1.000000
vt 0.833333 0.500000
vt 0.666667 1.000000
vt 0.666667 0.500000
vt 0.500000 1.000000
vt 0.500000 0.500000
vt 0.333333 1.000000
vt 0.333333 0.500000
vt 0.250000 0.490000
vt 0.042154 0.370000
vt 0.042154 0.130000
vt 0.250000 0.010000
vt 0.166667 1.000000
vt 0.166667 0.500000
vt -0.000000 1.000000
vt -0.000000 0.500000
vt 0.750000 0.490000
vt 0.957846 0.370000
vt 0.957846 0.130000
vt 0.750000 0.010000
vt 0.457846 0.370000
vt 0.457846 0.130000
vt 0.542154 0.370000
vt 0.542154 0.130000
s 0
f 1/1/1 2/2/1 4/3/1 3/4/1
f 3/4/2 4/3/2 6/5/2 5/6/2
f 5/6/3 6/5/3 8/7/3 7/8/3
f 7/8/4 8/7/4 10/9/4 9/10/4
f 2/11/5 12/12/5 10/13/5 8/14/5
f 9/10/6 10/9/6 12/15/6 11/16/6
f 11/16/7 12/15/7 2/17/7 1/18/7
f 1/19/8 3/20/8 5/21/8 7/22/8
f 4/23/5 2/11/5 8/14/5 6/24/5
f 11/25/8 1/19/8 7/22/8 9/26/8
o piso.001
v 5.137282 -12.354739 8.594357
v 5.137282 -0.093539 8.594357
v 10.274563 -12.354739 -0.000002
v 10.274563 -0.093539 -0.000002
v 20.549124 -12.354739 -0.000002
v 20.549124 -0.093539 -0.000002
v 25.686405 -12.354739 8.594357
v 25.686405 -0.093539 8.594357
v 20.549124 -12.354739 17.188717
v 20.549124 -0.093539 17.188717
v 10.274563 -12.354739 17.188717
v 10.274563 -0.093539 17.188717
vn -0.8583 -0.0000 -0.5131
vn -0.0000 -0.0000 -1.0000
vn 0.8583 -0.0000 -0.5131
vn 0.8583 -0.0000 0.5131
vn -0.0000 1.0000 -0.0000
vn -0.0000 -0.0000 1.0000
vn -0.8583 -0.0000 0.5131
vn -0.0000 -1.0000 -0.0000
vt 1.000000 0.500000
vt 1.000000 1.000000
vt 0.833333 1.000000
vt 0.833333 0.500000
vt 0.666667 1.000000
vt 0.666667 0.500000
vt 0.500000 1.000000
vt 0.500000 0.500000
vt 0.333333 1.000000
vt 0.333333 0.500000
vt 0.250000 0.490000
vt 0.042154 0.370000
vt 0.042154 0.130000
vt 0.250000 0.010000
vt 0.166667 1.000000
vt 0.166667 0.500000
vt -0.000000 1.000000
vt -0.000000 0.500000
vt 0.750000 0.490000
vt 0.957846 0.370000
vt 0.957846 0.130000
vt 0.750000 0.010000
vt 0.457846 0.370000
vt 0.457846 0.130000
vt 0.542154 0.370000
vt 0.542154 0.130000
s 0
f 13/27/9 14/28/9 16/29/9 15/30/9
f 15/30/10 16/29/10 18/31/10 17/32/10
f 17/32/11 18/31/11 20/33/11 19/34/11
f 19/34/12 20/33/12 22/35/12 21/36/12
f 14/37/13 24/38/13 22/39/13 20/40/13
f 21/36/14 22/35/14 24/41/14 23/42/14
f 23/42/15 24/41/15 14/43/15 13/44/15
f 13/45/16 15/46/16 17/47/16 19/48/16
f 16/49/13 14/37/13 20/40/13 18/50/13
f 23/51/16 13/45/16 19/48/16 21/52/16
o piso.002
v -25.686396 -12.354738 8.594362
v -25.686396 -0.093539 8.594362
v -20.549116 -12.354738 0.000003
v -20.549116 -0.093539 0.000003
v -10.274555 -12.354738 0.000003
v -10.274555 -0.093539 0.000003
v -5.137277 -12.354738 8.594362
v -5.137277 -0.093539 8.594362
v -10.274553 -12.354738 17.188721
v -10.274553 -0.093539 17.188721
v -20.549114 -12.354738 17.188721
v -20.549114 -0.093539 17.188721
vn -0.8583 -0.0000 -0.5131
vn -0.0000 -0.0000 -1.0000
vn 0.8583 -0.0000 -0.5131
vn 0.8583 -0.0000 0.5131
vn -0.0000 1.0000 -0.0000
vn -0.0000 -0.0000 1.0000
vn -0.8583 -0.0000 0.5131
vn -0.0000 -1.0000 -0.0000
vt 1.000000 0.500000
vt 1.000000 1.000000
vt 0.833333 1.000000
vt 0.833333 0.500000
vt 0.666667 1.000000
vt 0.666667 0.500000
vt 0.500000 1.000000
vt 0.500000 0.500000
vt 0.333333 1.000000
vt 0.333333 0.500000
vt 0.250000 0.490000
vt 0.042154 0.370000
vt 0.042154 0.130000
vt 0.250000 0.010000
vt 0.166667 1.000000
vt 0.166667 0.500000
vt -0.000000 1.000000
vt -0.000000 0.500000
vt 0.750000 0.490000
vt 0.957846 0.370000
vt 0.957846 0.130000
vt 0.750000 0.010000
vt 0.457846 0.370000
vt 0.457846 0.130000
vt 0.542154 0.370000
vt 0.542154 0.130000
s 0
f 25/53/17 26/54/17 28/55/17 27/56/17
f 27/56/18 28/55/18 30/57/18 29/58/18
f 29/58/19 30/57/19 32/59/19 31/60/19
f 31/60/20 32/59/20 34/61/20 33/62/20
f 26/63/21 36/64/21 34/65/21 32/66/21
f 33/62/22 34/61/22 36/67/22 35/68/22
f 35/68/23 36/67/23 26/69/23 25/70/23
f 25/71/24 27/72/24 29/73/24 31/74/24
f 28/75/21 26/63/21 32/66/21 30/76/21
f 35/77/24 25/71/24 31/74/24 33/78/24
o piso.003
v -41.098244 -12.354739 -0.000003
v -41.098244 -0.093539 -0.000003
v -35.960960 -12.354739 -8.594358
v -35.960960 -0.093539 -8.594358
v -25.686401 -12.354739 -8.594358
v -25.686401 -0.093539 -8.594358
v -20.549120 -12.354739 -0.000004
v -20.549120 -0.093539 -0.000004
v -25.686401 -12.354739 8.594360
v -25.686401 -0.093539 8.594360
v -35.960960 -12.354739 8.594360
v -35.960960 -0.093539 8.594360
vn -0.8583 -0.0000 -0.5131
vn -0.0000 -0.0000 -1.0000
vn 0.8583 -0.0000 -0.5131
vn 0.8583 -0.0000 0.5131
vn -0.0000 1.0000 -0.0000
vn -0.0000 -0.0000 1.0000
vn -0.8583 -0.0000 0.5131
vn -0.0000 -1.0000 -0.0000
vt 1.000000 0.500000
vt 1.000000 1.000000
vt 0.833333 1.000000
vt 0.833333 0.500000
vt 0.666667 1.000000
vt 0.666667 0.500000
vt 0.500000 1.000000
vt 0.500000 0.500000
vt 0.333333 1.000000
vt 0.333333 0.500000
vt 0.250000 0.490000
vt 0.042154 0.370000
vt 0.042154 0.130000
vt 0.250000 0.010000
vt 0.166667 1.000000
vt 0.166667 0.500000
vt -0.000000 1.000000
vt -0.000000 0.500000
vt 0.750000 0.490000
vt 0.957846 0.370000
vt 0.957846 0.130000
vt 0.750000 0.010000
vt 0.457846 0.370000
vt 0.457846 0.130000
vt 0.542154 0.370000
vt 0.542154 0.130000
s 0
f 37/79/25 38/80/25 40/81/25 39/82/25
f 39/82/26 40/81/26 42/83/26 41/84/26
f 41/84/27 42/83/27 44/85/27 43/86/27
f 43/86/28 44/85/28 46/87/28 45/88/28
f 38/89/29 48/90/29 46/91/29 44/92/29
f 45/88/30 46/87/30 48/93/30 47/94/30
f 47/94/31 48/93/31 38/95/31 37/96/31
f 37/97/32 39/98/32 41/99/32 43/100/32
f 40/101/29 38/89/29 44/92/29 42/102/29
f 47/103/32 37/97/32 43/100/32 45/104/32
o piso.004
v 20.549124 -12.354737 -0.000002
v 20.549124 -0.093537 -0.000002
v 25.686403 -12.354737 -8.594357
v 25.686403 -0.093537 -8.594357
v 35.960964 -12.354737 -8.594357
v 35.960964 -0.093537 -8.594357
v 41.098244 -12.354737 -0.000003
v 41.098244 -0.093537 -0.000003
v 35.960964 -12.354737 8.594359
v 35.960964 -0.093537 8.594359
v 25.686405 -12.354737 8.594359
v 25.686405 -0.093537 8.594359
vn -0.8583 -0.0000 -0.5131
vn -0.0000 -0.0000 -1.0000
vn 0.8583 -0.0000 -0.5131
vn 0.8583 -0.0000 0.5131
vn -0.0000 1.0000 -0.0000
vn -0.0000 -0.0000 1.0000
vn -0.8583 -0.0000 0.5131
vn -0.0000 -1.0000 -0.0000
vt 1.000000 0.500000
vt 1.000000 1.000000
vt 0.833333 1.000000
vt 0.833333 0.500000
vt 0.666667 1.000000
vt 0.666667 0.500000
vt 0.500000 1.000000
vt 0.500000 0.500000
vt 0.333333 1.000000
vt 0.333333 0.500000
vt 0.250000 0.490000
vt 0.042154 0.370000
vt 0.042154 0.130000
vt 0.250000 0.010000
vt 0.166667 1.000000
vt 0.166667 0.500000
vt -0.000000 1.000000
vt -0.000000 0.500000
vt 0.750000 0.490000
vt 0.957846 0.370000
vt 0.957846 0.130000
vt 0.750000 0.010000
vt 0.457846 0.370000
vt 0.457846 0.130000
vt 0.542154 0.370000
vt 0.542154 0.130000
s 0
f 49/105/33 50/106/33 52/107/33 51/108/33
f 51/108/34 52/107/34 54/109/34 53/110/34
f 53/110/35 54/109/35 56/111/35 55/112/35
f 55/112/36 56/111/36 58/113/36 57/114/36
f 50/115/37 60/116/37 58/117/37 56/118/37
f 57/114/38 58/113/38 60/119/38 59/120/38
f 59/120/39 60/119/39 50/121/39 49/122/39
f 49/123/40 51/124/40 53/125/40 55/126/40
f 52/127/37 50/115/37 56/118/37 54/128/37
f 59/129/40 49/123/40 55/126/40 57/130/40
o piso.005
v -10.274560 -12.354738 17.188721
v -10.274560 -0.093539 17.188721
v -5.137280 -12.354738 8.594360
v -5.137280 -0.093539 8.594360
v 5.137280 -12.354738 8.594360
v 5.137280 -0.093539 8.594360
v 10.274561 -12.354738 17.188719
v 10.274561 -0.093539 17.188719
v 5.137281 -12.354738 25.783079
v 5.137281 -0.093539 25.783079
v -5.137279 -12.354738 25.783079
v -5.137279 -0.093539 25.783079
vn -0.8583 -0.0000 -0.5131
vn -0.0000 -0.0000 -1.0000
vn 0.8583 -0.0000 -0.5131
vn 0.8583 -0.0000 0.5131
vn -0.0000 1.0000 -0.0000
vn -0.0000 -0.0000 1.0000
vn -0.8583 -0.0000 0.5131
vn -0.0000 -1.0000 -0.0000
vt 1.000000 0.500000
vt 1.000000 1.000000
vt 0.833333 1.000000
vt 0.833333 0.500000
vt 0.666667 1.000000
vt 0.666667 0.500000
vt 0.500000 1.000000
vt 0.500000 0.500000
vt 0.333333 1.000000
vt 0.333333 0.500000
vt 0.250000 0.490000
vt 0.042154 0.370000
vt 0.042154 0.130000
vt 0.250000 0.010000
vt 0.166667 1.000000
vt 0.166667 0.500000
vt -0.000000 1.000000
vt -0.000000 0.500000
vt 0.750000 0.490000
vt 0.957846 0.370000
vt 0.957846 0.130000
vt 0.750000 0.010000
vt 0.457846 0.370000
vt 0.457846 0.130000
vt 0.542154 0.370000
vt 0.542154 0.130000
s 0
f 61/131/41 62/132/41 64/133/41 63/134/41
f 63/134/42 64/133/42 66/135/42 65/136/42
f 65/136/43 66/135/43 68/137/43 67/138/43
f 67/138/44 68/137/44 70/139/44 69/140/44
f 62/141/45 72/142/45 70/143/45 68/144/45
f 69/140/46 70/139/46 72/145/46 71/146/46
f 71/146/47 72/145/47 62/147/47 61/148/47
f 61/149/48 63/150/48 65/151/48 67/152/48
f 64/153/45 62/141/45 68/144/45 66/154/45
f 71/155/48 61/149/48 67/152/48 69/156/48
o piso.006
v 5.137283 -12.354738 25.783075
v 5.137283 -0.093539 25.783075
v 10.274564 -12.354738 17.188715
v 10.274564 -0.093539 17.188715
v 20.549124 -12.354738 17.188715
v 20.549124 -0.093539 17.188715
v 25.686405 -12.354738 25.783075
v 25.686405 -0.093539 25.783075
v 20.549126 -12.354738 34.377434
v 20.549126 -0.093539 34.377434
v 10.274565 -12.354738 34.377434
v 10.274565 -0.093539 34.377434
vn -0.8583 -0.0000 -0.5131
vn -0.0000 -0.0000 -1.0000
vn 0.8583 -0.0000 -0.5131
vn 0.8583 -0.0000 0.5131
vn -0.0000 1.0000 -0.0000
vn -0.0000 -0.0000 1.0000
vn -0.8583 -0.0000 0.5131
vn -0.0000 -1.0000 -0.0000
vt 1.000000 0.500000
vt 1.000000 1.000000
vt 0.833333 1.000000
vt 0.833333 0.500000
vt 0.666667 1.000000
vt 0.666667 0.500000
vt 0.500000 1.000000
vt 0.500000 0.500000
vt 0.333333 1.000000
vt 0.333333 0.500000
vt 0.250000 0.490000
vt 0.042154 0.370000
vt 0.042154 0.130000
vt 0.250000 0.010000
vt 0.166667 1.000000
vt 0.166667 0.500000
vt -0.000000 1.000000
vt -0.000000 0.500000
vt 0.750000 0.490000
vt 0.957846 0.370000
vt 0.957846 0.130000
vt 0.750000 0.010000
vt 0.457846 0.370000
vt 0.457846 0.130000
vt 0.542154 0.370000
vt 0.542154 0.130000
s 0
f 73/157/49 74/158/49 76/159/49 75/160/49
f 75/160/50 76/159/50 78/161/50 77/162/50
f 77/162/51 78/161/51 80/163/51 79/164/51
f 79/164/52 80/163/52 82/165/52 81/166/52
f 74/167/53 84/168/53 82/169/53 80/170/53
f 81/166/54 82/165/54 84/171/54 83/172/54
f 83/172/55 84/171/55 74/173/55 73/174/55
f 73/175/56 75/176/56 77/177/56 79/178/56
f 76/179/53 74/167/53 80/170/53 78/180/53
f 83/181/56 73/175/56 79/178/56 81/182/56
o piso.007
v -25.686394 -12.354738 25.783085
v -25.686394 -0.093539 25.783085
v -20.549114 -12.354738 17.188725
v -20.549114 -0.093539 17.188725
v -10.274554 -12.354738 17.188725
v -10.274554 -0.093539 17.188725
v -5.137277 -12.354738 25.783083
v -5.137277 -0.093539 25.783083
v -10.274553 -12.354738 34.377441
v -10.274553 -0.093539 34.377441
v -20.549114 -12.354738 34.377441
v -20.549114 -0.093539 34.377441
vn -0.8583 -0.0000 -0.5131
vn -0.0000 -0.0000 -1.0000
vn 0.8583 -0.0000 -0.5131
vn 0.8583 -0.0000 0.5131
vn -0.0000 1.0000 -0.0000
vn -0.0000 -0.0000 1.0000
vn -0.8583 -0.0000 0.5131
vn -0.0000 -1.0000 -0.0000
vt 1.000000 0.500000
vt 1.000000 1.000000
vt 0.833333 1.000000
vt 0.833333 0.500000
vt 0.666667 1.000000
vt 0.666667 0.500000
vt 0.500000 1.000000
vt 0.500000 0.500000
vt 0.333333 1.000000
vt 0.333333 0.500000
vt 0.250000 0.490000
vt 0.042154 0.370000
vt 0.042154 0.130000
vt 0.250000 0.010000
vt 0.166667 1.000000
vt 0.166667 0.500000
vt -0.000000 1.000000
vt -0.000000 0.500000
vt 0.750000 0.490000
vt 0.957846 0.370000
vt 0.957846 0.130000
vt 0.750000 0.010000
vt 0.457846 0.370000
vt 0.457846 0.130000
vt 0.542154 0.370000
vt 0.542154 0.130000
s 0
f 85/183/57 86/184/57 88/185/57 87/186/57
f 87/186/58 88/185/58 90/187/58 89/188/58
f 89/188/59 90/187/59 92/189/59 91/190/59
f 91/190/60 92/189/60 94/191/60 93/192/60
f 86/193/61 96/194/61 94/195/61 92/196/61
f 93/192/62 94/191/62 96/197/62 95/198/62
f 95/198/63 96/197/63 86/199/63 85/200/63
f 85/201/64 87/202/64 89/203/64 91/204/64
f 88/205/61 86/193/61 92/196/61 90/206/61
f 95/207/64 85/201/64 91/204/64 93/208/64
o piso.008
v -41.098240 -12.354738 17.188717
v -41.098240 -0.093539 17.188717
v -35.960960 -12.354738 8.594361
v -35.960960 -0.093539 8.594361
v -25.686399 -12.354738 8.594361
v -25.686399 -0.093539 8.594361
v -20.549118 -12.354738 17.188717
v -20.549118 -0.093539 17.188717
v -25.686398 -12.354738 25.783081
v -25.686398 -0.093539 25.783081
v -35.960960 -12.354738 25.783081
v -35.960960 -0.093539 25.783081
vn -0.8583 -0.0000 -0.5131
vn -0.0000 -0.0000 -1.0000
vn 0.8583 -0.0000 -0.5131
vn 0.8583 -0.0000 0.5131
vn -0.0000 1.0000 -0.0000
vn -0.0000 -0.0000 1.0000
vn -0.8583 -0.0000 0.5131
vn -0.0000 -1.0000 -0.0000
vt 1.000000 0.500000
vt 1.000000 1.000000
vt 0.833333 1.000000
vt 0.833333 0.500000
vt 0.666667 1.000000
vt 0.666667 0.500000
vt 0.500000 1.000000
vt 0.500000 0.500000
vt 0.333333 1.000000
vt 0.333333 0.500000
vt 0.250000 0.490000
vt 0.042154 0.370000
vt 0.042154 0.130000
vt 0.250000 0.010000
vt 0.166667 1.000000
vt 0.166667 0.500000
vt -0.000000 1.000000
vt -0.000000 0.500000
vt 0.750000 0.490000
vt 0.957846 0.370000
vt 0.957846 0.130000
vt 0.750000 0.010000
vt 0.457846 0.370000
vt 0.457846 0.130000
vt 0.542154 0.370000
vt 0.542154 0.130000
s 0
f 97/209/65 98/210/65 100/211/65 99/212/65
f 99/212/66 100/211/66 102/213/66 101/214/66
f 101/214/67 102/213/67 104/215/67 103/216/67
f 103/216/68 104/215/68 106/217/68 105/218/68
f 98/219/69 108/220/69 106/221/69 104/222/69
f 105/218/70 106/217/70 108/223/70 107/224/70
f 107/224/71 108/223/71 98/225/71 97/226/71
f 97/227/72 99/228/72 101/229/72 103/230/72
f 100/231/69 98/219/69 104/222/69 102/232/69
f 107/233/72 97/227/72 103/230/72 105/234/72
o piso.009
v 20.549126 -12.354738 17.188717
v 20.549126 -0.093537 17.188717
v 25.686405 -12.354738 8.594362
v 25.686405 -0.093537 8.594362
v 35.960968 -12.354738 8.594362
v 35.960968 -0.093537 8.594362
v 41.098248 -12.354738 17.188717
v 41.098248 -0.093537 17.188717
v 35.960968 -12.354738 25.783079
v 35.960968 -0.093537 25.783079
v 25.686407 -12.354738 25.783079
v 25.686407 -0.093537 25.783079
vn -0.8583 -0.0000 -0.5131
vn -0.0000 -0.0000 -1.0000
vn 0.8583 -0.0000 -0.5131
vn 0.8583 -0.0000 0.5131
vn -0.0000 1.0000 -0.0000
vn -0.0000 -0.0000 1.0000
vn -0.8583 -0.0000 0.5131
vn -0.0000 -1.0000 -0.0000
vt 1.000000 0.500000
vt 1.000000 1.000000
vt 0.833333 1.000000
vt 0.833333 0.500000
vt 0.666667 1.000000
vt 0.666667 0.500000
vt 0.500000 1.000000
vt 0.500000 0.500000
vt 0.333333 1.000000
vt 0.333333 0.500000
vt 0.250000 0.490000
vt 0.042154 0.370000
vt 0.042154 0.130000
vt 0.250000 0.010000
vt 0.166667 1.000000
vt 0.166667 0.500000
vt -0.000000 1.000000
vt -0.000000 0.500000
vt 0.750000 0.490000
vt 0.957846 0.370000
vt 0.957846 0.130000
vt 0.750000 0.010000
vt 0.457846 0.370000
vt 0.457846 0.130000
vt 0.542154 0.370000
vt 0.542154 0.130000
s 0
f 109/235/73 110/236/73 112/237/73 111/238/73
f 111/238/74 112/237/74 114/239/74 113/240/74
f 113/240/75 114/239/75 116/241/75 115/242/75
f 115/242/76 116/241/76 118/243/76 117/244/76
f 110/245/77 120/246/77 118/247/77 116/248/77
f 117/244/78 118/243/78 120/249/78 119/250/78
f 119/250/79 120/249/79 110/251/79 109/252/79
f 109/253/80 111/254/80 113/255/80 115/256/80
f 112/257/77 110/245/77 116/248/77 114/258/77
f 119/259/80 109/253/80 115/256/80 117/260/80
o piso.010
v -10.274560 -12.354738 34.343544
v -10.274560 -0.093539 34.343544
v -5.137280 -12.354738 25.749186
v -5.137280 -0.093539 25.749186
v 5.137280 -12.354738 25.749186
v 5.137280 -0.093539 25.749186
v 10.274561 -12.354738 34.343544
v 10.274561 -0.093539 34.343544
v 5.137281 -12.354738 42.937904
v 5.137281 -0.093539 42.937904
v -5.137279 -12.354738 42.937904
v -5.137279 -0.093539 42.937904
vn -0.8583 -0.0000 -0.5131
vn -0.0000 -0.0000 -1.0000
vn 0.8583 -0.0000 -0.5131
vn 0.8583 -0.0000 0.5131
vn -0.0000 1.0000 -0.0000
vn -0.0000 -0.0000 1.0000
vn -0.8583 -0.0000 0.5131
vn -0.0000 -1.0000 -0.0000
vt 1.000000 0.500000
vt 1.000000 1.000000
vt 0.833333 1.000000
vt 0.833333 0.500000
vt 0.666667 1.000000
vt 0.666667 0.500000
vt 0.500000 1.000000
vt 0.500000 0.500000
vt 0.333333 1.000000
vt 0.333333 0.500000
vt 0.250000 0.490000
vt 0.042154 0.370000
vt 0.042154 0.130000
vt 0.250000 0.010000
vt 0.166667 1.000000
vt 0.166667 0.500000
vt -0.000000 1.000000
vt -0.000000 0.500000
vt 0.750000 0.490000
vt 0.957846 0.370000
vt 0.957846 0.130000
vt 0.750000 0.010000
vt 0.457846 0.370000
vt 0.457846 0.130000
vt 0.542154 0.370000
vt 0.542154 0.130000
s 0
f 121/261/81 122/262/81 124/263/81 123/264/81
f 123/264/82 124/263/82 126/265/82 125/266/82
f 125/266/83 126/265/83 128/267/83 127/268/83
f 127/268/84 128/267/84 130/269/84 129/270/84
f 122/271/85 132/272/85 130/273/85 128/274/85
f 129/270/86 130/269/86 132/275/86 131/276/86
f 131/276/87 132/275/87 122/277/87 121/278/87
f 121/279/88 123/280/88 125/281/88 127/282/88
f 124/283/85 122/271/85 128/274/85 126/284/85
f 131/285/88 121/279/88 127/282/88 129/286/88
o piso.011
v 5.137283 -12.354738 42.937901
v 5.137283 -0.093539 42.937901
v 10.274564 -12.354738 34.343540
v 10.274564 -0.093539 34.343540
v 20.549124 -12.354738 34.343540
v 20.549124 -0.093539 34.343540
v 25.686405 -12.354738 42.937901
v 25.686405 -0.093539 42.937901
v 20.549126 -12.354738 51.532261
v 20.549126 -0.093539 51.532261
v 10.274565 -12.354738 51.532261
v 10.274565 -0.093539 51.532261
vn -0.8583 -0.0000 -0.5131
vn -0.0000 -0.0000 -1.0000
vn 0.8583 -0.0000 -0.5131
vn 0.8583 -0.0000 0.5131
vn -0.0000 1.0000 -0.0000
vn -0.0000 -0.0000 1.0000
vn -0.8583 -0.0000 0.5131
vn -0.0000 -1.0000 -0.0000
vt 1.000000 0.500000
vt 1.000000 1.000000
vt 0.833333 1.000000
vt 0.833333 0.500000
vt 0.666667 1.000000
vt 0.666667 0.500000
vt 0.500000 1.000000
vt 0.500000 0.500000
vt 0.333333 1.000000
vt 0.333333 0.500000
vt 0.250000 0.490000
vt 0.042154 0.370000
vt 0.042154 0.130000
vt 0.250000 0.010000
vt 0.166667 1.000000
vt 0.166667 0.500000
vt -0.000000 1.000000
vt -0.000000 0.500000
vt 0.750000 0.490000
vt 0.957846 0.370000
vt 0.957846 0.130000
vt 0.750000 0.010000
vt 0.457846 0.370000
vt 0.457846 0.130000
vt 0.542154 0.370000
vt 0.542154 0.130000
s 0
f 133/287/89 134/288/89 136/289/89 135/290/89
f 135/290/90 136/289/90 138/291/90 137/292/90
f 137/292/91 138/291/91 140/293/91 139/294/91
f 139/294/92 140/293/92 142/295/92 141/296/92
f 134/297/93 144/298/93 142/299/93 140/300/93
f 141/296/94 142/295/94 144/301/94 143/302/94
f 143/302/95 144/301/95 134/303/95 133/304/95
f 133/305/96 135/306/96 137/307/96 139/308/96
f 136/309/93 134/297/93 140/300/93 138/310/93
f 143/311/96 133/305/96 139/308/96 141/312/96
o piso.012
v -25.686394 -12.354738 42.937908
v -25.686394 -0.093539 42.937908
v -20.549114 -12.354738 34.343552
v -20.549114 -0.093539 34.343552
v -10.274554 -12.354738 34.343552
v -10.274554 -0.093539 34.343552
v -5.137277 -12.354738 42.937908
v -5.137277 -0.093539 42.937908
v -10.274553 -12.354738 51.532269
v -10.274553 -0.093539 51.532269
v -20.549114 -12.354738 51.532269
v -20.549114 -0.093539 51.532269
vn -0.8583 -0.0000 -0.5131
vn -0.0000 -0.0000 -1.0000
vn 0.8583 -0.0000 -0.5131
vn 0.8583 -0.0000 0.5131
vn -0.0000 1.0000 -0.0000
vn -0.0000 -0.0000 1.0000
vn -0.8583 -0.0000 0.5131
vn -0.0000 -1.0000 -0.0000
vt 1.000000 0.500000
vt 1.000000 1.000000
vt 0.833333 1.000000
vt 0.833333 0.500000
vt 0.666667 1.000000
vt 0.666667 0.500000
vt 0.500000 1.000000
vt 0.500000 0.500000
vt 0.333333 1.000000
vt 0.333333 0.500000
vt 0.250000 0.490000
vt 0.042154 0.370000
vt 0.042154 0.130000
vt 0.250000 0.010000
vt 0.166667 1.000000
vt 0.166667 0.500000
vt -0.000000 1.000000
vt -0.000000 0.500000
vt 0.750000 0.490000
vt 0.957846 0.370000
vt 0.957846 0.130000
vt 0.750000 0.010000
vt 0.457846 0.370000
vt 0.457846 0.130000
vt 0.542154 0.370000
vt 0.542154 0.130000
s 0
f 145/313/97 146/314/97 148/315/97 147/316/97
f 147/316/98 148/315/98 150/317/98 149/318/98
f 149/318/99 150/317/99 152/319/99 151/320/99
f 151/320/100 152/319/100 154/321/100 153/322/100
f 146/323/101 156/324/101 154/325/101 152/326/101
f 153/322/102 154/321/102 156/327/102 155/328/102
f 155/328/103 156/327/103 146/329/103 145/330/103
f 145/331/104 147/332/104 149/333/104 151/334/104
f 148/335/101 146/323/101 152/326/101 150/336/101
f 155/337/104 145/331/104 151/334/104 153/338/104
o piso.013
v -41.098240 -12.354738 34.343540
v -41.098240 -0.093539 34.343540
v -35.960960 -12.354738 25.749187
v -35.960960 -0.093539 25.749187
v -25.686399 -12.354738 25.749187
v -25.686399 -0.093539 25.749187
v -20.549118 -12.354738 34.343540
v -20.549118 -0.093539 34.343540
v -25.686398 -12.354738 42.937904
v -25.686398 -0.093539 42.937904
v -35.960960 -12.354738 42.937904
v -35.960960 -0.093539 42.937904
vn -0.8583 -0.0000 -0.5131
vn -0.0000 -0.0000 -1.0000
vn 0.8583 -0.0000 -0.5131
vn 0.8583 -0.0000 0.5131
vn -0.0000 1.0000 -0.0000
vn -0.0000 -0.0000 1.0000
vn -0.8583 -0.0000 0.5131
vn -0.0000 -1.0000 -0.0000
vt 1.000000 0.500000
vt 1.000000 1.000000
vt 0.833333 1.000000
vt 0.833333 0.500000
vt 0.666667 1.000000
vt 0.666667 0.500000
vt 0.500000 1.000000
vt 0.500000 0.500000
vt 0.333333 1.000000
vt 0.333333 0.500000
vt 0.250000 0.490000
vt 0.042154 0.370000
vt 0.042154 0.130000
vt 0.250000 0.010000
vt 0.166667 1.000000
vt 0.166667 0.500000
vt -0.000000 1.000000
vt -0.000000 0.500000
vt 0.750000 0.490000
vt 0.957846 0.370000
vt 0.957846 0.130000
vt 0.750000 0.010000
vt 0.457846 0.370000
vt 0.457846 0.130000
vt 0.542154 0.370000
vt 0.542154 0.130000
s 0
f 157/339/105 158/340/105 160/341/105 159/342/105
f 159/342/106 160/341/106 162/343/106 161/344/106
f 161/344/107 162/343/107 164/345/107 163/346/107
f 163/346/108 164/345/108 166/347/108 165/348/108
f 158/349/109 168/350/109 166/351/109 164/352/109
f 165/348/110 166/347/110 168/353/110 167/354/110
f 167/354/111 168/353/111 158/355/111 157/356/111
f 157/357/112 159/358/112 161/359/112 163/360/112
f 160/361/109 158/349/109 164/352/109 162/362/109
f 167/363/112 157/357/112 163/360/112 165/364/112
o piso.014
v 20.549126 -12.354738 34.343540
v 20.549126 -0.093537 34.343540
v 25.686405 -12.354738 25.749186
v 25.686405 -0.093537 25.749186
v 35.960968 -12.354738 25.749186
v 35.960968 -0.093537 25.749186
v 41.098248 -12.354738 34.343540
v 41.098248 -0.093537 34.343540
v 35.960968 -12.354738 42.937904
v 35.960968 -0.093537 42.937904
v 25.686407 -12.354738 42.937904
v 25.686407 -0.093537 42.937904
vn -0.8583 -0.0000 -0.5131
vn -0.0000 -0.0000 -1.0000
vn 0.8583 -0.0000 -0.5131
vn 0.8583 -0.0000 0.5131
vn -0.0000 1.0000 -0.0000
vn -0.0000 -0.0000 1.0000
vn -0.8583 -0.0000 0.5131
vn -0.0000 -1.0000 -0.0000
vt 1.000000 0.500000
vt 1.000000 1.000000
vt 0.833333 1.000000
vt 0.833333 0.500000
vt 0.666667 1.000000
vt 0.666667 0.500000
vt 0.500000 1.000000
vt 0.500000 0.500000
vt 0.333333 1.000000
vt 0.333333 0.500000
vt 0.250000 0.490000
vt 0.042154 0.370000
vt 0.042154 0.130000
vt 0.250000 0.010000
vt 0.166667 1.000000
vt 0.166667 0.500000
vt -0.000000 1.000000
vt -0.000000 0.500000
vt 0.750000 0.490000
vt 0.957846 0.370000
vt 0.957846 0.130000
vt 0.750000 0.010000
vt 0.457846 0.370000
vt 0.457846 0.130000
vt 0.542154 0.370000
vt 0.542154 0.130000
s 0
f 169/365/113 170/366/113 172/367/113 171/368/113
f 171/368/114 172/367/114 174/369/114 173/370/114
f 173/370/115 174/369/115 176/371/115 175/372/115
f 175/372/116 176/371/116 178/373/116 177/374/116
f 170/375/117 180/376/117 178/377/117 176/378/117
f 177/374/118 178/373/118 180/379/118 179/380/118
f 179/380/119 180/379/119 170/381/119 169/382/119
f 169/383/120 171/384/120 173/385/120 175/386/120
f 172/387/117 170/375/117 176/378/117 174/388/117
f 179/389/120 169/383/120 175/386/120 177/390/120
o piso.015
v -10.274560 -12.354738 51.343544
v -10.274560 -0.093539 51.343544
v -5.137280 -12.354738 42.749184
v -5.137280 -0.093539 42.749184
v 5.137280 -12.354738 42.749184
v 5.137280 -0.093539 42.749184
v 10.274561 -12.354738 51.343544
v 10.274561 -0.093539 51.343544
v 5.137281 -12.354738 59.937904
v 5.137281 -0.093539 59.937904
v -5.137279 -12.354738 59.937904
v -5.137279 -0.093539 59.937904
vn -0.8583 -0.0000 -0.5131
vn -0.0000 -0.0000 -1.0000
vn 0.8583 -0.0000 -0.5131
vn 0.8583 -0.0000 0.5131
vn -0.0000 1.0000 -0.0000
vn -0.0000 -0.0000 1.0000
vn -0.8583 -0.0000 0.5131
vn -0.0000 -1.0000 -0.0000
vt 1.000000 0.500000
vt 1.000000 1.000000
vt 0.833333 1.000000
vt 0.833333 0.500000
vt 0.666667 1.000000
vt 0.666667 0.500000
vt 0.500000 1.000000
vt 0.500000 0.500000
vt 0.333333 1.000000
vt 0.333333 0.500000
vt 0.250000 0.490000
vt 0.042154 0.370000
vt 0.042154 0.130000
vt 0.250000 0.010000
vt 0.166667 1.000000
vt 0.166667 0.500000
vt -0.000000 1.000000
vt -0.000000 0.500000
vt 0.750000 0.490000
vt 0.957846 0.370000
vt 0.957846 0.130000
vt 0.750000 0.010000
vt 0.457846 0.370000
vt 0.457846 0.130000
vt 0.542154 0.370000
vt 0.542154 0.130000
s 0
f 181/391/121 182/392/121 184/393/121 183/394/121
f 183/394/122 184/393/122 186/395/122 185/396/122
f 185/396/123 186/395/123 188/397/123 187/398/123
f 187/398/124 188/397/124 190/399/124 189/400/124
f 182/401/125 192/402/125 190/403/125 188/404/125
f 189/400/126 190/399/126 192/405/126 191/406/126
f 191/406/127 192/405/127 182/407/127 181/408/127
f 181/409/128 183/410/128 185/411/128 187/412/128
f 184/413/125 182/401/125 188/404/125 186/414/125
f 191/415/128 181/409/128 187/412/128 189/416/128
o piso.016
v 5.137283 -12.354738 59.937901
v 5.137283 -0.093539 59.937901
v 10.274564 -12.354738 51.343540
v 10.274564 -0.093539 51.343540
v 20.549124 -12.354738 51.343540
v 20.549124 -0.093539 51.343540
v 25.686405 -12.354738 59.937901
v 25.686405 -0.093539 59.937901
v 20.549126 -12.354738 68.532257
v 20.549126 -0.093539 68.532257
v 10.274565 -12.354738 68.532257
v 10.274565 -0.093539 68.532257
vn -0.8583 -0.0000 -0.5131
vn -0.0000 -0.0000 -1.0000
vn 0.8583 -0.0000 -0.5131
vn 0.8583 -0.0000 0.5131
vn -0.0000 1.0000 -0.0000
vn -0.0000 -0.0000 1.0000
vn -0.8583 -0.0000 0.5131
vn -0.0000 -1.0000 -0.0000
vt 1.000000 0.500000
vt 1.000000 1.000000
vt 0.833333 1.000000
vt 0.833333 0.500000
vt 0.666667 1.000000
vt 0.666667 0.500000
vt 0.500000 1.000000
vt 0.500000 0.500000
vt 0.333333 1.000000
vt 0.333333 0.500000
vt 0.250000 0.490000
vt 0.042154 0.370000
vt 0.042154 0.130000
vt 0.250000 0.010000
vt 0.166667 1.000000
vt 0.166667 0.500000
vt -0.000000 1.000000
vt -0.000000 0.500000
vt 0.750000 0.490000
vt 0.957846 0.370000
vt 0.957846 0.130000
vt 0.750000 0.010000
vt 0.457846 0.370000
vt 0.457846 0.130000
vt 0.542154 0.370000
vt 0.542154 0.130000
s 0
f 193/417/129 194/418/129 196/419/129 195/420/129
f 195/420/130 196/419/130 198/421/130 197/422/130
f 197/422/131 198/421/131 200/423/131 199/424/131
f 199/424/132 200/423/132 202/425/132 201/426/132
f 194/427/133 204/428/133 202/429/133 200/430/133
f 201/426/134 202/425/134 204/431/134 203/432/134
f 203/432/135 204/431/135 194/433/135 193/434/135
f 193/435/136 195/436/136 197/437/136 199/438/136
f 196/439/133 194/427/133 200/430/133 198/440/133
f 203/441/136 193/435/136 199/438/136 201/442/136
o piso.017
v -25.686394 -12.354738 59.937908
v -25.686394 -0.093539 59.937908
v -20.549114 -12.354738 51.343552
v -20.549114 -0.093539 51.343552
v -10.274554 -12.354738 51.343552
v -10.274554 -0.093539 51.343552
v -5.137277 -12.354738 59.937908
v -5.137277 -0.093539 59.937908
v -10.274553 -12.354738 68.532272
v -10.274553 -0.093539 68.532272
v -20.549114 -12.354738 68.532272
v -20.549114 -0.093539 68.532272
vn -0.8583 -0.0000 -0.5131
vn -0.0000 -0.0000 -1.0000
vn 0.8583 -0.0000 -0.5131
vn 0.8583 -0.0000 0.5131
vn -0.0000 1.0000 -0.0000
vn -0.0000 -0.0000 1.0000
vn -0.8583 -0.0000 0.5131
vn -0.0000 -1.0000 -0.0000
vt 1.000000 0.500000
vt 1.000000 1.000000
vt 0.833333 1.000000
vt 0.833333 0.500000
vt 0.666667 1.000000
vt 0.666667 0.500000
vt 0.500000 1.000000
vt 0.500000 0.500000
vt 0.333333 1.000000
vt 0.333333 0.500000
vt 0.250000 0.490000
vt 0.042154 0.370000
vt 0.042154 0.130000
vt 0.250000 0.010000
vt 0.166667 1.000000
vt 0.166667 0.500000
vt -0.000000 1.000000
vt -0.000000 0.500000
vt 0.750000 0.490000
vt 0.957846 0.370000
vt 0.957846 0.130000
vt 0.750000 0.010000
vt 0.457846 0.370000
vt 0.457846 0.130000
vt 0.542154 0.370000
vt 0.542154 0.130000
s 0
f 205/443/137 206/444/137 208/445/137 207/446/137
f 207/446/138 208/445/138 210/447/138 209/448/138
f 209/448/139 210/447/139 212/449/139 211/450/139
f 211/450/140 212/449/140 214/451/140 213/452/140
f 206/453/141 216/454/141 214/455/141 212/456/141
f 213/452/142 214/451/142 216/457/142 215/458/142
f 215/458/143 216/457/143 206/459/143 205/460/143
f 205/461/144 207/462/144 209/463/144 211/464/144
f 208/465/141 206/453/141 212/456/141 210/466/141
f 215/467/144 205/461/144 211/464/144 213/468/144
o piso.018
v -41.098240 -12.354738 51.343540
v -41.098240 -0.093539 51.343540
v -35.960960 -12.354738 42.749187
v -35.960960 -0.093539 42.749187
v -25.686399 -12.354738 42.749187
v -25.686399 -0.093539 42.749187
v -20.549118 -12.354738 51.343540
v -20.549118 -0.093539 51.343540
v -25.686398 -12.354738 59.937904
v -25.686398 -0.093539 59.937904
v -35.960960 -12.354738 59.937904
v -35.960960 -0.093539 59.937904
vn -0.8583 -0.0000 -0.5131
vn -0.0000 -0.0000 -1.0000
vn 0.8583 -0.0000 -0.5131
vn 0.8583 -0.0000 0.5131
vn -0.0000 1.0000 -0.0000
vn -0.0000 -0.0000 1.0000
vn -0.8583 -0.0000 0.5131
vn -0.0000 -1.0000 -0.0000
vt 1.000000 0.500000
vt 1.000000 1.000000
vt 0.833333 1.000000
vt 0.833333 0.500000
vt 0.666667 1.000000
vt 0.666667 0.500000
vt 0.500000 1.000000
vt 0.500000 0.500000
vt 0.333333 1.000000
vt 0.333333 0.500000
vt 0.250000 0.490000
vt 0.042154 0.370000
vt 0.042154 0.130000
vt 0.250000 0.010000
vt 0.166667 1.000000
vt 0.166667 0.500000
vt -0.000000 1.000000
vt -0.000000 0.500000
vt 0.750000 0.490000
vt 0.957846 0.370000
vt 0.957846 0.130000
vt 0.750000 0.010000
vt 0.457846 0.370000
vt 0.457846 0.130000
vt 0.542154 0.370000
vt 0.542154 0.130000
s 0
f 217/469/145 218/470/145 220/471/145 219/472/145
f 219/472/146 220/471/146 222/473/146 221/474/146
f 221/474/147 222/473/147 224/475/147 223/476/147
f 223/476/148 224/475/148 226/477/148 225/478/148
f 218/479/149 228/480/149 226/481/149 224/482/149
f 225/478/150 226/477/150 228/483/150 227/484/150
f 227/484/151 228/483/151 218/485/151 217/486/151
f 217/487/152 219/488/152 221/489/152 223/490/152
f 220/491/149 218/479/149 224/482/149 222/492/149
f 227/493/152 217/487/152 223/490/152 225/494/152
o piso.019
v 20.549126 -12.354738 51.343540
v 20.549126 -0.093537 51.343540
v 25.686405 -12.354738 42.749184
v 25.686405 -0.093537 42.749184
v 35.960968 -12.354738 42.749184
v 35.960968 -0.093537 42.749184
v 41.098248 -12.354738 51.343540
v 41.098248 -0.093537 51.343540
v 35.960968 -12.354738 59.937904
v 35.960968 -0.093537 59.937904
v 25.686407 -12.354738 59.937904
v 25.686407 -0.093537 59.937904
vn -0.8583 -0.0000 -0.5131
vn -0.0000 -0.0000 -1.0000
vn 0.8583 -0.0000 -0.5131
vn 0.8583 -0.0000 0.5131
vn -0.0000 1.0000 -0.0000
vn -0.0000 -0.0000 1.0000
vn -0.8583 -0.0000 0.5131
vn -0.0000 -1.0000 -0.0000
vt 1.000000 0.500000
vt 1.000000 1.000000
vt 0.833333 1.000000
vt 0.833333 0.500000
vt 0.666667 1.000000
vt 0.666667 0.500000
vt 0.500000 1.000000
vt 0.500000 0.500000
vt 0.333333 1.000000
vt 0.333333 0.500000
vt 0.250000 0.490000
vt 0.042154 0.370000
vt 0.042154 0.130000
vt 0.250000 0.010000
vt 0.166667 1.000000
vt 0.166667 0.500000
vt -0.000000 1.000000
vt -0.000000 0.500000
vt 0.750000 0.490000
vt 0.957846 0.370000
vt 0.957846 0.130000
vt 0.750000 0.010000
vt 0.457846 0.370000
vt 0.457846 0.130000
vt 0.542154 0.370000
vt 0.542154 0.130000
s 0
f 229/495/153 230/496/153 232/497/153 231/498/153
f 231/498/154 232/497/154 234/499/154 233/500/154
f 233/500/155 234/499/155 236/501/155 235/502/155
f 235/502/156 236/501/156 238/503/156 237/504/156
f 230/505/157 240/506/157 238/507/157 236/508/157
f 237/504/158 238/503/158 240/509/158 239/510/158
f 239/510/159 240/509/159 230/511/159 229/512/159
f 229/513/160 231/514/160 233/515/160 235/516/160
f 232/517/157 230/505/157 236/508/157 234/518/157
f 239/519/160 229/513/160 235/516/160 237/520/160
o piso.020
v -10.274560 -12.354738 68.343544
v -10.274560 -0.093539 68.343544
v -5.137280 -12.354738 59.749184
v -5.137280 -0.093539 59.749184
v 5.137280 -12.354738 59.749184
v 5.137280 -0.093539 59.749184
v 10.274561 -12.354738 68.343544
v 10.274561 -0.093539 68.343544
v 5.137281 -12.354738 76.937904
v 5.137281 -0.093539 76.937904
v -5.137279 -12.354738 76.937904
v -5.137279 -0.093539 76.937904
vn -0.8583 -0.0000 -0.5131
vn -0.0000 -0.0000 -1.0000
vn 0.8583 -0.0000 -0.5131
vn 0.8583 -0.0000 0.5131
vn -0.0000 1.0000 -0.0000
vn -0.0000 -0.0000 1.0000
vn -0.8583 -0.0000 0.5131
vn -0.0000 -1.0000 -0.0000
vt 1.000000 0.500000
vt 1.000000 1.000000
vt 0.833333 1.000000
vt 0.833333 0.500000
vt 0.666667 1.000000
vt 0.666667 0.500000
vt 0.500000 1.000000
vt 0.500000 0.500000
vt 0.333333 1.000000
vt 0.333333 0.500000
vt 0.250000 0.490000
vt 0.042154 0.370000
vt 0.042154 0.130000
vt 0.250000 0.010000
vt 0.166667 1.000000
vt 0.166667 0.500000
vt -0.000000 1.000000
vt -0.000000 0.500000
vt 0.750000 0.490000
vt 0.957846 0.370000
vt 0.957846 0.130000
vt 0.750000 0.010000
vt 0.457846 0.370000
vt 0.457846 0.130000
vt 0.542154 0.370000
vt 0.542154 0.130000
s 0
f 241/521/161 242/522/161 244/523/161 243/524/161
f 243/524/162 244/523/162 246/525/162 245/526/162
f 245/526/163 246/525/163 248/527/163 247/528/163
f 247/528/164 248/527/164 250/529/164 249/530/164
f 242/531/165 252/532/165 250/533/165 248/534/165
f 249/530/166 250/529/166 252/535/166 251/536/166
f 251/536/167 252/535/167 242/537/167 241/538/167
f 241/539/168 243/540/168 245/541/168 247/542/168
f 244/543/165 242/531/165 248/534/165 246/544/165
f 251/545/168 241/539/168 247/542/168 249/546/168
o piso.021
v 5.137283 -12.354738 76.937897
v 5.137283 -0.093539 76.937897
v 10.274564 -12.354738 68.343536
v 10.274564 -0.093539 68.343536
v 20.549124 -12.354738 68.343536
v 20.549124 -0.093539 68.343536
v 25.686405 -12.354738 76.937897
v 25.686405 -0.093539 76.937897
v 20.549126 -12.354738 85.532257
v 20.549126 -0.093539 85.532257
v 10.274565 -12.354738 85.532257
v 10.274565 -0.093539 85.532257
vn -0.8583 -0.0000 -0.5131
vn -0.0000 -0.0000 -1.0000
vn 0.8583 -0.0000 -0.5131
vn 0.8583 -0.0000 0.5131
vn -0.0000 1.0000 -0.0000
vn -0.0000 -0.0000 1.0000
vn -0.8583 -0.0000 0.5131
vn -0.0000 -1.0000 -0.0000
vt 1.000000 0.500000
vt 1.000000 1.000000
vt 0.833333 1.000000
vt 0.833333 0.500000
vt 0.666667 1.000000
vt 0.666667 0.500000
vt 0.500000 1.000000
vt 0.500000 0.500000
vt 0.333333 1.000000
vt 0.333333 0.500000
vt 0.250000 0.490000
vt 0.042154 0.370000
vt 0.042154 0.130000
vt 0.250000 0.010000
vt 0.166667 1.000000
vt 0.166667 0.500000
vt -0.000000 1.000000
vt -0.000000 0.500000
vt 0.750000 0.490000
vt 0.957846 0.370000
vt 0.957846 0.130000
vt 0.750000 0.010000
vt 0.457846 0.370000
vt 0.457846 0.130000
vt 0.542154 0.370000
vt 0.542154 0.130000
s 0
f 253/547/169 254/548/169 256/549/169 255/550/169
f 255/550/170 256/549/170 258/551/170 257/552/170
f 257/552/171 258/551/171 260/553/171 259/554/171
f 259/554/172 260/553/172 262/555/172 261/556/172
f 254/557/173 264/558/173 262/559/173 260/560/173
f 261/556/174 262/555/174 264/561/174 263/562/174
f 263/562/175 264/561/175 254/563/175 253/564/175
f 253/565/176 255/566/176 257/567/176 259/568/176
f 256/569/173 254/557/173 260/560/173 258/570/173
f 263/571/176 253/565/176 259/568/176 261/572/176
o piso.022
v -25.686394 -12.354738 76.937912
v -25.686394 -0.093539 76.937912
v -20.549114 -12.354738 68.343552
v -20.549114 -0.093539 68.343552
v -10.274554 -12.354738 68.343552
v -10.274554 -0.093539 68.343552
v -5.137277 -12.354738 76.937912
v -5.137277 -0.093539 76.937912
v -10.274553 -12.354738 85.532272
v -10.274553 -0.093539 85.532272
v -20.549114 -12.354738 85.532272
v -20.549114 -0.093539 85.532272
vn -0.8583 -0.0000 -0.5131
vn -0.0000 -0.0000 -1.0000
vn 0.8583 -0.0000 -0.5131
vn 0.8583 -0.0000 0.5131
vn -0.0000 1.0000 -0.0000
vn -0.0000 -0.0000 1.0000
vn -0.8583 -0.0000 0.5131
vn -0.0000 -1.0000 -0.0000
vt 1.000000 0.500000
vt 1.000000 1.000000
vt 0.833333 1.000000
vt 0.833333 0.500000
vt 0.666667 1.000000
vt 0.666667 0.500000
vt 0.500000 1.000000
vt 0.500000 0.500000
vt 0.333333 1.000000
vt 0.333333 0.500000
vt 0.250000 0.490000
vt 0.042154 0.370000
vt 0.042154 0.130000
vt 0.250000 0.010000
vt 0.166667 1.000000
vt 0.166667 0.500000
vt -0.000000 1.000000
vt -0.000000 0.500000
vt 0.750000 0.490000
vt 0.957846 0.370000
vt 0.957846 0.130000
vt 0.750000 0.010000
vt 0.457846 0.370000
vt 0.457846 0.130000
vt 0.542154 0.370000
vt 0.542154 0.130000
s 0
f 265/573/177 266/574/177 268/575/177 267/576/177
f 267/576/178 268/575/178 270/577/178 269/578/178
f 269/578/179 270/577/179 272/579/179 271/580/179
f 271/580/180 272/579/180 274/581/180 273/582/180
f 266/583/181 276/584/181 274/585/181 272/586/181
f 273/582/182 274/581/182 276/587/182 275/588/182
f 275/588/183 276/587/183 266/589/183 265/590/183
f 265/591/184 267/592/184 269/593/184 271/594/184
f 268/595/181 266/583/181 272/586/181 270/596/181
f 275/597/184 265/591/184 271/594/184 273/598/184
o piso.023
v -41.098240 -12.354738 68.343544
v -41.098240 -0.093539 68.343544
v -35.960960 -12.354738 59.749187
v -35.960960 -0.093539 59.749187
v -25.686399 -12.354738 59.749187
v -25.686399 -0.093539 59.749187
v -20.549118 -12.354738 68.343544
v -20.549118 -0.093539 68.343544
v -25.686398 -12.354738 76.937904
v -25.686398 -0.093539 76.937904
v -35.960960 -12.354738 76.937904
v -35.960960 -0.093539 76.937904
vn -0.8583 -0.0000 -0.5131
vn -0.0000 -0.0000 -1.0000
vn 0.8583 -0.0000 -0.5131
vn 0.8583 -0.0000 0.5131
vn -0.0000 1.0000 -0.0000
vn -0.0000 -0.0000 1.0000
vn -0.8583 -0.0000 0.5131
vn -0.0000 -1.0000 -0.0000
vt 1.000000 0.500000
vt 1.000000 1.000000
vt 0.833333 1.000000
vt 0.833333 0.500000
vt 0.666667 1.000000
vt 0.666667 0.500000
vt 0.500000 1.000000
vt 0.500000 0.500000
vt 0.333333 1.000000
vt 0.333333 0.500000
vt 0.250000 0.490000
vt 0.042154 0.370000
vt 0.042154 0.130000
vt 0.250000 0.010000
vt 0.166667 1.000000
vt 0.166667 0.500000
vt -0.000000 1.000000
vt -0.000000 0.500000
vt 0.750000 0.490000
vt 0.957846 0.370000
vt 0.957846 0.130000
vt 0.750000 0.010000
vt 0.457846 0.370000
vt 0.457846 0.130000
vt 0.542154 0.370000
vt 0.542154 0.130000
s 0
f 277/599/185 278/600/185 280/601/185 279/602/185
f 279/602/186 280/601/186 282/603/186 281/604/186
f 281/604/187 282/603/187 284/605/187 283/606/187
f 283/606/188 284/605/188 286/607/188 285/608/188
f 278/609/189 288/610/189 286/611/189 284/612/189
f 285/608/190 286/607/190 288/613/190 287/614/190
f 287/614/191 288/613/191 278/615/191 277/616/191
f 277/617/192 279/618/192 281/619/192 283/620/192
f 280/621/189 278/609/189 284/612/189 282/622/189
f 287/623/192 277/617/192 283/620/192 285/624/192
o piso.024
v 20.549126 -12.354738 68.343544
v 20.549126 -0.093537 68.343544
v 25.686405 -12.354738 59.749184
v 25.686405 -0.093537 59.749184
v 35.960968 -12.354738 59.749184
v 35.960968 -0.093537 59.749184
v 41.098248 -12.354738 68.343536
v 41.098248 -0.093537 68.343536
v 35.960968 -12.354738 76.937904
v 35.960968 -0.093537 76.937904
v 25.686407 -12.354738 76.937904
v 25.686407 -0.093537 76.937904
vn -0.8583 -0.0000 -0.5131
vn -0.0000 -0.0000 -1.0000
vn 0.8583 -0.0000 -0.5131
vn 0.8583 -0.0000 0.5131
vn -0.0000 1.0000 -0.0000
vn -0.0000 -0.0000 1.0000
vn -0.8583 -0.0000 0.5131
vn -0.0000 -1.0000 -0.0000
vt 1.000000 0.500000
vt 1.000000 1.000000
vt 0.833333 1.000000
vt 0.833333 0.500000
vt 0.666667 1.000000
vt 0.666667 0.500000
vt 0.500000 1.000000
vt 0.500000 0.500000
vt 0.333333 1.000000
vt 0.333333 0.500000
vt 0.250000 0.490000
vt 0.042154 0.370000
vt 0.042154 0.130000
vt 0.250000 0.010000
vt 0.166667 1.000000
vt 0.166667 0.500000
vt -0.000000 1.000000
vt -0.000000 0.500000
vt 0.750000 0.490000
vt 0.957846 0.370000
vt 0.957846 0.130000
vt 0.750000 0.010000
vt 0.457846 0.370000
vt 0.457846 0.130000
vt 0.542154 0.370000
vt 0.542154 0.130000
s 0
f 289/625/193 290/626/193 292/627/193 291/628/193
f 291/628/194 292/627/194 294/629/194 293/630/194
f 293/630/195 294/629/195 296/631/195 295/632/195
f 295/632/196 296/631/196 298/633/196 297/634/196
f 290/635/197 300/636/197 298/637/197 296/638/197
f 297/634/198 298/633/198 300/639/198 299/640/198
f 299/640/199 300/639/199 290/641/199 289/642/199
f 289/643/200 291/644/200 293/645/200 295/646/200
f 292/647/197 290/635/197 296/638/197 294/648/197
f 299/649/200 289/643/200 295/646/200 297/650/200
o piso.025
v -10.274560 -12.354738 85.343544
v -10.274560 -0.093539 85.343544
v -5.137280 -12.354738 76.749184
v -5.137280 -0.093539 76.749184
v 5.137280 -12.354738 76.749184
v 5.137280 -0.093539 76.749184
v 10.274561 -12.354738 85.343544
v 10.274561 -0.093539 85.343544
v 5.137281 -12.354738 93.937904
v 5.137281 -0.093539 93.937904
v -5.137279 -12.354738 93.937904
v -5.137279 -0.093539 93.937904
vn -0.8583 -0.0000 -0.5131
vn -0.0000 -0.0000 -1.0000
vn 0.8583 -0.0000 -0.5131
vn 0.8583 -0.0000 0.5131
vn -0.0000 1.0000 -0.0000
vn -0.0000 -0.0000 1.0000
vn -0.8583 -0.0000 0.5131
vn -0.0000 -1.0000 -0.0000
vt 1.000000 0.500000
vt 1.000000 1.000000
vt 0.833333 1.000000
vt 0.833333 0.500000
vt 0.666667 1.000000
vt 0.666667 0.500000
vt 0.500000 1.000000
vt 0.500000 0.500000
vt 0.333333 1.000000
vt 0.333333 0.500000
vt 0.250000 0.490000
vt 0.042154 0.370000
vt 0.042154 0.130000
vt 0.250000 0.010000
vt 0.166667 1.000000
vt 0.166667 0.500000
vt -0.000000 1.000000
vt -0.000000 0.500000
vt 0.750000 0.490000
vt 0.957846 0.370000
vt 0.957846 0.130000
vt 0.750000 0.010000
vt 0.457846 0.370000
vt 0.457846 0.130000
vt 0.542154 0.370000
vt 0.542154 0.130000
s 0
f 301/651/201 302/652/201 304/653/201 303/654/201
f 303/654/202 304/653/202 306/655/202 305/656/202
f 305/656/203 306/655/203 308/657/203 307/658/203
f 307/658/204 308/657/204 310/659/204 309/660/204
f 302/661/205 312/662/205 310/663/205 308/664/205
f 309/660/206 310/659/206 312/665/206 311/666/206
f 311/666/207 312/665/207 302/667/207 301/668/207
f 301/669/208 303/670/208 305/671/208 307/672/208
f 304/673/205 302/661/205 308/664/205 306/674/205
f 311/675/208 301/669/208 307/672/208 309/676/208
o piso.026
v 5.137283 -12.354738 93.937897
v 5.137283 -0.093539 93.937897
v 10.274564 -12.354738 85.343536
v 10.274564 -0.093539 85.343536
v 20.549124 -12.354738 85.343536
v 20.549124 -0.093539 85.343536
v 25.686405 -12.354738 93.937897
v 25.686405 -0.093539 93.937897
v 20.549126 -12.354738 102.532257
v 20.549126 -0.093539 102.532257
v 10.274565 -12.354738 102.532257
v 10.274565 -0.093539 102.532257
vn -0.8583 -0.0000 -0.5131
vn -0.0000 -0.0000 -1.0000
vn 0.8583 -0.0000 -0.5131
vn 0.8583 -0.0000 0.5131
vn -0.0000 1.0000 -0.0000
vn -0.0000 -0.0000 1.0000
vn -0.8583 -0.0000 0.5131
vn -0.0000 -1.0000 -0.0000
vt 1.000000 0.500000
vt 1.000000 1.000000
vt 0.833333 1.000000
vt 0.833333 0.500000
vt 0.666667 1.000000
vt 0.666667 0.500000
vt 0.500000 1.000000
vt 0.500000 0.500000
vt 0.333333 1.000000
vt 0.333333 0.500000
vt 0.250000 0.490000
vt 0.042154 0.370000
vt 0.042154 0.130000
vt 0.250000 0.010000
vt 0.166667 1.000000
vt 0.166667 0.500000
vt -0.000000 1.000000
vt -0.000000 0.500000
vt 0.750000 0.490000
vt 0.957846 0.370000
vt 0.957846 0.130000
vt 0.750000 0.010000
vt 0.457846 0.370000
vt 0.457846 0.130000
vt 0.542154 0.370000
vt 0.542154 0.130000
s 0
f 313/677/209 314/678/209 316/679/209 315/680/209
f 315/680/210 316/679/210 318/681/210 317/682/210
f 317/682/211 318/681/211 320/683/211 319/684/211
f 319/684/212 320/683/212 322/685/212 321/686/212
f 314/687/213 324/688/213 322/689/213 320/690/213
f 321/686/214 322/685/214 324/691/214 323/692/214
f 323/692/215 324/691/215 314/693/215 313/694/215
f 313/695/216 315/696/216 317/697/216 319/698/216
f 316/699/213 314/687/213 320/690/213 318/700/213
f 323/701/216 313/695/216 319/698/216 321/702/216
o piso.027
v -25.686394 -12.354738 93.937912
v -25.686394 -0.093539 93.937912
v -20.549114 -12.354738 85.343552
v -20.549114 -0.093539 85.343552
v -10.274554 -12.354738 85.343552
v -10.274554 -0.093539 85.343552
v -5.137277 -12.354738 93.937912
v -5.137277 -0.093539 93.937912
v -10.274553 -12.354738 102.532272
v -10.274553 -0.093539 102.532272
v -20.549114 -12.354738 102.532272
v -20.549114 -0.093539 102.532272
vn -0.8583 -0.0000 -0.5131
vn -0.0000 -0.0000 -1.0000
vn 0.8583 -0.0000 -0.5131
vn 0.8583 -0.0000 0.5131
vn -0.0000 1.0000 -0.0000
vn -0.0000 -0.0000 1.0000
vn -0.8583 -0.0000 0.5131
vn -0.0000 -1.0000 -0.0000
vt 1.000000 0.500000
vt 1.000000 1.000000
vt 0.833333 1.000000
vt 0.833333 0.500000
vt 0.666667 1.000000
vt 0.666667 0.500000
vt 0.500000 1.000000
vt 0.500000 0.500000
vt 0.333333 1.000000
vt 0.333333 0.500000
vt 0.250000 0.490000
vt 0.042154 0.370000
vt 0.042154 0.130000
vt 0.250000 0.010000
vt 0.166667 1.000000
vt 0.166667 0.500000
vt -0.000000 1.000000
vt -0.000000 0.500000
vt 0.750000 0.490000
vt 0.957846 0.370000
vt 0.957846 0.130000
vt 0.750000 0.010000
vt 0.457846 0.370000
vt 0.457846 0.130000
vt 0.542154 0.370000
vt 0.542154 0.130000
s 0
f 325/703/217 326/704/217 328/705/217 327/706/217
f 327/706/218 328/705/218 330/707/218 329/708/218
f 329/708/219 330/707/219 332/709/219 331/710/219
f 331/710/220 332/709/220 334/711/220 333/712/220
f 326/713/221 336/714/221 334/715/221 332/716/221
f 333/712/222 334/711/222 336/717/222 335/718/222
f 335/718/223 336/717/223 326/719/223 325/720/223
f 325/721/224 327/722/224 329/723/224 331/724/224
f 328/725/221 326/713/221 332/716/221 330/726/221
f 335/727/224 325/721/224 331/724/224 333/728/224
o piso.028
v -41.098240 -12.354738 85.343544
v -41.098240 -0.093539 85.343544
v -35.960960 -12.354738 76.749184
v -35.960960 -0.093539 76.749184
v -25.686399 -12.354738 76.749184
v -25.686399 -0.093539 76.749184
v -20.549118 -12.354738 85.343544
v -20.549118 -0.093539 85.343544
v -25.686398 -12.354738 93.937904
v -25.686398 -0.093539 93.937904
v -35.960960 -12.354738 93.937904
v -35.960960 -0.093539 93.937904
vn -0.8583 -0.0000 -0.5131
vn -0.0000 -0.0000 -1.0000
vn 0.8583 -0.0000 -0.5131
vn 0.8583 -0.0000 0.5131
vn -0.0000 1.0000 -0.0000
vn -0.0000 -0.0000 1.0000
vn -0.8583 -0.0000 0.5131
vn -0.0000 -1.0000 -0.0000
vt 1.000000 0.500000
vt 1.000000 1.000000
vt 0.833333 1.000000
vt 0.833333 0.500000
vt 0.666667 1.000000
vt 0.666667 0.500000
vt 0.500000 1.000000
vt 0.500000 0.500000
vt 0.333333 1.000000
vt 0.333333 0.500000
vt 0.250000 0.490000
vt 0.042154 0.370000
vt 0.042154 0.130000
vt 0.250000 0.010000
vt 0.166667 1.000000
vt 0.166667 0.500000
vt -0.000000 1.000000
vt -0.000000 0.500000
vt 0.750000 0.490000
vt 0.957846 0.370000
vt 0.957846 0.130000
vt 0.750000 0.010000
vt 0.457846 0.370000
vt 0.457846 0.130000
vt 0.542154 0.370000
vt 0.542154 0.130000
s 0
f 337/729/225 338/730/225 340/731/225 339/732/225
f 339/732/226 340/731/226 342/733/226 341/734/226
f 341/734/227 342/733/227 344/735/227 343/736/227
f 343/736/228 344/735/228 346/737/228 345/738/228
f 338/739/229 348/740/229 346/741/229 344/742/229
f 345/738/230 346/737/230 348/743/230 347/744/230
f 347/744/231 348/743/231 338/745/231 337/746/231
f 337/747/232 339/748/232 341/749/232 343/750/232
f 340/751/229 338/739/229 344/742/229 342/752/229
f 347/753/232 337/747/232 343/750/232 345/754/232
o piso.029
v 20.549126 -12.354738 85.343544
v 20.549126 -0.093537 85.343544
v 25.686405 -12.354738 76.749184
v 25.686405 -0.093537 76.749184
v 35.960968 -12.354738 76.749184
v 35.960968 -0.093537 76.749184
v 41.098248 -12.354738 85.343536
v 41.098248 -0.093537 85.343536
v 35.960968 -12.354738 93.937904
v 35.960968 -0.093537 93.937904
v 25.686407 -12.354738 93.937904
v 25.686407 -0.093537 93.937904
vn -0.8583 -0.0000 -0.5131
vn -0.0000 -0.0000 -1.0000
vn 0.8583 -0.0000 -0.5131
vn 0.8583 -0.0000 0.5131
vn -0.0000 1.0000 -0.0000
vn -0.0000 -0.0000 1.0000
vn -0.8583 -0.0000 0.5131
vn -0.0000 -1.0000 -0.0000
vt 1.000000 0.500000
vt 1.000000 1.000000
vt 0.833333 1.000000
vt 0.833333 0.500000
vt 0.666667 1.000000
vt 0.666667 0.500000
vt 0.500000 1.000000
vt 0.500000 0.500000
vt 0.333333 1.000000
vt 0.333333 0.500000
vt 0.250000 0.490000
vt 0.042154 0.370000
vt 0.042154 0.130000
vt 0.250000 0.010000
vt 0.166667 1.000000
vt 0.166667 0.500000
vt -0.000000 1.000000
vt -0.000000 0.500000
vt 0.750000 0.490000
vt 0.957846 0.370000
vt 0.957846 0.130000
vt 0.750000 0.010000
vt 0.457846 0.370000
vt 0.457846 0.130000
vt 0.542154 0.370000
vt 0.542154 0.130000
s 0
f 349/755/233 350/756/233 352/757/233 351/758/233
f 351/758/234 352/757/234 354/759/234 353/760/234
f 353/760/235 354/759/235 356/761/235 355/762/235
f 355/762/236 356/761/236 358/763/236 357/764/236
f 350/765/237 360/766/237 358/767/237 356/768/237
f 357/764/238 358/763/238 360/769/238 359/770/238
f 359/770/239 360/769/239 350/771/239 349/772/239
f 349/773/240 351/774/240 353/775/240 355/776/240
f 352/777/237 350/765/237 356/768/237 354/778/237
f 359/779/240 349/773/240 355/776/240 357/780/240
o piso.030
v -10.274560 -12.354738 102.343544
v -10.274560 -0.093539 102.343544
v -5.137280 -12.354738 93.749184
v -5.137280 -0.093539 93.749184
v 5.137280 -12.354738 93.749184
v 5.137280 -0.093539 93.749184
v 10.274561 -12.354738 102.343544
v 10.274561 -0.093539 102.343544
v 5.137281 -12.354738 110.937904
v 5.137281 -0.093539 110.937904
v -5.137279 -12.354738 110.937904
v -5.137279 -0.093539 110.937904
vn -0.8583 -0.0000 -0.5131
vn -0.0000 -0.0000 -1.0000
vn 0.8583 -0.0000 -0.5131
vn 0.8583 -0.0000 0.5131
vn -0.0000 1.0000 -0.0000
vn -0.0000 -0.0000 1.0000
vn -0.8583 -0.0000 0.5131
vn -0.0000 -1.0000 -0.0000
vt 1.000000 0.500000
vt 1.000000 1.000000
vt 0.833333 1.000000
vt 0.833333 0.500000
vt 0.666667 1.000000
vt 0.666667 0.500000
vt 0.500000 1.000000
vt 0.500000 0.500000
vt 0.333333 1.000000
vt 0.333333 0.500000
vt 0.250000 0.490000
vt 0.042154 0.370000
vt 0.042154 0.130000
vt 0.250000 0.010000
vt 0.166667 1.000000
vt 0.166667 0.500000
vt -0.000000 1.000000
vt -0.000000 0.500000
vt 0.750000 0.490000
vt 0.957846 0.370000
vt 0.957846 0.130000
vt 0.750000 0.010000
vt 0.457846 0.370000
vt 0.457846 0.130000
vt 0.542154 0.370000
vt 0.542154 0.130000
s 0
f 361/781/241 362/782/241 364/783/241 363/784/241
f 363/784/242 364/783/242 366/785/242 365/786/242
f 365/786/243 366/785/243 368/787/243 367/788/243
f 367/788/244 368/787/244 370/789/244 369/790/244
f 362/791/245 372/792/245 370/793/245 368/794/245
f 369/790/246 370/789/246 372/795/246 371/796/246
f 371/796/247 372/795/247 362/797/247 361/798/247
f 361/799/248 363/800/248 365/801/248 367/802/248
f 364/803/245 362/791/245 368/794/245 366/804/245
f 371/805/248 361/799/248 367/802/248 369/806/248
o piso.031
v 5.137283 -12.354738 110.937897
v 5.137283 -0.093539 110.937897
v 10.274564 -12.354738 102.343536
v 10.274564 -0.093539 102.343536
v 20.549124 -12.354738 102.343536
v 20.549124 -0.093539 102.343536
v 25.686405 -12.354738 110.937897
v 25.686405 -0.093539 110.937897
v 20.549126 -12.354738 119.532257
v 20.549126 -0.093539 119.532257
v 10.274565 -12.354738 119.532257
v 10.274565 -0.093539 119.532257
vn -0.8583 -0.0000 -0.5131
vn -0.0000 -0.0000 -1.0000
vn 0.8583 -0.0000 -0.5131
vn 0.8583 -0.0000 0.5131
vn -0.0000 1.0000 -0.0000
vn -0.0000 -0.0000 1.0000
vn -0.8583 -0.0000 0.5131
vn -0.0000 -1.0000 -0.0000
vt 1.000000 0.500000
vt 1.000000 1.000000
vt 0.833333 1.000000
vt 0.833333 0.500000
vt 0.666667 1.000000
vt 0.666667 0.500000
vt 0.500000 1.000000
vt 0.500000 0.500000
vt 0.333333 1.000000
vt 0.333333 0.500000
vt 0.250000 0.490000
vt 0.042154 0.370000
vt 0.042154 0.130000
vt 0.250000 0.010000
vt 0.166667 1.000000
vt 0.166667 0.500000
vt -0.000000 1.000000
vt -0.000000 0.500000
vt 0.750000 0.490000
vt 0.957846 0.370000
vt 0.957846 0.130000
vt 0.750000 0.010000
vt 0.457846 0.370000
vt 0.457846 0.130000
vt 0.542154 0.370000
vt 0.542154 0.130000
s 0
f 373/807/249 374/808/249 376/809/249 375/810/249
f 375/810/250 376/809/250 378/811/250 377/812/250
f 377/812/251 378/811/251 380/813/251 379/814/251
f 379/814/252 380/813/252 382/815/252 381/816/252
f 374/817/253 384/818/253 382/819/253 380/820/253
f 381/816/254 382/815/254 384/821/254 383/822/254
f 383/822/255 384/821/255 374/823/255 373/824/255
f 373/825/256 375/826/256 377/827/256 379/828/256
f 376/829/253 374/817/253 380/820/253 378/830/253
f 383/831/256 373/825/256 379/828/256 381/832/256
o piso.032
v -25.686394 -12.354738 110.937912
v -25.686394 -0.093539 110.937912
v -20.549114 -12.354738 102.343552
v -20.549114 -0.093539 102.343552
v -10.274554 -12.354738 102.343552
v -10.274554 -0.093539 102.343552
v -5.137277 -12.354738 110.937912
v -5.137277 -0.093539 110.937912
v -10.274553 -12.354738 119.532272
v -10.274553 -0.093539 119.532272
v -20.549114 -12.354738 119.532272
v -20.549114 -0.093539 119.532272
vn -0.8583 -0.0000 -0.5131
vn -0.0000 -0.0000 -1.0000
vn 0.8583 -0.0000 -0.5131
vn 0.8583 -0.0000 0.5131
vn -0.0000 1.0000 -0.0000
vn -0.0000 -0.0000 1.0000
vn -0.8583 -0.0000 0.5131
vn -0.0000 -1.0000 -0.0000
vt 1.000000 0.500000
vt 1.000000 1.000000
vt 0.833333 1.000000
vt 0.833333 0.500000
vt 0.666667 1.000000
vt 0.666667 0.500000
vt 0.500000 1.000000
vt 0.500000 0.500000
vt 0.333333 1.000000
vt 0.333333 0.500000
vt 0.250000 0.490000
vt 0.042154 0.370000
vt 0.042154 0.130000
vt 0.250000 0.010000
vt 0.166667 1.000000
vt 0.166667 0.500000
vt -0.000000 1.000000
vt -0.000000 0.500000
vt 0.750000 0.490000
vt 0.957846 0.370000
vt 0.957846 0.130000
vt 0.750000 0.010000
vt 0.457846 0.370000
vt 0.457846 0.130000
vt 0.542154 0.370000
vt 0.542154 0.130000
s 0
f 385/833/257 386/834/257 388/835/257 387/836/257
f 387/836/258 388/835/258 390/837/258 389/838/258
f 389/838/259 390/837/259 392/839/259 391/840/259
f 391/840/260 392/839/260 394/841/260 393/842/260
f 386/843/261 396/844/261 394/845/261 392/846/261
f 393/842/262 394/841/262 396/847/262 395/848/262
f 395/848/263 396/847/263 386/849/263 385/850/263
f 385/851/264 387/852/264 389/853/264 391/854/264
f 388/855/261 386/843/261 392/846/261 390/856/261
f 395/857/264 385/851/264 391/854/264 393/858/264
o piso.033
v -41.098240 -12.354738 102.343544
v -41.098240 -0.093539 102.343544
v -35.960960 -12.354738 93.749184
v -35.960960 -0.093539 93.749184
v -25.686399 -12.354738 93.749184
v -25.686399 -0.093539 93.749184
v -20.549118 -12.354738 102.343544
v -20.549118 -0.093539 102.343544
v -25.686398 -12.354738 110.937904
v -25.686398 -0.093539 110.937904
v -35.960960 -12.354738 110.937904
v -35.960960 -0.093539 110.937904
vn -0.8583 -0.0000 -0.5131
vn -0.0000 -0.0000 -1.0000
vn 0.8583 -0.0000 -0.5131
vn 0.8583 -0.0000 0.5131
vn -0.0000 1.0000 -0.0000
vn -0.0000 -0.0000 1.0000
vn -0.8583 -0.0000 0.5131
vn -0.0000 -1.0000 -0.0000
vt 1.000000 0.500000
vt 1.000000 1.000000
vt 0.833333 1.000000
vt 0.833333 0.500000
vt 0.666667 1.000000
vt 0.666667 0.500000
vt 0.500000 1.000000
vt 0.500000 0.500000
vt 0.333333 1.000000
vt 0.333333 0.500000
vt 0.250000 0.490000
vt 0.042154 0.370000
vt 0.042154 0.130000
vt 0.250000 0.010000
vt 0.166667 1.000000
vt 0.166667 0.500000
vt -0.000000 1.000000
vt -0.000000 0.500000
vt 0.750000 0.490000
vt 0.957846 0.370000
vt 0.957846 0.130000
vt 0.750000 0.010000
vt 0.457846 0.370000
vt 0.457846 0.130000
vt 0.542154 0.370000
vt 0.542154 0.130000
s 0
f 397/859/265 398/860/265 400/861/265 399/862/265
f 399/862/266 400/861/266 402/863/266 401/864/266
f 401/864/267 402/863/267 404/865/267 403/866/267
f 403/866/268 404/865/268 406/867/268 405/868/268
f 398/869/269 408/870/269 406/871/269 404/872/269
f 405/868/270 406/867/270 408/873/270 407/874/270
f 407/874/271 408/873/271 398/875/271 397/876/271
f 397/877/272 399/878/272 401/879/272 403/880/272
f 400/881/269 398/869/269 404/872/269 402/882/269
f 407/883/272 397/877/272 403/880/272 405/884/272
o piso.034
v 20.549126 -12.354738 102.343544
v 20.549126 -0.093537 102.343544
v 25.686405 -12.354738 93.749184
v 25.686405 -0.093537 93.749184
v 35.960968 -12.354738 93.749184
v 35.960968 -0.093537 93.749184
v 41.098248 -12.354738 102.343536
v 41.098248 -0.093537 102.343536
v 35.960968 -12.354738 110.937904
v 35.960968 -0.093537 110.937904
v 25.686407 -12.354738 110.937904
v 25.686407 -0.093537 110.937904
vn -0.8583 -0.0000 -0.5131
vn -0.0000 -0.0000 -1.0000
vn 0.8583 -0.0000 -0.5131
vn 0.8583 -0.0000 0.5131
vn -0.0000 1.0000 -0.0000
vn -0.0000 -0.0000 1.0000
vn -0.8583 -0.0000 0.5131
vn -0.0000 -1.0000 -0.0000
vt 1.000000 0.500000
vt 1.000000 1.000000
vt 0.833333 1.000000
vt 0.833333 0.500000
vt 0.666667 1.000000
vt 0.666667 0.500000
vt 0.500000 1.000000
vt 0.500000 0.500000
vt 0.333333 1.000000
vt 0.333333 0.500000
vt 0.250000 0.490000
vt 0.042154 0.370000
vt 0.042154 0.130000
vt 0.250000 0.010000
vt 0.166667 1.000000
vt 0.166667 0.500000
vt -0.000000 1.000000
vt -0.000000 0.500000
vt 0.750000 0.490000
vt 0.957846 0.370000
vt 0.957846 0.130000
vt 0.750000 0.010000
vt 0.457846 0.370000
vt 0.457846 0.130000
vt 0.542154 0.370000
vt 0.542154 0.130000
s 0
f 409/885/273 410/886/273 412/887/273 411/888/273
f 411/888/274 412/887/274 414/889/274 413/890/274
f 413/890/275 414/889/275 416/891/275 415/892/275
f 415/892/276 416/891/276 418/893/276 417/894/276
f 410/895/277 420/896/277 418/897/277 416/898/277
f 417/894/278 418/893/278 420/899/278 419/900/278
f 419/900/279 420/899/279 410/901/279 409/902/279
f 409/903/280 411/904/280 413/905/280 415/906/280
f 412/907/277 410/895/277 416/898/277 414/908/277
f 419/909/280 409/903/280 415/906/280 417/910/280
o piso.035
v -10.274560 -12.354738 119.343544
v -10.274560 -0.093539 119.343544
v -5.137280 -12.354738 110.749184
v -5.137280 -0.093539 110.749184
v 5.137280 -12.354738 110.749184
v 5.137280 -0.093539 110.749184
v 10.274561 -12.354738 119.343544
v 10.274561 -0.093539 119.343544
v 5.137281 -12.354738 127.937904
v 5.137281 -0.093539 127.937904
v -5.137279 -12.354738 127.937904
v -5.137279 -0.093539 127.937904
vn -0.8583 -0.0000 -0.5131
vn -0.0000 -0.0000 -1.0000
vn 0.8583 -0.0000 -0.5131
vn 0.8583 -0.0000 0.5131
vn -0.0000 1.0000 -0.0000
vn -0.0000 -0.0000 1.0000
vn -0.8583 -0.0000 0.5131
vn -0.0000 -1.0000 -0.0000
vt 1.000000 0.500000
vt 1.000000 1.000000
vt 0.833333 1.000000
vt 0.833333 0.500000
vt 0.666667 1.000000
vt 0.666667 0.500000
vt 0.500000 1.000000
vt 0.500000 0.500000
vt 0.333333 1.000000
vt 0.333333 0.500000
vt 0.250000 0.490000
vt 0.042154 0.370000
vt 0.042154 0.130000
vt 0.250000 0.010000
vt 0.166667 1.000000
vt 0.166667 0.500000
vt -0.000000 1.000000
vt -0.000000 0.500000
vt 0.750000 0.490000
vt 0.957846 0.370000
vt 0.957846 0.130000
vt 0.750000 0.010000
vt 0.457846 0.370000
vt 0.457846 0.130000
vt 0.542154 0.370000
vt 0.542154 0.130000
s 0
f 421/911/281 422/912/281 424/913/281 423/914/281
f 423/914/282 424/913/282 426/915/282 425/916/282
f 425/916/283 426/915/283 428/917/283 427/918/283
f 427/918/284 428/917/284 430/919/284 429/920/284
f 422/921/285 432/922/285 430/923/285 428/924/285
f 429/920/286 430/919/286 432/925/286 431/926/286
f 431/926/287 432/925/287 422/927/287 421/928/287
f 421/929/288 423/930/288 425/931/288 427/932/288
f 424/933/285 422/921/285 428/924/285 426/934/285
f 431/935/288 421/929/288 427/932/288 429/936/288
o piso.036
v 5.137283 -12.354738 127.937897
v 5.137283 -0.093539 127.937897
v 10.274564 -12.354738 119.343536
v 10.274564 -0.093539 119.343536
v 20.549124 -12.354738 119.343536
v 20.549124 -0.093539 119.343536
v 25.686405 -12.354738 127.937897
v 25.686405 -0.093539 127.937897
v 20.549126 -12.354738 136.532257
v 20.549126 -0.093539 136.532257
v 10.274565 -12.354738 136.532257
v 10.274565 -0.093539 136.532257
vn -0.8583 -0.0000 -0.5131
vn -0.0000 -0.0000 -1.0000
vn 0.8583 -0.0000 -0.5131
vn 0.8583 -0.0000 0.5131
vn -0.0000 1.0000 -0.0000
vn -0.0000 -0.0000 1.0000
vn -0.8583 -0.0000 0.5131
vn -0.0000 -1.0000 -0.0000
vt 1.000000 0.500000
vt 1.000000 1.000000
vt 0.833333 1.000000
vt 0.833333 0.500000
vt 0.666667 1.000000
vt 0.666667 0.500000
vt 0.500000 1.000000
vt 0.500000 0.500000
vt 0.333333 1.000000
vt 0.333333 0.500000
vt 0.250000 0.490000
vt 0.042154 0.370000
vt 0.042154 0.130000
vt 0.250000 0.010000
vt 0.166667 1.000000
vt 0.166667 0.500000
vt -0.000000 1.000000
vt -0.000000 0.500000
vt 0.750000 0.490000
vt 0.957846 0.370000
vt 0.957846 0.130000
vt 0.750000 0.010000
vt 0.457846 0.370000
vt 0.457846 0.130000
vt 0.542154 0.370000
vt 0.542154 0.130000
s 0
f 433/937/289 434/938/289 436/939/289 435/940/289
f 435/940/290 436/939/290 438/941/290 437/942/290
f 437/942/291 438/941/291 440/943/291 439/944/291
f 439/944/292 440/943/292 442/945/292 441/946/292
f 434/947/293 444/948/293 442/949/293 440/950/293
f 441/946/294 442/945/294 444/951/294 443/952/294
f 443/952/295 444/951/295 434/953/295 433/954/295
f 433/955/296 435/956/296 437/957/296 439/958/296
f 436/959/293 434/947/293 440/950/293 438/960/293
f 443/961/296 433/955/296 439/958/296 441/962/296
o piso.037
v -25.686394 -12.354738 127.937912
v -25.686394 -0.093539 127.937912
v -20.549114 -12.354738 119.343552
v -20.549114 -0.093539 119.343552
v -10.274554 -12.354738 119.343552
v -10.274554 -0.093539 119.343552
v -5.137277 -12.354738 127.937912
v -5.137277 -0.093539 127.937912
v -10.274553 -12.354738 136.532272
v -10.274553 -0.093539 136.532272
v -20.549114 -12.354738 136.532272
v -20.549114 -0.093539 136.532272
vn -0.8583 -0.0000 -0.5131
vn -0.0000 -0.0000 -1.0000
vn 0.8583 -0.0000 -0.5131
vn 0.8583 -0.0000 0.5131
vn -0.0000 1.0000 -0.0000
vn -0.0000 -0.0000 1.0000
vn -0.8583 -0.0000 0.5131
vn -0.0000 -1.0000 -0.0000
vt 1.000000 0.500000
vt 1.000000 1.000000
vt 0.833333 1.000000
vt 0.833333 0.500000
vt 0.666667 1.000000
vt 0.666667 0.500000
vt 0.500000 1.000000
vt 0.500000 0.500000
vt 0.333333 1.000000
vt 0.333333 0.500000
vt 0.250000 0.490000
vt 0.042154 0.370000
vt 0.042154 0.130000
vt 0.250000 0.010000
vt 0.166667 1.000000
vt 0.166667 0.500000
vt -0.000000 1.000000
vt -0.000000 0.500000
vt 0.750000 0.490000
vt 0.957846 0.370000
vt 0.957846 0.130000
vt 0.750000 0.010000
vt 0.457846 0.370000
vt 0.457846 0.130000
vt 0.542154 0.370000
vt 0.542154 0.130000
s 0
f 445/963/297 446/964/297 448/965/297 447/966/297
f 447/966/298 448/965/298 450/967/298 449/968/298
f 449/968/299 450/967/299 452/969/299 451/970/299
f 451/970/300 452/969/300 454/971/300 453/972/300
f 446/973/301 456/974/301 454/975/301 452/976/301
f 453/972/302 454/971/302 456/977/302 455/978/302
f 455/978/303 456/977/303 446/979/303 445/980/303
f 445/981/304 447/982/304 449/983/304 451/984/304
f 448/985/301 446/973/301 452/976/301 450/986/301
f 455/987/304 445/981/304 451/984/304 453/988/304
o piso.038
v -41.098240 -12.354738 119.343544
v -41.098240 -0.093539 119.343544
v -35.960960 -12.354738 110.749184
v -35.960960 -0.093539 110.749184
v -25.686399 -12.354738 110.749184
v -25.686399 -0.093539 110.749184
v -20.549118 -12.354738 119.343544
v -20.549118 -0.093539 119.343544
v -25.686398 -12.354738 127.937904
v -25.686398 -0.093539 127.937904
v -35.960960 -12.354738 127.937904
v -35.960960 -0.093539 127.937904
vn -0.8583 -0.0000 -0.5131
vn -0.0000 -0.0000 -1.0000
vn 0.8583 -0.0000 -0.5131
vn 0.8583 -0.0000 0.5131
vn -0.0000 1.0000 -0.0000
vn -0.0000 -0.0000 1.0000
vn -0.8583 -0.0000 0.5131
vn -0.0000 -1.0000 -0.0000
vt 1.000000 0.500000
vt 1.000000 1.000000
vt 0.833333 1.000000
vt 0.833333 0.500000
vt 0.666667 1.000000
vt 0.666667 0.500000
vt 0.500000 1.000000
vt 0.500000 0.500000
vt 0.333333 1.000000
vt 0.333333 0.500000
vt 0.250000 0.490000
vt 0.042154 0.370000
vt 0.042154 0.130000
vt 0.250000 0.010000
vt 0.166667 1.000000
vt 0.166667 0.500000
vt -0.000000 1.000000
vt -0.000000 0.500000
vt 0.750000 0.490000
vt 0.957846 0.370000
vt 0.957846 0.130000
vt 0.750000 0.010000
vt 0.457846 0.370000
vt 0.457846 0.130000
vt 0.542154 0.370000
vt 0.542154 0.130000
s 0
f 457/989/305 458/990/305 460/991/305 459/992/305
f 459/992/306 460/991/306 462/993/306 461/994/306
f 461/994/307 462/993/307 464/995/307 463/996/307
f 463/996/308 464/995/308 466/997/308 465/998/308
f 458/999/309 468/1000/309 466/1001/309 464/1002/309
f 465/998/310 466/997/310 468/1003/310 467/1004/310
f 467/1004/311 468/1003/311 458/1005/311 457/1006/311
f 457/1007/312 459/1008/312 461/1009/312 463/1010/312
f 460/1011/309 458/999/309 464/1002/309 462/1012/309
f 467/1013/312 457/1007/312 463/1010/312 465/1014/312
o piso.039
v 20.549126 -12.354738 119.343544
v 20.549126 -0.093537 119.343544
v 25.686405 -12.354738 110.749184
v 25.686405 -0.093537 110.749184
v 35.960968 -12.354738 110.749184
v 35.960968 -0.093537 110.749184
v 41.098248 -12.354738 119.343536
v 41.098248 -0.093537 119.343536
v 35.960968 -12.354738 127.937904
v 35.960968 -0.093537 127.937904
v 25.686407 -12.354738 127.937904
v 25.686407 -0.093537 127.937904
vn -0.8583 -0.0000 -0.5131
vn -0.0000 -0.0000 -1.0000
vn 0.8583 -0.0000 -0.5131
vn 0.8583 -0.0000 0.5131
vn -0.0000 1.0000 -0.0000
vn -0.0000 -0.0000 1.0000
vn -0.8583 -0.0000 0.5131
vn -0.0000 -1.0000 -0.0000
vt 1.000000 0.500000
vt 1.000000 1.000000
vt 0.833333 1.000000
vt 0.833333 0.500000
vt 0.666667 1.000000
vt 0.666667 0.500000
vt 0.500000 1.000000
vt 0.500000 0.500000
vt 0.333333 1.000000
vt 0.333333 0.500000
vt 0.250000 0.490000
vt 0.042154 0.370000
vt 0.042154 0.130000
vt 0.250000 0.010000
vt 0.166667 1.000000
vt 0.166667 0.500000
vt -0.000000 1.000000
vt -0.000000 0.500000
vt 0.750000 0.490000
vt 0.957846 0.370000
vt 0.957846 0.130000
vt 0.750000 0.010000
vt 0.457846 0.370000
vt 0.457846 0.130000
vt 0.542154 0.370000
vt 0.542154 0.130000
s 0
f 469/1015/313 470/1016/313 472/1017/313 471/1018/313
f 471/1018/314 472/1017/314 474/1019/314 473/1020/314
f 473/1020/315 474/1019/315 476/1021/315 475/1022/315
f 475/1022/316 476/1021/316 478/1023/316 477/1024/316
f 470/1025/317 480/1026/317 478/1027/317 476/1028/317
f 477/1024/318 478/1023/318 480/1029/318 479/1030/318
f 479/1030/319 480/1029/319 470/1031/319 469/1032/319
f 469/1033/320 471/1034/320 473/1035/320 475/1036/320
f 472/1037/317 470/1025/317 476/1028/317 474/1038/317
f 479/1039/320 469/1033/320 475/1036/320 477/1040/320
o piso.040
v -10.274560 -12.354738 136.343536
v -10.274560 -0.093539 136.343536
v -5.137280 -12.354738 127.749176
v -5.137280 -0.093539 127.749176
v 5.137280 -12.354738 127.749176
v 5.137280 -0.093539 127.749176
v 10.274561 -12.354738 136.343536
v 10.274561 -0.093539 136.343536
v 5.137281 -12.354738 144.937897
v 5.137281 -0.093539 144.937897
v -5.137279 -12.354738 144.937897
v -5.137279 -0.093539 144.937897
vn -0.8583 -0.0000 -0.5131
vn -0.0000 -0.0000 -1.0000
vn 0.8583 -0.0000 -0.5131
vn 0.8583 -0.0000 0.5131
vn -0.0000 1.0000 -0.0000
vn -0.0000 -0.0000 1.0000
vn -0.8583 -0.0000 0.5131
vn -0.0000 -1.0000 -0.0000
vt 1.000000 0.500000
vt 1.000000 1.000000
vt 0.833333 1.000000
vt 0.833333 0.500000
vt 0.666667 1.000000
vt 0.666667 0.500000
vt 0.500000 1.000000
vt 0.500000 0.500000
vt 0.333333 1.000000
vt 0.333333 0.500000
vt 0.250000 0.490000
vt 0.042154 0.370000
vt 0.042154 0.130000
vt 0.250000 0.010000
vt 0.166667 1.000000
vt 0.166667 0.500000
vt -0.000000 1.000000
vt -0.000000 0.500000
vt 0.750000 0.490000
vt 0.957846 0.370000
vt 0.957846 0.130000
vt 0.750000 0.010000
vt 0.457846 0.370000
vt 0.457846 0.130000
vt 0.542154 0.370000
vt 0.542154 0.130000
s 0
f 481/1041/321 482/1042/321 484/1043/321 483/1044/321
f 483/1044/322 484/1043/322 486/1045/322 485/1046/322
f 485/1046/323 486/1045/323 488/1047/323 487/1048/323
f 487/1048/324 488/1047/324 490/1049/324 489/1050/324
f 482/1051/325 492/1052/325 490/1053/325 488/1054/325
f 489/1050/326 490/1049/326 492/1055/326 491/1056/326
f 491/1056/327 492/1055/327 482/1057/327 481/1058/327
f 481/1059/328 483/1060/328 485/1061/328 487/1062/328
f 484/1063/325 482/1051/325 488/1054/325 486/1064/325
f 491/1065/328 481/1059/328 487/1062/328 489/1066/328
o piso.041
v 5.137283 -12.354738 144.937897
v 5.137283 -0.093539 144.937897
v 10.274564 -12.354738 136.343536
v 10.274564 -0.093539 136.343536
v 20.549124 -12.354738 136.343536
v 20.549124 -0.093539 136.343536
v 25.686405 -12.354738 144.937897
v 25.686405 -0.093539 144.937897
v 20.549126 -12.354738 153.532257
v 20.549126 -0.093539 153.532257
v 10.274565 -12.354738 153.532257
v 10.274565 -0.093539 153.532257
vn -0.8583 -0.0000 -0.5131
vn -0.0000 -0.0000 -1.0000
vn 0.8583 -0.0000 -0.5131
vn 0.8583 -0.0000 0.5131
vn -0.0000 1.0000 -0.0000
vn -0.0000 -0.0000 1.0000
vn -0.8583 -0.0000 0.5131
vn -0.0000 -1.0000 -0.0000
vt 1.000000 0.500000
vt 1.000000 1.000000
vt 0.833333 1.000000
vt 0.833333 0.500000
vt 0.666667 1.000000
vt 0.666667 0.500000
vt 0.500000 1.000000
vt 0.500000 0.500000
vt 0.333333 1.000000
vt 0.333333 0.500000
vt 0.250000 0.490000
vt 0.042154 0.370000
vt 0.042154 0.130000
vt 0.250000 0.010000
vt 0.166667 1.000000
vt 0.166667 0.500000
vt -0.000000 1.000000
vt -0.000000 0.500000
vt 0.750000 0.490000
vt 0.957846 0.370000
vt 0.957846 0.130000
vt 0.750000 0.010000
vt 0.457846 0.370000
vt 0.457846 0.130000
vt 0.542154 0.370000
vt 0.542154 0.130000
s 0
f 493/1067/329 494/1068/329 496/1069/329 495/1070/329
f 495/1070/330 496/1069/330 498/1071/330 497/1072/330
f 497/1072/331 498/1071/331 500/1073/331 499/1074/331
f 499/1074/332 500/1073/332 502/1075/332 501/1076/332
f 494/1077/333 504/1078/333 502/1079/333 500/1080/333
f 501/1076/334 502/1075/334 504/1081/334 503/1082/334
f 503/1082/335 504/1081/335 494/1083/335 493/1084/335
f 493/1085/336 495/1086/336 497/1087/336 499/1088/336
f 496/1089/333 494/1077/333 500/1080/333 498/1090/333
f 503/1091/336 493/1085/336 499/1088/336 501/1092/336
o piso.042
v -25.686394 -12.354738 144.937912
v -25.686394 -0.093539 144.937912
v -20.549114 -12.354738 136.343552
v -20.549114 -0.093539 136.343552
v -10.274554 -12.354738 136.343552
v -10.274554 -0.093539 136.343552
v -5.137277 -12.354738 144.937912
v -5.137277 -0.093539 144.937912
v -10.274553 -12.354738 153.532272
v -10.274553 -0.093539 153.532272
v -20.549114 -12.354738 153.532272
v -20.549114 -0.093539 153.532272
vn -0.8583 -0.0000 -0.5131
vn -0.0000 -0.0000 -1.0000
vn 0.8583 -0.0000 -0.5131
vn 0.8583 -0.0000 0.5131
vn -0.0000 1.0000 -0.0000
vn -0.0000 -0.0000 1.0000
vn -0.8583 -0.0000 0.5131
vn -0.0000 -1.0000 -0.0000
vt 1.000000 0.500000
vt 1.000000 1.000000
vt 0.833333 1.000000
vt 0.833333 0.500000
vt 0.666667 1.000000
vt 0.666667 0.500000
vt 0.500000 1.000000
vt 0.500000 0.500000
vt 0.333333 1.000000
vt 0.333333 0.500000
vt 0.250000 0.490000
vt 0.042154 0.370000
vt 0.042154 0.130000
vt 0.250000 0.010000
vt 0.166667 1.000000
vt 0.166667 0.500000
vt -0.000000 1.000000
vt -0.000000 0.500000
vt 0.750000 0.490000
vt 0.957846 0.370000
vt 0.957846 0.130000
vt 0.750000 0.010000
vt 0.457846 0.370000
vt 0.457846 0.130000
vt 0.542154 0.370000
vt 0.542154 0.130000
s 0
f 505/1093/337 506/1094/337 508/1095/337 507/1096/337
f 507/1096/338 508/1095/338 510/1097/338 509/1098/338
f 509/1098/339 510/1097/339 512/1099/339 511/1100/339
f 511/1100/340 512/1099/340 514/1101/340 513/1102/340
f 506/1103/341 516/1104/341 514/1105/341 512/1106/341
f 513/1102/342 514/1101/342 516/1107/342 515/1108/342
f 515/1108/343 516/1107/343 506/1109/343 505/1110/343
f 505/1111/344 507/1112/344 509/1113/344 511/1114/344
f 508/1115/341 506/1103/341 512/1106/341 510/1116/341
f 515/1117/344 505/1111/344 511/1114/344 513/1118/344
o piso.043
v -41.098240 -12.354738 136.343536
v -41.098240 -0.093539 136.343536
v -35.960960 -12.354738 127.749176
v -35.960960 -0.093539 127.749176
v -25.686399 -12.354738 127.749176
v -25.686399 -0.093539 127.749176
v -20.549118 -12.354738 136.343536
v -20.549118 -0.093539 136.343536
v -25.686398 -12.354738 144.937897
v -25.686398 -0.093539 144.937897
v -35.960960 -12.354738 144.937897
v -35.960960 -0.093539 144.937897
vn -0.8583 -0.0000 -0.5131
vn -0.0000 -0.0000 -1.0000
vn 0.8583 -0.0000 -0.5131
vn 0.8583 -0.0000 0.5131
vn -0.0000 1.0000 -0.0000
vn -0.0000 -0.0000 1.0000
vn -0.8583 -0.0000 0.5131
vn -0.0000 -1.0000 -0.0000
vt 1.000000 0.500000
vt 1.000000 1.000000
vt 0.833333 1.000000
vt 0.833333 0.500000
vt 0.666667 1.000000
vt 0.666667 0.500000
vt 0.500000 1.000000
vt 0.500000 0.500000
vt 0.333333 1.000000
vt 0.333333 0.500000
vt 0.250000 0.490000
vt 0.042154 0.370000
vt 0.042154 0.130000
vt 0.250000 0.010000
vt 0.166667 1.000000
vt 0.166667 0.500000
vt -0.000000 1.000000
vt -0.000000 0.500000
vt 0.750000 0.490000
vt 0.957846 0.370000
vt 0.957846 0.130000
vt 0.750000 0.010000
vt 0.457846 0.370000
vt 0.457846 0.130000
vt 0.542154 0.370000
vt 0.542154 0.130000
s 0
f 517/1119/345 518/1120/345 520/1121/345 519/1122/345
f 519/1122/346 520/1121/346 522/1123/346 521/1124/346
f 521/1124/347 522/1123/347 524/1125/347 523/1126/347
f 523/1126/348 524/1125/348 526/1127/348 525/1128/348
f 518/1129/349 528/1130/349 526/1131/349 524/1132/349
f 525/1128/350 526/1127/350 528/1133/350 527/1134/350
f 527/1134/351 528/1133/351 518/1135/351 517/1136/351
f 517/1137/352 519/1138/352 521/1139/352 523/1140/352
f 520/1141/349 518/1129/349 524/1132/349 522/1142/349
f 527/1143/352 517/1137/352 523/1140/352 525/1144/352
o piso.044
v 20.549126 -12.354738 136.343536
v 20.549126 -0.093537 136.343536
v 25.686405 -12.354738 127.749176
v 25.686405 -0.093537 127.749176
v 35.960968 -12.354738 127.749176
v 35.960968 -0.093537 127.749176
v 41.098248 -12.354738 136.343536
v 41.098248 -0.093537 136.343536
v 35.960968 -12.354738 144.937897
v 35.960968 -0.093537 144.937897
v 25.686407 -12.354738 144.937897
v 25.686407 -0.093537 144.937897
vn -0.8583 -0.0000 -0.5131
vn -0.0000 -0.0000 -1.0000
vn 0.8583 -0.0000 -0.5131
vn 0.8583 -0.0000 0.5131
vn -0.0000 1.0000 -0.0000
vn -0.0000 -0.0000 1.0000
vn -0.8583 -0.0000 0.5131
vn -0.0000 -1.0000 -0.0000
vt 1.000000 0.500000
vt 1.000000 1.000000
vt 0.833333 1.000000
vt 0.833333 0.500000
vt 0.666667 1.000000
vt 0.666667 0.500000
vt 0.500000 1.000000
vt 0.500000 0.500000
vt 0.333333 1.000000
vt 0.333333 0.500000
vt 0.250000 0.490000
vt 0.042154 0.370000
vt 0.042154 0.130000
vt 0.250000 0.010000
vt 0.166667 1.000000
vt 0.166667 0.500000
vt -0.000000 1.000000
vt -0.000000 0.500000
vt 0.750000 0.490000
vt 0.957846 0.370000
vt 0.957846 0.130000
vt 0.750000 0.010000
vt 0.457846 0.370000
vt 0.457846 0.130000
vt 0.542154 0.370000
vt 0.542154 0.130000
s 0
f 529/1145/353 530/1146/353 532/1147/353 531/1148/353
f 531/1148/354 532/1147/354 534/1149/354 533/1150/354
f 533/1150/355 534/1149/355 536/1151/355 535/1152/355
f 535/1152/356 536/1151/356 538/1153/356 537/1154/356
f 530/1155/357 540/1156/357 538/1157/357 536/1158/357
f 537/1154/358 538/1153/358 540/1159/358 539/1160/358
f 539/1160/359 540/1159/359 530/1161/359 529/1162/359
f 529/1163/360 531/1164/360 533/1165/360 535/1166/360
f 532/1167/357 530/1155/357 536/1158/357 534/1168/357
f 539/1169/360 529/1163/360 535/1166/360 537/1170/360
o piso.045
v -10.274560 -12.354738 153.343536
v -10.274560 -0.093539 153.343536
v -5.137280 -12.354738 144.749176
v -5.137280 -0.093539 144.749176
v 5.137280 -12.354738 144.749176
v 5.137280 -0.093539 144.749176
v 10.274561 -12.354738 153.343536
v 10.274561 -0.093539 153.343536
v 5.137281 -12.354738 161.937897
v 5.137281 -0.093539 161.937897
v -5.137279 -12.354738 161.937897
v -5.137279 -0.093539 161.937897
vn -0.8583 -0.0000 -0.5131
vn -0.0000 -0.0000 -1.0000
vn 0.8583 -0.0000 -0.5131
vn 0.8583 -0.0000 0.5131
vn -0.0000 1.0000 -0.0000
vn -0.0000 -0.0000 1.0000
vn -0.8583 -0.0000 0.5131
vn -0.0000 -1.0000 -0.0000
vt 1.000000 0.500000
vt 1.000000 1.000000
vt 0.833333 1.000000
vt 0.833333 0.500000
vt 0.666667 1.000000
vt 0.666667 0.500000
vt 0.500000 1.000000
vt 0.500000 0.500000
vt 0.333333 1.000000
vt 0.333333 0.500000
vt 0.250000 0.490000
vt 0.042154 0.370000
vt 0.042154 0.130000
vt 0.250000 0.010000
vt 0.166667 1.000000
vt 0.166667 0.500000
vt -0.000000 1.000000
vt -0.000000 0.500000
vt 0.750000 0.490000
vt 0.957846 0.370000
vt 0.957846 0.130000
vt 0.750000 0.010000
vt 0.457846 0.370000
vt 0.457846 0.130000
vt 0.542154 0.370000
vt 0.542154 0.130000
s 0
f 541/1171/361 542/1172/361 544/1173/361 543/1174/361
f 543/1174/362 544/1173/362 546/1175/362 545/1176/362
f 545/1176/363 546/1175/363 548/1177/363 547/1178/363
f 547/1178/364 548/1177/364 550/1179/364 549/1180/364
f 542/1181/365 552/1182/365 550/1183/365 548/1184/365
f 549/1180/366 550/1179/366 552/1185/366 551/1186/366
f 551/1186/367 552/1185/367 542/1187/367 541/1188/367
f 541/1189/368 543/1190/368 545/1191/368 547/1192/368
f 544/1193/365 542/1181/365 548/1184/365 546/1194/365
f 551/1195/368 541/1189/368 547/1192/368 549/1196/368
o piso.046
v 5.137283 -12.354738 161.937897
v 5.137283 -0.093539 161.937897
v 10.274564 -12.354738 153.343536
v 10.274564 -0.093539 153.343536
v 20.549124 -12.354738 153.343536
v 20.549124 -0.093539 153.343536
v 25.686405 -12.354738 161.937897
v 25.686405 -0.093539 161.937897
v 20.549126 -12.354738 170.532257
v 20.549126 -0.093539 170.532257
v 10.274565 -12.354738 170.532257
v 10.274565 -0.093539 170.532257
vn -0.8583 -0.0000 -0.5131
vn -0.0000 -0.0000 -1.0000
vn 0.8583 -0.0000 -0.5131
vn 0.8583 -0.0000 0.5131
vn -0.0000 1.0000 -0.0000
vn -0.0000 -0.0000 1.0000
vn -0.8583 -0.0000 0.5131
vn -0.0000 -1.0000 -0.0000
vt 1.000000 0.500000
vt 1.000000 1.000000
vt 0.833333 1.000000
vt 0.833333 0.500000
vt 0.666667 1.000000
vt 0.666667 0.500000
vt 0.500000 1.000000
vt 0.500000 0.500000
vt 0.333333 1.000000
vt 0.333333 0.500000
vt 0.250000 0.490000
vt 0.042154 0.370000
vt 0.042154 0.130000
vt 0.250000 0.010000
vt 0.166667 1.000000
vt 0.166667 0.500000
vt -0.000000 1.000000
vt -0.000000 0.500000
vt 0.750000 0.490000
vt 0.957846 0.370000
vt 0.957846 0.130000
vt 0.750000 0.010000
vt 0.457846 0.370000
vt 0.457846 0.130000
vt 0.542154 0.370000
vt 0.542154 0.130000
s 0
f 553/1197/369 554/1198/369 556/1199/369 555/1200/369
f 555/1200/370 556/1199/370 558/1201/370 557/1202/370
f 557/1202/371 558/1201/371 560/1203/371 559/1204/371
f 559/1204/372 560/1203/372 562/1205/372 561/1206/372
f 554/1207/373 564/1208/373 562/1209/373 560/1210/373
f 561/1206/374 562/1205/374 564/1211/374 563/1212/374
f 563/1212/375 564/1211/375 554/1213/375 553/1214/375
f 553/1215/376 555/1216/376 557/1217/376 559/1218/376
f 556/1219/373 554/1207/373 560/1210/373 558/1220/373
f 563/1221/376 553/1215/376 559/1218/376 561/1222/376
o piso.047
v -25.686394 -12.354738 161.937912
v -25.686394 -0.093539 161.937912
v -20.549114 -12.354738 153.343552
v -20.549114 -0.093539 153.343552
v -10.274554 -12.354738 153.343552
v -10.274554 -0.093539 153.343552
v -5.137277 -12.354738 161.937912
v -5.137277 -0.093539 161.937912
v -10.274553 -12.354738 170.532272
v -10.274553 -0.093539 170.532272
v -20.549114 -12.354738 170.532272
v -20.549114 -0.093539 170.532272
vn -0.8583 -0.0000 -0.5131
vn -0.0000 -0.0000 -1.0000
vn 0.8583 -0.0000 -0.5131
vn 0.8583 -0.0000 0.5131
vn -0.0000 1.0000 -0.0000
vn -0.0000 -0.0000 1.0000
vn -0.8583 -0.0000 0.5131
vn -0.0000 -1.0000 -0.0000
vt 1.000000 0.500000
vt 1.000000 1.000000
vt 0.833333 1.000000
vt 0.833333 0.500000
vt 0.666667 1.000000
vt 0.666667 0.500000
vt 0.500000 1.000000
vt 0.500000 0.500000
vt 0.333333 1.000000
vt 0.333333 0.500000
vt 0.250000 0.490000
vt 0.042154 0.370000
vt 0.042154 0.130000
vt 0.250000 0.010000
vt 0.166667 1.000000
vt 0.166667 0.500000
vt -0.000000 1.000000
vt -0.000000 0.500000
vt 0.750000 0.490000
vt 0.957846 0.370000
vt 0.957846 0.130000
vt 0.750000 0.010000
vt 0.457846 0.370000
vt 0.457846 0.130000
vt 0.542154 0.370000
vt 0.542154 0.130000
s 0
f 565/1223/377 566/1224/377 568/1225/377 567/1226/377
f 567/1226/378 568/1225/378 570/1227/378 569/1228/378
f 569/1228/379 570/1227/379 572/1229/379 571/1230/379
f 571/1230/380 572/1229/380 574/1231/380 573/1232/380
f 566/1233/381 576/1234/381 574/1235/381 572/1236/381
f 573/1232/382 574/1231/382 576/1237/382 575/1238/382
f 575/1238/383 576/1237/383 566/1239/383 565/1240/383
f 565/1241/384 567/1242/384 569/1243/384 571/1244/384
f 568/1245/381 566/1233/381 572/1236/381 570/1246/381
f 575/1247/384 565/1241/384 571/1244/384 573/1248/384
o piso.048
v -41.098240 -12.354738 153.343536
v -41.098240 -0.093539 153.343536
v -35.960960 -12.354738 144.749176
v -35.960960 -0.093539 144.749176
v -25.686399 -12.354738 144.749176
v -25.686399 -0.093539 144.749176
v -20.549118 -12.354738 153.343536
v -20.549118 -0.093539 153.343536
v -25.686398 -12.354738 161.937897
v -25.686398 -0.093539 161.937897
v -35.960960 -12.354738 161.937897
v -35.960960 -0.093539 161.937897
vn -0.8583 -0.0000 -0.5131
vn -0.0000 -0.0000 -1.0000
vn 0.8583 -0.0000 -0.5131
vn 0.8583 -0.0000 0.5131
vn -0.0000 1.0000 -0.0000
vn -0.0000 -0.0000 1.0000
vn -0.8583 -0.0000 0.5131
vn -0.0000 -1.0000 -0.0000
vt 1.000000 0.500000
vt 1.000000 1.000000
vt 0.833333 1.000000
vt 0.833333 0.500000
vt 0.666667 1.000000
vt 0.666667 0.500000
vt 0.500000 1.000000
vt 0.500000 0.500000
vt 0.333333 1.000000
vt 0.333333 0.500000
vt 0.250000 0.490000
vt 0.042154 0.370000
vt 0.042154 0.130000
vt 0.250000 0.010000
vt 0.166667 1.000000
vt 0.166667 0.500000
vt -0.000000 1.000000
vt -0.000000 0.500000
vt 0.750000 0.490000
vt 0.957846 0.370000
vt 0.957846 0.130000
vt 0.750000 0.010000
vt 0.457846 0.370000
vt 0.457846 0.130000
vt 0.542154 0.370000
vt 0.542154 0.130000
s 0
f 577/1249/385 578/1250/385 580/1251/385 579/1252/385
f 579/1252/386 580/1251/386 582/1253/386 581/1254/386
f 581/1254/387 582/1253/387 584/1255/387 583/1256/387
f 583/1256/388 584/1255/388 586/1257/388 585/1258/388
f 578/1259/389 588/1260/389 586/1261/389 584/1262/389
f 585/1258/390 586/1257/390 588/1263/390 587/1264/390
f 587/1264/391 588/1263/391 578/1265/391 577/1266/391
f 577/1267/392 579/1268/392 581/1269/392 583/1270/392
f 580/1271/389 578/1259/389 584/1262/389 582/1272/389
f 587/1273/392 577/1267/392 583/1270/392 585/1274/392
o piso.049
v 20.549126 -12.354738 153.343536
v 20.549126 -0.093537 153.343536
v 25.686405 -12.354738 144.749176
v 25.686405 -0.093537 144.749176
v 35.960968 -12.354738 144.749176
v 35.960968 -0.093537 144.749176
v 41.098248 -12.354738 153.343536
v 41.098248 -0.093537 153.343536
v 35.960968 -12.354738 161.937897
v 35.960968 -0.093537 161.937897
v 25.686407 -12.354738 161.937897
v 25.686407 -0.093537 161.937897
vn -0.8583 -0.0000 -0.5131
vn -0.0000 -0.0000 -1.0000
vn 0.8583 -0.0000 -0.5131
vn 0.8583 -0.0000 0.5131
vn -0.0000 1.0000 -0.0000
vn -0.0000 -0.0000 1.0000
vn -0.8583 -0.0000 0.5131
vn -0.0000 -1.0000 -0.0000
vt 1.000000 0.500000
vt 1.000000 1.000000
vt 0.833333 1.000000
vt 0.833333 0.500000
vt 0.666667 1.000000
vt 0.666667 0.500000
vt 0.500000 1.000000
vt 0.500000 0.500000
vt 0.333333 1.000000
vt 0.333333 0.500000
vt 0.250000 0.490000
vt 0.042154 0.370000
vt 0.042154 0.130000
vt 0.250000 0.010000
vt 0.166667 1.000000
vt 0.166667 0.500000
vt -0.000000 1.000000
vt -0.000000 0.500000
vt 0.750000 0.490000
vt 0.957846 0.370000
vt 0.957846 0.130000
vt 0.750000 0.010000
vt 0.457846 0.370000
vt 0.457846 0.130000
vt 0.542154 0.370000
vt 0.542154 0.130000
s 0
f 589/1275/393 590/1276/393 592/1277/393 591/1278/393
f 591/1278/394 592/1277/394 594/1279/394 593/1280/394
f 593/1280/395 594/1279/395 596/1281/395 595/1282/395
f 595/1282/396 596/1281/396 598/1283/396 597/1284/396
f 590/1285/397 600/1286/397 598/1287/397 596/1288/397
f 597/1284/398 598/1283/398 600/1289/398 599/1290/398
f 599/1290/399 600/1289/399 590/1291/399 589/1292/399
f 589/1293/400 591/1294/400 593/1295/400 595/1296/400
f 592/1297/397 590/1285/397 596/1288/397 594/1298/397
f 599/1299/400 589/1293/400 595/1296/400 597/1300/400
o piso.098
v 35.960968 -8.248614 144.749176
v 35.960968 4.012585 144.749176
v 41.098248 -8.248614 136.154816
v 41.098248 4.012585 136.154816
v 51.372807 -8.248614 136.154816
v 51.372807 4.012585 136.154816
v 56.510086 -8.248614 144.749176
v 56.510086 4.012585 144.749176
v 51.372807 -8.248614 153.343536
v 51.372807 4.012585 153.343536
v 41.098248 -8.248614 153.343536
v 41.098248 4.012585 153.343536
v 66.784637 -11.356031 -8.594345
v 66.784637 0.905169 -8.594345
v 71.921921 -11.356031 -17.188705
v 71.921921 0.905169 -17.188705
v 82.196487 -11.356031 -17.188705
v 82.196487 0.905169 -17.188705
v 87.333763 -11.356031 -8.594345
v 87.333763 0.905169 -8.594345
v 82.196487 -11.356031 0.000000
v 82.196487 0.905169 0.000000
v 71.921921 -11.356031 0.000000
v 71.921921 0.905169 0.000000
v 82.196487 -10.107761 0.000000
v 82.196487 2.153439 0.000000
v 87.333763 -10.107761 -8.594360
v 87.333763 2.153439 -8.594360
v 97.608322 -10.107761 -8.594360
v 97.608322 2.153439 -8.594360
v 102.745605 -10.107761 0.000000
v 102.745605 2.153439 0.000000
v 97.608322 -10.107761 8.594360
v 97.608322 2.153439 8.594360
v 87.333763 -10.107761 8.594360
v 87.333763 2.153439 8.594360
v 51.372807 -12.994724 0.000000
v 51.372807 -0.733523 0.000000
v 56.510086 -12.994724 -8.594360
v 56.510086 -0.733523 -8.594360
v 66.784645 -12.994724 -8.594360
v 66.784645 -0.733523 -8.594360
v 71.921928 -12.994724 0.000000
v 71.921928 -0.733523 0.000000
v 66.784653 -12.994724 8.594376
v 66.784653 -0.733523 8.594376
v 56.510086 -12.994724 8.594376
v 56.510086 -0.733523 8.594376
v 35.960957 -3.252876 -8.594360
v 35.960957 9.008324 -8.594360
v 41.098236 -3.252876 -17.188721
v 41.098236 9.008324 -17.188721
v 51.372799 -3.252876 -17.188721
v 51.372799 9.008324 -17.188721
v 56.510078 -3.252876 -8.594360
v 56.510078 9.008324 -8.594360
v 51.372799 -3.252876 0.000000
v 51.372799 9.008324 0.000000
v 41.098236 -3.252876 0.000000
v 41.098236 9.008324 0.000000
v 97.608330 -5.356613 -8.594360
v 97.608330 6.904587 -8.594360
v 102.745605 -5.356613 -17.188705
v 102.745605 6.904587 -17.188705
v 113.020172 -5.356613 -17.188705
v 113.020172 6.904587 -17.188705
v 118.157448 -5.356613 -8.594360
v 118.157448 6.904587 -8.594360
v 113.020172 -5.356613 0.000000
v 113.020172 6.904587 0.000000
v 102.745605 -5.356613 0.000000
v 102.745605 6.904587 0.000000
v 66.784645 -9.175454 8.594376
v 66.784645 3.085745 8.594376
v 71.921921 -9.175454 0.000015
v 71.921921 3.085745 0.000015
v 82.196487 -9.175454 0.000015
v 82.196487 3.085745 0.000015
v 87.333763 -9.175454 8.594376
v 87.333763 3.085745 8.594376
v 82.196487 -9.175454 17.188736
v 82.196487 3.085745 17.188736
v 71.921921 -9.175454 17.188736
v 71.921921 3.085745 17.188736
v 82.196487 -15.978895 17.188721
v 82.196487 -3.717696 17.188721
v 87.333755 -15.978895 8.594360
v 87.333755 -3.717696 8.594360
v 97.608322 -15.978895 8.594360
v 97.608322 -3.717696 8.594360
v 102.745605 -15.978895 17.188721
v 102.745605 -3.717696 17.188721
v 97.608322 -15.978895 25.783081
v 97.608322 -3.717696 25.783081
v 87.333763 -15.978895 25.783081
v 87.333763 -3.717696 25.783081
v 51.372807 -10.993677 17.188736
v 51.372807 1.267524 17.188736
v 56.510086 -10.993677 8.594376
v 56.510086 1.267524 8.594376
v 66.784653 -10.993677 8.594376
v 66.784653 1.267524 8.594376
v 71.921928 -10.993677 17.188736
v 71.921928 1.267524 17.188736
v 66.784653 -10.993677 25.783096
v 66.784653 1.267524 25.783096
v 56.510086 -10.993677 25.783096
v 56.510086 1.267524 25.783096
v 35.960968 -10.525594 8.594376
v 35.960968 1.735606 8.594376
v 41.098244 -10.525594 0.000015
v 41.098244 1.735606 0.000015
v 51.372807 -10.525594 0.000015
v 51.372807 1.735606 0.000015
v 56.510086 -10.525594 8.594376
v 56.510086 1.735606 8.594376
v 51.372807 -10.525594 17.188736
v 51.372807 1.735606 17.188736
v 41.098248 -10.525594 17.188736
v 41.098248 1.735606 17.188736
v 97.608330 -11.790478 8.594376
v 97.608330 0.470722 8.594376
v 102.745605 -11.790478 0.000015
v 102.745605 0.470722 0.000015
v 113.020172 -11.790478 0.000015
v 113.020172 0.470722 0.000015
v 118.157448 -11.790478 8.594376
v 118.157448 0.470722 8.594376
v 113.020172 -11.790478 17.188721
v 113.020172 0.470722 17.188721
v 102.745613 -11.790478 17.188721
v 102.745613 0.470722 17.188721
v 66.784645 -10.910957 25.749184
v 66.784645 1.350242 25.749184
v 71.921921 -10.910957 17.154831
v 71.921921 1.350242 17.154831
v 82.196487 -10.910957 17.154831
v 82.196487 1.350242 17.154831
v 87.333771 -10.910957 25.749184
v 87.333771 1.350242 25.749184
v 82.196487 -10.910957 34.343544
v 82.196487 1.350242 34.343544
v 71.921921 -10.910957 34.343544
v 71.921921 1.350242 34.343544
v 82.196487 -5.056362 34.343552
v 82.196487 7.204836 34.343552
v 87.333763 -5.056362 25.749184
v 87.333763 7.204836 25.749184
v 97.608322 -5.056362 25.749184
v 97.608322 7.204836 25.749184
v 102.745605 -5.056362 34.343552
v 102.745605 7.204836 34.343552
v 97.608322 -5.056362 42.937904
v 97.608322 7.204836 42.937904
v 87.333763 -5.056362 42.937904
v 87.333763 7.204836 42.937904
v 51.372807 -15.425352 34.343559
v 51.372807 -3.164153 34.343559
v 56.510086 -15.425352 25.749207
v 56.510086 -3.164153 25.749207
v 66.784653 -15.425352 25.749207
v 66.784653 -3.164153 25.749207
v 71.921928 -15.425352 34.343559
v 71.921928 -3.164153 34.343559
v 66.784653 -15.425352 42.937927
v 66.784653 -3.164153 42.937927
v 56.510090 -15.425352 42.937927
v 56.510090 -3.164153 42.937927
v 35.960968 -8.599251 25.749184
v 35.960968 3.661948 25.749184
v 41.098248 -8.599251 17.154831
v 41.098248 3.661948 17.154831
v 51.372807 -8.599251 17.154831
v 51.372807 3.661948 17.154831
v 56.510086 -8.599251 25.749184
v 56.510086 3.661948 25.749184
v 51.372807 -8.599251 34.343552
v 51.372807 3.661948 34.343552
v 41.098248 -8.599251 34.343552
v 41.098248 3.661948 34.343552
v 97.608337 -15.758707 25.749199
v 97.608337 -3.497507 25.749199
v 102.745613 -15.758707 17.154846
v 102.745613 -3.497507 17.154846
v 113.020172 -15.758707 17.154846
v 113.020172 -3.497507 17.154846
v 118.157448 -15.758707 25.749199
v 118.157448 -3.497507 25.749199
v 113.020172 -15.758707 34.343552
v 113.020172 -3.497507 34.343552
v 102.745613 -15.758707 34.343552
v 102.745613 -3.497507 34.343552
v 66.784645 -7.996936 42.749191
v 66.784645 4.264264 42.749191
v 71.921921 -7.996936 34.154839
v 71.921921 4.264264 34.154839
v 82.196487 -7.996936 34.154839
v 82.196487 4.264264 34.154839
v 87.333771 -7.996936 42.749191
v 87.333771 4.264264 42.749191
v 82.196487 -7.996936 51.343552
v 82.196487 4.264264 51.343552
v 71.921928 -7.996936 51.343552
v 71.921928 4.264264 51.343552
v 82.196487 -6.740395 51.343552
v 82.196487 5.520804 51.343552
v 87.333763 -6.740395 42.749191
v 87.333763 5.520804 42.749191
v 97.608322 -6.740395 42.749191
v 97.608322 5.520804 42.749191
v 102.745605 -6.740395 51.343552
v 102.745605 5.520804 51.343552
v 97.608322 -6.740395 59.937920
v 97.608322 5.520804 59.937920
v 87.333763 -6.740395 59.937920
v 87.333763 5.520804 59.937920
v 51.372810 -12.517395 51.343552
v 51.372810 -0.256196 51.343552
v 56.510090 -12.517395 42.749199
v 56.510090 -0.256196 42.749199
v 66.784653 -12.517395 42.749199
v 66.784653 -0.256196 42.749199
v 71.921928 -12.517395 51.343552
v 71.921928 -0.256196 51.343552
v 66.784653 -12.517395 59.937920
v 66.784653 -0.256196 59.937920
v 56.510090 -12.517395 59.937920
v 56.510090 -0.256196 59.937920
v 35.960968 -12.975454 42.749191
v 35.960968 -0.714255 42.749191
v 41.098248 -12.975454 34.154839
v 41.098248 -0.714255 34.154839
v 51.372807 -12.975454 34.154839
v 51.372807 -0.714255 34.154839
v 56.510086 -12.975454 42.749191
v 56.510086 -0.714255 42.749191
v 51.372810 -12.975454 51.343552
v 51.372810 -0.714255 51.343552
v 41.098248 -12.975454 51.343552
v 41.098248 -0.714255 51.343552
v 97.608337 -13.429007 42.749191
v 97.608337 -1.167805 42.749191
v 102.745613 -13.429007 34.154839
v 102.745613 -1.167805 34.154839
v 113.020172 -13.429007 34.154839
v 113.020172 -1.167805 34.154839
v 118.157448 -13.429007 42.749191
v 118.157448 -1.167805 42.749191
v 113.020172 -13.429007 51.343544
v 113.020172 -1.167805 51.343544
v 102.745613 -13.429007 51.343544
v 102.745613 -1.167805 51.343544
v 66.784637 -6.977522 59.749191
v 66.784637 5.283677 59.749191
v 71.921921 -6.977522 51.154839
v 71.921921 5.283677 51.154839
v 82.196487 -6.977522 51.154839
v 82.196487 5.283677 51.154839
v 87.333763 -6.977522 59.749191
v 87.333763 5.283677 59.749191
v 82.196487 -6.977522 68.343552
v 82.196487 5.283677 68.343552
v 71.921921 -6.977522 68.343552
v 71.921921 5.283677 68.343552
v 82.196487 -11.978176 68.343544
v 82.196487 0.283023 68.343544
v 87.333763 -11.978176 59.749184
v 87.333763 0.283023 59.749184
v 97.608322 -11.978176 59.749184
v 97.608322 0.283023 59.749184
v 102.745605 -11.978176 68.343544
v 102.745605 0.283023 68.343544
v 97.608322 -11.978176 76.937904
v 97.608322 0.283023 76.937904
v 87.333763 -11.978176 76.937904
v 87.333763 0.283023 76.937904
v 51.372803 -10.988287 68.343559
v 51.372803 1.272913 68.343559
v 56.510086 -10.988287 59.749207
v 56.510086 1.272913 59.749207
v 66.784645 -10.988287 59.749207
v 66.784645 1.272913 59.749207
v 71.921921 -10.988287 68.343559
v 71.921921 1.272913 68.343559
v 66.784645 -10.988287 76.937920
v 66.784645 1.272913 76.937920
v 56.510086 -10.988287 76.937920
v 56.510086 1.272913 76.937920
v 35.960964 -12.966370 59.749184
v 35.960964 -0.705169 59.749184
v 41.098244 -12.966370 51.154831
v 41.098244 -0.705169 51.154831
v 51.372803 -12.966370 51.154831
v 51.372803 -0.705169 51.154831
v 56.510082 -12.966370 59.749184
v 56.510082 -0.705169 59.749184
v 51.372803 -12.966370 68.343552
v 51.372803 -0.705169 68.343552
v 41.098244 -12.966370 68.343552
v 41.098244 -0.705169 68.343552
v 97.608337 -6.830086 59.749191
v 97.608337 5.431115 59.749191
v 102.745613 -6.830086 51.154839
v 102.745613 5.431115 51.154839
v 113.020172 -6.830086 51.154839
v 113.020172 5.431115 51.154839
v 118.157455 -6.830086 59.749191
v 118.157455 5.431115 59.749191
v 113.020172 -6.830086 68.343552
v 113.020172 5.431115 68.343552
v 102.745613 -6.830086 68.343552
v 102.745613 5.431115 68.343552
v 66.784637 -9.756659 76.749191
v 66.784637 2.504540 76.749191
v 71.921921 -9.756659 68.154831
v 71.921921 2.504540 68.154831
v 82.196487 -9.756659 68.154831
v 82.196487 2.504540 68.154831
v 87.333763 -9.756659 76.749191
v 87.333763 2.504540 76.749191
v 82.196487 -9.756659 85.343552
v 82.196487 2.504540 85.343552
v 71.921921 -9.756659 85.343552
v 71.921921 2.504540 85.343552
v 82.196487 -11.710342 85.343544
v 82.196487 0.550857 85.343544
v 87.333763 -11.710342 76.749184
v 87.333763 0.550857 76.749184
v 97.608322 -11.710342 76.749184
v 97.608322 0.550857 76.749184
v 102.745605 -11.710342 85.343536
v 102.745605 0.550857 85.343536
v 97.608322 -11.710342 93.937897
v 97.608322 0.550857 93.937897
v 87.333763 -11.710342 93.937897
v 87.333763 0.550857 93.937897
v 51.372807 -12.447046 85.343552
v 51.372807 -0.185846 85.343552
v 56.510086 -12.447046 76.749191
v 56.510086 -0.185846 76.749191
v 66.784645 -12.447046 76.749191
v 66.784645 -0.185846 76.749191
v 71.921921 -12.447046 85.343552
v 71.921921 -0.185846 85.343552
v 66.784645 -12.447046 93.937912
v 66.784645 -0.185846 93.937912
v 56.510086 -12.447046 93.937912
v 56.510086 -0.185846 93.937912
v 35.960964 -4.095122 76.749184
v 35.960964 8.166077 76.749184
v 41.098244 -4.095122 68.154831
v 41.098244 8.166077 68.154831
v 51.372803 -4.095122 68.154831
v 51.372803 8.166077 68.154831
v 56.510086 -4.095122 76.749184
v 56.510086 8.166077 76.749184
v 51.372807 -4.095122 85.343552
v 51.372807 8.166077 85.343552
v 41.098244 -4.095122 85.343552
v 41.098244 8.166077 85.343552
v 97.608337 -9.614450 76.749191
v 97.608337 2.646751 76.749191
v 102.745613 -9.614450 68.154831
v 102.745613 2.646751 68.154831
v 113.020172 -9.614450 68.154831
v 113.020172 2.646751 68.154831
v 118.157455 -9.614450 76.749191
v 118.157455 2.646751 76.749191
v 113.020172 -9.614450 85.343552
v 113.020172 2.646751 85.343552
v 102.745613 -9.614450 85.343552
v 102.745613 2.646751 85.343552
v 66.784645 -8.388528 93.749191
v 66.784645 3.872672 93.749191
v 71.921921 -8.388528 85.154831
v 71.921921 3.872672 85.154831
v 82.196487 -8.388528 85.154831
v 82.196487 3.872672 85.154831
v 87.333763 -8.388528 93.749191
v 87.333763 3.872672 93.749191
v 82.196487 -8.388528 102.343552
v 82.196487 3.872672 102.343552
v 71.921921 -8.388528 102.343552
v 71.921921 3.872672 102.343552
v 82.196487 -14.040075 102.343536
v 82.196487 -1.778876 102.343536
v 87.333763 -14.040075 93.749176
v 87.333763 -1.778876 93.749176
v 97.608322 -14.040075 93.749176
v 97.608322 -1.778876 93.749176
v 102.745605 -14.040075 102.343536
v 102.745605 -1.778876 102.343536
v 97.608322 -14.040075 110.937897
v 97.608322 -1.778876 110.937897
v 87.333771 -14.040075 110.937897
v 87.333771 -1.778876 110.937897
v 51.372807 -4.112835 102.343552
v 51.372807 8.148365 102.343552
v 56.510086 -4.112835 93.749191
v 56.510086 8.148365 93.749191
v 66.784645 -4.112835 93.749191
v 66.784645 8.148365 93.749191
v 71.921921 -4.112835 102.343552
v 71.921921 8.148365 102.343552
v 66.784645 -4.112835 110.937912
v 66.784645 8.148365 110.937912
v 56.510086 -4.112835 110.937912
v 56.510086 8.148365 110.937912
v 35.960964 -6.693609 93.749191
v 35.960964 5.567590 93.749191
v 41.098244 -6.693609 85.154831
v 41.098244 5.567590 85.154831
v 51.372807 -6.693609 85.154831
v 51.372807 5.567590 85.154831
v 56.510086 -6.693609 93.749191
v 56.510086 5.567590 93.749191
v 51.372807 -6.693609 102.343552
v 51.372807 5.567590 102.343552
v 41.098244 -6.693609 102.343552
v 41.098244 5.567590 102.343552
v 97.608337 -6.469248 93.749191
v 97.608337 5.791953 93.749191
v 102.745613 -6.469248 85.154839
v 102.745613 5.791953 85.154839
v 113.020172 -6.469248 85.154839
v 113.020172 5.791953 85.154839
v 118.157455 -6.469248 93.749191
v 118.157455 5.791953 93.749191
v 113.020180 -6.469248 102.343552
v 113.020180 5.791953 102.343552
v 102.745621 -6.469248 102.343552
v 102.745621 5.791953 102.343552
v 66.784645 -11.319428 110.749184
v 66.784645 0.941771 110.749184
v 71.921921 -11.319428 102.154831
v 71.921921 0.941771 102.154831
v 82.196487 -11.319428 102.154831
v 82.196487 0.941771 102.154831
v 87.333771 -11.319428 110.749184
v 87.333771 0.941771 110.749184
v 82.196487 -11.319428 119.343544
v 82.196487 0.941771 119.343544
v 71.921921 -11.319428 119.343544
v 71.921921 0.941771 119.343544
v 82.196472 -7.179572 119.343536
v 82.196472 5.081627 119.343536
v 87.333755 -7.179572 110.749176
v 87.333755 5.081627 110.749176
v 97.608322 -7.179572 110.749176
v 97.608322 5.081627 110.749176
v 102.745598 -7.179572 119.343536
v 102.745598 5.081627 119.343536
v 97.608322 -7.179572 127.937897
v 97.608322 5.081627 127.937897
v 87.333755 -7.179572 127.937897
v 87.333755 5.081627 127.937897
v 51.372807 -14.393440 119.343559
v 51.372807 -2.132241 119.343559
v 56.510086 -14.393440 110.749199
v 56.510086 -2.132241 110.749199
v 66.784645 -14.393440 110.749199
v 66.784645 -2.132241 110.749199
v 71.921921 -14.393440 119.343559
v 71.921921 -2.132241 119.343559
v 66.784653 -14.393440 127.937920
v 66.784653 -2.132241 127.937920
v 56.510086 -14.393440 127.937920
v 56.510086 -2.132241 127.937920
v 35.960964 -11.573656 110.749184
v 35.960964 0.687544 110.749184
v 41.098244 -11.573656 102.154831
v 41.098244 0.687544 102.154831
v 51.372807 -11.573656 102.154831
v 51.372807 0.687544 102.154831
v 56.510086 -11.573656 110.749184
v 56.510086 0.687544 110.749184
v 51.372807 -11.573656 119.343552
v 51.372807 0.687544 119.343552
v 41.098248 -11.573656 119.343552
v 41.098248 0.687544 119.343552
v 97.608337 -14.599762 110.749191
v 97.608337 -2.338561 110.749191
v 102.745621 -14.599762 102.154831
v 102.745621 -2.338561 102.154831
v 113.020180 -14.599762 102.154831
v 113.020180 -2.338561 102.154831
v 118.157455 -14.599762 110.749191
v 118.157455 -2.338561 110.749191
v 113.020180 -14.599762 119.343552
v 113.020180 -2.338561 119.343552
v 102.745621 -14.599762 119.343552
v 102.745621 -2.338561 119.343552
v 66.784645 -13.785187 127.749176
v 66.784645 -1.523987 127.749176
v 71.921921 -13.785187 119.154816
v 71.921921 -1.523987 119.154816
v 82.196487 -13.785187 119.154816
v 82.196487 -1.523987 119.154816
v 87.333771 -13.785187 127.749176
v 87.333771 -1.523987 127.749176
v 82.196487 -13.785187 136.343536
v 82.196487 -1.523987 136.343536
v 71.921921 -13.785187 136.343536
v 71.921921 -1.523987 136.343536
v 82.196472 -17.012381 136.343536
v 82.196472 -4.751183 136.343536
v 87.333755 -17.012381 127.749176
v 87.333755 -4.751183 127.749176
v 97.608322 -17.012381 127.749176
v 97.608322 -4.751183 127.749176
v 102.745598 -17.012381 136.343536
v 102.745598 -4.751183 136.343536
v 97.608322 -17.012381 144.937897
v 97.608322 -4.751183 144.937897
v 87.333755 -17.012381 144.937897
v 87.333755 -4.751183 144.937897
v 51.372807 -3.223315 136.343552
v 51.372807 9.037884 136.343552
v 56.510086 -3.223315 127.749191
v 56.510086 9.037884 127.749191
v 66.784653 -3.223315 127.749191
v 66.784653 9.037884 127.749191
v 71.921928 -3.223315 136.343552
v 71.921928 9.037884 136.343552
v 66.784653 -3.223315 144.937912
v 66.784653 9.037884 144.937912
v 56.510090 -3.223315 144.937912
v 56.510090 9.037884 144.937912
v 35.960968 -6.512347 127.749176
v 35.960968 5.748851 127.749176
v 41.098248 -6.512347 119.154823
v 41.098248 5.748851 119.154823
v 51.372807 -6.512347 119.154823
v 51.372807 5.748851 119.154823
v 56.510086 -6.512347 127.749176
v 56.510086 5.748851 127.749176
v 51.372807 -6.512347 136.343536
v 51.372807 5.748851 136.343536
v 41.098248 -6.512347 136.343536
v 41.098248 5.748851 136.343536
v 97.608322 -8.895308 127.749184
v 97.608322 3.365893 127.749184
v 102.745605 -8.895308 119.154831
v 102.745605 3.365893 119.154831
v 113.020172 -8.895308 119.154831
v 113.020172 3.365893 119.154831
v 118.157448 -8.895308 127.749184
v 118.157448 3.365893 127.749184
v 113.020172 -8.895308 136.343536
v 113.020172 3.365893 136.343536
v 102.745605 -8.895308 136.343552
v 102.745605 3.365893 136.343552
v 66.784645 -4.836644 144.749176
v 66.784645 7.424555 144.749176
v 71.921921 -4.836644 136.154816
v 71.921921 7.424555 136.154816
v 82.196487 -4.836644 136.154816
v 82.196487 7.424555 136.154816
v 87.333771 -4.836644 144.749176
v 87.333771 7.424555 144.749176
v 82.196487 -4.836644 153.343536
v 82.196487 7.424555 153.343536
v 71.921921 -4.836644 153.343536
v 71.921921 7.424555 153.343536
v 82.196472 -5.280994 153.343552
v 82.196472 6.980205 153.343552
v 87.333755 -5.280994 144.749191
v 87.333755 6.980205 144.749191
v 97.608322 -5.280994 144.749191
v 97.608322 6.980205 144.749191
v 102.745598 -5.280994 153.343552
v 102.745598 6.980205 153.343552
v 97.608322 -5.280994 161.937897
v 97.608322 6.980205 161.937897
v 87.333755 -5.280994 161.937897
v 87.333755 6.980205 161.937897
v 51.372807 -2.954598 153.343552
v 51.372807 9.306601 153.343552
v 56.510090 -2.954598 144.749191
v 56.510090 9.306601 144.749191
v 66.784653 -2.954598 144.749191
v 66.784653 9.306601 144.749191
v 71.921928 -2.954598 153.343552
v 71.921928 9.306601 153.343552
v 66.784653 -2.954598 161.937912
v 66.784653 9.306601 161.937912
v 56.510090 -2.954598 161.937912
v 56.510090 9.306601 161.937912
v 97.608322 -10.664236 144.749191
v 97.608322 1.596965 144.749191
v 102.745605 -10.664236 136.154831
v 102.745605 1.596965 136.154831
v 113.020172 -10.664236 136.154831
v 113.020172 1.596965 136.154831
v 118.157448 -10.664236 144.749191
v 118.157448 1.596965 144.749191
v 113.020172 -10.664236 153.343552
v 113.020172 1.596965 153.343552
v 102.745605 -10.664236 153.343552
v 102.745605 1.596965 153.343552
vn -0.8583 -0.0000 -0.5131
vn -0.0000 -0.0000 -1.0000
vn 0.8583 -0.0000 -0.5131
vn 0.8583 -0.0000 0.5131
vn -0.0000 1.0000 -0.0000
vn -0.0000 -0.0000 1.0000
vn -0.8583 -0.0000 0.5131
vn -0.0000 -1.0000 -0.0000
vt 1.000000 0.500000
vt 1.000000 1.000000
vt 0.833333 1.000000
vt 0.833333 0.500000
vt 0.666667 1.000000
vt 0.666667 0.500000
vt 0.500000 1.000000
vt 0.500000 0.500000
vt 0.333333 1.000000
vt 0.333333 0.500000
vt 0.250000 0.490000
vt 0.042154 0.370000
vt 0.042154 0.130000
vt 0.250000 0.010000
vt 0.166667 1.000000
vt 0.166667 0.500000
vt -0.000000 1.000000
vt -0.000000 0.500000
vt 0.750000 0.490000
vt 0.957846 0.370000
vt 0.957846 0.130000
vt 0.750000 0.010000
vt 0.457846 0.370000
vt 0.457846 0.130000
vt 0.542154 0.370000
vt 0.542154 0.130000
s 0
f 601/1301/401 602/1302/401 604/1303/401 603/1304/401
f 603/1304/402 604/1303/402 606/1305/402 605/1306/402
f 605/1306/403 606/1305/403 608/1307/403 607/1308/403
f 607/1308/404 608/1307/404 610/1309/404 609/1310/404
f 602/1311/405 612/1312/405 610/1313/405 608/1314/405
f 609/1310/406 610/1309/406 612/1315/406 611/1316/406
f 611/1316/407 612/1315/407 602/1317/407 601/1318/407
f 601/1319/408 603/1320/408 605/1321/408 607/1322/408
f 604/1323/405 602/1311/405 608/1314/405 606/1324/405
f 611/1325/408 601/1319/408 607/1322/408 609/1326/408
f 613/1301/401 614/1302/401 616/1303/401 615/1304/401
f 615/1304/402 616/1303/402 618/1305/402 617/1306/402
f 617/1306/403 618/1305/403 620/1307/403 619/1308/403
f 619/1308/404 620/1307/404 622/1309/404 621/1310/404
f 614/1311/405 624/1312/405 622/1313/405 620/1314/405
f 621/1310/406 622/1309/406 624/1315/406 623/1316/406
f 623/1316/407 624/1315/407 614/1317/407 613/1318/407
f 613/1319/408 615/1320/408 617/1321/408 619/1322/408
f 616/1323/405 614/1311/405 620/1314/405 618/1324/405
f 623/1325/408 613/1319/408 619/1322/408 621/1326/408
f 625/1301/401 626/1302/401 628/1303/401 627/1304/401
f 627/1304/402 628/1303/402 630/1305/402 629/1306/402
f 629/1306/403 630/1305/403 632/1307/403 631/1308/403
f 631/1308/404 632/1307/404 634/1309/404 633/1310/404
f 626/1311/405 636/1312/405 634/1313/405 632/1314/405
f 633/1310/406 634/1309/406 636/1315/406 635/1316/406
f 635/1316/407 636/1315/407 626/1317/407 625/1318/407
f 625/1319/408 627/1320/408 629/1321/408 631/1322/408
f 628/1323/405 626/1311/405 632/1314/405 630/1324/405
f 635/1325/408 625/1319/408 631/1322/408 633/1326/408
f 637/1301/401 638/1302/401 640/1303/401 639/1304/401
f 639/1304/402 640/1303/402 642/1305/402 641/1306/402
f 641/1306/403 642/1305/403 644/1307/403 643/1308/403
f 643/1308/404 644/1307/404 646/1309/404 645/1310/404
f 638/1311/405 648/1312/405 646/1313/405 644/1314/405
f 645/1310/406 646/1309/406 648/1315/406 647/1316/406
f 647/1316/407 648/1315/407 638/1317/407 637/1318/407
f 637/1319/408 639/1320/408 641/1321/408 643/1322/408
f 640/1323/405 638/1311/405 644/1314/405 642/1324/405
f 647/1325/408 637/1319/408 643/1322/408 645/1326/408
f 649/1301/401 650/1302/401 652/1303/401 651/1304/401
f 651/1304/402 652/1303/402 654/1305/402 653/1306/402
f 653/1306/403 654/1305/403 656/1307/403 655/1308/403
f 655/1308/404 656/1307/404 658/1309/404 657/1310/404
f 650/1311/405 660/1312/405 658/1313/405 656/1314/405
f 657/1310/406 658/1309/406 660/1315/406 659/1316/406
f 659/1316/407 660/1315/407 650/1317/407 649/1318/407
f 649/1319/408 651/1320/408 653/1321/408 655/1322/408
f 652/1323/405 650/1311/405 656/1314/405 654/1324/405
f 659/1325/408 649/1319/408 655/1322/408 657/1326/408
f 661/1301/401 662/1302/401 664/1303/401 663/1304/401
f 663/1304/402 664/1303/402 666/1305/402 665/1306/402
f 665/1306/403 666/1305/403 668/1307/403 667/1308/403
f 667/1308/404 668/1307/404 670/1309/404 669/1310/404
f 662/1311/405 672/1312/405 670/1313/405 668/1314/405
f 669/1310/406 670/1309/406 672/1315/406 671/1316/406
f 671/1316/407 672/1315/407 662/1317/407 661/1318/407
f 661/1319/408 663/1320/408 665/1321/408 667/1322/408
f 664/1323/405 662/1311/405 668/1314/405 666/1324/405
f 671/1325/408 661/1319/408 667/1322/408 669/1326/408
f 673/1301/401 674/1302/401 676/1303/401 675/1304/401
f 675/1304/402 676/1303/402 678/1305/402 677/1306/402
f 677/1306/403 678/1305/403 680/1307/403 679/1308/403
f 679/1308/404 680/1307/404 682/1309/404 681/1310/404
f 674/1311/405 684/1312/405 682/1313/405 680/1314/405
f 681/1310/406 682/1309/406 684/1315/406 683/1316/406
f 683/1316/407 684/1315/407 674/1317/407 673/1318/407
f 673/1319/408 675/1320/408 677/1321/408 679/1322/408
f 676/1323/405 674/1311/405 680/1314/405 678/1324/405
f 683/1325/408 673/1319/408 679/1322/408 681/1326/408
f 685/1301/401 686/1302/401 688/1303/401 687/1304/401
f 687/1304/402 688/1303/402 690/1305/402 689/1306/402
f 689/1306/403 690/1305/403 692/1307/403 691/1308/403
f 691/1308/404 692/1307/404 694/1309/404 693/1310/404
f 686/1311/405 696/1312/405 694/1313/405 692/1314/405
f 693/1310/406 694/1309/406 696/1315/406 695/1316/406
f 695/1316/407 696/1315/407 686/1317/407 685/1318/407
f 685/1319/408 687/1320/408 689/1321/408 691/1322/408
f 688/1323/405 686/1311/405 692/1314/405 690/1324/405
f 695/1325/408 685/1319/408 691/1322/408 693/1326/408
f 697/1301/401 698/1302/401 700/1303/401 699/1304/401
f 699/1304/402 700/1303/402 702/1305/402 701/1306/402
f 701/1306/403 702/1305/403 704/1307/403 703/1308/403
f 703/1308/404 704/1307/404 706/1309/404 705/1310/404
f 698/1311/405 708/1312/405 706/1313/405 704/1314/405
f 705/1310/406 706/1309/406 708/1315/406 707/1316/406
f 707/1316/407 708/1315/407 698/1317/407 697/1318/407
f 697/1319/408 699/1320/408 701/1321/408 703/1322/408
f 700/1323/405 698/1311/405 704/1314/405 702/1324/405
f 707/1325/408 697/1319/408 703/1322/408 705/1326/408
f 709/1301/401 710/1302/401 712/1303/401 711/1304/401
f 711/1304/402 712/1303/402 714/1305/402 713/1306/402
f 713/1306/403 714/1305/403 716/1307/403 715/1308/403
f 715/1308/404 716/1307/404 718/1309/404 717/1310/404
f 710/1311/405 720/1312/405 718/1313/405 716/1314/405
f 717/1310/406 718/1309/406 720/1315/406 719/1316/406
f 719/1316/407 720/1315/407 710/1317/407 709/1318/407
f 709/1319/408 711/1320/408 713/1321/408 715/1322/408
f 712/1323/405 710/1311/405 716/1314/405 714/1324/405
f 719/1325/408 709/1319/408 715/1322/408 717/1326/408
f 721/1301/401 722/1302/401 724/1303/401 723/1304/401
f 723/1304/402 724/1303/402 726/1305/402 725/1306/402
f 725/1306/403 726/1305/403 728/1307/403 727/1308/403
f 727/1308/404 728/1307/404 730/1309/404 729/1310/404
f 722/1311/405 732/1312/405 730/1313/405 728/1314/405
f 729/1310/406 730/1309/406 732/1315/406 731/1316/406
f 731/1316/407 732/1315/407 722/1317/407 721/1318/407
f 721/1319/408 723/1320/408 725/1321/408 727/1322/408
f 724/1323/405 722/1311/405 728/1314/405 726/1324/405
f 731/1325/408 721/1319/408 727/1322/408 729/1326/408
f 733/1301/401 734/1302/401 736/1303/401 735/1304/401
f 735/1304/402 736/1303/402 738/1305/402 737/1306/402
f 737/1306/403 738/1305/403 740/1307/403 739/1308/403
f 739/1308/404 740/1307/404 742/1309/404 741/1310/404
f 734/1311/405 744/1312/405 742/1313/405 740/1314/405
f 741/1310/406 742/1309/406 744/1315/406 743/1316/406
f 743/1316/407 744/1315/407 734/1317/407 733/1318/407
f 733/1319/408 735/1320/408 737/1321/408 739/1322/408
f 736/1323/405 734/1311/405 740/1314/405 738/1324/405
f 743/1325/408 733/1319/408 739/1322/408 741/1326/408
f 745/1301/401 746/1302/401 748/1303/401 747/1304/401
f 747/1304/402 748/1303/402 750/1305/402 749/1306/402
f 749/1306/403 750/1305/403 752/1307/403 751/1308/403
f 751/1308/404 752/1307/404 754/1309/404 753/1310/404
f 746/1311/405 756/1312/405 754/1313/405 752/1314/405
f 753/1310/406 754/1309/406 756/1315/406 755/1316/406
f 755/1316/407 756/1315/407 746/1317/407 745/1318/407
f 745/1319/408 747/1320/408 749/1321/408 751/1322/408
f 748/1323/405 746/1311/405 752/1314/405 750/1324/405
f 755/1325/408 745/1319/408 751/1322/408 753/1326/408
f 757/1301/401 758/1302/401 760/1303/401 759/1304/401
f 759/1304/402 760/1303/402 762/1305/402 761/1306/402
f 761/1306/403 762/1305/403 764/1307/403 763/1308/403
f 763/1308/404 764/1307/404 766/1309/404 765/1310/404
f 758/1311/405 768/1312/405 766/1313/405 764/1314/405
f 765/1310/406 766/1309/406 768/1315/406 767/1316/406
f 767/1316/407 768/1315/407 758/1317/407 757/1318/407
f 757/1319/408 759/1320/408 761/1321/408 763/1322/408
f 760/1323/405 758/1311/405 764/1314/405 762/1324/405
f 767/1325/408 757/1319/408 763/1322/408 765/1326/408
f 769/1301/401 770/1302/401 772/1303/401 771/1304/401
f 771/1304/402 772/1303/402 774/1305/402 773/1306/402
f 773/1306/403 774/1305/403 776/1307/403 775/1308/403
f 775/1308/404 776/1307/404 778/1309/404 777/1310/404
f 770/1311/405 780/1312/405 778/1313/405 776/1314/405
f 777/1310/406 778/1309/406 780/1315/406 779/1316/406
f 779/1316/407 780/1315/407 770/1317/407 769/1318/407
f 769/1319/408 771/1320/408 773/1321/408 775/1322/408
f 772/1323/405 770/1311/405 776/1314/405 774/1324/405
f 779/1325/408 769/1319/408 775/1322/408 777/1326/408
f 781/1301/401 782/1302/401 784/1303/401 783/1304/401
f 783/1304/402 784/1303/402 786/1305/402 785/1306/402
f 785/1306/403 786/1305/403 788/1307/403 787/1308/403
f 787/1308/404 788/1307/404 790/1309/404 789/1310/404
f 782/1311/405 792/1312/405 790/1313/405 788/1314/405
f 789/1310/406 790/1309/406 792/1315/406 791/1316/406
f 791/1316/407 792/1315/407 782/1317/407 781/1318/407
f 781/1319/408 783/1320/408 785/1321/408 787/1322/408
f 784/1323/405 782/1311/405 788/1314/405 786/1324/405
f 791/1325/408 781/1319/408 787/1322/408 789/1326/408
f 793/1301/401 794/1302/401 796/1303/401 795/1304/401
f 795/1304/402 796/1303/402 798/1305/402 797/1306/402
f 797/1306/403 798/1305/403 800/1307/403 799/1308/403
f 799/1308/404 800/1307/404 802/1309/404 801/1310/404
f 794/1311/405 804/1312/405 802/1313/405 800/1314/405
f 801/1310/406 802/1309/406 804/1315/406 803/1316/406
f 803/1316/407 804/1315/407 794/1317/407 793/1318/407
f 793/1319/408 795/1320/408 797/1321/408 799/1322/408
f 796/1323/405 794/1311/405 800/1314/405 798/1324/405
f 803/1325/408 793/1319/408 799/1322/408 801/1326/408
f 805/1301/401 806/1302/401 808/1303/401 807/1304/401
f 807/1304/402 808/1303/402 810/1305/402 809/1306/402
f 809/1306/403 810/1305/403 812/1307/403 811/1308/403
f 811/1308/404 812/1307/404 814/1309/404 813/1310/404
f 806/1311/405 816/1312/405 814/1313/405 812/1314/405
f 813/1310/406 814/1309/406 816/1315/406 815/1316/406
f 815/1316/407 816/1315/407 806/1317/407 805/1318/407
f 805/1319/408 807/1320/408 809/1321/408 811/1322/408
f 808/1323/405 806/1311/405 812/1314/405 810/1324/405
f 815/1325/408 805/1319/408 811/1322/408 813/1326/408
f 817/1301/401 818/1302/401 820/1303/401 819/1304/401
f 819/1304/402 820/1303/402 822/1305/402 821/1306/402
f 821/1306/403 822/1305/403 824/1307/403 823/1308/403
f 823/1308/404 824/1307/404 826/1309/404 825/1310/404
f 818/1311/405 828/1312/405 826/1313/405 824/1314/405
f 825/1310/406 826/1309/406 828/1315/406 827/1316/406
f 827/1316/407 828/1315/407 818/1317/407 817/1318/407
f 817/1319/408 819/1320/408 821/1321/408 823/1322/408
f 820/1323/405 818/1311/405 824/1314/405 822/1324/405
f 827/1325/408 817/1319/408 823/1322/408 825/1326/408
f 829/1301/401 830/1302/401 832/1303/401 831/1304/401
f 831/1304/402 832/1303/402 834/1305/402 833/1306/402
f 833/1306/403 834/1305/403 836/1307/403 835/1308/403
f 835/1308/404 836/1307/404 838/1309/404 837/1310/404
f 830/1311/405 840/1312/405 838/1313/405 836/1314/405
f 837/1310/406 838/1309/406 840/1315/406 839/1316/406
f 839/1316/407 840/1315/407 830/1317/407 829/1318/407
f 829/1319/408 831/1320/408 833/1321/408 835/1322/408
f 832/1323/405 830/1311/405 836/1314/405 834/1324/405
f 839/1325/408 829/1319/408 835/1322/408 837/1326/408
f 841/1301/401 842/1302/401 844/1303/401 843/1304/401
f 843/1304/402 844/1303/402 846/1305/402 845/1306/402
f 845/1306/403 846/1305/403 848/1307/403 847/1308/403
f 847/1308/404 848/1307/404 850/1309/404 849/1310/404
f 842/1311/405 852/1312/405 850/1313/405 848/1314/405
f 849/1310/406 850/1309/406 852/1315/406 851/1316/406
f 851/1316/407 852/1315/407 842/1317/407 841/1318/407
f 841/1319/408 843/1320/408 845/1321/408 847/1322/408
f 844/1323/405 842/1311/405 848/1314/405 846/1324/405
f 851/1325/408 841/1319/408 847/1322/408 849/1326/408
f 853/1301/401 854/1302/401 856/1303/401 855/1304/401
f 855/1304/402 856/1303/402 858/1305/402 857/1306/402
f 857/1306/403 858/1305/403 860/1307/403 859/1308/403
f 859/1308/404 860/1307/404 862/1309/404 861/1310/404
f 854/1311/405 864/1312/405 862/1313/405 860/1314/405
f 861/1310/406 862/1309/406 864/1315/406 863/1316/406
f 863/1316/407 864/1315/407 854/1317/407 853/1318/407
f 853/1319/408 855/1320/408 857/1321/408 859/1322/408
f 856/1323/405 854/1311/405 860/1314/405 858/1324/405
f 863/1325/408 853/1319/408 859/1322/408 861/1326/408
f 865/1301/401 866/1302/401 868/1303/401 867/1304/401
f 867/1304/402 868/1303/402 870/1305/402 869/1306/402
f 869/1306/403 870/1305/403 872/1307/403 871/1308/403
f 871/1308/404 872/1307/404 874/1309/404 873/1310/404
f 866/1311/405 876/1312/405 874/1313/405 872/1314/405
f 873/1310/406 874/1309/406 876/1315/406 875/1316/406
f 875/1316/407 876/1315/407 866/1317/407 865/1318/407
f 865/1319/408 867/1320/408 869/1321/408 871/1322/408
f 868/1323/405 866/1311/405 872/1314/405 870/1324/405
f 875/1325/408 865/1319/408 871/1322/408 873/1326/408
f 877/1301/401 878/1302/401 880/1303/401 879/1304/401
f 879/1304/402 880/1303/402 882/1305/402 881/1306/402
f 881/1306/403 882/1305/403 884/1307/403 883/1308/403
f 883/1308/404 884/1307/404 886/1309/404 885/1310/404
f 878/1311/405 888/1312/405 886/1313/405 884/1314/405
f 885/1310/406 886/1309/406 888/1315/406 887/1316/406
f 887/1316/407 888/1315/407 878/1317/407 877/1318/407
f 877/1319/408 879/1320/408 881/1321/408 883/1322/408
f 880/1323/405 878/1311/405 884/1314/405 882/1324/405
f 887/1325/408 877/1319/408 883/1322/408 885/1326/408
f 889/1301/401 890/1302/401 892/1303/401 891/1304/401
f 891/1304/402 892/1303/402 894/1305/402 893/1306/402
f 893/1306/403 894/1305/403 896/1307/403 895/1308/403
f 895/1308/404 896/1307/404 898/1309/404 897/1310/404
f 890/1311/405 900/1312/405 898/1313/405 896/1314/405
f 897/1310/406 898/1309/406 900/1315/406 899/1316/406
f 899/1316/407 900/1315/407 890/1317/407 889/1318/407
f 889/1319/408 891/1320/408 893/1321/408 895/1322/408
f 892/1323/405 890/1311/405 896/1314/405 894/1324/405
f 899/1325/408 889/1319/408 895/1322/408 897/1326/408
f 901/1301/401 902/1302/401 904/1303/401 903/1304/401
f 903/1304/402 904/1303/402 906/1305/402 905/1306/402
f 905/1306/403 906/1305/403 908/1307/403 907/1308/403
f 907/1308/404 908/1307/404 910/1309/404 909/1310/404
f 902/1311/405 912/1312/405 910/1313/405 908/1314/405
f 909/1310/406 910/1309/406 912/1315/406 911/1316/406
f 911/1316/407 912/1315/407 902/1317/407 901/1318/407
f 901/1319/408 903/1320/408 905/1321/408 907/1322/408
f 904/1323/405 902/1311/405 908/1314/405 906/1324/405
f 911/1325/408 901/1319/408 907/1322/408 909/1326/408
f 913/1301/401 914/1302/401 916/1303/401 915/1304/401
f 915/1304/402 916/1303/402 918/1305/402 917/1306/402
f 917/1306/403 918/1305/403 920/1307/403 919/1308/403
f 919/1308/404 920/1307/404 922/1309/404 921/1310/404
f 914/1311/405 924/1312/405 922/1313/405 920/1314/405
f 921/1310/406 922/1309/406 924/1315/406 923/1316/406
f 923/1316/407 924/1315/407 914/1317/407 913/1318/407
f 913/1319/408 915/1320/408 917/1321/408 919/1322/408
f 916/1323/405 914/1311/405 920/1314/405 918/1324/405
f 923/1325/408 913/1319/408 919/1322/408 921/1326/408
f 925/1301/401 926/1302/401 928/1303/401 927/1304/401
f 927/1304/402 928/1303/402 930/1305/402 929/1306/402
f 929/1306/403 930/1305/403 932/1307/403 931/1308/403
f 931/1308/404 932/1307/404 934/1309/404 933/1310/404
f 926/1311/405 936/1312/405 934/1313/405 932/1314/405
f 933/1310/406 934/1309/406 936/1315/406 935/1316/406
f 935/1316/407 936/1315/407 926/1317/407 925/1318/407
f 925/1319/408 927/1320/408 929/1321/408 931/1322/408
f 928/1323/405 926/1311/405 932/1314/405 930/1324/405
f 935/1325/408 925/1319/408 931/1322/408 933/1326/408
f 937/1301/401 938/1302/401 940/1303/401 939/1304/401
f 939/1304/402 940/1303/402 942/1305/402 941/1306/402
f 941/1306/403 942/1305/403 944/1307/403 943/1308/403
f 943/1308/404 944/1307/404 946/1309/404 945/1310/404
f 938/1311/405 948/1312/405 946/1313/405 944/1314/405
f 945/1310/406 946/1309/406 948/1315/406 947/1316/406
f 947/1316/407 948/1315/407 938/1317/407 937/1318/407
f 937/1319/408 939/1320/408 941/1321/408 943/1322/408
f 940/1323/405 938/1311/405 944/1314/405 942/1324/405
f 947/1325/408 937/1319/408 943/1322/408 945/1326/408
f 949/1301/401 950/1302/401 952/1303/401 951/1304/401
f 951/1304/402 952/1303/402 954/1305/402 953/1306/402
f 953/1306/403 954/1305/403 956/1307/403 955/1308/403
f 955/1308/404 956/1307/404 958/1309/404 957/1310/404
f 950/1311/405 960/1312/405 958/1313/405 956/1314/405
f 957/1310/406 958/1309/406 960/1315/406 959/1316/406
f 959/1316/407 960/1315/407 950/1317/407 949/1318/407
f 949/1319/408 951/1320/408 953/1321/408 955/1322/408
f 952/1323/405 950/1311/405 956/1314/405 954/1324/405
f 959/1325/408 949/1319/408 955/1322/408 957/1326/408
f 961/1301/401 962/1302/401 964/1303/401 963/1304/401
f 963/1304/402 964/1303/402 966/1305/402 965/1306/402
f 965/1306/403 966/1305/403 968/1307/403 967/1308/403
f 967/1308/404 968/1307/404 970/1309/404 969/1310/404
f 962/1311/405 972/1312/405 970/1313/405 968/1314/405
f 969/1310/406 970/1309/406 972/1315/406 971/1316/406
f 971/1316/407 972/1315/407 962/1317/407 961/1318/407
f 961/1319/408 963/1320/408 965/1321/408 967/1322/408
f 964/1323/405 962/1311/405 968/1314/405 966/1324/405
f 971/1325/408 961/1319/408 967/1322/408 969/1326/408
f 973/1301/401 974/1302/401 976/1303/401 975/1304/401
f 975/1304/402 976/1303/402 978/1305/402 977/1306/402
f 977/1306/403 978/1305/403 980/1307/403 979/1308/403
f 979/1308/404 980/1307/404 982/1309/404 981/1310/404
f 974/1311/405 984/1312/405 982/1313/405 980/1314/405
f 981/1310/406 982/1309/406 984/1315/406 983/1316/406
f 983/1316/407 984/1315/407 974/1317/407 973/1318/407
f 973/1319/408 975/1320/408 977/1321/408 979/1322/408
f 976/1323/405 974/1311/405 980/1314/405 978/1324/405
f 983/1325/408 973/1319/408 979/1322/408 981/1326/408
f 985/1301/401 986/1302/401 988/1303/401 987/1304/401
f 987/1304/402 988/1303/402 990/1305/402 989/1306/402
f 989/1306/403 990/1305/403 992/1307/403 991/1308/403
f 991/1308/404 992/1307/404 994/1309/404 993/1310/404
f 986/1311/405 996/1312/405 994/1313/405 992/1314/405
f 993/1310/406 994/1309/406 996/1315/406 995/1316/406
f 995/1316/407 996/1315/407 986/1317/407 985/1318/407
f 985/1319/408 987/1320/408 989/1321/408 991/1322/408
f 988/1323/405 986/1311/405 992/1314/405 990/1324/405
f 995/1325/408 985/1319/408 991/1322/408 993/1326/408
f 997/1301/401 998/1302/401 1000/1303/401 999/1304/401
f 999/1304/402 1000/1303/402 1002/1305/402 1001/1306/402
f 1001/1306/403 1002/1305/403 1004/1307/403 1003/1308/403
f 1003/1308/404 1004/1307/404 1006/1309/404 1005/1310/404
f 998/1311/405 1008/1312/405 1006/1313/405 1004/1314/405
f 1005/1310/406 1006/1309/406 1008/1315/406 1007/1316/406
f 1007/1316/407 1008/1315/407 998/1317/407 997/1318/407
f 997/1319/408 999/1320/408 1001/1321/408 1003/1322/408
f 1000/1323/405 998/1311/405 1004/1314/405 1002/1324/405
f 1007/1325/408 997/1319/408 1003/1322/408 1005/1326/408
f 1009/1301/401 1010/1302/401 1012/1303/401 1011/1304/401
f 1011/1304/402 1012/1303/402 1014/1305/402 1013/1306/402
f 1013/1306/403 1014/1305/403 1016/1307/403 1015/1308/403
f 1015/1308/404 1016/1307/404 1018/1309/404 1017/1310/404
f 1010/1311/405 1020/1312/405 1018/1313/405 1016/1314/405
f 1017/1310/406 1018/1309/406 1020/1315/406 1019/1316/406
f 1019/1316/407 1020/1315/407 1010/1317/407 1009/1318/407
f 1009/1319/408 1011/1320/408 1013/1321/408 1015/1322/408
f 1012/1323/405 1010/1311/405 1016/1314/405 1014/1324/405
f 1019/1325/408 1009/1319/408 1015/1322/408 1017/1326/408
f 1021/1301/401 1022/1302/401 1024/1303/401 1023/1304/401
f 1023/1304/402 1024/1303/402 1026/1305/402 1025/1306/402
f 1025/1306/403 1026/1305/403 1028/1307/403 1027/1308/403
f 1027/1308/404 1028/1307/404 1030/1309/404 1029/1310/404
f 1022/1311/405 1032/1312/405 1030/1313/405 1028/1314/405
f 1029/1310/406 1030/1309/406 1032/1315/406 1031/1316/406
f 1031/1316/407 1032/1315/407 1022/1317/407 1021/1318/407
f 1021/1319/408 1023/1320/408 1025/1321/408 1027/1322/408
f 1024/1323/405 1022/1311/405 1028/1314/405 1026/1324/405
f 1031/1325/408 1021/1319/408 1027/1322/408 1029/1326/408
f 1033/1301/401 1034/1302/401 1036/1303/401 1035/1304/401
f 1035/1304/402 1036/1303/402 1038/1305/402 1037/1306/402
f 1037/1306/403 1038/1305/403 1040/1307/403 1039/1308/403
f 1039/1308/404 1040/1307/404 1042/1309/404 1041/1310/404
f 1034/1311/405 1044/1312/405 1042/1313/405 1040/1314/405
f 1041/1310/406 1042/1309/406 1044/1315/406 1043/1316/406
f 1043/1316/407 1044/1315/407 1034/1317/407 1033/1318/407
f 1033/1319/408 1035/1320/408 1037/1321/408 1039/1322/408
f 1036/1323/405 1034/1311/405 1040/1314/405 1038/1324/405
f 1043/1325/408 1033/1319/408 1039/1322/408 1041/1326/408
f 1045/1301/401 1046/1302/401 1048/1303/401 1047/1304/401
f 1047/1304/402 1048/1303/402 1050/1305/402 1049/1306/402
f 1049/1306/403 1050/1305/403 1052/1307/403 1051/1308/403
f 1051/1308/404 1052/1307/404 1054/1309/404 1053/1310/404
f 1046/1311/405 1056/1312/405 1054/1313/405 1052/1314/405
f 1053/1310/406 1054/1309/406 1056/1315/406 1055/1316/406
f 1055/1316/407 1056/1315/407 1046/1317/407 1045/1318/407
f 1045/1319/408 1047/1320/408 1049/1321/408 1051/1322/408
f 1048/1323/405 1046/1311/405 1052/1314/405 1050/1324/405
f 1055/1325/408 1045/1319/408 1051/1322/408 1053/1326/408
f 1057/1301/401 1058/1302/401 1060/1303/401 1059/1304/401
f 1059/1304/402 1060/1303/402 1062/1305/402 1061/1306/402
f 1061/1306/403 1062/1305/403 1064/1307/403 1063/1308/403
f 1063/1308/404 1064/1307/404 1066/1309/404 1065/1310/404
f 1058/1311/405 1068/1312/405 1066/1313/405 1064/1314/405
f 1065/1310/406 1066/1309/406 1068/1315/406 1067/1316/406
f 1067/1316/407 1068/1315/407 1058/1317/407 1057/1318/407
f 1057/1319/408 1059/1320/408 1061/1321/408 1063/1322/408
f 1060/1323/405 1058/1311/405 1064/1314/405 1062/1324/405
f 1067/1325/408 1057/1319/408 1063/1322/408 1065/1326/408
f 1069/1301/401 1070/1302/401 1072/1303/401 1071/1304/401
f 1071/1304/402 1072/1303/402 1074/1305/402 1073/1306/402
f 1073/1306/403 1074/1305/403 1076/1307/403 1075/1308/403
f 1075/1308/404 1076/1307/404 1078/1309/404 1077/1310/404
f 1070/1311/405 1080/1312/405 1078/1313/405 1076/1314/405
f 1077/1310/406 1078/1309/406 1080/1315/406 1079/1316/406
f 1079/1316/407 1080/1315/407 1070/1317/407 1069/1318/407
f 1069/1319/408 1071/1320/408 1073/1321/408 1075/1322/408
f 1072/1323/405 1070/1311/405 1076/1314/405 1074/1324/405
f 1079/1325/408 1069/1319/408 1075/1322/408 1077/1326/408
f 1081/1301/401 1082/1302/401 1084/1303/401 1083/1304/401
f 1083/1304/402 1084/1303/402 1086/1305/402 1085/1306/402
f 1085/1306/403 1086/1305/403 1088/1307/403 1087/1308/403
f 1087/1308/404 1088/1307/404 1090/1309/404 1089/1310/404
f 1082/1311/405 1092/1312/405 1090/1313/405 1088/1314/405
f 1089/1310/406 1090/1309/406 1092/1315/406 1091/1316/406
f 1091/1316/407 1092/1315/407 1082/1317/407 1081/1318/407
f 1081/1319/408 1083/1320/408 1085/1321/408 1087/1322/408
f 1084/1323/405 1082/1311/405 1088/1314/405 1086/1324/405
f 1091/1325/408 1081/1319/408 1087/1322/408 1089/1326/408
f 1093/1301/401 1094/1302/401 1096/1303/401 1095/1304/401
f 1095/1304/402 1096/1303/402 1098/1305/402 1097/1306/402
f 1097/1306/403 1098/1305/403 1100/1307/403 1099/1308/403
f 1099/1308/404 1100/1307/404 1102/1309/404 1101/1310/404
f 1094/1311/405 1104/1312/405 1102/1313/405 1100/1314/405
f 1101/1310/406 1102/1309/406 1104/1315/406 1103/1316/406
f 1103/1316/407 1104/1315/407 1094/1317/407 1093/1318/407
f 1093/1319/408 1095/1320/408 1097/1321/408 1099/1322/408
f 1096/1323/405 1094/1311/405 1100/1314/405 1098/1324/405
f 1103/1325/408 1093/1319/408 1099/1322/408 1101/1326/408
f 1105/1301/401 1106/1302/401 1108/1303/401 1107/1304/401
f 1107/1304/402 1108/1303/402 1110/1305/402 1109/1306/402
f 1109/1306/403 1110/1305/403 1112/1307/403 1111/1308/403
f 1111/1308/404 1112/1307/404 1114/1309/404 1113/1310/404
f 1106/1311/405 1116/1312/405 1114/1313/405 1112/1314/405
f 1113/1310/406 1114/1309/406 1116/1315/406 1115/1316/406
f 1115/1316/407 1116/1315/407 1106/1317/407 1105/1318/407
f 1105/1319/408 1107/1320/408 1109/1321/408 1111/1322/408
f 1108/1323/405 1106/1311/405 1112/1314/405 1110/1324/405
f 1115/1325/408 1105/1319/408 1111/1322/408 1113/1326/408
f 1117/1301/401 1118/1302/401 1120/1303/401 1119/1304/401
f 1119/1304/402 1120/1303/402 1122/1305/402 1121/1306/402
f 1121/1306/403 1122/1305/403 1124/1307/403 1123/1308/403
f 1123/1308/404 1124/1307/404 1126/1309/404 1125/1310/404
f 1118/1311/405 1128/1312/405 1126/1313/405 1124/1314/405
f 1125/1310/406 1126/1309/406 1128/1315/406 1127/1316/406
f 1127/1316/407 1128/1315/407 1118/1317/407 1117/1318/407
f 1117/1319/408 1119/1320/408 1121/1321/408 1123/1322/408
f 1120/1323/405 1118/1311/405 1124/1314/405 1122/1324/405
f 1127/1325/408 1117/1319/408 1123/1322/408 1125/1326/408
f 1129/1301/401 1130/1302/401 1132/1303/401 1131/1304/401
f 1131/1304/402 1132/1303/402 1134/1305/402 1133/1306/402
f 1133/1306/403 1134/1305/403 1136/1307/403 1135/1308/403
f 1135/1308/404 1136/1307/404 1138/1309/404 1137/1310/404
f 1130/1311/405 1140/1312/405 1138/1313/405 1136/1314/405
f 1137/1310/406 1138/1309/406 1140/1315/406 1139/1316/406
f 1139/1316/407 1140/1315/407 1130/1317/407 1129/1318/407
f 1129/1319/408 1131/1320/408 1133/1321/408 1135/1322/408
f 1132/1323/405 1130/1311/405 1136/1314/405 1134/1324/405
f 1139/1325/408 1129/1319/408 1135/1322/408 1137/1326/408
f 1141/1301/401 1142/1302/401 1144/1303/401 1143/1304/401
f 1143/1304/402 1144/1303/402 1146/1305/402 1145/1306/402
f 1145/1306/403 1146/1305/403 1148/1307/403 1147/1308/403
f 1147/1308/404 1148/1307/404 1150/1309/404 1149/1310/404
f 1142/1311/405 1152/1312/405 1150/1313/405 1148/1314/405
f 1149/1310/406 1150/1309/406 1152/1315/406 1151/1316/406
f 1151/1316/407 1152/1315/407 1142/1317/407 1141/1318/407
f 1141/1319/408 1143/1320/408 1145/1321/408 1147/1322/408
f 1144/1323/405 1142/1311/405 1148/1314/405 1146/1324/405
f 1151/1325/408 1141/1319/408 1147/1322/408 1149/1326/408
f 1153/1301/401 1154/1302/401 1156/1303/401 1155/1304/401
f 1155/1304/402 1156/1303/402 1158/1305/402 1157/1306/402
f 1157/1306/403 1158/1305/403 1160/1307/403 1159/1308/403
f 1159/1308/404 1160/1307/404 1162/1309/404 1161/1310/404
f 1154/1311/405 1164/1312/405 1162/1313/405 1160/1314/405
f 1161/1310/406 1162/1309/406 1164/1315/406 1163/1316/406
f 1163/1316/407 1164/1315/407 1154/1317/407 1153/1318/407
f 1153/1319/408 1155/1320/408 1157/1321/408 1159/1322/408
f 1156/1323/405 1154/1311/405 1160/1314/405 1158/1324/405
f 1163/1325/408 1153/1319/408 1159/1322/408 1161/1326/408
f 1165/1301/401 1166/1302/401 1168/1303/401 1167/1304/401
f 1167/1304/402 1168/1303/402 1170/1305/402 1169/1306/402
f 1169/1306/403 1170/1305/403 1172/1307/403 1171/1308/403
f 1171/1308/404 1172/1307/404 1174/1309/404 1173/1310/404
f 1166/1311/405 1176/1312/405 1174/1313/405 1172/1314/405
f 1173/1310/406 1174/1309/406 1176/1315/406 1175/1316/406
f 1175/1316/407 1176/1315/407 1166/1317/407 1165/1318/407
f 1165/1319/408 1167/1320/408 1169/1321/408 1171/1322/408
f 1168/1323/405 1166/1311/405 1172/1314/405 1170/1324/405
f 1175/1325/408 1165/1319/408 1171/1322/408 1173/1326/408
f 1177/1301/401 1178/1302/401 1180/1303/401 1179/1304/401
f 1179/1304/402 1180/1303/402 1182/1305/402 1181/1306/402
f 1181/1306/403 1182/1305/403 1184/1307/403 1183/1308/403
f 1183/1308/404 1184/1307/404 1186/1309/404 1185/1310/404
f 1178/1311/405 1188/1312/405 1186/1313/405 1184/1314/405
f 1185/1310/406 1186/1309/406 1188/1315/406 1187/1316/406
f 1187/1316/407 1188/1315/407 1178/1317/407 1177/1318/407
f 1177/1319/408 1179/1320/408 1181/1321/408 1183/1322/408
f 1180/1323/405 1178/1311/405 1184/1314/405 1182/1324/405
f 1187/1325/408 1177/1319/408 1183/1322/408 1185/1326/408
f 1189/1301/401 1190/1302/401 1192/1303/401 1191/1304/401
f 1191/1304/402 1192/1303/402 1194/1305/402 1193/1306/402
f 1193/1306/403 1194/1305/403 1196/1307/403 1195/1308/403
f 1195/1308/404 1196/1307/404 1198/1309/404 1197/1310/404
f 1190/1311/405 1200/1312/405 1198/1313/405 1196/1314/405
f 1197/1310/406 1198/1309/406 1200/1315/406 1199/1316/406
f 1199/1316/407 1200/1315/407 1190/1317/407 1189/1318/407
f 1189/1319/408 1191/1320/408 1193/1321/408 1195/1322/408
f 1192/1323/405 1190/1311/405 1196/1314/405 1194/1324/405
f 1199/1325/408 1189/1319/408 1195/1322/408 1197/1326/408
o piso.109
v -56.510086 -9.037967 8.594357
v -56.510086 3.223234 8.594357
v -51.372803 -9.037967 0.000002
v -51.372803 3.223234 0.000002
v -41.098244 -9.037967 0.000001
v -41.098244 3.223234 0.000001
v -35.960964 -9.037967 8.594356
v -35.960964 3.223234 8.594356
v -41.098244 -9.037967 17.188719
v -41.098244 3.223234 17.188719
v -51.372803 -9.037967 17.188719
v -51.372803 3.223234 17.188719
v -87.333771 -8.603519 -8.594360
v -87.333771 3.657681 -8.594360
v -82.196495 -8.603519 -17.188717
v -82.196495 3.657681 -17.188717
v -71.921936 -8.603519 -17.188719
v -71.921936 3.657681 -17.188719
v -66.784653 -8.603519 -8.594362
v -66.784653 3.657681 -8.594362
v -71.921928 -8.603519 -0.000002
v -71.921928 3.657681 -0.000002
v -82.196495 -8.603519 -0.000002
v -82.196495 3.657681 -0.000002
v -71.921928 -7.355249 -0.000004
v -71.921928 4.905951 -0.000004
v -66.784653 -7.355249 -8.594364
v -66.784653 4.905951 -8.594364
v -56.510090 -7.355249 -8.594364
v -56.510090 4.905951 -8.594364
v -51.372810 -7.355249 -0.000005
v -51.372810 4.905951 -0.000005
v -56.510090 -7.355249 8.594356
v -56.510090 4.905951 8.594356
v -66.784653 -7.355249 8.594357
v -66.784653 4.905951 8.594357
v -102.745605 -10.242211 0.000001
v -102.745605 2.018989 0.000001
v -97.608322 -10.242211 -8.594358
v -97.608322 2.018989 -8.594358
v -87.333763 -10.242211 -8.594358
v -87.333763 2.018989 -8.594358
v -82.196487 -10.242211 0.000000
v -82.196487 2.018989 0.000000
v -87.333763 -10.242211 8.594360
v -87.333763 2.018989 8.594360
v -97.608322 -10.242211 8.594361
v -97.608322 2.018989 8.594361
v -118.157448 -0.500365 -8.594366
v -118.157448 11.760836 -8.594366
v -113.020164 -0.500365 -17.188721
v -113.020164 11.760836 -17.188721
v -102.745605 -0.500365 -17.188721
v -102.745605 11.760836 -17.188721
v -97.608322 -0.500365 -8.594366
v -97.608322 11.760836 -8.594366
v -102.745605 -0.500365 -0.000001
v -102.745605 11.760836 -0.000001
v -113.020164 -0.500365 0.000000
v -113.020164 11.760836 0.000000
v -56.510086 -2.604101 -8.594364
v -56.510086 9.657101 -8.594364
v -51.372807 -2.604101 -17.188719
v -51.372807 9.657101 -17.188719
v -41.098244 -2.604101 -17.188719
v -41.098244 9.657101 -17.188719
v -35.960960 -2.604101 -8.594364
v -35.960960 9.657101 -8.594364
v -41.098244 -2.604101 -0.000003
v -41.098244 9.657101 -0.000003
v -51.372803 -2.604101 -0.000002
v -51.372803 9.657101 -0.000002
v -87.333771 -6.422943 8.594359
v -87.333771 5.838256 8.594359
v -82.196495 -6.422943 0.000000
v -82.196495 5.838256 0.000000
v -71.921928 -6.422943 0.000000
v -71.921928 5.838256 0.000000
v -66.784653 -6.422943 8.594358
v -66.784653 5.838256 8.594358
v -71.921928 -6.422943 17.188717
v -71.921928 5.838256 17.188717
v -82.196495 -6.422943 17.188717
v -82.196495 5.838256 17.188717
v -71.921921 -13.226383 17.188715
v -71.921921 -0.965185 17.188715
v -66.784645 -13.226383 8.594354
v -66.784645 -0.965185 8.594354
v -56.510086 -13.226383 8.594354
v -56.510086 -0.965185 8.594354
v -51.372803 -13.226383 17.188713
v -51.372803 -0.965185 17.188713
v -56.510082 -13.226383 25.783073
v -56.510082 -0.965185 25.783073
v -66.784645 -13.226383 25.783073
v -66.784645 -0.965185 25.783073
v -102.745605 -8.241164 17.188723
v -102.745605 4.020036 17.188723
v -97.608322 -8.241164 8.594363
v -97.608322 4.020036 8.594363
v -87.333763 -8.241164 8.594363
v -87.333763 4.020036 8.594363
v -82.196487 -8.241164 17.188721
v -82.196487 4.020036 17.188721
v -87.333763 -8.241164 25.783083
v -87.333763 4.020036 25.783083
v -97.608322 -8.241164 25.783083
v -97.608322 4.020036 25.783083
v -118.157448 -7.773082 8.594356
v -118.157448 4.488117 8.594356
v -113.020164 -7.773082 0.000001
v -113.020164 4.488117 0.000001
v -102.745605 -7.773082 0.000000
v -102.745605 4.488117 0.000000
v -97.608322 -7.773082 8.594355
v -97.608322 4.488117 8.594355
v -102.745605 -7.773082 17.188719
v -102.745605 4.488117 17.188719
v -113.020164 -7.773082 17.188721
v -113.020164 4.488117 17.188721
v -87.333771 -8.158445 25.749184
v -87.333771 4.102754 25.749184
v -82.196495 -8.158445 17.154823
v -82.196495 4.102754 17.154823
v -71.921928 -8.158445 17.154823
v -71.921928 4.102754 17.154823
v -66.784653 -8.158445 25.749182
v -66.784653 4.102754 25.749182
v -71.921928 -8.158445 34.343544
v -71.921928 4.102754 34.343544
v -82.196487 -8.158445 34.343544
v -82.196487 4.102754 34.343544
v -71.921921 -2.303851 34.343544
v -71.921921 9.957350 34.343544
v -66.784645 -2.303851 25.749182
v -66.784645 9.957350 25.749182
v -56.510082 -2.303851 25.749182
v -56.510082 9.957350 25.749182
v -51.372803 -2.303851 34.343544
v -51.372803 9.957350 34.343544
v -56.510082 -2.303851 42.937904
v -56.510082 9.957350 42.937904
v -66.784645 -2.303851 42.937904
v -66.784645 9.957350 42.937904
v -102.745605 -12.672842 34.343552
v -102.745605 -0.411641 34.343552
v -97.608322 -12.672842 25.749191
v -97.608322 -0.411641 25.749191
v -87.333763 -12.672842 25.749191
v -87.333763 -0.411641 25.749191
v -82.196480 -12.672842 34.343552
v -82.196480 -0.411641 34.343552
v -87.333763 -12.672842 42.937912
v -87.333763 -0.411641 42.937912
v -97.608322 -12.672842 42.937912
v -97.608322 -0.411641 42.937912
v -118.157448 -5.846740 25.749180
v -118.157448 6.414459 25.749180
v -113.020164 -5.846740 17.154827
v -113.020164 6.414459 17.154827
v -102.745605 -5.846740 17.154825
v -102.745605 6.414459 17.154825
v -97.608322 -5.846740 25.749180
v -97.608322 6.414459 25.749180
v -102.745605 -5.846740 34.343544
v -102.745605 6.414459 34.343544
v -113.020164 -5.846740 34.343544
v -113.020164 6.414459 34.343544
v -56.510082 -13.006196 25.749180
v -56.510082 -0.744995 25.749180
v -51.372803 -13.006196 17.154825
v -51.372803 -0.744995 17.154825
v -41.098244 -13.006196 17.154825
v -41.098244 -0.744995 17.154825
v -35.960964 -13.006196 25.749180
v -35.960964 -0.744995 25.749180
v -41.098244 -13.006196 34.343544
v -41.098244 -0.744995 34.343544
v -51.372803 -13.006196 34.343544
v -51.372803 -0.744995 34.343544
v -87.333771 -5.244425 42.749184
v -87.333771 7.016774 42.749184
v -82.196487 -5.244425 34.154827
v -82.196487 7.016774 34.154827
v -71.921928 -5.244425 34.154823
v -71.921928 7.016774 34.154823
v -66.784653 -5.244425 42.749184
v -66.784653 7.016774 42.749184
v -71.921928 -5.244425 51.343544
v -71.921928 7.016774 51.343544
v -82.196487 -5.244425 51.343544
v -82.196487 7.016774 51.343544
v -71.921921 -3.987883 51.343536
v -71.921921 8.273315 51.343536
v -66.784645 -3.987883 42.749176
v -66.784645 8.273315 42.749176
v -56.510082 -3.987883 42.749176
v -56.510082 8.273315 42.749176
v -51.372803 -3.987883 51.343536
v -51.372803 8.273315 51.343536
v -56.510082 -3.987883 59.937897
v -56.510082 8.273315 59.937897
v -66.784645 -3.987883 59.937897
v -66.784645 8.273315 59.937897
v -102.745605 -9.764884 51.343552
v -102.745605 2.496317 51.343552
v -97.608322 -9.764884 42.749191
v -97.608322 2.496317 42.749191
v -87.333763 -9.764884 42.749191
v -87.333763 2.496317 42.749191
v -82.196480 -9.764884 51.343544
v -82.196480 2.496317 51.343544
v -87.333755 -9.764884 59.937912
v -87.333755 2.496317 59.937912
v -97.608322 -9.764884 59.937912
v -97.608322 2.496317 59.937912
v -118.157448 -10.222942 42.749184
v -118.157448 2.038257 42.749184
v -113.020164 -10.222942 34.154827
v -113.020164 2.038257 34.154827
v -102.745605 -10.222942 34.154827
v -102.745605 2.038257 34.154827
v -97.608322 -10.222942 42.749184
v -97.608322 2.038257 42.749184
v -102.745605 -10.222942 51.343552
v -102.745605 2.038257 51.343552
v -113.020164 -10.222942 51.343552
v -113.020164 2.038257 51.343552
v -56.510082 -10.676494 42.749184
v -56.510082 1.584707 42.749184
v -51.372803 -10.676494 34.154823
v -51.372803 1.584707 34.154823
v -41.098244 -10.676494 34.154823
v -41.098244 1.584707 34.154823
v -35.960960 -10.676494 42.749184
v -35.960960 1.584707 42.749184
v -41.098240 -10.676494 51.343544
v -41.098240 1.584707 51.343544
v -51.372803 -10.676494 51.343544
v -51.372803 1.584707 51.343544
v -87.333771 -4.225011 59.749184
v -87.333771 8.036188 59.749184
v -82.196487 -4.225011 51.154831
v -82.196487 8.036188 51.154831
v -71.921928 -4.225011 51.154831
v -71.921928 8.036188 51.154831
v -66.784653 -4.225011 59.749184
v -66.784653 8.036188 59.749184
v -71.921928 -4.225011 68.343544
v -71.921928 8.036188 68.343544
v -82.196487 -4.225011 68.343544
v -82.196487 8.036188 68.343544
v -71.921928 -9.225664 68.343529
v -71.921928 3.035534 68.343529
v -66.784645 -9.225664 59.749168
v -66.784645 3.035534 59.749168
v -56.510086 -9.225664 59.749168
v -56.510086 3.035534 59.749168
v -51.372807 -9.225664 68.343529
v -51.372807 3.035534 68.343529
v -56.510086 -9.225664 76.937889
v -56.510086 3.035534 76.937889
v -66.784645 -9.225664 76.937889
v -66.784645 3.035534 76.937889
v -102.745605 -8.235775 68.343552
v -102.745605 4.025425 68.343552
v -97.608322 -8.235775 59.749191
v -97.608322 4.025425 59.749191
v -87.333755 -8.235775 59.749191
v -87.333755 4.025425 59.749191
v -82.196480 -8.235775 68.343552
v -82.196480 4.025425 68.343552
v -87.333755 -8.235775 76.937912
v -87.333755 4.025425 76.937912
v -97.608322 -8.235775 76.937912
v -97.608322 4.025425 76.937912
v -118.157440 -10.213857 59.749191
v -118.157440 2.047342 59.749191
v -113.020164 -10.213857 51.154831
v -113.020164 2.047342 51.154831
v -102.745605 -10.213857 51.154831
v -102.745605 2.047342 51.154831
v -97.608322 -10.213857 59.749184
v -97.608322 2.047342 59.749184
v -102.745605 -10.213857 68.343552
v -102.745605 2.047342 68.343552
v -113.020157 -10.213857 68.343552
v -113.020157 2.047342 68.343552
v -56.510086 -4.077574 59.749176
v -56.510086 8.183626 59.749176
v -51.372807 -4.077574 51.154831
v -51.372807 8.183626 51.154831
v -41.098244 -4.077574 51.154831
v -41.098244 8.183626 51.154831
v -35.960968 -4.077574 59.749176
v -35.960968 8.183626 59.749176
v -41.098244 -4.077574 68.343544
v -41.098244 8.183626 68.343544
v -51.372807 -4.077574 68.343544
v -51.372807 8.183626 68.343544
v -87.333771 -7.004148 76.749176
v -87.333771 5.257051 76.749176
v -82.196487 -7.004148 68.154823
v -82.196487 5.257051 68.154823
v -71.921928 -7.004148 68.154823
v -71.921928 5.257051 68.154823
v -66.784645 -7.004148 76.749176
v -66.784645 5.257051 76.749176
v -71.921928 -7.004148 85.343536
v -71.921928 5.257051 85.343536
v -82.196487 -7.004148 85.343536
v -82.196487 5.257051 85.343536
v -71.921928 -8.957830 85.343544
v -71.921928 3.303369 85.343544
v -66.784645 -8.957830 76.749184
v -66.784645 3.303369 76.749184
v -56.510086 -8.957830 76.749184
v -56.510086 3.303369 76.749184
v -51.372807 -8.957830 85.343544
v -51.372807 3.303369 85.343544
v -56.510086 -8.957830 93.937904
v -56.510086 3.303369 93.937904
v -66.784645 -8.957830 93.937904
v -66.784645 3.303369 93.937904
v -102.745605 -9.694534 85.343552
v -102.745605 2.566666 85.343552
v -97.608322 -9.694534 76.749199
v -97.608322 2.566666 76.749199
v -87.333755 -9.694534 76.749199
v -87.333755 2.566666 76.749199
v -82.196480 -9.694534 85.343552
v -82.196480 2.566666 85.343552
v -87.333755 -9.694534 93.937912
v -87.333755 2.566666 93.937912
v -97.608322 -9.694534 93.937912
v -97.608322 2.566666 93.937912
v -118.157440 -1.342611 76.749176
v -118.157440 10.918587 76.749176
v -113.020157 -1.342611 68.154831
v -113.020157 10.918587 68.154831
v -102.745605 -1.342611 68.154831
v -102.745605 10.918587 68.154831
v -97.608322 -1.342611 76.749176
v -97.608322 10.918587 76.749176
v -102.745605 -1.342611 85.343544
v -102.745605 10.918587 85.343544
v -113.020157 -1.342611 85.343544
v -113.020157 10.918587 85.343544
v -56.510086 -6.861938 76.749168
v -56.510086 5.399264 76.749168
v -51.372807 -6.861938 68.154823
v -51.372807 5.399264 68.154823
v -41.098244 -6.861938 68.154823
v -41.098244 5.399264 68.154823
v -35.960964 -6.861938 76.749168
v -35.960964 5.399264 76.749168
v -41.098244 -6.861938 85.343536
v -41.098244 5.399264 85.343536
v -51.372807 -6.861938 85.343536
v -51.372807 5.399264 85.343536
v -87.333771 -5.636016 93.749191
v -87.333771 6.625182 93.749191
v -82.196487 -5.636016 85.154831
v -82.196487 6.625182 85.154831
v -71.921928 -5.636016 85.154831
v -71.921928 6.625182 85.154831
v -66.784645 -5.636016 93.749191
v -66.784645 6.625182 93.749191
v -71.921928 -5.636016 102.343552
v -71.921928 6.625182 102.343552
v -82.196487 -5.636016 102.343552
v -82.196487 6.625182 102.343552
v -71.921928 -11.287563 102.343536
v -71.921928 0.973635 102.343536
v -66.784645 -11.287563 93.749176
v -66.784645 0.973635 93.749176
v -56.510086 -11.287563 93.749176
v -56.510086 0.973635 93.749176
v -51.372807 -11.287563 102.343536
v -51.372807 0.973635 102.343536
v -56.510086 -11.287563 110.937897
v -56.510086 0.973635 110.937897
v -66.784645 -11.287563 110.937897
v -66.784645 0.973635 110.937897
v -102.745605 -1.360324 102.343552
v -102.745605 10.900875 102.343552
v -97.608322 -1.360324 93.749199
v -97.608322 10.900875 93.749199
v -87.333755 -1.360324 93.749199
v -87.333755 10.900875 93.749199
v -82.196480 -1.360324 102.343552
v -82.196480 10.900875 102.343552
v -87.333755 -1.360324 110.937920
v -87.333755 10.900875 110.937920
v -97.608322 -1.360324 110.937920
v -97.608322 10.900875 110.937920
v -118.157440 -3.941097 93.749176
v -118.157440 8.320103 93.749176
v -113.020157 -3.941097 85.154823
v -113.020157 8.320103 85.154823
v -102.745605 -3.941097 85.154823
v -102.745605 8.320103 85.154823
v -97.608322 -3.941097 93.749176
v -97.608322 8.320103 93.749176
v -102.745605 -3.941097 102.343544
v -102.745605 8.320103 102.343544
v -113.020157 -3.941097 102.343544
v -113.020157 8.320103 102.343544
v -56.510086 -3.716736 93.749191
v -56.510086 8.544464 93.749191
v -51.372807 -3.716736 85.154831
v -51.372807 8.544464 85.154831
v -41.098244 -3.716736 85.154831
v -41.098244 8.544464 85.154831
v -35.960964 -3.716736 93.749191
v -35.960964 8.544464 93.749191
v -41.098244 -3.716736 102.343544
v -41.098244 8.544464 102.343544
v -51.372803 -3.716736 102.343544
v -51.372803 8.544464 102.343544
v -87.333771 -8.566917 110.749184
v -87.333771 3.694282 110.749184
v -82.196487 -8.566917 102.154831
v -82.196487 3.694282 102.154831
v -71.921928 -8.566917 102.154831
v -71.921928 3.694282 102.154831
v -66.784645 -8.566917 110.749184
v -66.784645 3.694282 110.749184
v -71.921921 -8.566917 119.343544
v -71.921921 3.694282 119.343544
v -82.196487 -8.566917 119.343544
v -82.196487 3.694282 119.343544
v -71.921921 -4.427061 119.343536
v -71.921921 7.834139 119.343536
v -66.784645 -4.427061 110.749176
v -66.784645 7.834139 110.749176
v -56.510086 -4.427061 110.749176
v -56.510086 7.834139 110.749176
v -51.372807 -4.427061 119.343536
v -51.372807 7.834139 119.343536
v -56.510082 -4.427061 127.937904
v -56.510082 7.834139 127.937904
v -66.784645 -4.427061 127.937904
v -66.784645 7.834139 127.937904
v -102.745605 -11.640929 119.343559
v -102.745605 0.620271 119.343559
v -97.608330 -11.640929 110.749199
v -97.608330 0.620271 110.749199
v -87.333771 -11.640929 110.749199
v -87.333771 0.620271 110.749199
v -82.196487 -11.640929 119.343559
v -82.196487 0.620271 119.343559
v -87.333771 -11.640929 127.937920
v -87.333771 0.620271 127.937920
v -97.608330 -11.640929 127.937920
v -97.608330 0.620271 127.937920
v -118.157440 -8.821144 110.749176
v -118.157440 3.440055 110.749176
v -113.020157 -8.821144 102.154816
v -113.020157 3.440055 102.154816
v -102.745605 -8.821144 102.154816
v -102.745605 3.440055 102.154816
v -97.608322 -8.821144 110.749176
v -97.608322 3.440055 110.749176
v -102.745605 -8.821144 119.343536
v -102.745605 3.440055 119.343536
v -113.020157 -8.821144 119.343536
v -113.020157 3.440055 119.343536
v -56.510086 -11.847250 110.749184
v -56.510086 0.413951 110.749184
v -51.372803 -11.847250 102.154831
v -51.372803 0.413951 102.154831
v -41.098244 -11.847250 102.154831
v -41.098244 0.413951 102.154831
v -35.960964 -11.847250 110.749184
v -35.960964 0.413951 110.749184
v -41.098244 -11.847250 119.343536
v -41.098244 0.413951 119.343536
v -51.372803 -11.847250 119.343536
v -51.372803 0.413951 119.343536
v -87.333778 -11.032674 127.749176
v -87.333778 1.228524 127.749176
v -82.196495 -11.032674 119.154823
v -82.196495 1.228524 119.154823
v -71.921936 -11.032674 119.154823
v -71.921936 1.228524 119.154823
v -66.784653 -11.032674 127.749176
v -66.784653 1.228524 127.749176
v -71.921936 -11.032674 136.343552
v -71.921936 1.228524 136.343552
v -82.196495 -11.032674 136.343552
v -82.196495 1.228524 136.343552
v -71.921921 -14.259871 136.343552
v -71.921921 -1.998672 136.343552
v -66.784645 -14.259871 127.749184
v -66.784645 -1.998672 127.749184
v -56.510082 -14.259871 127.749184
v -56.510082 -1.998672 127.749184
v -51.372803 -14.259871 136.343552
v -51.372803 -1.998672 136.343552
v -56.510082 -14.259871 144.937912
v -56.510082 -1.998672 144.937912
v -66.784645 -14.259871 144.937912
v -66.784645 -1.998672 144.937912
v -102.745605 -0.470805 136.343552
v -102.745605 11.790398 136.343552
v -97.608330 -0.470805 127.749199
v -97.608330 11.790398 127.749199
v -87.333771 -0.470805 127.749199
v -87.333771 11.790398 127.749199
v -82.196487 -0.470805 136.343552
v -82.196487 11.790398 136.343552
v -87.333771 -0.470805 144.937912
v -87.333771 11.790398 144.937912
v -97.608322 -0.470805 144.937912
v -97.608322 11.790398 144.937912
v -118.157455 -3.759836 127.749168
v -118.157455 8.501362 127.749168
v -113.020172 -3.759836 119.154816
v -113.020172 8.501362 119.154816
v -102.745605 -3.759836 119.154816
v -102.745605 8.501362 119.154816
v -97.608330 -3.759836 127.749168
v -97.608330 8.501362 127.749168
v -102.745605 -3.759836 136.343536
v -102.745605 8.501362 136.343536
v -113.020172 -3.759836 136.343536
v -113.020172 8.501362 136.343536
v -56.510082 -6.142796 127.749176
v -56.510082 6.118405 127.749176
v -51.372803 -6.142796 119.154823
v -51.372803 6.118405 119.154823
v -41.098244 -6.142796 119.154823
v -41.098244 6.118405 119.154823
v -35.960960 -6.142796 127.749176
v -35.960960 6.118405 127.749176
v -41.098244 -6.142796 136.343536
v -41.098244 6.118405 136.343536
v -51.372803 -6.142796 136.343536
v -51.372803 6.118405 136.343536
v -87.333771 -2.084132 144.749176
v -87.333771 10.177067 144.749176
v -82.196495 -2.084132 136.154831
v -82.196495 10.177067 136.154831
v -71.921936 -2.084132 136.154831
v -71.921936 10.177067 136.154831
v -66.784653 -2.084132 144.749176
v -66.784653 10.177067 144.749176
v -71.921936 -2.084132 153.343552
v -71.921936 10.177067 153.343552
v -82.196495 -2.084132 153.343552
v -82.196495 10.177067 153.343552
v -71.921921 -2.528483 153.343552
v -71.921921 9.732718 153.343552
v -66.784645 -2.528483 144.749176
v -66.784645 9.732718 144.749176
v -56.510082 -2.528483 144.749176
v -56.510082 9.732718 144.749176
v -51.372803 -2.528483 153.343552
v -51.372803 9.732718 153.343552
v -56.510082 -2.528483 161.937912
v -56.510082 9.732718 161.937912
v -66.784645 -2.528483 161.937912
v -66.784645 9.732718 161.937912
v -102.745605 -0.202086 153.343552
v -102.745605 12.059114 153.343552
v -97.608322 -0.202086 144.749207
v -97.608322 12.059114 144.749207
v -87.333771 -0.202086 144.749207
v -87.333771 12.059114 144.749207
v -82.196487 -0.202086 153.343552
v -82.196487 12.059114 153.343552
v -87.333771 -0.202086 161.937912
v -87.333771 12.059114 161.937912
v -97.608322 -0.202086 161.937912
v -97.608322 12.059114 161.937912
v -118.157448 -5.496102 144.749176
v -118.157448 6.765096 144.749176
v -113.020172 -5.496102 136.154816
v -113.020172 6.765096 136.154816
v -102.745605 -5.496102 136.154816
v -102.745605 6.765096 136.154816
v -97.608322 -5.496102 144.749176
v -97.608322 6.765096 144.749176
v -102.745605 -5.496102 153.343536
v -102.745605 6.765096 153.343536
v -113.020172 -5.496102 153.343536
v -113.020172 6.765096 153.343536
v -56.510082 -7.911724 144.749176
v -56.510082 4.349477 144.749176
v -51.372803 -7.911724 136.154831
v -51.372803 4.349477 136.154831
v -41.098244 -7.911724 136.154831
v -41.098244 4.349477 136.154831
v -35.960960 -7.911724 144.749176
v -35.960960 4.349477 144.749176
v -41.098240 -7.911724 153.343552
v -41.098240 4.349477 153.343552
v -51.372803 -7.911724 153.343552
v -51.372803 4.349477 153.343552
vn -0.8583 -0.0000 -0.5131
vn -0.0000 -0.0000 -1.0000
vn 0.8583 -0.0000 -0.5131
vn 0.8583 -0.0000 0.5131
vn -0.0000 1.0000 -0.0000
vn -0.0000 -0.0000 1.0000
vn -0.8583 -0.0000 0.5131
vn -0.0000 -1.0000 -0.0000
vt 1.000000 0.500000
vt 1.000000 1.000000
vt 0.833333 1.000000
vt 0.833333 0.500000
vt 0.666667 1.000000
vt 0.666667 0.500000
vt 0.500000 1.000000
vt 0.500000 0.500000
vt 0.333333 1.000000
vt 0.333333 0.500000
vt 0.250000 0.490000
vt 0.042154 0.370000
vt 0.042154 0.130000
vt 0.250000 0.010000
vt 0.166667 1.000000
vt 0.166667 0.500000
vt -0.000000 1.000000
vt -0.000000 0.500000
vt 0.750000 0.490000
vt 0.957846 0.370000
vt 0.957846 0.130000
vt 0.750000 0.010000
vt 0.457846 0.370000
vt 0.457846 0.130000
vt 0.542154 0.370000
vt 0.542154 0.130000
s 0
f 1201/1327/409 1202/1328/409 1204/1329/409 1203/1330/409
f 1203/1330/410 1204/1329/410 1206/1331/410 1205/1332/410
f 1205/1332/411 1206/1331/411 1208/1333/411 1207/1334/411
f 1207/1334/412 1208/1333/412 1210/1335/412 1209/1336/412
f 1202/1337/413 1212/1338/413 1210/1339/413 1208/1340/413
f 1209/1336/414 1210/1335/414 1212/1341/414 1211/1342/414
f 1211/1342/415 1212/1341/415 1202/1343/415 1201/1344/415
f 1201/1345/416 1203/1346/416 1205/1347/416 1207/1348/416
f 1204/1349/413 1202/1337/413 1208/1340/413 1206/1350/413
f 1211/1351/416 1201/1345/416 1207/1348/416 1209/1352/416
f 1213/1327/409 1214/1328/409 1216/1329/409 1215/1330/409
f 1215/1330/410 1216/1329/410 1218/1331/410 1217/1332/410
f 1217/1332/411 1218/1331/411 1220/1333/411 1219/1334/411
f 1219/1334/412 1220/1333/412 1222/1335/412 1221/1336/412
f 1214/1337/413 1224/1338/413 1222/1339/413 1220/1340/413
f 1221/1336/414 1222/1335/414 1224/1341/414 1223/1342/414
f 1223/1342/415 1224/1341/415 1214/1343/415 1213/1344/415
f 1213/1345/416 1215/1346/416 1217/1347/416 1219/1348/416
f 1216/1349/413 1214/1337/413 1220/1340/413 1218/1350/413
f 1223/1351/416 1213/1345/416 1219/1348/416 1221/1352/416
f 1225/1327/409 1226/1328/409 1228/1329/409 1227/1330/409
f 1227/1330/410 1228/1329/410 1230/1331/410 1229/1332/410
f 1229/1332/411 1230/1331/411 1232/1333/411 1231/1334/411
f 1231/1334/412 1232/1333/412 1234/1335/412 1233/1336/412
f 1226/1337/413 1236/1338/413 1234/1339/413 1232/1340/413
f 1233/1336/414 1234/1335/414 1236/1341/414 1235/1342/414
f 1235/1342/415 1236/1341/415 1226/1343/415 1225/1344/415
f 1225/1345/416 1227/1346/416 1229/1347/416 1231/1348/416
f 1228/1349/413 1226/1337/413 1232/1340/413 1230/1350/413
f 1235/1351/416 1225/1345/416 1231/1348/416 1233/1352/416
f 1237/1327/409 1238/1328/409 1240/1329/409 1239/1330/409
f 1239/1330/410 1240/1329/410 1242/1331/410 1241/1332/410
f 1241/1332/411 1242/1331/411 1244/1333/411 1243/1334/411
f 1243/1334/412 1244/1333/412 1246/1335/412 1245/1336/412
f 1238/1337/413 1248/1338/413 1246/1339/413 1244/1340/413
f 1245/1336/414 1246/1335/414 1248/1341/414 1247/1342/414
f 1247/1342/415 1248/1341/415 1238/1343/415 1237/1344/415
f 1237/1345/416 1239/1346/416 1241/1347/416 1243/1348/416
f 1240/1349/413 1238/1337/413 1244/1340/413 1242/1350/413
f 1247/1351/416 1237/1345/416 1243/1348/416 1245/1352/416
f 1249/1327/409 1250/1328/409 1252/1329/409 1251/1330/409
f 1251/1330/410 1252/1329/410 1254/1331/410 1253/1332/410
f 1253/1332/411 1254/1331/411 1256/1333/411 1255/1334/411
f 1255/1334/412 1256/1333/412 1258/1335/412 1257/1336/412
f 1250/1337/413 1260/1338/413 1258/1339/413 1256/1340/413
f 1257/1336/414 1258/1335/414 1260/1341/414 1259/1342/414
f 1259/1342/415 1260/1341/415 1250/1343/415 1249/1344/415
f 1249/1345/416 1251/1346/416 1253/1347/416 1255/1348/416
f 1252/1349/413 1250/1337/413 1256/1340/413 1254/1350/413
f 1259/1351/416 1249/1345/416 1255/1348/416 1257/1352/416
f 1261/1327/409 1262/1328/409 1264/1329/409 1263/1330/409
f 1263/1330/410 1264/1329/410 1266/1331/410 1265/1332/410
f 1265/1332/411 1266/1331/411 1268/1333/411 1267/1334/411
f 1267/1334/412 1268/1333/412 1270/1335/412 1269/1336/412
f 1262/1337/413 1272/1338/413 1270/1339/413 1268/1340/413
f 1269/1336/414 1270/1335/414 1272/1341/414 1271/1342/414
f 1271/1342/415 1272/1341/415 1262/1343/415 1261/1344/415
f 1261/1345/416 1263/1346/416 1265/1347/416 1267/1348/416
f 1264/1349/413 1262/1337/413 1268/1340/413 1266/1350/413
f 1271/1351/416 1261/1345/416 1267/1348/416 1269/1352/416
f 1273/1327/409 1274/1328/409 1276/1329/409 1275/1330/409
f 1275/1330/410 1276/1329/410 1278/1331/410 1277/1332/410
f 1277/1332/411 1278/1331/411 1280/1333/411 1279/1334/411
f 1279/1334/412 1280/1333/412 1282/1335/412 1281/1336/412
f 1274/1337/413 1284/1338/413 1282/1339/413 1280/1340/413
f 1281/1336/414 1282/1335/414 1284/1341/414 1283/1342/414
f 1283/1342/415 1284/1341/415 1274/1343/415 1273/1344/415
f 1273/1345/416 1275/1346/416 1277/1347/416 1279/1348/416
f 1276/1349/413 1274/1337/413 1280/1340/413 1278/1350/413
f 1283/1351/416 1273/1345/416 1279/1348/416 1281/1352/416
f 1285/1327/409 1286/1328/409 1288/1329/409 1287/1330/409
f 1287/1330/410 1288/1329/410 1290/1331/410 1289/1332/410
f 1289/1332/411 1290/1331/411 1292/1333/411 1291/1334/411
f 1291/1334/412 1292/1333/412 1294/1335/412 1293/1336/412
f 1286/1337/413 1296/1338/413 1294/1339/413 1292/1340/413
f 1293/1336/414 1294/1335/414 1296/1341/414 1295/1342/414
f 1295/1342/415 1296/1341/415 1286/1343/415 1285/1344/415
f 1285/1345/416 1287/1346/416 1289/1347/416 1291/1348/416
f 1288/1349/413 1286/1337/413 1292/1340/413 1290/1350/413
f 1295/1351/416 1285/1345/416 1291/1348/416 1293/1352/416
f 1297/1327/409 1298/1328/409 1300/1329/409 1299/1330/409
f 1299/1330/410 1300/1329/410 1302/1331/410 1301/1332/410
f 1301/1332/411 1302/1331/411 1304/1333/411 1303/1334/411
f 1303/1334/412 1304/1333/412 1306/1335/412 1305/1336/412
f 1298/1337/413 1308/1338/413 1306/1339/413 1304/1340/413
f 1305/1336/414 1306/1335/414 1308/1341/414 1307/1342/414
f 1307/1342/415 1308/1341/415 1298/1343/415 1297/1344/415
f 1297/1345/416 1299/1346/416 1301/1347/416 1303/1348/416
f 1300/1349/413 1298/1337/413 1304/1340/413 1302/1350/413
f 1307/1351/416 1297/1345/416 1303/1348/416 1305/1352/416
f 1309/1327/409 1310/1328/409 1312/1329/409 1311/1330/409
f 1311/1330/410 1312/1329/410 1314/1331/410 1313/1332/410
f 1313/1332/411 1314/1331/411 1316/1333/411 1315/1334/411
f 1315/1334/412 1316/1333/412 1318/1335/412 1317/1336/412
f 1310/1337/413 1320/1338/413 1318/1339/413 1316/1340/413
f 1317/1336/414 1318/1335/414 1320/1341/414 1319/1342/414
f 1319/1342/415 1320/1341/415 1310/1343/415 1309/1344/415
f 1309/1345/416 1311/1346/416 1313/1347/416 1315/1348/416
f 1312/1349/413 1310/1337/413 1316/1340/413 1314/1350/413
f 1319/1351/416 1309/1345/416 1315/1348/416 1317/1352/416
f 1321/1327/409 1322/1328/409 1324/1329/409 1323/1330/409
f 1323/1330/410 1324/1329/410 1326/1331/410 1325/1332/410
f 1325/1332/411 1326/1331/411 1328/1333/411 1327/1334/411
f 1327/1334/412 1328/1333/412 1330/1335/412 1329/1336/412
f 1322/1337/413 1332/1338/413 1330/1339/413 1328/1340/413
f 1329/1336/414 1330/1335/414 1332/1341/414 1331/1342/414
f 1331/1342/415 1332/1341/415 1322/1343/415 1321/1344/415
f 1321/1345/416 1323/1346/416 1325/1347/416 1327/1348/416
f 1324/1349/413 1322/1337/413 1328/1340/413 1326/1350/413
f 1331/1351/416 1321/1345/416 1327/1348/416 1329/1352/416
f 1333/1327/409 1334/1328/409 1336/1329/409 1335/1330/409
f 1335/1330/410 1336/1329/410 1338/1331/410 1337/1332/410
f 1337/1332/411 1338/1331/411 1340/1333/411 1339/1334/411
f 1339/1334/412 1340/1333/412 1342/1335/412 1341/1336/412
f 1334/1337/413 1344/1338/413 1342/1339/413 1340/1340/413
f 1341/1336/414 1342/1335/414 1344/1341/414 1343/1342/414
f 1343/1342/415 1344/1341/415 1334/1343/415 1333/1344/415
f 1333/1345/416 1335/1346/416 1337/1347/416 1339/1348/416
f 1336/1349/413 1334/1337/413 1340/1340/413 1338/1350/413
f 1343/1351/416 1333/1345/416 1339/1348/416 1341/1352/416
f 1345/1327/409 1346/1328/409 1348/1329/409 1347/1330/409
f 1347/1330/410 1348/1329/410 1350/1331/410 1349/1332/410
f 1349/1332/411 1350/1331/411 1352/1333/411 1351/1334/411
f 1351/1334/412 1352/1333/412 1354/1335/412 1353/1336/412
f 1346/1337/413 1356/1338/413 1354/1339/413 1352/1340/413
f 1353/1336/414 1354/1335/414 1356/1341/414 1355/1342/414
f 1355/1342/415 1356/1341/415 1346/1343/415 1345/1344/415
f 1345/1345/416 1347/1346/416 1349/1347/416 1351/1348/416
f 1348/1349/413 1346/1337/413 1352/1340/413 1350/1350/413
f 1355/1351/416 1345/1345/416 1351/1348/416 1353/1352/416
f 1357/1327/409 1358/1328/409 1360/1329/409 1359/1330/409
f 1359/1330/410 1360/1329/410 1362/1331/410 1361/1332/410
f 1361/1332/411 1362/1331/411 1364/1333/411 1363/1334/411
f 1363/1334/412 1364/1333/412 1366/1335/412 1365/1336/412
f 1358/1337/413 1368/1338/413 1366/1339/413 1364/1340/413
f 1365/1336/414 1366/1335/414 1368/1341/414 1367/1342/414
f 1367/1342/415 1368/1341/415 1358/1343/415 1357/1344/415
f 1357/1345/416 1359/1346/416 1361/1347/416 1363/1348/416
f 1360/1349/413 1358/1337/413 1364/1340/413 1362/1350/413
f 1367/1351/416 1357/1345/416 1363/1348/416 1365/1352/416
f 1369/1327/409 1370/1328/409 1372/1329/409 1371/1330/409
f 1371/1330/410 1372/1329/410 1374/1331/410 1373/1332/410
f 1373/1332/411 1374/1331/411 1376/1333/411 1375/1334/411
f 1375/1334/412 1376/1333/412 1378/1335/412 1377/1336/412
f 1370/1337/413 1380/1338/413 1378/1339/413 1376/1340/413
f 1377/1336/414 1378/1335/414 1380/1341/414 1379/1342/414
f 1379/1342/415 1380/1341/415 1370/1343/415 1369/1344/415
f 1369/1345/416 1371/1346/416 1373/1347/416 1375/1348/416
f 1372/1349/413 1370/1337/413 1376/1340/413 1374/1350/413
f 1379/1351/416 1369/1345/416 1375/1348/416 1377/1352/416
f 1381/1327/409 1382/1328/409 1384/1329/409 1383/1330/409
f 1383/1330/410 1384/1329/410 1386/1331/410 1385/1332/410
f 1385/1332/411 1386/1331/411 1388/1333/411 1387/1334/411
f 1387/1334/412 1388/1333/412 1390/1335/412 1389/1336/412
f 1382/1337/413 1392/1338/413 1390/1339/413 1388/1340/413
f 1389/1336/414 1390/1335/414 1392/1341/414 1391/1342/414
f 1391/1342/415 1392/1341/415 1382/1343/415 1381/1344/415
f 1381/1345/416 1383/1346/416 1385/1347/416 1387/1348/416
f 1384/1349/413 1382/1337/413 1388/1340/413 1386/1350/413
f 1391/1351/416 1381/1345/416 1387/1348/416 1389/1352/416
f 1393/1327/409 1394/1328/409 1396/1329/409 1395/1330/409
f 1395/1330/410 1396/1329/410 1398/1331/410 1397/1332/410
f 1397/1332/411 1398/1331/411 1400/1333/411 1399/1334/411
f 1399/1334/412 1400/1333/412 1402/1335/412 1401/1336/412
f 1394/1337/413 1404/1338/413 1402/1339/413 1400/1340/413
f 1401/1336/414 1402/1335/414 1404/1341/414 1403/1342/414
f 1403/1342/415 1404/1341/415 1394/1343/415 1393/1344/415
f 1393/1345/416 1395/1346/416 1397/1347/416 1399/1348/416
f 1396/1349/413 1394/1337/413 1400/1340/413 1398/1350/413
f 1403/1351/416 1393/1345/416 1399/1348/416 1401/1352/416
f 1405/1327/409 1406/1328/409 1408/1329/409 1407/1330/409
f 1407/1330/410 1408/1329/410 1410/1331/410 1409/1332/410
f 1409/1332/411 1410/1331/411 1412/1333/411 1411/1334/411
f 1411/1334/412 1412/1333/412 1414/1335/412 1413/1336/412
f 1406/1337/413 1416/1338/413 1414/1339/413 1412/1340/413
f 1413/1336/414 1414/1335/414 1416/1341/414 1415/1342/414
f 1415/1342/415 1416/1341/415 1406/1343/415 1405/1344/415
f 1405/1345/416 1407/1346/416 1409/1347/416 1411/1348/416
f 1408/1349/413 1406/1337/413 1412/1340/413 1410/1350/413
f 1415/1351/416 1405/1345/416 1411/1348/416 1413/1352/416
f 1417/1327/409 1418/1328/409 1420/1329/409 1419/1330/409
f 1419/1330/410 1420/1329/410 1422/1331/410 1421/1332/410
f 1421/1332/411 1422/1331/411 1424/1333/411 1423/1334/411
f 1423/1334/412 1424/1333/412 1426/1335/412 1425/1336/412
f 1418/1337/413 1428/1338/413 1426/1339/413 1424/1340/413
f 1425/1336/414 1426/1335/414 1428/1341/414 1427/1342/414
f 1427/1342/415 1428/1341/415 1418/1343/415 1417/1344/415
f 1417/1345/416 1419/1346/416 1421/1347/416 1423/1348/416
f 1420/1349/413 1418/1337/413 1424/1340/413 1422/1350/413
f 1427/1351/416 1417/1345/416 1423/1348/416 1425/1352/416
f 1429/1327/409 1430/1328/409 1432/1329/409 1431/1330/409
f 1431/1330/410 1432/1329/410 1434/1331/410 1433/1332/410
f 1433/1332/411 1434/1331/411 1436/1333/411 1435/1334/411
f 1435/1334/412 1436/1333/412 1438/1335/412 1437/1336/412
f 1430/1337/413 1440/1338/413 1438/1339/413 1436/1340/413
f 1437/1336/414 1438/1335/414 1440/1341/414 1439/1342/414
f 1439/1342/415 1440/1341/415 1430/1343/415 1429/1344/415
f 1429/1345/416 1431/1346/416 1433/1347/416 1435/1348/416
f 1432/1349/413 1430/1337/413 1436/1340/413 1434/1350/413
f 1439/1351/416 1429/1345/416 1435/1348/416 1437/1352/416
f 1441/1327/409 1442/1328/409 1444/1329/409 1443/1330/409
f 1443/1330/410 1444/1329/410 1446/1331/410 1445/1332/410
f 1445/1332/411 1446/1331/411 1448/1333/411 1447/1334/411
f 1447/1334/412 1448/1333/412 1450/1335/412 1449/1336/412
f 1442/1337/413 1452/1338/413 1450/1339/413 1448/1340/413
f 1449/1336/414 1450/1335/414 1452/1341/414 1451/1342/414
f 1451/1342/415 1452/1341/415 1442/1343/415 1441/1344/415
f 1441/1345/416 1443/1346/416 1445/1347/416 1447/1348/416
f 1444/1349/413 1442/1337/413 1448/1340/413 1446/1350/413
f 1451/1351/416 1441/1345/416 1447/1348/416 1449/1352/416
f 1453/1327/409 1454/1328/409 1456/1329/409 1455/1330/409
f 1455/1330/410 1456/1329/410 1458/1331/410 1457/1332/410
f 1457/1332/411 1458/1331/411 1460/1333/411 1459/1334/411
f 1459/1334/412 1460/1333/412 1462/1335/412 1461/1336/412
f 1454/1337/413 1464/1338/413 1462/1339/413 1460/1340/413
f 1461/1336/414 1462/1335/414 1464/1341/414 1463/1342/414
f 1463/1342/415 1464/1341/415 1454/1343/415 1453/1344/415
f 1453/1345/416 1455/1346/416 1457/1347/416 1459/1348/416
f 1456/1349/413 1454/1337/413 1460/1340/413 1458/1350/413
f 1463/1351/416 1453/1345/416 1459/1348/416 1461/1352/416
f 1465/1327/409 1466/1328/409 1468/1329/409 1467/1330/409
f 1467/1330/410 1468/1329/410 1470/1331/410 1469/1332/410
f 1469/1332/411 1470/1331/411 1472/1333/411 1471/1334/411
f 1471/1334/412 1472/1333/412 1474/1335/412 1473/1336/412
f 1466/1337/413 1476/1338/413 1474/1339/413 1472/1340/413
f 1473/1336/414 1474/1335/414 1476/1341/414 1475/1342/414
f 1475/1342/415 1476/1341/415 1466/1343/415 1465/1344/415
f 1465/1345/416 1467/1346/416 1469/1347/416 1471/1348/416
f 1468/1349/413 1466/1337/413 1472/1340/413 1470/1350/413
f 1475/1351/416 1465/1345/416 1471/1348/416 1473/1352/416
f 1477/1327/409 1478/1328/409 1480/1329/409 1479/1330/409
f 1479/1330/410 1480/1329/410 1482/1331/410 1481/1332/410
f 1481/1332/411 1482/1331/411 1484/1333/411 1483/1334/411
f 1483/1334/412 1484/1333/412 1486/1335/412 1485/1336/412
f 1478/1337/413 1488/1338/413 1486/1339/413 1484/1340/413
f 1485/1336/414 1486/1335/414 1488/1341/414 1487/1342/414
f 1487/1342/415 1488/1341/415 1478/1343/415 1477/1344/415
f 1477/1345/416 1479/1346/416 1481/1347/416 1483/1348/416
f 1480/1349/413 1478/1337/413 1484/1340/413 1482/1350/413
f 1487/1351/416 1477/1345/416 1483/1348/416 1485/1352/416
f 1489/1327/409 1490/1328/409 1492/1329/409 1491/1330/409
f 1491/1330/410 1492/1329/410 1494/1331/410 1493/1332/410
f 1493/1332/411 1494/1331/411 1496/1333/411 1495/1334/411
f 1495/1334/412 1496/1333/412 1498/1335/412 1497/1336/412
f 1490/1337/413 1500/1338/413 1498/1339/413 1496/1340/413
f 1497/1336/414 1498/1335/414 1500/1341/414 1499/1342/414
f 1499/1342/415 1500/1341/415 1490/1343/415 1489/1344/415
f 1489/1345/416 1491/1346/416 1493/1347/416 1495/1348/416
f 1492/1349/413 1490/1337/413 1496/1340/413 1494/1350/413
f 1499/1351/416 1489/1345/416 1495/1348/416 1497/1352/416
f 1501/1327/409 1502/1328/409 1504/1329/409 1503/1330/409
f 1503/1330/410 1504/1329/410 1506/1331/410 1505/1332/410
f 1505/1332/411 1506/1331/411 1508/1333/411 1507/1334/411
f 1507/1334/412 1508/1333/412 1510/1335/412 1509/1336/412
f 1502/1337/413 1512/1338/413 1510/1339/413 1508/1340/413
f 1509/1336/414 1510/1335/414 1512/1341/414 1511/1342/414
f 1511/1342/415 1512/1341/415 1502/1343/415 1501/1344/415
f 1501/1345/416 1503/1346/416 1505/1347/416 1507/1348/416
f 1504/1349/413 1502/1337/413 1508/1340/413 1506/1350/413
f 1511/1351/416 1501/1345/416 1507/1348/416 1509/1352/416
f 1513/1327/409 1514/1328/409 1516/1329/409 1515/1330/409
f 1515/1330/410 1516/1329/410 1518/1331/410 1517/1332/410
f 1517/1332/411 1518/1331/411 1520/1333/411 1519/1334/411
f 1519/1334/412 1520/1333/412 1522/1335/412 1521/1336/412
f 1514/1337/413 1524/1338/413 1522/1339/413 1520/1340/413
f 1521/1336/414 1522/1335/414 1524/1341/414 1523/1342/414
f 1523/1342/415 1524/1341/415 1514/1343/415 1513/1344/415
f 1513/1345/416 1515/1346/416 1517/1347/416 1519/1348/416
f 1516/1349/413 1514/1337/413 1520/1340/413 1518/1350/413
f 1523/1351/416 1513/1345/416 1519/1348/416 1521/1352/416
f 1525/1327/409 1526/1328/409 1528/1329/409 1527/1330/409
f 1527/1330/410 1528/1329/410 1530/1331/410 1529/1332/410
f 1529/1332/411 1530/1331/411 1532/1333/411 1531/1334/411
f 1531/1334/412 1532/1333/412 1534/1335/412 1533/1336/412
f 1526/1337/413 1536/1338/413 1534/1339/413 1532/1340/413
f 1533/1336/414 1534/1335/414 1536/1341/414 1535/1342/414
f 1535/1342/415 1536/1341/415 1526/1343/415 1525/1344/415
f 1525/1345/416 1527/1346/416 1529/1347/416 1531/1348/416
f 1528/1349/413 1526/1337/413 1532/1340/413 1530/1350/413
f 1535/1351/416 1525/1345/416 1531/1348/416 1533/1352/416
f 1537/1327/409 1538/1328/409 1540/1329/409 1539/1330/409
f 1539/1330/410 1540/1329/410 1542/1331/410 1541/1332/410
f 1541/1332/411 1542/1331/411 1544/1333/411 1543/1334/411
f 1543/1334/412 1544/1333/412 1546/1335/412 1545/1336/412
f 1538/1337/413 1548/1338/413 1546/1339/413 1544/1340/413
f 1545/1336/414 1546/1335/414 1548/1341/414 1547/1342/414
f 1547/1342/415 1548/1341/415 1538/1343/415 1537/1344/415
f 1537/1345/416 1539/1346/416 1541/1347/416 1543/1348/416
f 1540/1349/413 1538/1337/413 1544/1340/413 1542/1350/413
f 1547/1351/416 1537/1345/416 1543/1348/416 1545/1352/416
f 1549/1327/409 1550/1328/409 1552/1329/409 1551/1330/409
f 1551/1330/410 1552/1329/410 1554/1331/410 1553/1332/410
f 1553/1332/411 1554/1331/411 1556/1333/411 1555/1334/411
f 1555/1334/412 1556/1333/412 1558/1335/412 1557/1336/412
f 1550/1337/413 1560/1338/413 1558/1339/413 1556/1340/413
f 1557/1336/414 1558/1335/414 1560/1341/414 1559/1342/414
f 1559/1342/415 1560/1341/415 1550/1343/415 1549/1344/415
f 1549/1345/416 1551/1346/416 1553/1347/416 1555/1348/416
f 1552/1349/413 1550/1337/413 1556/1340/413 1554/1350/413
f 1559/1351/416 1549/1345/416 1555/1348/416 1557/1352/416
f 1561/1327/409 1562/1328/409 1564/1329/409 1563/1330/409
f 1563/1330/410 1564/1329/410 1566/1331/410 1565/1332/410
f 1565/1332/411 1566/1331/411 1568/1333/411 1567/1334/411
f 1567/1334/412 1568/1333/412 1570/1335/412 1569/1336/412
f 1562/1337/413 1572/1338/413 1570/1339/413 1568/1340/413
f 1569/1336/414 1570/1335/414 1572/1341/414 1571/1342/414
f 1571/1342/415 1572/1341/415 1562/1343/415 1561/1344/415
f 1561/1345/416 1563/1346/416 1565/1347/416 1567/1348/416
f 1564/1349/413 1562/1337/413 1568/1340/413 1566/1350/413
f 1571/1351/416 1561/1345/416 1567/1348/416 1569/1352/416
f 1573/1327/409 1574/1328/409 1576/1329/409 1575/1330/409
f 1575/1330/410 1576/1329/410 1578/1331/410 1577/1332/410
f 1577/1332/411 1578/1331/411 1580/1333/411 1579/1334/411
f 1579/1334/412 1580/1333/412 1582/1335/412 1581/1336/412
f 1574/1337/413 1584/1338/413 1582/1339/413 1580/1340/413
f 1581/1336/414 1582/1335/414 1584/1341/414 1583/1342/414
f 1583/1342/415 1584/1341/415 1574/1343/415 1573/1344/415
f 1573/1345/416 1575/1346/416 1577/1347/416 1579/1348/416
f 1576/1349/413 1574/1337/413 1580/1340/413 1578/1350/413
f 1583/1351/416 1573/1345/416 1579/1348/416 1581/1352/416
f 1585/1327/409 1586/1328/409 1588/1329/409 1587/1330/409
f 1587/1330/410 1588/1329/410 1590/1331/410 1589/1332/410
f 1589/1332/411 1590/1331/411 1592/1333/411 1591/1334/411
f 1591/1334/412 1592/1333/412 1594/1335/412 1593/1336/412
f 1586/1337/413 1596/1338/413 1594/1339/413 1592/1340/413
f 1593/1336/414 1594/1335/414 1596/1341/414 1595/1342/414
f 1595/1342/415 1596/1341/415 1586/1343/415 1585/1344/415
f 1585/1345/416 1587/1346/416 1589/1347/416 1591/1348/416
f 1588/1349/413 1586/1337/413 1592/1340/413 1590/1350/413
f 1595/1351/416 1585/1345/416 1591/1348/416 1593/1352/416
f 1597/1327/409 1598/1328/409 1600/1329/409 1599/1330/409
f 1599/1330/410 1600/1329/410 1602/1331/410 1601/1332/410
f 1601/1332/411 1602/1331/411 1604/1333/411 1603/1334/411
f 1603/1334/412 1604/1333/412 1606/1335/412 1605/1336/412
f 1598/1337/413 1608/1338/413 1606/1339/413 1604/1340/413
f 1605/1336/414 1606/1335/414 1608/1341/414 1607/1342/414
f 1607/1342/415 1608/1341/415 1598/1343/415 1597/1344/415
f 1597/1345/416 1599/1346/416 1601/1347/416 1603/1348/416
f 1600/1349/413 1598/1337/413 1604/1340/413 1602/1350/413
f 1607/1351/416 1597/1345/416 1603/1348/416 1605/1352/416
f 1609/1327/409 1610/1328/409 1612/1329/409 1611/1330/409
f 1611/1330/410 1612/1329/410 1614/1331/410 1613/1332/410
f 1613/1332/411 1614/1331/411 1616/1333/411 1615/1334/411
f 1615/1334/412 1616/1333/412 1618/1335/412 1617/1336/412
f 1610/1337/413 1620/1338/413 1618/1339/413 1616/1340/413
f 1617/1336/414 1618/1335/414 1620/1341/414 1619/1342/414
f 1619/1342/415 1620/1341/415 1610/1343/415 1609/1344/415
f 1609/1345/416 1611/1346/416 1613/1347/416 1615/1348/416
f 1612/1349/413 1610/1337/413 1616/1340/413 1614/1350/413
f 1619/1351/416 1609/1345/416 1615/1348/416 1617/1352/416
f 1621/1327/409 1622/1328/409 1624/1329/409 1623/1330/409
f 1623/1330/410 1624/1329/410 1626/1331/410 1625/1332/410
f 1625/1332/411 1626/1331/411 1628/1333/411 1627/1334/411
f 1627/1334/412 1628/1333/412 1630/1335/412 1629/1336/412
f 1622/1337/413 1632/1338/413 1630/1339/413 1628/1340/413
f 1629/1336/414 1630/1335/414 1632/1341/414 1631/1342/414
f 1631/1342/415 1632/1341/415 1622/1343/415 1621/1344/415
f 1621/1345/416 1623/1346/416 1625/1347/416 1627/1348/416
f 1624/1349/413 1622/1337/413 1628/1340/413 1626/1350/413
f 1631/1351/416 1621/1345/416 1627/1348/416 1629/1352/416
f 1633/1327/409 1634/1328/409 1636/1329/409 1635/1330/409
f 1635/1330/410 1636/1329/410 1638/1331/410 1637/1332/410
f 1637/1332/411 1638/1331/411 1640/1333/411 1639/1334/411
f 1639/1334/412 1640/1333/412 1642/1335/412 1641/1336/412
f 1634/1337/413 1644/1338/413 1642/1339/413 1640/1340/413
f 1641/1336/414 1642/1335/414 1644/1341/414 1643/1342/414
f 1643/1342/415 1644/1341/415 1634/1343/415 1633/1344/415
f 1633/1345/416 1635/1346/416 1637/1347/416 1639/1348/416
f 1636/1349/413 1634/1337/413 1640/1340/413 1638/1350/413
f 1643/1351/416 1633/1345/416 1639/1348/416 1641/1352/416
f 1645/1327/409 1646/1328/409 1648/1329/409 1647/1330/409
f 1647/1330/410 1648/1329/410 1650/1331/410 1649/1332/410
f 1649/1332/411 1650/1331/411 1652/1333/411 1651/1334/411
f 1651/1334/412 1652/1333/412 1654/1335/412 1653/1336/412
f 1646/1337/413 1656/1338/413 1654/1339/413 1652/1340/413
f 1653/1336/414 1654/1335/414 1656/1341/414 1655/1342/414
f 1655/1342/415 1656/1341/415 1646/1343/415 1645/1344/415
f 1645/1345/416 1647/1346/416 1649/1347/416 1651/1348/416
f 1648/1349/413 1646/1337/413 1652/1340/413 1650/1350/413
f 1655/1351/416 1645/1345/416 1651/1348/416 1653/1352/416
f 1657/1327/409 1658/1328/409 1660/1329/409 1659/1330/409
f 1659/1330/410 1660/1329/410 1662/1331/410 1661/1332/410
f 1661/1332/411 1662/1331/411 1664/1333/411 1663/1334/411
f 1663/1334/412 1664/1333/412 1666/1335/412 1665/1336/412
f 1658/1337/413 1668/1338/413 1666/1339/413 1664/1340/413
f 1665/1336/414 1666/1335/414 1668/1341/414 1667/1342/414
f 1667/1342/415 1668/1341/415 1658/1343/415 1657/1344/415
f 1657/1345/416 1659/1346/416 1661/1347/416 1663/1348/416
f 1660/1349/413 1658/1337/413 1664/1340/413 1662/1350/413
f 1667/1351/416 1657/1345/416 1663/1348/416 1665/1352/416
f 1669/1327/409 1670/1328/409 1672/1329/409 1671/1330/409
f 1671/1330/410 1672/1329/410 1674/1331/410 1673/1332/410
f 1673/1332/411 1674/1331/411 1676/1333/411 1675/1334/411
f 1675/1334/412 1676/1333/412 1678/1335/412 1677/1336/412
f 1670/1337/413 1680/1338/413 1678/1339/413 1676/1340/413
f 1677/1336/414 1678/1335/414 1680/1341/414 1679/1342/414
f 1679/1342/415 1680/1341/415 1670/1343/415 1669/1344/415
f 1669/1345/416 1671/1346/416 1673/1347/416 1675/1348/416
f 1672/1349/413 1670/1337/413 1676/1340/413 1674/1350/413
f 1679/1351/416 1669/1345/416 1675/1348/416 1677/1352/416
f 1681/1327/409 1682/1328/409 1684/1329/409 1683/1330/409
f 1683/1330/410 1684/1329/410 1686/1331/410 1685/1332/410
f 1685/1332/411 1686/1331/411 1688/1333/411 1687/1334/411
f 1687/1334/412 1688/1333/412 1690/1335/412 1689/1336/412
f 1682/1337/413 1692/1338/413 1690/1339/413 1688/1340/413
f 1689/1336/414 1690/1335/414 1692/1341/414 1691/1342/414
f 1691/1342/415 1692/1341/415 1682/1343/415 1681/1344/415
f 1681/1345/416 1683/1346/416 1685/1347/416 1687/1348/416
f 1684/1349/413 1682/1337/413 1688/1340/413 1686/1350/413
f 1691/1351/416 1681/1345/416 1687/1348/416 1689/1352/416
f 1693/1327/409 1694/1328/409 1696/1329/409 1695/1330/409
f 1695/1330/410 1696/1329/410 1698/1331/410 1697/1332/410
f 1697/1332/411 1698/1331/411 1700/1333/411 1699/1334/411
f 1699/1334/412 1700/1333/412 1702/1335/412 1701/1336/412
f 1694/1337/413 1704/1338/413 1702/1339/413 1700/1340/413
f 1701/1336/414 1702/1335/414 1704/1341/414 1703/1342/414
f 1703/1342/415 1704/1341/415 1694/1343/415 1693/1344/415
f 1693/1345/416 1695/1346/416 1697/1347/416 1699/1348/416
f 1696/1349/413 1694/1337/413 1700/1340/413 1698/1350/413
f 1703/1351/416 1693/1345/416 1699/1348/416 1701/1352/416
f 1705/1327/409 1706/1328/409 1708/1329/409 1707/1330/409
f 1707/1330/410 1708/1329/410 1710/1331/410 1709/1332/410
f 1709/1332/411 1710/1331/411 1712/1333/411 1711/1334/411
f 1711/1334/412 1712/1333/412 1714/1335/412 1713/1336/412
f 1706/1337/413 1716/1338/413 1714/1339/413 1712/1340/413
f 1713/1336/414 1714/1335/414 1716/1341/414 1715/1342/414
f 1715/1342/415 1716/1341/415 1706/1343/415 1705/1344/415
f 1705/1345/416 1707/1346/416 1709/1347/416 1711/1348/416
f 1708/1349/413 1706/1337/413 1712/1340/413 1710/1350/413
f 1715/1351/416 1705/1345/416 1711/1348/416 1713/1352/416
f 1717/1327/409 1718/1328/409 1720/1329/409 1719/1330/409
f 1719/1330/410 1720/1329/410 1722/1331/410 1721/1332/410
f 1721/1332/411 1722/1331/411 1724/1333/411 1723/1334/411
f 1723/1334/412 1724/1333/412 1726/1335/412 1725/1336/412
f 1718/1337/413 1728/1338/413 1726/1339/413 1724/1340/413
f 1725/1336/414 1726/1335/414 1728/1341/414 1727/1342/414
f 1727/1342/415 1728/1341/415 1718/1343/415 1717/1344/415
f 1717/1345/416 1719/1346/416 1721/1347/416 1723/1348/416
f 1720/1349/413 1718/1337/413 1724/1340/413 1722/1350/413
f 1727/1351/416 1717/1345/416 1723/1348/416 1725/1352/416
f 1729/1327/409 1730/1328/409 1732/1329/409 1731/1330/409
f 1731/1330/410 1732/1329/410 1734/1331/410 1733/1332/410
f 1733/1332/411 1734/1331/411 1736/1333/411 1735/1334/411
f 1735/1334/412 1736/1333/412 1738/1335/412 1737/1336/412
f 1730/1337/413 1740/1338/413 1738/1339/413 1736/1340/413
f 1737/1336/414 1738/1335/414 1740/1341/414 1739/1342/414
f 1739/1342/415 1740/1341/415 1730/1343/415 1729/1344/415
f 1729/1345/416 1731/1346/416 1733/1347/416 1735/1348/416
f 1732/1349/413 1730/1337/413 1736/1340/413 1734/1350/413
f 1739/1351/416 1729/1345/416 1735/1348/416 1737/1352/416
f 1741/1327/409 1742/1328/409 1744/1329/409 1743/1330/409
f 1743/1330/410 1744/1329/410 1746/1331/410 1745/1332/410
f 1745/1332/411 1746/1331/411 1748/1333/411 1747/1334/411
f 1747/1334/412 1748/1333/412 1750/1335/412 1749/1336/412
f 1742/1337/413 1752/1338/413 1750/1339/413 1748/1340/413
f 1749/1336/414 1750/1335/414 1752/1341/414 1751/1342/414
f 1751/1342/415 1752/1341/415 1742/1343/415 1741/1344/415
f 1741/1345/416 1743/1346/416 1745/1347/416 1747/1348/416
f 1744/1349/413 1742/1337/413 1748/1340/413 1746/1350/413
f 1751/1351/416 1741/1345/416 1747/1348/416 1749/1352/416
f 1753/1327/409 1754/1328/409 1756/1329/409 1755/1330/409
f 1755/1330/410 1756/1329/410 1758/1331/410 1757/1332/410
f 1757/1332/411 1758/1331/411 1760/1333/411 1759/1334/411
f 1759/1334/412 1760/1333/412 1762/1335/412 1761/1336/412
f 1754/1337/413 1764/1338/413 1762/1339/413 1760/1340/413
f 1761/1336/414 1762/1335/414 1764/1341/414 1763/1342/414
f 1763/1342/415 1764/1341/415 1754/1343/415 1753/1344/415
f 1753/1345/416 1755/1346/416 1757/1347/416 1759/1348/416
f 1756/1349/413 1754/1337/413 1760/1340/413 1758/1350/413
f 1763/1351/416 1753/1345/416 1759/1348/416 1761/1352/416
f 1765/1327/409 1766/1328/409 1768/1329/409 1767/1330/409
f 1767/1330/410 1768/1329/410 1770/1331/410 1769/1332/410
f 1769/1332/411 1770/1331/411 1772/1333/411 1771/1334/411
f 1771/1334/412 1772/1333/412 1774/1335/412 1773/1336/412
f 1766/1337/413 1776/1338/413 1774/1339/413 1772/1340/413
f 1773/1336/414 1774/1335/414 1776/1341/414 1775/1342/414
f 1775/1342/415 1776/1341/415 1766/1343/415 1765/1344/415
f 1765/1345/416 1767/1346/416 1769/1347/416 1771/1348/416
f 1768/1349/413 1766/1337/413 1772/1340/413 1770/1350/413
f 1775/1351/416 1765/1345/416 1771/1348/416 1773/1352/416
f 1777/1327/409 1778/1328/409 1780/1329/409 1779/1330/409
f 1779/1330/410 1780/1329/410 1782/1331/410 1781/1332/410
f 1781/1332/411 1782/1331/411 1784/1333/411 1783/1334/411
f 1783/1334/412 1784/1333/412 1786/1335/412 1785/1336/412
f 1778/1337/413 1788/1338/413 1786/1339/413 1784/1340/413
f 1785/1336/414 1786/1335/414 1788/1341/414 1787/1342/414
f 1787/1342/415 1788/1341/415 1778/1343/415 1777/1344/415
f 1777/1345/416 1779/1346/416 1781/1347/416 1783/1348/416
f 1780/1349/413 1778/1337/413 1784/1340/413 1782/1350/413
f 1787/1351/416 1777/1345/416 1783/1348/416 1785/1352/416
f 1789/1327/409 1790/1328/409 1792/1329/409 1791/1330/409
f 1791/1330/410 1792/1329/410 1794/1331/410 1793/1332/410
f 1793/1332/411 1794/1331/411 1796/1333/411 1795/1334/411
f 1795/1334/412 1796/1333/412 1798/1335/412 1797/1336/412
f 1790/1337/413 1800/1338/413 1798/1339/413 1796/1340/413
f 1797/1336/414 1798/1335/414 1800/1341/414 1799/1342/414
f 1799/1342/415 1800/1341/415 1790/1343/415 1789/1344/415
f 1789/1345/416 1791/1346/416 1793/1347/416 1795/1348/416
f 1792/1349/413 1790/1337/413 1796/1340/413 1794/1350/413
f 1799/1351/416 1789/1345/416 1795/1348/416 1797/1352/416
