# Blender 5.1.2
# www.blender.org
mtllib pajaros de estinfalo.mtl
o cuerpo.001
v 1.390365 9.057975 4.053735
v 2.004214 10.020538 3.036091
v 1.566200 7.892992 3.190435
v 2.248730 9.295341 2.426839
v 1.475795 9.188543 3.673048
v 1.817628 8.447559 2.504613
v 1.156689 8.833763 4.507119
v 1.381778 7.696510 3.570497
v 1.156953 8.078323 4.870807
v 1.238655 7.577781 4.435452
v 1.937673 10.501141 3.155971
v 2.297504 10.126488 2.306554
v 1.860034 10.753725 3.453490
v 2.149817 10.587080 2.434421
v 1.552244 11.152479 4.270963
v 1.720967 11.234526 3.732305
v 1.344944 11.610929 4.675760
v 1.617231 11.602757 4.238796
v 1.364146 12.037012 4.817214
v 1.657933 11.990673 4.381502
v 1.465629 12.560505 4.679278
v 1.754463 12.258076 4.254558
v 1.676600 12.691250 4.411668
v 1.809777 12.225323 4.083594
v 1.871328 12.674274 3.970725
v 1.840051 12.167231 3.939589
v 1.846620 12.420401 3.678727
v 1.821406 12.110589 3.861897
v 1.470269 8.280214 3.411410
v 1.440338 8.656354 3.732927
v 2.084205 9.778072 2.832590
v 2.166467 9.536706 2.629714
v 1.515849 8.918067 3.256226
v 1.665291 8.691516 2.880306
v 1.272356 7.991475 3.878720
v 1.338618 8.357326 4.177802
v 1.193637 7.739452 4.575400
v 1.169944 7.907003 4.721362
v 2.058885 10.363544 2.867121
v 2.183587 10.244611 2.587495
v 1.877093 10.679610 3.103746
v 1.912177 10.638288 2.762846
v 1.662432 11.180706 4.101232
v 1.726939 11.211317 3.929592
v 1.402127 11.595495 4.495317
v 1.507918 11.594269 4.360814
v 1.419247 11.998957 4.644813
v 1.552695 11.990326 4.520808
v 1.533734 12.412026 4.523294
v 1.645371 12.326525 4.388973
v 1.743066 12.534485 4.308043
v 1.794267 12.379380 4.202257
v 1.849212 12.502674 3.968844
v 1.835528 12.328150 3.960317
v 1.795022 12.330612 3.738587
v 1.785336 12.211596 3.808954
v 1.964752 9.816150 2.695756
v 2.089961 9.560725 2.567469
v 1.392322 8.989499 3.136452
v 1.585443 8.723425 2.826302
v 1.489328 9.198939 3.578856
v 1.789609 9.925685 2.919314
v 1.406618 9.043001 3.377004
v 1.732993 9.890984 2.813203
v 1.141586 7.793940 5.121166
v 1.176563 7.686621 5.028516
v 1.068803 7.618778 5.294273
v 1.106101 7.512118 5.202290
v 0.500241 7.463469 5.243820
v 0.537539 7.356809 5.151836
v 0.133707 7.267582 5.322336
v 0.171005 7.160923 5.230352
v -0.198128 7.009721 5.486785
v -0.160830 6.903060 5.394801
v -0.794916 6.481318 5.889716
v -0.747207 6.344887 5.772057
v 1.686563 9.018951 4.188371
v 2.200388 10.019439 3.115931
v 1.890128 7.908566 3.315878
v 2.447176 9.295341 2.507306
v 2.238242 8.458735 2.694110
v 1.830534 9.170650 3.826787
v 1.591690 8.667775 4.586292
v 1.732718 7.704638 3.704079
v 1.393833 8.058697 4.976325
v 1.549097 7.577781 4.561331
v 2.096747 10.488293 3.216758
v 2.495950 10.126488 2.387021
v 2.023903 10.727332 3.504311
v 2.301653 10.585750 2.490954
v 1.720719 11.134806 4.352138
v 1.911110 11.201033 3.738016
v 1.532144 11.595609 4.763972
v 1.824199 11.591127 4.284286
v 1.526958 12.008946 4.888051
v 1.886236 11.973094 4.418468
v 1.594735 12.529801 4.725408
v 1.985952 12.237547 4.270753
v 1.840317 12.678815 4.433258
v 2.026803 12.199695 4.076365
v 2.083087 12.647165 3.954023
v 1.999032 12.115845 3.984640
v 1.982452 12.508016 3.607239
v 1.940323 11.990373 3.913287
v 1.616412 11.719801 3.577604
v 1.564015 11.866526 3.500696
v 1.653038 12.169830 3.311530
v 1.850352 12.297091 3.207690
v 1.438740 7.895965 4.835755
v 1.493512 7.736734 4.698413
v 1.347575 7.793281 5.204967
v 1.384873 7.686621 5.112982
v 1.277113 7.618778 5.378740
v 1.314411 7.512118 5.286756
v 1.045784 7.463469 5.465029
v 1.083082 7.356808 5.373045
v 0.870875 7.267582 5.621246
v 0.908173 7.160923 5.529262
v 0.680277 6.964334 5.873322
v 0.717576 6.857674 5.781339
v 0.231614 6.006546 6.623523
v 0.279323 5.870114 6.505864
v 1.907351 12.397448 3.413865
v 1.733470 12.285294 3.505373
v 1.655019 12.018002 3.672075
v 1.701193 11.888700 3.739850
v 1.667419 12.170355 3.582000
v 1.747674 11.553276 3.192481
v 1.717639 11.637380 3.148397
v 1.853421 11.734809 3.805636
v 1.768668 11.811234 3.039966
v 1.881769 11.884180 2.980445
v 1.578085 12.039408 3.398482
v 1.789156 11.545167 3.652257
v 1.853203 9.000419 4.257093
v 1.768137 9.008221 4.222405
v 1.725704 11.736476 3.089808
v 1.846691 11.453176 3.235272
v 2.299612 10.019439 3.156165
v 2.250000 10.019439 3.136048
v 2.215106 7.946566 3.364573
v 2.108303 7.946566 3.321266
v 2.546400 9.295341 2.547539
v 2.344531 8.464161 2.738683
v 2.451329 8.467106 2.782000
v 2.009478 9.153360 3.899538
v 1.917925 9.161634 3.862675
v 1.656009 8.651814 4.615192
v 1.729061 8.637779 4.646277
v 2.005712 7.675292 3.880978
v 1.898909 7.675292 3.837671
v 1.462613 8.055634 5.004946
v 1.537564 8.054642 5.035518
v 1.704318 7.577781 4.624270
v 1.626707 7.577781 4.592801
v 2.194027 10.482327 3.248431
v 2.595173 10.126488 2.427254
v 2.159126 10.707185 3.544878
v 2.114369 10.716113 3.530908
v 2.348879 10.584546 2.505551
v 2.400177 10.583158 2.521100
v 1.861743 11.119928 4.412883
v 2.054917 11.180678 3.742391
v 1.676325 11.596771 4.826835
v 1.627292 11.596747 4.805972
v 1.938430 11.585516 4.309375
v 1.654641 11.982409 4.940603
v 1.612312 11.990900 4.923454
v 1.568974 11.999928 4.905663
v 1.937860 11.968843 4.424710
v 1.987846 11.965107 4.430928
v 1.699181 12.498140 4.768860
v 1.662587 12.508834 4.753294
v 1.627978 12.519526 4.738853
v 2.037530 12.232374 4.272099
v 2.092774 12.226912 4.273835
v 2.151096 12.220985 4.275056
v 2.008853 12.670568 4.470400
v 1.947949 12.673675 4.457454
v 2.133815 12.186563 4.070076
v 2.241907 12.626833 3.941496
v 2.188967 12.633610 3.945672
v 2.136027 12.640388 3.949847
v 2.122955 12.099980 3.974866
v 2.142576 12.487524 3.594607
v 2.062510 12.497769 3.600924
v 2.020380 11.980127 3.906971
v 2.100446 11.969880 3.900655
v 1.515538 7.895688 4.866966
v 1.593149 7.895688 4.898436
v 1.571123 7.736734 4.729883
v 1.648734 7.736734 4.761353
v 1.399653 7.793281 5.226083
v 1.451730 7.793281 5.247200
v 1.436951 7.686621 5.134099
v 1.489029 7.686621 5.155215
v 1.329191 7.618778 5.399857
v 1.381268 7.618778 5.420973
v 1.418566 7.512118 5.328989
v 1.182170 7.463469 5.520331
v 1.318556 7.463469 5.575633
v 1.219468 7.356808 5.428347
v 1.355854 7.356808 5.483649
v 1.055167 7.267582 5.695973
v 1.239459 7.267582 5.770701
v 1.092465 7.160923 5.603990
v 1.276757 7.160923 5.678717
v 0.902522 6.964334 5.963439
v 1.124766 6.964334 6.053555
v 0.939820 6.857674 5.871455
v 1.162064 6.857674 5.961572
v 0.515893 6.006546 6.738793
v 0.800173 6.006546 6.854064
v 0.563602 5.870114 6.621135
v 0.847882 5.870114 6.736405
v 2.112159 12.371235 3.397710
v 2.009835 12.384331 3.405782
v 1.955904 11.721692 3.797552
v 2.058228 11.708596 3.789481
v 2.082433 12.267380 3.189385
v 1.966647 12.282202 3.198518
v 1.905451 11.530279 3.643085
v 2.080570 11.858730 2.964766
v 2.013909 11.867264 2.970023
v 1.867364 11.537952 3.183041
v 1.888358 11.795912 3.030526
v 1.955242 11.397237 2.989112
v 1.948641 11.456910 2.808553
v 1.976223 11.584028 2.731142
v 1.942165 11.588388 2.733828
v 1.984342 11.495319 2.781093
v 1.461755 7.895144 3.147419
v 1.248733 7.709494 3.517852
v 1.353826 8.285459 3.358017
v 1.359784 8.666158 3.686272
v 1.135006 8.013523 3.816430
v 1.239330 8.385651 4.123914
v 1.722871 7.093648 3.648575
v 1.428513 7.075861 3.519482
v 1.609754 6.773311 3.914338
v 1.289591 6.760807 3.779255
v 1.332555 7.077102 3.477889
v 1.165881 6.770495 3.731369
v 2.198055 7.019578 2.219298
v 2.034841 7.011098 2.151536
v 2.156628 6.813656 2.320696
v 1.979467 6.807914 2.249911
v 1.981447 7.011926 2.131146
v 1.910471 6.812953 2.226580
v 2.363046 7.303432 1.775897
v 2.233239 7.294360 1.718297
v 2.298762 6.958287 2.009512
v 2.093255 6.948941 1.927893
v 2.179102 7.291578 1.706426
v 2.012528 6.957142 1.902720
v 1.316271 8.973516 4.265719
v 1.410127 8.528290 3.933316
v 1.820660 7.818568 3.487200
v 1.655462 8.869326 4.368384
v 1.804829 8.842388 4.431608
v 1.725852 8.854729 4.398818
v 2.015893 7.826847 3.549166
v 2.122696 7.826847 3.592473
v 1.367744 7.813213 3.310899
v 1.323179 8.545160 3.883067
v 1.249684 8.164143 3.558638
v 1.672950 6.952276 3.765862
v 1.258998 6.941789 3.589754
v 2.179772 6.928700 2.264047
v 1.950124 6.924114 2.173263
v 2.154984 7.153589 1.819888
v 2.338555 7.164334 1.895721
v 2.079810 7.146506 1.802559
v 2.384737 7.326914 1.633561
v 2.326172 7.322825 1.608562
v 2.314197 7.276985 1.632045
v 2.375143 7.280552 1.657222
v 2.246761 7.326585 1.596076
v 2.213104 7.324855 1.588696
v 2.198109 7.239067 1.659236
v 2.151373 7.234663 1.648463
v 1.372746 8.422924 4.087644
v 1.765755 7.747438 3.622606
v 1.620178 8.745590 4.506196
v 1.759622 8.715711 4.566505
v 1.685570 8.729651 4.535242
v 1.942855 7.732225 3.729290
v 2.049658 7.732225 3.772597
v 1.293441 7.748458 3.440108
v 1.279122 8.446724 4.035124
v 1.179054 8.070498 3.719932
v 1.633494 6.840541 3.858561
v 1.200862 6.834844 3.678170
v 2.165322 6.856874 2.299415
v 1.925368 6.854712 2.206550
v 2.116444 7.025820 1.887320
v 2.313710 7.035691 1.966765
v 2.037803 7.028279 1.865093
v 1.194778 8.907730 4.426011
v 2.369253 7.010643 1.777125
v 2.266515 7.005970 1.736322
v 2.278108 7.044404 1.716038
v 2.376727 7.049339 1.755755
v 1.441873 9.091041 3.612915
v 1.483121 9.998310 2.885676
v 1.436454 9.058352 3.570308
v 1.474556 9.954026 2.847379
v 1.264736 8.946488 3.760282
v 1.269390 8.976753 3.801476
v 1.219712 9.965250 2.985755
v 1.213045 9.929721 2.945199
v 0.977189 8.836433 3.980198
v 0.978909 8.867548 4.020270
v 1.013190 9.937029 3.087781
v 1.007515 9.901886 3.047249
v 0.682351 8.612938 4.060619
v 0.682324 8.653370 4.103845
v 0.535851 9.567107 3.249042
v 0.535879 9.526674 3.205817
v 0.396055 8.458891 4.204531
v 0.396028 8.499323 4.247756
v 0.157973 9.336148 3.464838
v 0.158000 9.295716 3.421613
v -0.072453 8.247274 4.402176
v -0.072481 8.287706 4.445401
v -0.240485 9.227279 3.566418
v -0.240458 9.186847 3.523193
v -0.564400 8.153625 4.489459
v -0.564428 8.194057 4.532684
v -0.741060 9.221011 3.571959
v -0.741032 9.180579 3.528734
v -1.214712 8.400200 4.525705
v -1.228126 8.670813 4.600888
v -1.472276 9.701532 3.515542
v -1.456344 9.449637 3.451151
v -2.264428 9.338571 4.523897
v -2.310018 9.588309 4.567093
v -2.476785 10.259175 3.135291
v -2.431195 10.009437 3.092096
v -2.550313 9.376669 4.499162
v -2.581438 9.420766 4.523449
v -2.738762 10.226541 2.858800
v -2.707637 10.182444 2.834514
v -2.884579 9.132394 4.514297
v -2.915703 9.176491 4.538585
v -3.036445 10.129269 2.653911
v -3.005317 10.085172 2.629625
v -3.249334 8.859971 4.541463
v -3.280460 8.904069 4.565749
v -3.370511 9.933834 2.580624
v -3.339386 9.889737 2.556338
v -3.737823 8.542533 4.491792
v -3.768950 8.586629 4.516078
v -3.997105 9.436383 2.680801
v -3.965981 9.392285 2.656514
v -4.266177 8.233981 4.374891
v -4.297301 8.278078 4.399179
v -4.470776 9.060988 2.755347
v -4.439651 9.016891 2.731059
v -4.935198 7.898490 4.126632
v -4.966322 7.942587 4.150919
v -5.106526 8.596962 2.783103
v -5.075400 8.552865 2.758816
v -5.666103 7.649401 3.642180
v -5.697226 7.693500 3.666466
v -5.779118 8.127484 2.773540
v -5.747994 8.083386 2.749254
v -6.183496 7.595110 3.077669
v -6.214623 7.639209 3.101956
v -6.399325 7.754175 2.656504
v -6.368199 7.710078 2.632217
v 2.326964 9.057975 4.433512
v 2.595215 10.020538 3.275732
v 2.802038 7.892992 3.691548
v 2.844069 9.295341 2.668239
v 2.530793 9.188543 4.100833
v 3.099260 8.447559 3.024295
v 2.178887 8.833763 4.921604
v 2.669682 7.696510 4.092721
v 1.925405 8.078323 5.182402
v 2.169981 7.577781 4.813089
v 2.478073 10.491751 3.339567
v 2.892843 10.126488 2.547955
v 2.315691 10.737715 3.577677
v 2.757609 10.576869 2.642238
v 2.069759 11.151077 4.475503
v 2.288122 11.176416 3.742421
v 1.870399 11.614999 4.904222
v 2.304151 11.558529 4.349997
v 1.793538 12.038038 4.995207
v 2.308236 11.944415 4.470172
v 1.857407 12.559565 4.834581
v 2.428933 12.191162 4.274880
v 2.366602 12.643407 4.510441
v 2.448800 12.148193 4.050890
v 2.506606 12.592947 3.920619
v 2.404745 12.094940 3.895051
v 2.421615 12.346790 3.633376
v 2.396399 12.036979 3.816547
v 2.716978 8.280214 3.916930
v 2.514534 8.656354 4.168496
v 2.679544 9.778072 3.073990
v 2.761807 9.536706 2.871115
v 2.792349 8.918067 3.773826
v 2.946923 8.691516 3.399987
v 2.533538 7.991475 4.390109
v 2.277691 8.357326 4.558581
v 2.104818 7.739452 4.944870
v 2.020164 7.907003 5.066112
v 2.656290 10.361957 3.103358
v 2.778926 10.244611 2.828896
v 2.413479 10.655037 3.228268
v 2.510395 10.609565 2.896736
v 2.199685 11.158590 4.235404
v 2.261597 11.167667 3.981237
v 1.994180 11.597118 4.741526
v 2.152885 11.578953 4.564394
v 1.964093 11.993999 4.846984
v 2.154810 11.966144 4.673463
v 2.113695 12.395256 4.695010
v 2.350956 12.277859 4.490951
v 2.454190 12.468445 4.346533
v 2.468818 12.304777 4.193518
v 2.484489 12.421347 3.918739
v 2.452555 12.249159 3.911652
v 2.457685 12.245779 3.686322
v 2.447998 12.126762 3.756689
v 2.860562 9.816150 3.058992
v 2.860059 9.560725 2.879732
v 2.964410 8.989499 3.773909
v 3.041833 8.723424 3.416845
v 2.586683 9.198939 4.023815
v 2.830545 9.925685 3.341397
v 2.786616 9.043001 3.936572
v 2.945075 9.890984 3.304683
v 1.762067 7.793940 5.372761
v 1.801494 7.686621 5.281916
v 1.693734 7.618778 5.547673
v 1.731032 7.512118 5.455689
v 2.136870 7.463469 5.907447
v 2.174169 7.356809 5.815463
v 2.345211 7.267582 6.219066
v 2.382509 7.160923 6.127082
v 2.468803 7.009721 6.568183
v 2.506101 6.903060 6.476199
v 2.616432 6.481318 7.272963
v 2.664142 6.344887 7.155304
v 2.020645 9.018951 4.323836
v 2.398835 10.019439 3.196398
v 2.482223 7.908566 3.555963
v 2.645623 9.295341 2.587773
v 2.665453 8.458735 2.867337
v 2.169161 9.170650 3.964095
v 1.811590 8.667775 4.675458
v 2.324813 7.704638 3.944164
v 1.681931 8.058697 5.093144
v 1.859540 7.577781 4.687211
v 2.286023 10.484009 3.277297
v 2.694397 10.126488 2.467488
v 2.155488 10.723024 3.541371
v 2.506362 10.580361 2.553574
v 1.871821 11.135285 4.415225
v 2.097823 11.182347 3.743029
v 2.062256 11.577707 4.330044
v 1.631146 12.009162 4.931111
v 2.097495 11.957333 4.444498
v 1.684936 12.530111 4.763157
v 2.209088 12.214873 4.275450
v 2.074405 12.666800 4.482717
v 2.240184 12.173413 4.063452
v 2.294847 12.620056 3.937321
v 2.246878 12.084116 3.965092
v 2.302699 12.467018 3.581981
v 2.260569 11.949375 3.888029
v 2.450630 11.613005 3.511808
v 2.525584 11.743426 3.424856
v 2.487257 12.063035 3.245733
v 2.314514 12.237669 3.171081
v 1.747606 7.895965 4.960996
v 1.803955 7.736734 4.824293
v 1.555886 7.793281 5.289433
v 1.593184 7.686621 5.197449
v 1.485424 7.618778 5.463207
v 1.522722 7.512118 5.371222
v 1.591328 7.463469 5.686238
v 1.628626 7.356808 5.594254
v 1.608043 7.267582 5.920156
v 1.645341 7.160923 5.828172
v 1.569255 6.964334 6.233789
v 1.606553 6.857674 6.141805
v 1.368731 6.006546 7.084605
v 1.416440 5.870114 6.966947
v 2.316966 12.345009 3.381558
v 2.469193 12.191107 3.447346
v 2.502966 11.909449 3.605196
v 2.436914 11.794514 3.681823
v 2.515366 12.061802 3.515121
v 2.224072 11.492288 3.154907
v 2.267036 11.567047 3.105066
v 2.263035 11.682370 3.773329
v 2.245067 11.750246 3.002392
v 2.146049 11.850348 2.959601
v 2.539654 11.916309 3.322642
v 2.253316 11.485745 3.615648
v 1.938404 9.008221 4.291446
v 2.275101 11.666143 3.046476
v 2.110971 11.419342 3.214428
v 2.349223 10.019439 3.176281
v 2.321908 7.946566 3.407880
v 2.596011 9.295341 2.567656
v 2.496788 9.295341 2.527422
v 2.558137 8.464161 2.825296
v 1.990083 9.153360 3.891673
v 2.081454 9.161634 3.928983
v 1.745308 8.651814 4.651402
v 1.671236 8.637779 4.622830
v 2.112514 7.675292 3.924284
v 1.612641 8.055634 5.065781
v 1.781929 7.577781 4.655741
v 2.143618 10.483848 3.232139
v 2.241778 10.481679 3.263736
v 2.644785 10.126488 2.447371
v 2.545562 10.126488 2.407137
v 2.026447 10.711217 3.506334
v 2.070428 10.717470 3.518226
v 2.451311 10.581775 2.536599
v 1.724663 11.119257 4.354761
v 1.769731 11.127239 4.374504
v 1.817722 11.127447 4.394754
v 2.004295 11.185341 3.740692
v 1.955258 11.190434 3.738894
v 1.579224 11.596348 4.784970
v 1.997261 11.582146 4.320481
v 1.878242 11.588534 4.296391
v 1.501239 11.982042 4.877017
v 1.545896 11.990764 4.896008
v 1.590239 11.999969 4.914440
v 2.041126 11.961226 4.437764
v 1.572403 12.497561 4.715261
v 1.609999 12.508600 4.731088
v 1.646755 12.519604 4.746760
v 1.891788 12.676346 4.444788
v 2.187196 12.179966 4.066755
v 2.080355 12.193142 4.073287
v 2.184916 12.092049 3.969979
v 2.060993 12.107913 3.979753
v 2.222642 12.477270 3.588294
v 2.180512 11.959627 3.894341
v 1.670760 7.895688 4.929905
v 1.726345 7.736734 4.792823
v 1.503808 7.793281 5.268316
v 1.541106 7.686621 5.176332
v 1.433346 7.618778 5.442090
v 1.470644 7.512118 5.350106
v 1.366489 7.512118 5.307873
v 1.454942 7.463469 5.630936
v 1.492240 7.356808 5.538952
v 1.423751 7.267582 5.845428
v 1.461049 7.160923 5.753445
v 1.347010 6.964334 6.143672
v 1.384309 6.857674 6.051688
v 1.084452 6.006546 6.969335
v 1.132161 5.870114 6.851676
v 2.214483 12.358133 3.389641
v 2.160552 11.695494 3.781411
v 2.198219 12.252557 3.180253
v 2.137022 11.500633 3.624820
v 2.021236 11.515456 3.633952
v 1.947248 11.875797 2.975281
v 2.045491 11.427725 3.219593
v 1.978831 11.436259 3.224850
v 1.912170 11.444793 3.230108
v 2.104382 11.507610 3.164347
v 1.985873 11.522781 3.173694
v 2.125376 11.765569 3.011832
v 2.008767 11.385128 2.992992
v 1.901652 11.398841 3.001441
v 2.043486 11.462665 2.922425
v 1.960241 11.473322 2.928990
v 1.876995 11.483978 2.935556
v 1.975022 11.438826 2.814925
v 1.919881 11.445885 2.819274
v 1.959194 11.586208 2.732485
v 1.952120 11.499444 2.783634
v 1.919898 11.503569 2.786175
v 1.987971 11.560190 2.743142
v 1.957395 11.564105 2.745553
v 1.926819 11.568019 2.747965
v 2.906946 7.895144 3.733421
v 2.801820 7.709494 4.147604
v 2.837724 8.285459 3.959714
v 2.604832 8.666158 4.191119
v 2.675483 8.013523 4.441068
v 2.386471 8.385651 4.589061
v 2.370536 7.093648 3.911193
v 2.671674 7.075861 4.023564
v 2.266616 6.773311 4.180685
v 2.590443 6.760807 4.306730
v 2.769502 7.077102 4.060547
v 2.712568 6.770495 4.358526
v 3.024977 7.019578 2.554602
v 3.189292 7.011098 2.619648
v 2.984086 6.813656 2.656217
v 3.160514 6.807914 2.728807
v 3.241808 7.011926 2.642203
v 3.226275 6.812953 2.760117
v 3.215390 7.303432 2.121509
v 3.348656 7.294360 2.170580
v 3.098817 6.958287 2.333922
v 3.303133 6.948941 2.418479
v 3.395772 7.291578 2.199766
v 3.378594 6.957142 2.456638
v 2.232496 8.973516 4.637234
v 2.396650 8.528290 4.333335
v 2.412755 7.818568 3.727285
v 1.917592 8.869326 4.474673
v 1.766374 8.842388 4.416015
v 1.845884 8.854729 4.447489
v 2.229498 7.826847 3.635780
v 2.860552 7.813213 3.916209
v 2.494040 8.545160 4.357832
v 2.772732 8.164143 4.176209
v 2.324674 6.952276 4.030126
v 2.744376 6.941789 4.192051
v 3.006931 6.928700 2.599447
v 3.234953 6.924114 2.694240
v 3.334058 7.153589 2.297983
v 3.149513 7.164334 2.224552
v 3.400071 7.146506 2.337904
v 3.298956 7.326914 2.004262
v 3.358393 7.322825 2.027111
v 3.350631 7.276985 2.052302
v 3.289362 7.280552 2.027923
v 3.424074 7.326585 2.073457
v 3.453366 7.324855 2.091602
v 3.414998 7.239067 2.152665
v 3.456038 7.234663 2.177484
v 2.315992 8.422924 4.470115
v 2.357850 7.747438 3.862691
v 1.846931 8.745590 4.598140
v 1.704864 8.715711 4.544301
v 1.779777 8.729651 4.573441
v 2.156461 7.732225 3.815904
v 2.823883 7.748458 4.060678
v 2.419754 8.446724 4.497632
v 2.711081 8.070498 4.341144
v 2.288427 6.840541 4.124125
v 2.724517 6.834844 4.295988
v 2.992668 6.856874 2.634891
v 3.229535 6.854712 2.735369
v 3.314750 7.025820 2.373214
v 3.117862 7.035691 2.292836
v 3.386662 7.028279 2.412034
v 2.208043 8.907730 4.836874
v 3.210081 7.010643 2.118067
v 3.312223 7.005970 2.160339
v 3.318031 7.044404 2.137710
v 3.219601 7.049339 2.097527
v 2.597015 9.091041 4.081306
v 3.073907 9.998310 3.530715
v 2.630578 9.058352 4.054506
v 3.106726 9.954026 3.509198
v 2.621494 8.946488 4.310425
v 2.589464 8.976753 4.336745
v 3.193228 9.965250 3.785985
v 3.226258 9.929721 3.761525
v 2.674674 8.836433 4.668501
v 2.645531 8.867548 4.696058
v 3.270059 9.927679 4.003801
v 3.302568 9.897534 3.978155
v 2.830239 8.612938 4.931553
v 2.800154 8.653370 4.962591
v 3.500597 9.567107 4.451199
v 3.530681 9.526674 4.420162
v 2.935455 8.458891 5.234218
v 2.905371 8.499323 5.265254
v 3.621469 9.336148 4.869229
v 3.651553 9.295716 4.838193
v 3.134004 8.247274 5.702343
v 3.103920 8.287706 5.733380
v 3.836654 9.227279 5.219633
v 3.866739 9.186847 5.188596
v 3.426235 8.153625 6.107597
v 3.396150 8.194057 6.138636
v 4.192007 9.221011 5.572239
v 4.222091 9.180579 5.541201
v 3.867653 8.400200 6.586523
v 3.824917 8.670813 6.649817
v 4.756017 9.701532 6.041015
v 4.789430 9.449637 5.983712
v 4.622186 9.338571 7.316309
v 4.624816 9.588309 7.379057
v 5.741678 10.259175 6.467747
v 5.739047 10.009437 6.404999
v 4.844563 9.376669 7.497666
v 4.849983 9.420766 7.536771
v 6.122237 10.226541 6.451794
v 6.116816 10.182444 6.412688
v 5.073890 9.132394 7.741329
v 5.079309 9.176491 7.780435
v 6.478549 10.129269 6.512089
v 6.473127 10.085172 6.472983
v 5.316718 8.859971 8.014860
v 5.322139 8.904069 8.053966
v 6.769316 9.933834 6.692162
v 6.763895 9.889737 6.653056
v 5.701849 8.542533 8.319427
v 5.707271 8.586629 8.358534
v 7.149190 9.436383 7.200446
v 7.143770 9.392285 7.161341
v 6.162412 8.233981 8.603518
v 6.167831 8.278078 8.642622
v 7.437177 9.060988 7.583832
v 7.431756 9.016891 7.544725
v 6.815402 7.898490 8.891312
v 6.820822 7.942587 8.930418
v 7.874058 8.596962 8.046522
v 7.868637 8.552865 8.007418
v 7.677298 7.649401 9.052715
v 7.682717 7.693500 9.091820
v 8.363369 8.127484 8.508093
v 8.357949 8.083386 8.468988
v 8.441736 7.595110 9.007967
v 8.447159 7.639209 9.047073
v 8.889938 7.754175 8.856056
v 8.884518 7.710078 8.816950
v 2.488951 0.124823 2.487304
v 2.627450 0.124824 2.544673
v 2.488951 9.720590 2.487304
v 2.350451 0.124824 2.544673
v 2.293083 0.124824 2.683172
v 2.350451 9.720590 2.544672
v 2.293083 9.720591 2.683172
v 2.350451 9.720590 2.821671
v 2.488951 9.720590 2.879040
v 2.350451 0.124823 2.821672
v 2.488951 0.124824 2.879040
v 2.627450 0.124825 2.821671
v 2.684819 0.124824 2.683172
v 2.627450 9.720590 2.821671
v 2.684819 9.720590 2.683172
v 2.627450 9.720591 2.544672
v -0.118752 0.331719 -3.864508
v 0.021489 0.331718 -3.806418
v -0.118752 3.364137 -3.864509
v -0.258992 0.331718 -3.806419
v -0.317082 0.331718 -3.666178
v -0.258992 3.364137 -3.806419
v -0.317082 3.364137 -3.666178
v -0.258993 3.364136 -3.525937
v -0.118752 3.364137 -3.467847
v -0.258993 0.331718 -3.525937
v -0.118752 0.331718 -3.467848
v 0.021489 0.331718 -3.525937
v 0.079578 0.331718 -3.666177
v 0.021489 3.364137 -3.525937
v 0.079579 3.364137 -3.666179
v 0.021489 3.364137 -3.806419
v -1.064043 3.310617 -1.987019
v -0.762459 3.452560 -2.240340
v -0.841050 2.947421 -2.224892
v -1.201835 3.145759 -1.871279
v -1.360545 3.310616 -2.340011
v -1.058959 3.452559 -2.593333
v -1.434669 3.310617 -2.428259
v -1.498336 3.145759 -2.224271
v -1.572462 3.145760 -2.312519
v -1.607241 3.015461 -2.132794
v -1.672769 2.937061 -2.077753
v -1.681367 3.015461 -2.221042
v -1.310740 3.015461 -1.779802
v -1.376268 2.937061 -1.724761
v -1.100153 2.685946 -1.965751
v -1.168977 2.616493 -1.896916
v -0.985771 2.801375 -2.080150
v -1.004088 2.703999 -1.863679
v -1.067613 2.637314 -1.787413
v -0.898513 2.814824 -1.990431
v -0.769849 2.375209 -2.008537
v -0.841635 2.315952 -1.926173
v -0.650546 2.473693 -2.145421
v -0.559072 2.061297 -2.235861
v -0.619245 2.022334 -2.169362
v -0.459066 2.126052 -2.346380
v -0.756994 1.147683 -2.074395
v -0.796817 1.083333 -2.024716
v -0.690810 1.254628 -2.156959
v 0.412335 1.690936 -3.207150
v 0.443599 1.781219 -3.251135
v 0.709724 1.885383 -3.429555
v 0.681722 1.814245 -3.393910
v 0.756260 2.003611 -3.488795
v 0.664334 1.882924 -3.497513
v 0.632886 1.806045 -3.462944
v 0.716599 2.010694 -3.554965
v 0.527940 1.892795 -3.660675
v 0.769569 1.882291 -3.695468
v 0.700230 1.887094 -3.778830
v 0.491883 1.815391 -3.633276
v 0.248462 1.692369 -3.409541
v 0.361637 1.665018 -3.255418
v -1.107723 1.086150 -2.390555
v -0.880512 1.073646 -2.127635
v -1.061983 1.153380 -2.430336
v -0.945618 2.017478 -2.572354
v -0.710345 2.009350 -2.279694
v -1.123940 1.988131 -2.689262
v -0.878299 2.060277 -2.628901
v -1.704498 1.890620 -2.133379
v -1.489038 1.890620 -1.876870
v -1.758363 1.890620 -2.197506
v -1.817766 2.049575 -2.038238
v -1.602306 2.049574 -1.781728
v -1.931033 2.208528 -1.943097
v -1.871630 2.049574 -2.102365
v -1.925620 2.049575 -2.166642
v -1.984897 2.208528 -2.007225
v -2.038936 2.208528 -2.071559
v -2.215075 1.999461 -1.850402
v -2.178644 1.999461 -1.807076
v -2.251197 1.999461 -1.893451
v -2.358720 1.824957 -1.729869
v -2.322229 1.824957 -1.686469
v -2.394843 1.824957 -1.772918
v -2.427651 1.669647 -1.552497
v -2.332994 1.669647 -1.439806
v -2.522689 1.669647 -1.665642
v -2.555581 1.473761 -1.377529
v -2.427675 1.473761 -1.225253
v -2.683937 1.473762 -1.530340
v -2.762955 1.170514 -1.149857
v -2.608709 1.170513 -0.966223
v -2.917751 1.170513 -1.334145
v -3.360124 0.182953 -0.560834
v -3.162822 0.182953 -0.325942
v -3.558248 0.182952 -0.796705
v -3.457342 0.319385 -0.479173
v -3.260041 0.319384 -0.244281
v -3.655508 0.319385 -0.715094
v -2.838959 1.277174 -1.086017
v -2.684712 1.277174 -0.902382
v -2.993787 1.277174 -1.270344
v -2.631585 1.580420 -1.313688
v -2.503679 1.580421 -1.161412
v -2.759972 1.580420 -1.466538
v -2.503655 1.776308 -1.488657
v -2.408998 1.776308 -1.375966
v -2.598725 1.776309 -1.601840
v -2.434757 1.931618 -1.666067
v -2.398233 1.931617 -1.622629
v -2.470879 1.931617 -1.709116
v -2.291111 2.106121 -1.786601
v -2.254648 2.106120 -1.743235
v -2.327233 2.106121 -1.829648
v -2.098165 2.367481 -1.912083
v -2.044300 2.367481 -1.847956
v -2.152252 2.367481 -1.976476
v -1.746894 2.937061 -2.166000
v -1.821101 2.937061 -2.254344
v -1.755545 3.015462 -2.309352
v -1.646593 3.145759 -2.400774
v -1.508743 3.310617 -2.516443
v -1.133085 3.452559 -2.681581
v -0.633617 4.108438 -3.285704
v -0.821115 4.518451 -3.128374
v -1.084023 4.646153 -2.907768
v -1.778749 4.791620 -2.196645
v -2.206913 5.107955 -1.837251
v -2.368081 5.439320 -1.701969
v -2.124603 6.293897 -1.906341
v -1.725402 6.410290 -2.241426
v -1.481028 6.354254 -2.539699
v -1.429018 6.354251 -2.477779
v -1.245038 6.289333 -2.602920
v -1.060718 6.239350 -2.739966
v -0.850288 5.903271 -2.980955
v -0.671873 5.590563 -3.197393
v -0.703290 5.590563 -3.234835
v -0.977516 5.517342 -2.962197
v -0.900716 5.517342 -2.870766
v -0.785485 5.529334 -3.123329
v -0.685324 5.534822 -3.189177
v -0.795047 5.435627 -3.067417
v -0.955258 5.420409 -2.892875
v -1.318943 5.396957 -2.675705
v -1.243768 5.396957 -2.586209
v -1.472832 5.546972 -2.546576
v -1.406348 5.546969 -2.467426
v -1.555033 5.774327 -2.371931
v -1.647721 5.882899 -2.318033
v -1.728272 5.882899 -2.414031
v -1.729544 5.943082 -2.238069
v -1.955192 5.623355 -2.048542
v -1.794025 5.284122 -2.183824
v -1.350580 5.046466 -2.684100
v -0.285343 4.822321 -3.577940
v -0.093874 4.427112 -3.773544
v 0.008309 3.592238 -3.812218
v -0.032070 3.592238 -3.860347
v -0.190831 2.771135 -3.473043
v -0.771007 2.259405 -3.135478
v -0.697249 2.259406 -3.047668
v -0.885557 2.139686 -2.889496
v -1.108290 2.045065 -2.852464
v -1.034389 2.045065 -2.764482
v -1.812305 1.890620 -2.261725
v -0.766417 2.131408 -2.722878
v -0.624859 2.221406 -2.841782
v -0.985964 1.265115 -2.496450
v -0.889781 1.406487 -2.580099
v 0.286433 1.785804 -3.441607
v 0.323366 1.876682 -3.472795
v 0.587863 2.021439 -3.706213
v 0.694299 2.160536 -3.766454
v 0.813239 2.160837 -3.822762
v 0.855528 2.157009 -3.773653
v 0.789115 2.151464 -3.660730
v 0.817098 2.148682 -3.612891
v 0.438147 1.868202 -3.338425
v 0.909911 2.182824 -3.696404
v 0.868458 2.093969 -3.624951
v -0.676224 1.388700 -2.339881
v 0.474006 1.869029 -3.293918
v -0.607071 1.389941 -2.261422
v -0.332535 2.207983 -2.486215
v -0.405656 2.205832 -2.572309
v -0.499597 2.598298 -2.318614
v -0.764934 2.955046 -2.150801
v -0.586290 2.593054 -2.412924
v -0.134289 2.998277 -2.767982
v 0.179796 2.771135 -3.031803
v -0.448374 3.225418 -2.504161
v 0.013534 3.764305 -3.375725
v -0.059127 3.030900 -2.707977
v -0.345243 3.258041 -2.410860
v 0.088696 3.796928 -3.315720
v -0.095228 3.968994 -3.104441
v -0.198359 3.936372 -3.197743
v -0.168303 4.028186 -2.852650
v -0.337645 4.220816 -2.794773
v -0.572348 3.273724 -2.284835
v -0.236811 4.018303 -2.927924
v -0.640855 3.263841 -2.360111
v -0.378183 4.210933 -2.836751
v -0.710135 3.329245 -2.308604
v -0.565145 4.278434 -2.672091
v -0.893542 3.223481 -2.106587
v -0.524607 4.288317 -2.630114
v -0.719378 4.298737 -2.527928
v -1.123116 3.082907 -1.851789
v -0.678840 4.308620 -2.485950
v -1.014526 4.085885 -2.192790
v -1.314804 2.991781 -1.645222
v -0.973987 4.095768 -2.150811
v -1.362606 4.043720 -1.846718
v -1.569441 2.983008 -1.397251
v -1.322067 4.053603 -1.804740
v -1.671226 4.148314 -1.573307
v -1.968585 3.013452 -1.018961
v -1.630689 4.158197 -1.531328
v -2.002329 4.424160 -1.318501
v -2.331933 3.187705 -0.709098
v -1.961791 4.434043 -1.276524
v -2.451770 5.032420 -1.223424
v -2.814853 3.704346 -0.619771
v -2.379750 5.035823 -1.148687
v -2.807547 5.864529 -1.052168
v -3.402108 4.486398 -0.527584
v -2.732437 5.858449 -0.981359
v -2.848109 6.227763 -0.940098
v -3.564087 4.640968 -0.296248
v -2.801867 6.221683 -0.903659
v -2.948188 6.540693 -0.760893
v -3.797599 4.768413 0.021340
v -2.901946 6.534613 -0.724453
v -3.137884 6.748811 -0.485449
v -4.057673 4.897758 0.372952
v -3.091642 6.742731 -0.449009
v -3.611087 6.922136 0.143959
v -4.363459 5.149571 0.803001
v -3.564846 6.916057 0.180400
v -3.968218 7.054240 0.619194
v -4.662990 5.479629 1.238168
v -3.921975 7.048161 0.655634
v -4.411834 7.297574 1.222736
v -4.992748 5.989107 1.741625
v -4.365592 7.291494 1.259177
v -4.861927 7.590561 1.842782
v -5.247670 6.740451 2.190464
v -4.815686 7.584483 1.879223
v -5.223503 7.959564 2.363179
v -5.318665 7.474678 2.403047
v -5.177260 7.953484 2.399620
v -5.272422 7.468598 2.439488
v -5.201429 6.734372 2.226907
v -4.946505 5.983027 1.778065
v -4.616749 5.473551 1.274608
v -4.317215 5.143491 0.839440
v -4.011432 4.891680 0.409393
v -3.751356 4.762334 0.057780
v -3.517844 4.634889 -0.259808
v -3.326997 4.480319 -0.456775
v -2.743502 3.709508 -0.544514
v -2.291394 3.197588 -0.667121
v -1.928048 3.023335 -0.976983
v -1.528903 2.992891 -1.355273
v -1.274265 3.001664 -1.603243
v -1.082578 3.092790 -1.809811
v -0.853004 3.233365 -2.064610
v -0.669597 3.339128 -2.266627
v -0.410250 4.108438 -3.019760
v -0.349630 4.488004 -3.070679
v -0.597669 4.518451 -2.862335
v -0.101590 4.457558 -3.279025
v -0.594352 4.704876 -2.865121
v -0.860464 4.646153 -2.641596
v -0.328238 4.763598 -3.088647
v -1.454300 4.876569 -2.142793
v -1.617996 4.791620 -2.005292
v -1.290604 4.961517 -2.280292
v -1.908447 5.166677 -1.761324
v -2.046037 5.107955 -1.645752
v -1.770857 5.225400 -1.876895
v -2.069569 5.500665 -1.625987
v -2.207159 5.439320 -1.510417
v -1.931979 5.562010 -1.741559
v -2.033535 5.965775 -1.656254
v -2.187191 5.985730 -1.527188
v -1.879880 5.945819 -1.785319
v -1.832186 6.176905 -1.825382
v -1.963751 6.293896 -1.714871
v -1.700620 6.059913 -1.935892
v -1.529491 6.243468 -2.079635
v -1.564664 6.410290 -2.050091
v -1.495495 6.076393 -2.120243
v -1.314116 6.130945 -2.242461
v -1.319402 6.237823 -2.295909
v -1.343089 5.997609 -2.218123
v -1.097945 6.003482 -2.301688
v -1.104713 6.140296 -2.370109
v -1.135033 5.832798 -2.270535
v -0.893801 5.914994 -2.398135
v -0.901481 6.070242 -2.475777
v -0.935889 5.721312 -2.362784
v -0.755668 5.717350 -2.786330
v -0.779793 5.606330 -2.766067
v -0.760070 5.806337 -2.830834
v -0.822869 5.517342 -2.778086
v -0.807988 5.903271 -2.930651
v -0.837918 5.806337 -2.923514
v -0.985079 6.239350 -2.649916
v -1.178382 6.289330 -2.523565
v -1.376948 6.354247 -2.415788
v -0.912914 5.420409 -2.842518
v -1.168129 5.396956 -2.496160
v -1.011038 5.566065 -2.383753
v -1.201258 5.695988 -2.289015
v -1.394822 5.890736 -2.232559
v -1.339692 5.546966 -2.388070
v -1.502964 5.774323 -2.309939
v -1.607373 5.882899 -2.270047
v -1.467603 5.927381 -2.178226
v -1.568892 5.943521 -2.048557
v -1.726225 5.925864 -1.914385
v -1.794388 5.623355 -1.857129
v -1.633267 5.284122 -1.992466
v -1.126908 5.046466 -2.417792
v -0.062125 4.822321 -3.312174
v 0.146450 4.427113 -3.487370
v 0.225427 3.592238 -3.553709
v -0.116706 2.771135 -3.384795
v -1.828841 2.367482 -1.591447
v -1.715572 2.208528 -1.686588
v -2.110073 2.106120 -1.571114
v -2.034068 1.999461 -1.634955
v -2.253657 1.931618 -1.450508
v -2.177653 1.824957 -1.514349
v -2.030368 1.776307 -0.925198
v -1.954365 1.669647 -0.989039
v -1.992054 1.580420 -0.552312
v -1.916050 1.473761 -0.616152
v -2.046184 1.322560 -0.185940
v -1.970181 1.215899 -0.249781
v -2.245490 0.794158 0.506003
v -2.148271 0.657724 0.424343
v -2.507001 1.931618 -1.752164
v -2.430964 1.824957 -1.815966
v -2.287319 1.999461 -1.936500
v -0.952910 2.296906 -2.054309
v -1.952903 3.310617 -3.046321
v -1.651061 3.452560 -3.299335
v -1.679920 2.947421 -3.224620
v -2.090813 3.145759 -2.930722
v -1.656761 3.310617 -2.693027
v -1.354918 3.452560 -2.946042
v -1.582725 3.310617 -2.604704
v -1.794670 3.145760 -2.577427
v -1.720634 3.145760 -2.489105
v -1.903668 3.015462 -2.486062
v -1.969252 2.937061 -2.431087
v -1.829632 3.015462 -2.397738
v -2.199811 3.015462 -2.839355
v -2.265395 2.937061 -2.784381
v -1.980119 2.685947 -3.014452
v -2.059859 2.616493 -2.958629
v -1.847595 2.801375 -3.107232
v -2.063957 2.703999 -3.126784
v -2.150096 2.637314 -3.077467
v -1.920799 2.814824 -3.208744
v -1.880626 2.375210 -3.332309
v -1.974204 2.315952 -3.275917
v -1.725104 2.473693 -3.426030
v -1.620154 2.061297 -3.500410
v -1.696093 2.022334 -3.452699
v -1.493948 2.126052 -3.579705
v -1.813536 1.147683 -3.333533
v -1.869375 1.083334 -3.302942
v -1.720735 1.254629 -3.384375
v -0.494939 1.690937 -4.288397
v -0.446192 1.781219 -4.311547
v -0.224271 1.885384 -4.542647
v -0.264237 1.814245 -4.521261
v -0.157850 2.003611 -4.578189
v -0.165228 1.882924 -4.486146
v -0.204732 1.806045 -4.461179
v -0.099573 2.010694 -4.527641
v -0.028229 1.892796 -4.323491
v 0.047995 1.882291 -4.555408
v 0.118049 1.887094 -4.472647
v -0.061473 1.815391 -4.292740
v -0.324079 1.692369 -4.091868
v -0.456207 1.665018 -4.230087
v -1.563082 1.086150 -2.933232
v -1.782553 1.073646 -3.202646
v -1.515964 1.153380 -2.971370
v -1.355896 2.017478 -3.061304
v -1.603255 2.009350 -3.343823
v -1.271729 1.988132 -2.865391
v -1.288519 2.060277 -3.117782
v -1.919981 1.890620 -2.390181
v -2.135180 1.890621 -2.646910
v -1.866181 1.890621 -2.325999
v -2.033344 2.049575 -2.295156
v -2.248543 2.049575 -2.551884
v -2.146709 2.208528 -2.200130
v -1.979545 2.049574 -2.230974
v -2.092909 2.208529 -2.135949
v -2.323661 1.999461 -1.979900
v -2.467368 1.824957 -1.859440
v -2.617611 1.669647 -1.778883
v -2.712155 1.669648 -1.891671
v -2.812137 1.473762 -1.683280
v -2.939888 1.473761 -1.835685
v -3.072360 1.170513 -1.518591
v -3.226419 1.170514 -1.702382
v -3.756132 0.182953 -1.032777
v -3.953194 0.182953 -1.267870
v -3.853433 0.319385 -0.951216
v -4.050496 0.319385 -1.186309
v -3.148429 1.277174 -1.454827
v -3.302489 1.277173 -1.638619
v -2.888205 1.580420 -1.619516
v -3.015957 1.580421 -1.771922
v -2.693680 1.776308 -1.715120
v -2.788222 1.776308 -1.827908
v -2.543437 1.931618 -1.795677
v -2.363355 2.106120 -1.872698
v -2.399730 2.106120 -1.916137
v -2.206274 2.367482 -2.040922
v -2.260073 2.367482 -2.105105
v -1.895217 2.937061 -2.342764
v -1.207028 3.452559 -2.769612
v -1.280883 3.452560 -2.857719
v -0.570660 4.108438 -3.210702
v -0.758132 4.518451 -3.053341
v -1.021002 4.646153 -2.832690
v -1.841879 4.791620 -2.271852
v -2.270103 5.107955 -1.912530
v -2.431293 5.439320 -1.777275
v -2.366508 5.985730 -1.740654
v -2.440087 5.985730 -1.828353
v -2.187781 6.293896 -1.981606
v -1.788524 6.410289 -2.316622
v -1.532976 6.354251 -2.601671
v -1.311453 6.289336 -2.681990
v -1.377788 6.289333 -2.761126
v -1.135813 6.239350 -2.829369
v -1.210817 6.239350 -2.918849
v -0.893619 5.903271 -3.032594
v -0.936949 5.903271 -3.084234
v -0.659504 5.677825 -3.220967
v -0.686584 5.662967 -3.246680
v -1.054221 5.517342 -3.053706
v -0.839596 5.529334 -3.187816
v -0.731375 5.529334 -3.058842
v -0.713956 5.526676 -3.219744
v -0.842209 5.435627 -3.123621
v -0.998589 5.420409 -2.944514
v -1.041919 5.420409 -2.996153
v -1.394024 5.396957 -2.765278
v -1.539235 5.546969 -2.625795
v -1.607097 5.774331 -2.433915
v -1.659099 5.774327 -2.495952
v -1.687997 5.882899 -2.366032
v -1.792584 5.943082 -2.313170
v -1.978859 5.925864 -2.215236
v -1.905385 5.925864 -2.127662
v -2.018346 5.623355 -2.123778
v -1.857156 5.284122 -2.259033
v -1.287521 5.046466 -2.608977
v -0.222435 4.822321 -3.502998
v -0.058802 4.427113 -3.731724
v -0.013802 4.427113 -3.678123
v 0.065198 3.592238 -3.744434
v -0.264373 2.771135 -3.560595
v -0.337824 2.771135 -3.648222
v -0.844675 2.259406 -3.223363
v -0.959395 2.139686 -2.977401
v -1.033143 2.139687 -3.065382
v -1.197880 1.988132 -2.777288
v -1.182101 2.045065 -2.940520
v -1.176541 2.131409 -3.211645
v -1.034863 2.221406 -3.330405
v -1.437654 1.265115 -3.034752
v -1.338573 1.406487 -3.114948
v -0.285906 1.785805 -4.123695
v -0.248777 1.876682 -4.154649
v 0.027023 2.021439 -4.374596
v 0.104831 2.160536 -4.468955
v 0.180938 2.160837 -4.576310
v 0.139918 2.157010 -4.626484
v 0.017178 2.151464 -4.580688
v -0.025075 2.148682 -4.616554
v -0.361176 1.868202 -4.291021
v 0.073286 2.182825 -4.693455
v -0.004280 2.093969 -4.665039
v -1.538058 1.388700 -3.366974
v -0.398780 1.869030 -4.334064
v -1.603316 1.389941 -3.448701
v -1.334266 2.207984 -3.680032
v -1.262177 2.205832 -3.593071
v -1.528330 2.598298 -3.544611
v -1.739669 2.955046 -3.312445
v -1.450508 2.593055 -3.442858
v -1.022354 2.998277 -3.826337
v -0.708001 2.771135 -4.089839
v -1.336707 3.225419 -3.562836
v -0.398175 3.764305 -3.866381
v -1.068396 3.030900 -3.910778
v -1.410683 3.258041 -3.680602
v -0.444217 3.796928 -3.950821
v -0.684225 3.968995 -3.806380
v -0.610249 3.936372 -3.688614
v -0.944880 4.028186 -3.778138
v -1.031283 4.220816 -3.621419
v -1.574229 3.273723 -3.478831
v -0.882645 4.018303 -3.697600
v -1.511994 3.263841 -3.398293
v -0.996983 4.210933 -3.574207
v -1.574748 3.329245 -3.339010
v -1.191605 4.278434 -3.418678
v -1.805544 3.223482 -3.193470
v -1.225906 4.288318 -3.465890
v -1.360362 4.298737 -3.291822
v -2.096336 3.082907 -3.011628
v -1.394662 4.308620 -3.339034
v -1.741661 4.085886 -3.059355
v -2.333052 2.991781 -2.858722
v -1.775961 4.095768 -3.106566
v -2.142917 4.043720 -2.776657
v -2.621472 2.983009 -2.651013
v -2.177217 4.053603 -2.823869
v -2.465766 4.148314 -2.520203
v -3.063326 3.013452 -2.323623
v -2.500067 4.158198 -2.567414
v -2.774197 4.424160 -2.238377
v -3.431575 3.187705 -2.019601
v -2.808497 4.434043 -2.285589
v -2.945874 5.032420 -1.812274
v -3.603405 3.704347 -1.559530
v -3.006969 5.035823 -1.896177
v -3.176307 5.864529 -1.491640
v -3.796167 4.486399 -0.997205
v -3.232999 5.858449 -1.577906
v -3.293719 6.227763 -1.471155
v -4.052115 4.640968 -0.877858
v -3.321575 6.221684 -1.523022
v -3.487580 6.540693 -1.403715
v -4.405429 4.768413 -0.703042
v -3.515436 6.534613 -1.455583
v -3.791780 6.748811 -1.264732
v -4.796860 4.897758 -0.507976
v -3.819636 6.742731 -1.316598
v -4.493796 6.922136 -0.908013
v -5.273475 5.149571 -0.281513
v -4.521653 6.916057 -0.959880
v -5.023827 7.054239 -0.638831
v -5.754044 5.479629 -0.062099
v -5.051684 7.048161 -0.690699
v -5.695234 7.297574 -0.306758
v -6.307114 5.989108 0.175225
v -5.723090 7.291494 -0.358627
v -6.384017 7.590561 0.028826
v -6.793400 6.740450 0.348334
v -6.411875 7.584483 -0.023040
v -6.959294 7.959564 0.294543
v -7.015082 7.474677 0.381336
v -6.987153 7.953484 0.242676
v -7.042939 7.468598 0.329468
v -6.821260 6.734372 0.296467
v -6.334969 5.983028 0.123357
v -5.781899 5.473551 -0.113965
v -5.301330 5.143491 -0.333381
v -4.824716 4.891680 -0.559843
v -4.433284 4.762334 -0.754910
v -4.079972 4.634889 -0.929726
v -3.852858 4.480319 -1.083471
v -3.665129 3.709508 -1.642865
v -3.465876 3.197589 -2.066814
v -3.097627 3.023335 -2.370834
v -2.655773 2.992892 -2.698225
v -2.367352 3.001664 -2.905935
v -2.130638 3.092790 -3.058840
v -1.839846 3.233365 -3.240681
v -1.609049 3.339128 -3.386221
v -0.822322 4.108438 -3.510847
v -0.761649 4.488004 -3.561706
v -1.009900 4.518451 -3.353613
v -0.513398 4.457559 -3.769798
v -1.006580 4.704876 -3.356397
v -1.272920 4.646153 -3.133142
v -0.740239 4.763598 -3.579651
v -1.867263 4.876569 -2.634943
v -2.031099 4.791620 -2.497611
v -1.703427 4.961518 -2.772276
v -2.321798 5.166677 -2.253937
v -2.459506 5.107955 -2.138506
v -2.184091 5.225399 -2.369368
v -2.483057 5.500665 -2.118764
v -2.620765 5.439320 -2.003334
v -2.345349 5.562011 -2.234195
v -2.446994 5.965775 -2.148994
v -2.600780 5.985730 -2.020085
v -2.293207 5.945819 -2.277904
v -2.245471 6.176905 -2.317916
v -2.377150 6.293896 -2.207540
v -2.113793 6.059913 -2.428293
v -1.942518 6.243468 -2.571862
v -1.977721 6.410290 -2.542354
v -1.896624 6.076393 -2.598290
v -1.744767 6.130945 -2.755691
v -1.693047 6.237823 -2.741204
v -1.773765 5.997609 -2.731384
v -1.648901 6.003482 -2.958292
v -1.582695 6.140296 -2.939746
v -1.686021 5.832798 -2.927177
v -1.518470 5.914994 -3.142587
v -1.443342 6.070242 -3.121541
v -1.560593 5.721312 -3.107278
v -1.112186 5.717350 -3.211212
v -1.136331 5.606330 -3.190973
v -1.069123 5.806337 -3.199149
v -1.131974 5.517342 -3.146464
v -0.979144 5.903271 -3.134625
v -0.991370 5.806337 -3.106391
v -1.286365 6.239350 -3.008976
v -1.444363 6.289330 -2.840549
v -1.584984 6.354247 -2.663714
v -1.840158 6.410289 -2.378242
v -2.239586 6.293896 -2.043429
v -2.483202 5.439320 -1.839222
v -2.321944 5.107955 -1.974395
v -1.893537 4.791620 -2.333499
v -1.135357 4.646153 -2.969031
v -0.872338 4.518451 -3.189503
v -0.684759 4.108438 -3.346737
v -1.084158 5.420409 -3.046599
v -1.469572 5.396957 -2.855405
v -1.552991 5.566065 -3.029628
v -1.679322 5.695988 -2.858750
v -1.768533 5.890736 -2.677930
v -1.605810 5.546966 -2.705218
v -1.711106 5.774323 -2.557994
v -1.768523 5.882899 -2.462098
v -1.834678 5.927381 -2.615689
v -1.844154 5.943082 -2.374714
v -1.979966 5.943521 -2.538456
v -2.139421 5.925864 -2.406813
v -2.070079 5.623355 -2.185516
v -2.207643 5.623355 -2.349626
v -1.908821 5.284122 -2.320688
v -2.046383 5.284122 -2.484798
v -1.402029 5.046466 -2.745498
v -1.539591 5.046466 -2.909609
v -0.336336 4.822321 -3.638797
v -0.473898 4.822321 -3.802907
v -0.265146 4.427113 -3.977890
v -0.186102 3.592238 -4.044148
v -0.411859 2.771135 -3.736545
v -2.475270 2.367482 -2.361833
v -2.361907 2.208529 -2.456859
v -2.544131 2.106121 -2.088404
v -2.468062 1.999462 -2.152168
v -2.687838 1.931618 -1.967945
v -2.611769 1.824957 -2.031707
v -3.166393 1.776308 -2.279060
v -3.090324 1.669648 -2.342823
v -3.526961 1.580421 -2.381544
v -3.450892 1.473761 -2.445306
v -3.897166 1.322560 -2.391856
v -3.821097 1.215899 -2.455619
v -4.613207 0.794158 -2.315732
v -4.515906 0.657724 -2.397294
v -1.867337 2.296906 -3.144082
vn -0.2641 0.6853 0.6786
vn -0.7622 0.3094 -0.5686
vn -0.4655 -0.4953 0.7335
vn -0.9320 -0.0248 -0.3616
vn -0.0669 0.9393 0.3365
vn 0.1333 0.6935 0.7080
vn -0.1017 0.4922 0.8645
vn -0.9720 -0.1567 -0.1753
vn 0.3427 0.3474 -0.8729
vn -0.9328 -0.0283 -0.3593
vn 0.3713 -0.1543 -0.9156
vn -0.9350 -0.3433 -0.0886
vn -0.9683 -0.1020 -0.2282
vn 0.1640 0.9037 -0.3956
vn 0.1970 0.3084 -0.9306
vn -0.8977 -0.0853 -0.4322
vn 0.1643 0.8143 -0.5568
vn -0.9347 0.1534 -0.3207
vn -0.7849 0.1625 -0.5980
vn -0.9116 0.0998 -0.3987
vn 0.0620 -0.4759 -0.8773
vn -0.2217 -0.8364 0.5013
vn -0.1042 -0.9812 0.1622
vn -0.9332 -0.0106 -0.3592
vn -0.8668 0.3041 0.3951
vn -0.9641 0.2576 -0.0644
vn -0.5121 -0.4032 0.7584
vn -0.9294 -0.1003 0.3552
vn -0.9769 0.1156 0.1797
vn -0.9820 0.0207 -0.1879
vn -0.9699 -0.0264 -0.2422
vn -0.7892 -0.0159 -0.6140
vn -0.7304 -0.0288 -0.6824
vn -0.8679 0.0729 -0.4914
vn -0.7658 0.1134 -0.6330
vn -0.7397 0.3111 -0.5968
vn -0.6928 0.3063 -0.6528
vn -0.9506 -0.0217 -0.3098
vn -0.8729 -0.0201 -0.4875
vn -0.8443 0.3659 -0.3915
vn -0.9814 0.0197 -0.1911
vn -0.8640 -0.2740 -0.4223
vn -0.8630 -0.4965 -0.0940
vn -0.9267 -0.0000 -0.3758
vn -0.9212 -0.0082 -0.3890
vn -0.9560 -0.0790 -0.2824
vn -0.9811 0.1641 -0.1028
vn -0.2737 0.6491 0.7098
vn -0.9854 0.0473 -0.1633
vn -0.9670 0.0071 -0.2548
vn -0.9061 -0.0472 -0.4205
vn 0.3556 0.5231 -0.7745
vn -0.8603 0.2985 -0.4133
vn -0.5988 -0.7616 0.2479
vn -0.6990 0.1594 -0.6971
vn -0.8295 0.1177 -0.5460
vn 0.6608 0.5874 -0.4672
vn 0.4070 -0.4788 -0.7778
vn -0.3961 -0.7933 0.4624
vn 0.3097 0.9270 -0.2116
vn 0.7840 -0.0055 0.6207
vn -0.9916 -0.0880 -0.0952
vn -0.9275 0.0092 -0.3737
vn -0.2555 0.7316 0.6320
vn -0.2560 0.7321 0.6313
vn -0.1033 0.6286 -0.7708
vn -0.6275 0.3709 -0.6846
vn -0.4283 0.4996 -0.7530
vn -0.2547 0.7180 0.6478
vn -0.2180 0.6894 0.6908
vn -0.7039 0.3064 -0.6408
vn 0.2366 -0.6631 -0.7102
vn -0.2790 0.6697 0.6882
vn -0.6245 -0.6237 0.4700
vn 0.2547 -0.7180 -0.6478
vn -0.2648 0.7094 0.6532
vn 0.2560 -0.7321 -0.6313
vn 0.2178 -0.7946 -0.5667
vn -0.3014 -0.6649 0.6834
vn -0.2729 0.6561 0.7036
vn -0.8277 0.5500 0.1116
vn -0.2653 0.8435 -0.4669
vn 0.0050 -0.4961 0.8683
vn -0.7654 0.0624 0.6405
vn 0.0220 -0.3944 0.9187
vn 0.1048 0.9945 -0.0027
vn 0.0237 0.8864 0.4623
vn -0.1065 -0.9798 0.1694
vn -0.0449 -0.7322 0.6797
vn -0.2997 0.3084 0.9028
vn 0.0181 -0.4995 -0.8661
vn -0.4259 -0.2664 0.8646
vn -0.3584 -0.7015 0.6159
vn 0.1823 0.8128 -0.5533
vn 0.1820 0.2941 -0.9383
vn 0.1823 0.9037 -0.3873
vn -0.2905 -0.7681 0.5707
vn -0.2562 -0.9036 0.3434
vn -0.3634 -0.2722 0.8910
vn 0.3219 0.3327 -0.8864
vn -0.2511 0.5819 0.7735
vn -0.2807 -0.6764 0.6809
vn 0.9353 -0.0446 0.3511
vn -0.1189 0.7330 0.6697
vn 0.0628 -0.9896 -0.1292
vn -0.0461 0.9266 0.3732
vn 0.2613 -0.7931 -0.5503
vn 0.3875 -0.2849 -0.8767
vn -0.2382 0.6811 0.6923
vn -0.6049 0.7689 -0.2070
vn -0.0184 -0.6250 0.7804
vn -0.6409 -0.3396 0.6884
vn -0.9291 0.2413 0.2802
vn -0.5304 -0.1695 0.8306
vn -0.6045 0.7697 -0.2053
vn -0.6027 0.3490 -0.7175
vn -0.1089 -0.9738 0.1998
vn -0.7212 -0.6907 0.0529
vn -0.9362 -0.1193 -0.3306
vn -0.8531 0.5198 0.0443
vn -0.8646 -0.0465 0.5003
vn -0.1312 -0.4966 -0.8580
vn -0.8389 0.1298 -0.5285
vn -0.9076 -0.3964 -0.1379
vn -0.0074 0.4817 -0.8763
vn -0.9908 0.0059 -0.1350
vn 0.1081 0.9722 -0.2078
vn -0.9437 -0.3235 0.0697
vn 0.0219 0.6429 -0.7657
vn 0.0779 0.8878 -0.4537
vn -0.0184 -0.6249 0.7805
vn -0.2404 0.6786 0.6941
vn 0.3753 -0.2913 -0.8800
vn 0.3642 -0.2918 -0.8844
vn 0.1960 -0.7790 -0.5956
vn 0.2484 -0.7711 -0.5863
vn -0.0648 0.9274 0.3684
vn -0.0217 -0.9894 -0.1438
vn 0.0453 -0.9927 -0.1118
vn -0.1414 0.7348 0.6634
vn 0.1666 -0.8991 -0.4048
vn 0.1645 -0.8991 -0.4056
vn -0.2751 -0.6812 0.6784
vn -0.2588 0.5898 0.7650
vn 0.3192 0.3239 -0.8906
vn -0.3436 -0.2673 0.9003
vn -0.3338 -0.2603 0.9060
vn -0.3323 -0.2530 0.9086
vn -0.2889 -0.8991 0.3288
vn -0.1487 -0.9115 0.3835
vn -0.2860 -0.8996 0.3300
vn -0.2947 -0.7730 0.5619
vn -0.2045 -0.7824 0.5882
vn -0.2596 -0.7839 0.5640
vn 0.1227 0.9047 -0.4079
vn 0.1815 0.2836 -0.9416
vn 0.1256 0.8194 -0.5593
vn -0.3355 -0.6971 0.6337
vn -0.2803 -0.6942 0.6629
vn -0.3258 -0.6916 0.6446
vn -0.4039 -0.2696 0.8742
vn -0.3975 -0.2740 0.8757
vn -0.3908 -0.2785 0.8773
vn 0.0150 -0.5271 -0.8496
vn 0.0200 -0.5135 -0.8579
vn -0.2899 0.3208 0.9017
vn -0.2907 0.3231 0.9006
vn -0.2939 0.3244 0.8991
vn -0.1065 -0.9791 0.1734
vn -0.1062 -0.9794 0.1715
vn -0.0024 0.8874 0.4609
vn -0.0108 0.8821 0.4710
vn -0.0166 0.8766 0.4809
vn 0.0899 0.9957 -0.0242
vn 0.0887 0.9955 -0.0324
vn 0.0894 0.9952 -0.0394
vn 0.0050 -0.4961 0.8682
vn 0.0863 0.9157 -0.3925
vn 0.0862 0.9157 -0.3925
vn -0.2795 0.6576 0.6996
vn -0.2765 -0.6809 0.6782
vn -0.2751 -0.6813 0.6784
vn 0.2251 -0.7982 -0.5587
vn 0.2263 -0.7983 -0.5582
vn 0.2648 -0.7094 -0.6532
vn 0.2868 -0.6462 -0.7073
vn 0.0687 0.8543 -0.5152
vn -0.9180 -0.3203 -0.2336
vn -0.1640 -0.9676 0.1922
vn -0.0559 -0.9814 0.1837
vn -0.1312 -0.4933 -0.8599
vn -0.1307 -0.4933 -0.8600
vn 0.1382 0.9761 0.1677
vn 0.0310 -0.9591 -0.2812
vn -0.3132 -0.9151 -0.2540
vn -0.1311 -0.4951 -0.8589
vn -0.8471 0.3510 -0.3991
vn -0.1213 -0.9902 0.0697
vn -0.9030 0.0636 -0.4250
vn -0.9078 0.3854 -0.1652
vn 0.3968 0.6051 -0.6902
vn -0.1574 0.8484 0.5055
vn -0.3458 -0.7282 0.5917
vn 0.3509 -0.3990 -0.8472
vn 0.0414 -0.9991 -0.0116
vn 0.0283 0.9990 -0.0348
vn -0.3360 0.2367 0.9116
vn -0.8177 -0.0899 -0.5686
vn -0.3669 0.2438 0.8978
vn 0.3663 -0.4076 -0.8365
vn -0.8892 0.4501 -0.0818
vn -0.2451 0.8572 0.4529
vn -0.0556 -0.9969 -0.0557
vn 0.9451 -0.0526 0.3224
vn -0.0308 0.9976 -0.0614
vn -0.8921 0.1183 -0.4361
vn 0.1175 -0.9758 -0.1842
vn 0.2137 -0.5101 -0.8331
vn -0.1620 0.8577 0.4880
vn 0.1740 -0.9221 -0.3457
vn 0.0453 -0.9193 -0.3908
vn 0.8999 0.0534 0.4329
vn 0.8770 0.1609 0.4528
vn 0.8614 -0.5065 -0.0382
vn -0.7353 -0.0943 -0.6712
vn -0.8917 0.1176 -0.4370
vn 0.9462 -0.0554 0.3188
vn -0.9517 0.2421 -0.1889
vn -0.8275 -0.0681 -0.5573
vn -0.1120 0.8409 0.5296
vn -0.9499 0.2544 -0.1813
vn -0.8830 0.0208 -0.4690
vn -0.1661 0.7584 0.6303
vn -0.1372 0.7683 0.6252
vn 0.9362 -0.0488 0.3482
vn -0.9714 0.0176 -0.2367
vn 0.0019 0.8583 0.5131
vn 0.3639 -0.4901 -0.7920
vn 0.2175 -0.8902 -0.4004
vn 0.9889 -0.0903 0.1182
vn -0.1311 0.9811 0.1426
vn 0.2151 -0.6424 -0.7356
vn -0.1028 0.9646 0.2429
vn 0.1813 -0.8875 -0.4236
vn -0.8507 0.5161 -0.0998
vn -0.0812 0.8290 0.5533
vn -0.8330 -0.0553 -0.5506
vn -0.9515 0.2406 -0.1918
vn -0.8915 0.1171 -0.4376
vn 0.9041 0.0482 0.4247
vn 0.2283 -0.5122 -0.8280
vn 0.3482 -0.5106 -0.7861
vn 0.9456 -0.0537 0.3210
vn -0.9334 0.3311 -0.1387
vn -0.9006 0.0288 -0.4336
vn -0.1431 0.7476 0.6486
vn -0.1157 0.7513 0.6498
vn 0.9356 -0.0461 0.3500
vn -0.9016 0.0466 -0.4300
vn 0.1396 0.8007 0.5825
vn 0.3402 -0.5106 -0.7897
vn -0.0677 0.9967 0.0442
vn 0.9583 -0.0280 0.2844
vn -0.7111 -0.1482 -0.6873
vn 0.2869 0.6055 0.7424
vn -0.7222 -0.3066 -0.6201
vn -0.0642 0.6535 0.7542
vn 0.9351 -0.3475 -0.0690
vn 0.1965 0.8202 -0.5373
vn 0.5958 -0.6627 0.4538
vn -0.3186 0.6963 -0.6432
vn 0.7478 -0.5708 0.3389
vn -0.2994 -0.6057 -0.7373
vn 0.2718 -0.6362 -0.7220
vn -0.2993 -0.6211 -0.7243
vn 0.2977 0.6194 0.7265
vn -0.3825 0.7246 -0.5733
vn -0.6416 0.5600 -0.5242
vn -0.2532 0.6397 0.7257
vn -0.6338 0.5951 -0.4942
vn 0.5975 -0.6143 0.5155
vn 0.0005 -0.6831 -0.7303
vn 0.5929 -0.5879 0.5503
vn -0.0005 0.6831 0.7303
vn -0.3500 0.6840 -0.6400
vn 0.5257 -0.6211 0.5813
vn 0.2627 0.3459 -0.9007
vn -0.0167 0.7302 -0.6830
vn 0.2518 -0.7067 0.6612
vn -0.2250 -0.2403 0.9443
vn -0.1233 -0.3577 0.9257
vn -0.2454 -0.7034 -0.6671
vn 0.4649 0.6703 0.5785
vn -0.1292 -0.9002 -0.4158
vn -0.4817 -0.7572 -0.4412
vn 0.4559 0.7701 0.4462
vn 0.4556 0.2397 -0.8573
vn 0.3012 0.6143 -0.7293
vn -0.5259 0.7450 0.4103
vn 0.7070 0.3284 -0.6264
vn -0.0634 -0.2391 0.9689
vn 0.5259 -0.7450 -0.4103
vn 0.2692 -0.3119 0.9112
vn -0.0650 0.4458 -0.8928
vn 0.2895 -0.2969 0.9100
vn -0.3442 0.2548 -0.9037
vn -0.3457 0.2535 -0.9034
vn 0.1595 -0.3875 0.9080
vn 0.0634 -0.4467 0.8924
vn -0.2262 0.3426 -0.9119
vn -0.2680 0.3127 -0.9113
vn -0.0600 -0.5137 0.8559
vn -0.0900 0.4310 -0.8979
vn -0.2838 -0.6085 0.7411
vn -0.7646 -0.6254 0.1556
vn -0.5189 -0.6632 0.5393
vn -0.2831 0.6853 0.6709
vn 0.9430 0.3094 0.1228
vn -0.1768 -0.4953 0.8506
vn 0.9206 -0.0248 0.3896
vn -0.1863 0.9393 0.2881
vn -0.5888 0.6935 0.4152
vn -0.5291 0.4922 0.6912
vn 0.8196 -0.1567 0.5512
vn 0.3380 0.2988 -0.8925
vn 0.8825 0.0764 0.4641
vn 0.8453 0.4858 0.2222
vn 0.8575 -0.3513 0.3760
vn 0.1049 0.8966 -0.4303
vn 0.1161 0.2856 -0.9513
vn 0.8312 -0.1741 0.5280
vn 0.0729 0.8364 -0.5432
vn 0.7170 -0.0726 0.6932
vn 0.6264 -0.0603 0.7772
vn 0.5971 0.1300 0.7915
vn -0.0025 -0.5849 -0.8111
vn 0.0737 -0.8744 0.4795
vn -0.1063 -0.9784 0.1770
vn 0.9818 0.1120 0.1536
vn 0.9656 0.0696 0.2506
vn 0.9760 0.0092 -0.2175
vn 0.5055 -0.5334 0.6781
vn 0.9180 -0.3368 0.2095
vn 0.9904 -0.1362 0.0246
vn 0.9816 -0.1661 -0.0940
vn 0.9974 -0.0653 0.0292
vn 0.8510 -0.1406 0.5059
vn 0.6664 0.0264 0.7451
vn 0.9546 -0.1512 0.2568
vn 0.8158 -0.0036 0.5783
vn 0.7857 -0.1815 0.5914
vn 0.6870 -0.1687 0.7068
vn 0.8437 -0.4142 0.3416
vn 0.8593 -0.2525 0.4449
vn 0.8021 -0.3768 0.4634
vn 0.9578 -0.1075 0.2664
vn 0.8255 0.3158 0.4678
vn 0.8011 0.5834 0.1335
vn 0.9267 -0.0000 0.3758
vn 0.9211 0.0082 0.3892
vn 0.8827 -0.0790 0.4632
vn 0.7756 0.1641 0.6095
vn -0.2979 0.6491 0.7000
vn 0.8209 0.0473 0.5691
vn 0.8714 0.0071 0.4906
vn 0.9430 -0.0472 0.3293
vn 0.2843 0.5231 -0.8034
vn 0.9052 0.2985 0.3025
vn 0.2571 -0.7616 0.5949
vn 0.9871 0.1594 -0.0134
vn 0.9755 0.1177 0.1859
vn -0.1488 0.5874 -0.7955
vn 0.2496 -0.4788 -0.8417
vn -0.0378 -0.7933 0.6077
vn -0.0749 0.9270 -0.3675
vn -0.9949 -0.0055 -0.1006
vn 0.7779 -0.0880 0.6223
vn 0.9259 0.0092 0.3778
vn -0.2568 0.7316 0.6315
vn 0.6110 0.6286 -0.4812
vn 0.9271 0.3709 -0.0542
vn 0.8318 0.4996 -0.2420
vn -0.2684 0.7180 0.6422
vn -0.3247 0.6894 0.6476
vn 0.9514 0.3064 0.0305
vn 0.3248 -0.6631 -0.6744
vn 0.1208 -0.6237 0.7722
vn 0.2684 -0.7180 -0.6422
vn 0.2384 -0.7946 -0.5584
vn -0.2597 -0.6649 0.7003
vn -0.2942 0.6561 0.6950
vn 0.9460 0.3230 -0.0283
vn 0.3928 0.7593 -0.5189
vn 0.0049 -0.4961 0.8683
vn 0.8460 -0.1439 0.5134
vn 0.0219 -0.3944 0.9187
vn 0.1007 0.9935 -0.0531
vn -0.0666 0.9652 0.2531
vn -0.1071 -0.9787 0.1749
vn -0.0454 -0.7400 0.6710
vn -0.4027 0.3162 0.8590
vn 0.0050 -0.5414 -0.8408
vn -0.3263 -0.2601 0.9088
vn -0.1808 -0.7023 0.6885
vn 0.0740 0.8259 -0.5589
vn 0.1465 0.2750 -0.9502
vn 0.0744 0.9013 -0.4269
vn -0.1333 -0.7506 0.6472
vn -0.0341 -0.9098 0.4137
vn -0.3294 -0.2229 0.9175
vn 0.3215 0.3076 -0.8955
vn -0.3585 0.5819 0.7299
vn -0.2728 -0.6764 0.6841
vn -0.9157 -0.0446 -0.3994
vn -0.3811 0.7330 0.5634
vn 0.0449 -0.9896 -0.1365
vn -0.2268 0.9266 0.2999
vn 0.1958 -0.7931 -0.5768
vn 0.3326 -0.2849 -0.8990
vn -0.3113 0.6811 0.6627
vn 0.7387 0.5969 -0.3130
vn -0.0185 -0.6250 0.7804
vn 0.6337 -0.5028 0.5879
vn 0.9917 -0.0046 0.1287
vn 0.5926 -0.3133 0.7421
vn 0.7388 0.5977 -0.3113
vn 0.5528 0.2011 -0.8087
vn 0.5245 -0.8502 -0.0454
vn 0.8139 -0.3433 -0.4687
vn 0.9524 0.2887 -0.0981
vn 0.8919 -0.2714 0.3617
vn 0.7528 -0.0740 -0.6541
vn 0.7470 -0.6083 -0.2684
vn 0.9277 -0.2397 -0.2863
vn 0.8317 -0.5508 -0.0704
vn -0.0185 -0.6249 0.7805
vn -0.3109 0.6786 0.6655
vn 0.3436 -0.2913 -0.8928
vn 0.3546 -0.2918 -0.8883
vn 0.2742 -0.7790 -0.5639
vn 0.2301 -0.7711 -0.5937
vn -0.2101 0.9274 0.3095
vn 0.1158 -0.9894 -0.0881
vn -0.3605 0.7348 0.5745
vn 0.1624 -0.8991 -0.4065
vn -0.3471 0.5898 0.7292
vn 0.3201 0.3157 -0.8932
vn -0.3223 -0.2428 0.9150
vn 0.0008 -0.9035 0.4285
vn -0.0085 -0.9027 0.4301
vn -0.0960 -0.7658 0.6359
vn -0.1976 -0.7818 0.5913
vn -0.1411 -0.7842 0.6043
vn 0.1284 0.9054 -0.4046
vn 0.1693 0.2769 -0.9459
vn 0.1366 0.8163 -0.5613
vn -0.2209 -0.6958 0.6835
vn -0.2373 -0.6895 0.6844
vn -0.3473 -0.2693 0.8983
vn -0.3526 -0.2771 0.8938
vn -0.3582 -0.2846 0.8892
vn -0.4321 0.3180 0.8439
vn -0.4339 0.3204 0.8420
vn -0.4337 0.3227 0.8413
vn -0.0450 -0.7352 0.6764
vn -0.0450 -0.7377 0.6736
vn -0.1430 0.9447 0.2950
vn -0.1692 0.9321 0.3202
vn -0.1887 0.9170 0.3515
vn 0.0916 0.9948 -0.0451
vn 0.0049 -0.4961 0.8682
vn -0.2866 0.6576 0.6967
vn -0.2739 -0.6808 0.6793
vn 0.2276 -0.7982 -0.5578
vn 0.0688 0.8543 -0.5152
vn 0.7612 -0.5353 -0.3661
vn 0.8359 0.1356 -0.5319
vn 0.9439 0.0636 0.3239
vn 0.7665 0.3854 0.5137
vn 0.1960 0.6051 -0.7716
vn -0.2392 0.8484 0.4723
vn -0.1639 -0.7282 0.6655
vn 0.3382 -0.3990 -0.8523
vn -0.0217 -0.9991 -0.0372
vn 0.0039 0.9990 -0.0446
vn -0.3938 0.2367 0.8882
vn 0.9828 -0.0899 0.1615
vn -0.3620 0.2438 0.8998
vn 0.3197 -0.4076 -0.8554
vn 0.6951 0.4501 0.5606
vn -0.1395 0.8572 0.4957
vn 0.0787 -0.9969 -0.0013
vn -0.9028 -0.0526 -0.4269
vn 0.0649 0.9976 -0.0226
vn 0.9439 0.1183 0.3083
vn 0.0439 -0.9758 -0.2140
vn 0.4269 -0.5101 -0.7467
vn -0.2236 0.8577 0.4630
vn 0.1159 -0.9221 -0.3692
vn 0.2397 -0.9193 -0.3120
vn -0.9472 0.0534 -0.3161
vn -0.9447 0.1609 -0.2859
vn -0.5915 -0.5065 -0.6274
vn 0.9951 -0.0943 0.0305
vn 0.9443 0.1176 0.3075
vn -0.9010 -0.0554 -0.4302
vn 0.8145 0.2421 0.5272
vn 0.9820 -0.0681 0.1764
vn -0.2884 0.8409 0.4580
vn 0.8079 0.2544 0.5315
vn 0.9602 0.0208 0.2784
vn -0.3197 0.7584 0.5680
vn -0.3370 0.7683 0.5442
vn -0.9143 -0.0488 -0.4022
vn 0.8619 0.0176 0.5067
vn -0.3587 0.8583 0.3669
vn 0.2905 -0.4901 -0.8218
vn 0.1228 -0.8902 -0.4388
vn -0.7919 -0.0903 -0.6039
vn -0.0053 0.9811 0.1936
vn 0.3579 -0.6424 -0.6776
vn -0.0954 0.9646 0.2460
vn 0.1649 -0.8875 -0.4302
vn 0.6800 0.5161 0.5208
vn -0.3271 0.8290 0.4536
vn 0.9812 -0.0553 0.1850
vn 0.8164 0.2406 0.5250
vn 0.9445 0.1171 0.3069
vn -0.9445 0.0482 -0.3249
vn 0.4128 -0.5122 -0.7532
vn 0.2977 -0.5106 -0.8066
vn -0.9021 -0.0537 -0.4282
vn 0.7664 0.3311 0.5505
vn 0.9483 0.0288 0.3161
vn -0.3490 0.7476 0.5651
vn -0.3695 0.7513 0.5468
vn -0.9152 -0.0461 -0.4004
vn 0.9465 0.0466 0.3194
vn -0.5059 0.8007 0.3208
vn 0.3059 -0.5106 -0.8036
vn 0.0178 0.9967 0.0789
vn -0.8857 -0.0280 -0.4634
vn 0.9890 -0.1482 0.0021
vn -0.7229 0.6055 0.3329
vn 0.9501 -0.3066 0.0580
vn -0.4792 0.6535 0.5859
vn -0.6230 -0.3475 -0.7008
vn 0.2332 0.8202 -0.5224
vn -0.7436 -0.6627 -0.0893
vn 0.6766 0.6963 -0.2397
vn -0.7727 -0.5708 -0.2776
vn 0.7283 -0.6057 -0.3205
vn 0.3093 -0.6375 -0.7057
vn 0.7159 -0.6229 -0.3155
vn -0.7126 0.6230 0.3225
vn 0.6589 0.7437 -0.1129
vn 0.8255 0.5600 0.0707
vn -0.3269 0.6422 0.6933
vn 0.7831 0.6136 0.1008
vn -0.7878 -0.6143 -0.0462
vn 0.5083 -0.6831 -0.5244
vn -0.8087 -0.5879 -0.0181
vn -0.5083 0.6831 0.5244
vn 0.6969 0.6840 -0.2155
vn -0.7821 -0.6211 0.0510
vn 0.4388 0.3459 -0.8293
vn 0.4877 0.7302 -0.4785
vn -0.6412 -0.7067 0.2991
vn -0.4962 -0.2403 0.8343
vn -0.5562 -0.3577 0.7501
vn 0.6407 -0.7034 -0.3078
vn -0.7365 0.6703 0.0913
vn 0.3823 -0.9002 -0.2084
vn 0.6529 -0.7572 0.0188
vn -0.6379 0.7701 0.0026
vn 0.2702 0.2397 -0.9325
vn 0.2918 0.6143 -0.7332
vn 0.0916 0.7450 0.6607
vn -0.0711 0.3284 -0.9419
vn -0.6294 -0.2391 0.7394
vn -0.0916 -0.7450 -0.6607
vn -0.8278 -0.3119 0.4664
vn 0.6684 0.4458 -0.5954
vn -0.8415 -0.2969 0.4514
vn 0.8763 0.2548 -0.4088
vn 0.8773 0.2535 -0.4075
vn -0.7468 -0.3875 0.5405
vn -0.6671 -0.4467 0.5962
vn 0.7974 0.3426 -0.4968
vn 0.8270 0.3127 -0.4672
vn -0.5530 -0.5137 0.6559
vn 0.6899 0.4310 -0.5816
vn -0.3125 -0.6085 0.7295
vn 0.4403 -0.6254 0.6442
vn -0.0033 -0.6632 0.7484
vn -0.0000 -1.0000 -0.0000
vn 0.3827 -0.0000 -0.9239
vn -0.3827 -0.0000 -0.9239
vn -0.9239 -0.0000 -0.3827
vn -0.0000 1.0000 -0.0000
vn -0.9239 -0.0000 0.3827
vn -0.3827 -0.0000 0.9239
vn 0.3827 -0.0000 0.9239
vn 0.9239 -0.0000 0.3827
vn 0.9239 -0.0000 -0.3827
vn -0.2596 0.9408 0.2181
vn 0.6352 -0.0753 0.7687
vn 0.6926 -0.0254 0.7209
vn -0.5172 0.7374 0.4345
vn -0.5173 0.7373 0.4345
vn 0.6784 -0.0009 0.7347
vn 0.6668 0.0183 0.7450
vn -0.4937 0.8119 0.3115
vn -0.4806 0.8143 0.3256
vn 0.6793 0.1694 0.7140
vn 0.6794 0.1694 0.7140
vn 0.7440 0.0130 0.6681
vn 0.7423 0.0178 0.6698
vn 0.7806 -0.0553 0.6226
vn 0.7853 -0.0681 0.6154
vn 0.6397 0.1809 0.7471
vn 0.6471 0.1587 0.7457
vn 0.4786 0.2354 0.8459
vn 0.4728 0.2429 0.8470
vn 0.7267 -0.5101 -0.4601
vn 0.7172 -0.5122 -0.4725
vn 0.8730 -0.1482 0.4646
vn 0.6405 -0.5106 -0.5736
vn 0.0464 0.9987 0.0207
vn -0.5660 -0.0280 -0.8239
vn 0.1851 -0.9607 -0.2070
vn 0.2344 -0.9283 -0.2886
vn -0.6939 0.0695 -0.7167
vn 0.2145 -0.9401 -0.2649
vn -0.5707 -0.0944 -0.8157
vn -0.7409 0.2438 0.6258
vn -0.6224 -0.0446 -0.7814
vn 0.1035 -0.9896 -0.0996
vn 0.1435 -0.9894 -0.0237
vn 0.3337 -0.8991 -0.2833
vn -0.5605 -0.6812 0.4708
vn -0.5605 -0.6813 0.4708
vn 0.4611 -0.7983 -0.3875
vn 0.4613 -0.7983 -0.3873
vn 0.5214 -0.7321 -0.4384
vn 0.5219 -0.7321 -0.4379
vn 0.5216 -0.7321 -0.4382
vn 0.5217 -0.7320 -0.4381
vn 0.5397 -0.7094 -0.4533
vn 0.5844 -0.6462 -0.4909
vn -0.5686 0.6697 0.4776
vn -0.5397 0.7094 0.4533
vn -0.5216 0.7321 0.4382
vn -0.5216 0.7320 0.4382
vn -0.5217 0.7320 0.4381
vn -0.5214 0.7321 0.4384
vn -0.5219 0.7321 0.4379
vn -0.5765 0.6581 0.4844
vn -0.5766 0.6581 0.4841
vn -0.6099 0.6046 0.5123
vn -0.4962 0.7617 0.4167
vn -0.6577 -0.5126 0.5520
vn -0.2671 -0.9372 0.2242
vn -0.1114 -0.9894 0.0935
vn -0.3772 -0.8703 0.3166
vn -0.6466 -0.5361 0.5427
vn -0.7652 0.0477 0.6420
vn -0.7651 0.0477 0.6422
vn -0.5563 0.6875 0.4667
vn -0.5562 0.6876 0.4668
vn -0.1669 0.9760 0.1401
vn 0.1120 0.9892 -0.0941
vn 0.2155 0.9596 -0.1810
vn 0.1631 0.9771 -0.1370
vn 0.5578 0.6852 -0.4684
vn 0.4598 0.7998 -0.3858
vn 0.7371 -0.2715 -0.6189
vn 0.1429 -0.9824 -0.1201
vn -0.0366 0.9989 0.0307
vn -0.3171 0.9103 0.2661
vn 0.7377 -0.2693 -0.6191
vn 0.3995 -0.8533 -0.3352
vn 0.4616 -0.8637 -0.2022
vn 0.0495 -0.9979 -0.0416
vn 0.0429 -0.9984 -0.0360
vn -0.4582 -0.8012 0.3848
vn -0.6065 -0.6105 0.5094
vn -0.5490 -0.6973 0.4609
vn -0.3574 -0.8845 0.2999
vn 0.0639 -0.9965 -0.0536
vn 0.7348 -0.2823 -0.6168
vn 0.7349 -0.2823 -0.6166
vn 0.6509 0.5271 -0.5464
vn 0.2590 0.9411 -0.2174
vn 0.1219 0.9873 -0.1023
vn 0.6307 0.5675 -0.5293
vn 0.7602 0.1226 -0.6380
vn 0.7603 0.1226 -0.6379
vn 0.6980 -0.4114 -0.5861
vn 0.4686 -0.7909 -0.3936
vn 0.3352 -0.8991 -0.2815
vn 0.0924 -0.9927 -0.0776
vn -0.6198 -0.0488 -0.7832
vn -0.6215 -0.0461 -0.7821
vn -0.5734 -0.0747 -0.8158
vn -0.5780 -0.0680 -0.8132
vn -0.7011 0.1609 -0.6947
vn -0.6822 0.0457 -0.7297
vn -0.4269 -0.0640 -0.9020
vn 0.3478 -0.8657 -0.3599
vn 0.8615 -0.0655 0.5035
vn 0.0246 0.9978 0.0614
vn -0.3553 0.8572 0.3728
vn -0.4143 0.8577 0.3045
vn -0.1994 0.9646 0.1727
vn -0.0641 -0.5896 -0.8052
vn 0.3470 -0.8875 -0.3030
vn 0.5660 0.3688 0.7373
vn -0.2405 0.9520 0.1894
vn -0.1951 0.9515 0.2377
vn 0.6432 0.1645 0.7478
vn 0.3520 0.4502 0.8207
vn 0.6977 -0.3990 -0.5950
vn 0.7930 -0.0899 0.6026
vn 0.6272 0.5231 -0.5770
vn 0.7402 0.0240 0.6720
vn 0.5180 0.6545 -0.5508
vn 0.6317 -0.0250 0.7748
vn 0.6100 -0.0188 0.7921
vn 0.7409 0.3271 0.5865
vn -0.1444 -0.8388 0.5249
vn 0.6551 -0.5431 -0.5253
vn 0.8020 0.2585 0.5385
vn 0.1721 0.8183 -0.5484
vn 0.7881 0.1599 0.5944
vn 0.0144 0.9660 -0.2583
vn 0.5199 0.3015 0.7992
vn 0.5092 0.6353 -0.5806
vn -0.6849 -0.1670 -0.7092
vn -0.8759 -0.0238 -0.4818
vn 0.0790 0.9506 -0.3001
vn -0.0456 0.9813 -0.1870
vn -0.4183 0.8871 0.1951
vn -0.1780 0.9822 -0.0594
vn 0.0671 0.9548 -0.2896
vn 0.3058 0.8176 -0.4878
vn -0.4837 -0.2641 -0.8345
vn 0.5796 0.5296 -0.6193
vn -0.5186 -0.1661 -0.8387
vn 0.6457 0.4085 -0.6452
vn -0.7813 0.1027 -0.6157
vn 0.6510 0.2826 -0.7045
vn 0.5640 0.5388 -0.6258
vn 0.3971 0.8428 -0.3633
vn 0.2125 0.9712 -0.1077
vn 0.2137 0.9708 -0.1093
vn 0.2689 0.9455 -0.1835
vn 0.2975 0.9284 -0.2227
vn 0.3827 0.8580 -0.3425
vn -0.5939 0.1810 0.7839
vn 0.7813 -0.1027 0.6157
vn -0.6173 -0.2733 0.7377
vn -0.5580 -0.5569 0.6152
vn -0.4634 -0.7563 0.4618
vn -0.3980 -0.8418 0.3646
vn -0.3407 -0.8966 0.2828
vn -0.2538 -0.9534 0.1630
vn -0.2681 -0.9459 0.1824
vn -0.3719 -0.8706 0.3221
vn 0.6992 -0.0275 0.7144
vn -0.6030 -0.5243 0.6013
vn 0.5152 0.1682 0.8404
vn -0.5345 -0.6071 0.5880
vn 0.5373 0.2378 0.8092
vn -0.1413 -0.9245 0.3541
vn 0.6849 0.1670 0.7092
vn 0.0755 -0.9844 0.1589
vn 0.1340 -0.9857 0.1027
vn 0.3347 -0.9367 -0.1027
vn 0.3838 -0.9101 -0.1563
vn 0.3716 -0.9173 -0.1429
vn -0.3966 -0.7707 0.4987
vn 0.0196 -0.9740 0.2256
vn 0.6432 -0.0000 0.7657
vn 0.7392 0.3155 0.5950
vn 0.6554 -0.0197 0.7551
vn 0.7096 0.1647 0.6850
vn 0.5657 -0.0352 0.8239
vn 0.4599 0.4153 0.7849
vn 0.3187 0.1027 0.9423
vn 0.5276 0.4007 0.7491
vn 0.4492 0.0650 0.8911
vn 0.9525 0.1727 0.2510
vn 0.9123 -0.1272 0.3894
vn 0.7366 -0.2730 -0.6187
vn 0.7365 -0.2730 -0.6189
vn 0.8652 0.3327 0.3752
vn 0.8339 -0.0552 0.5491
vn 0.8899 0.4559 0.0155
vn 0.5576 0.6852 -0.4686
vn 0.4962 0.7297 0.4705
vn 0.4946 0.7301 0.4716
vn 0.3974 0.9154 0.0637
vn 0.1120 0.9892 -0.0940
vn -0.1669 0.9760 0.1402
vn -0.5560 0.6876 0.4671
vn -0.7648 0.0477 0.6425
vn -0.6464 -0.5361 0.5430
vn -0.3771 -0.8703 0.3168
vn -0.1114 -0.9894 0.0936
vn -0.2670 -0.9372 0.2243
vn -0.6574 -0.5126 0.5523
vn -0.4961 0.7617 0.4168
vn -0.4962 0.7617 0.4168
vn 0.5539 -0.7520 0.3572
vn 0.7883 -0.4397 0.4305
vn 0.0222 -0.5676 0.8230
vn 0.2816 -0.2610 0.9233
vn 0.1024 -0.1817 0.9780
vn -0.1728 -0.4288 0.8867
vn -0.6064 -0.6105 0.5094
vn -0.4582 -0.8013 0.3848
vn -0.1117 -0.6332 0.7658
vn -0.5488 -0.6973 0.4611
vn -0.1214 -0.9518 0.2816
vn -0.3571 -0.8845 0.3003
vn 0.0649 -0.9964 -0.0537
vn 0.7345 -0.2823 -0.6171
vn 0.6507 0.5271 -0.5466
vn 0.2590 0.9411 -0.2175
vn 0.1218 0.9873 -0.1024
vn 0.6304 0.5675 -0.5296
vn 0.7599 0.1226 -0.6384
vn 0.6979 -0.4114 -0.5862
vn 0.4528 -0.7993 -0.3951
vn 0.4968 -0.7942 -0.3501
vn 0.6461 -0.0009 0.7633
vn 0.7156 -0.0186 0.6983
vn 0.4336 -0.2826 0.8557
vn -0.4568 0.8176 0.3504
vn 0.6828 -0.4076 -0.6064
vn 0.6595 -0.4994 0.5619
vn 0.8522 -0.4404 0.2825
vn -0.5766 0.6581 0.4843
vn 0.4665 -0.1718 0.8677
vn 0.3380 -0.2942 0.8940
vn 0.7651 0.6286 -0.1394
vn 0.8483 0.4996 0.1753
vn 0.8447 0.3709 0.3859
vn -0.5377 0.7180 0.4420
vn 0.8266 0.3064 0.4721
vn -0.5899 0.6894 0.4204
vn -0.2546 -0.6237 0.7390
vn 0.6026 -0.6631 -0.4441
vn 0.5377 -0.7180 -0.4420
vn 0.4612 -0.7983 -0.3874
vn 0.4437 -0.1600 0.8818
vn 0.4648 -0.2412 0.8520
vn -0.4508 -0.7504 0.4834
vn -0.5249 -0.6276 0.5750
vn -0.7636 0.2367 0.6007
vn 0.3590 -0.9279 -0.1006
vn 0.3964 -0.9154 -0.0701
vn -0.6467 -0.0753 -0.7590
vn -0.2598 0.9408 0.2178
vn -0.5897 -0.0254 -0.8073
vn -0.5177 0.7374 0.4339
vn -0.5177 0.7373 0.4339
vn -0.6057 -0.0009 -0.7957
vn -0.6179 0.0183 -0.7861
vn -0.3925 0.8119 0.4321
vn -0.4041 0.8143 0.4167
vn -0.5852 0.1694 -0.7930
vn -0.5287 0.0130 -0.8487
vn -0.5307 0.0178 -0.8474
vn -0.4776 -0.0553 -0.8768
vn -0.4697 -0.0681 -0.8802
vn -0.6246 0.1809 -0.7597
vn -0.6220 0.1587 -0.7668
vn -0.7499 0.2354 -0.6183
vn -0.7521 0.2429 -0.6127
vn 0.5793 -0.5101 -0.6357
vn 0.5898 -0.5122 -0.6243
vn -0.3059 -0.1482 -0.9404
vn 0.6761 -0.5106 -0.5312
vn -0.0124 0.9987 -0.0493
vn 0.7131 -0.0280 0.7005
vn 0.2360 -0.9607 -0.1463
vn 0.3249 -0.9283 -0.1807
vn 0.5853 0.0695 0.8078
vn 0.2981 -0.9401 -0.1652
vn 0.7042 -0.0944 0.7037
vn -0.7450 0.2438 0.6210
vn 0.6615 -0.0446 0.7486
vn 0.1161 -0.9896 -0.0847
vn 0.3369 -0.8991 -0.2794
vn 0.0482 -0.9894 -0.1372
vn -0.5610 -0.6812 0.4703
vn -0.5610 -0.6813 0.4703
vn 0.4617 -0.7983 -0.3868
vn 0.4615 -0.7983 -0.3870
vn 0.5223 -0.7320 -0.4374
vn 0.5221 -0.7321 -0.4376
vn 0.5221 -0.7320 -0.4377
vn 0.5401 -0.7094 -0.4528
vn 0.5849 -0.6462 -0.4903
vn -0.5691 0.6697 0.4770
vn -0.5401 0.7094 0.4528
vn -0.5221 0.7321 0.4376
vn -0.5221 0.7320 0.4376
vn -0.5221 0.7320 0.4377
vn -0.5223 0.7321 0.4374
vn -0.5771 0.6581 0.4836
vn -0.5769 0.6581 0.4838
vn -0.6105 0.6046 0.5117
vn -0.4966 0.7617 0.4162
vn 0.1121 0.9892 -0.0940
vn 0.2156 0.9596 -0.1808
vn 0.1632 0.9771 -0.1368
vn 0.5581 0.6852 -0.4680
vn 0.1431 -0.9824 -0.1200
vn 0.4227 -0.8591 -0.2885
vn -0.4585 -0.8012 0.3844
vn -0.6069 -0.6105 0.5088
vn -0.5492 -0.6973 0.4606
vn 0.6309 0.5675 -0.5291
vn 0.6306 0.5675 -0.5294
vn 0.7604 0.1226 -0.6377
vn 0.7602 0.1226 -0.6381
vn 0.6985 -0.4114 -0.5855
vn 0.4690 -0.7909 -0.3931
vn 0.3354 -0.8991 -0.2812
vn 0.0925 -0.9927 -0.0775
vn 0.6637 -0.0488 0.7464
vn 0.6623 -0.0461 0.7478
vn 0.7039 -0.0747 0.7064
vn 0.7005 -0.0680 0.7104
vn 0.5624 0.1609 0.8111
vn 0.6002 0.0457 0.7986
vn 0.8142 -0.0640 0.5770
vn 0.4148 -0.8657 -0.2801
vn -0.3462 -0.0655 -0.9359
vn -0.0562 0.9978 -0.0348
vn -0.4289 0.8572 0.2852
vn -0.2047 0.9646 0.1664
vn -0.3719 0.8577 0.3551
vn 0.7818 -0.5896 0.2030
vn 0.3587 -0.8875 -0.2892
vn -0.6278 0.3688 -0.6855
vn -0.2680 0.9515 0.1508
vn -0.2282 0.9520 0.2040
vn -0.6248 0.1645 -0.7633
vn -0.7471 0.4502 -0.4891
vn 0.7071 -0.3990 -0.5838
vn -0.4557 -0.0899 -0.8856
vn 0.6772 0.5231 -0.5175
vn -0.5332 0.0240 -0.8456
vn 0.6324 0.6545 -0.4145
vn -0.6533 -0.0250 -0.7567
vn -0.6742 -0.0188 -0.7383
vn -0.4489 0.3271 -0.8315
vn -0.5420 -0.8388 0.0510
vn 0.6310 -0.5431 -0.5539
vn -0.3911 0.2585 -0.8833
vn 0.5700 0.8183 -0.0743
vn -0.4486 0.1599 -0.8793
vn 0.2568 0.9660 0.0306
vn 0.6602 0.6353 -0.4006
vn -0.6968 0.3015 -0.6508
vn 0.3224 -0.0238 0.9463
vn 0.5795 -0.1670 0.7977
vn 0.3092 0.9506 -0.0256
vn 0.1762 0.9813 0.0774
vn -0.2647 0.8871 0.3780
vn 0.0275 0.9822 0.1856
vn 0.2968 0.9548 -0.0158
vn 0.5335 0.8176 -0.2164
vn 0.7378 -0.2641 0.6212
vn 0.7106 0.5296 -0.4633
vn 0.7359 -0.1661 0.6564
vn 0.7475 0.4085 -0.5238
vn 0.4706 0.1027 0.8763
vn 0.8069 0.2826 -0.5187
vn 0.7142 0.5388 -0.4468
vn 0.4267 0.8428 -0.3280
vn 0.1429 0.9712 -0.1906
vn 0.1447 0.9708 -0.1915
vn 0.2274 0.9455 -0.2330
vn 0.2710 0.9284 -0.2543
vn 0.4038 0.8580 -0.3174
vn -0.8751 0.1810 0.4488
vn -0.4706 -0.1027 -0.8763
vn -0.8337 -0.2733 0.4798
vn -0.7028 -0.5569 0.4427
vn -0.5353 -0.7563 0.3761
vn -0.4281 -0.8418 0.3286
vn -0.3376 -0.8966 0.2864
vn -0.2046 -0.9534 0.2216
vn -0.2262 -0.9459 0.2324
vn -0.3817 -0.8706 0.3103
vn -0.5821 -0.0275 -0.8126
vn -0.6969 -0.5243 0.4894
vn -0.7382 0.1682 -0.6533
vn -0.6719 -0.6071 0.4243
vn -0.7036 0.2378 -0.6697
vn -0.3733 -0.9244 0.0777
vn -0.5795 0.1670 -0.7977
vn -0.1433 -0.9844 -0.1019
vn -0.0779 -0.9857 -0.1498
vn 0.1592 -0.9367 -0.3118
vn 0.2206 -0.9101 -0.3508
vn 0.2052 -0.9173 -0.3411
vn -0.5600 -0.7707 0.3040
vn -0.2188 -0.9740 -0.0585
vn -0.4576 0.3155 -0.8313
vn -0.6424 -0.0000 -0.7664
vn -0.6298 -0.0197 -0.7765
vn -0.5514 0.1647 -0.8178
vn -0.7131 -0.0352 -0.7002
vn -0.6931 0.4153 -0.5892
vn -0.8726 0.1027 -0.4775
vn -0.6461 0.4007 -0.6496
vn -0.7995 0.0650 -0.5971
vn -0.0818 0.1727 -0.9816
vn -0.2250 -0.1272 -0.9660
vn 0.7372 -0.2730 -0.6180
vn 0.7373 -0.2730 -0.6180
vn 0.7374 -0.2730 -0.6179
vn -0.1227 0.4649 -0.8768
vn -0.4446 -0.0617 -0.8936
vn 0.5583 0.6852 -0.4678
vn 0.1392 0.4559 -0.8791
vn -0.3772 0.7297 -0.5703
vn -0.3785 0.7301 -0.5690
vn -0.0043 0.9025 -0.4306
vn -0.1670 0.9760 0.1400
vn -0.1671 0.9760 0.1400
vn -0.5565 0.6876 0.4664
vn -0.5566 0.6876 0.4664
vn -0.7655 0.0477 0.6416
vn -0.7656 0.0476 0.6415
vn -0.6470 -0.5361 0.5423
vn -0.6470 -0.5361 0.5422
vn -0.3774 -0.8703 0.3164
vn -0.3775 -0.8703 0.3163
vn -0.1115 -0.9894 0.0935
vn -0.1115 -0.9894 0.0934
vn -0.2673 -0.9372 0.2240
vn -0.6580 -0.5126 0.5516
vn -0.6581 -0.5126 0.5515
vn 0.7374 -0.2730 -0.6178
vn -0.2556 -0.7520 -0.6075
vn -0.2871 -0.4397 -0.8510
vn -0.8604 -0.2610 -0.4376
vn -0.8066 -0.5676 -0.1647
vn -0.9032 -0.4288 0.0162
vn -0.9454 -0.1817 -0.2707
vn -0.4585 -0.8013 0.3844
vn -0.7736 -0.6332 -0.0230
vn -0.5494 -0.6973 0.4604
vn -0.2921 -0.9550 0.0507
vn -0.3577 -0.8845 0.2996
vn 0.0640 -0.9964 -0.0547
vn 0.7352 -0.2823 -0.6162
vn 0.7353 -0.2823 -0.6161
vn 0.6513 0.5271 -0.5459
vn 0.6514 0.5271 -0.5458
vn 0.2592 0.9411 -0.2173
vn 0.2592 0.9411 -0.2172
vn 0.1220 0.9873 -0.1022
vn 0.6310 0.5675 -0.5289
vn 0.6311 0.5675 -0.5288
vn 0.7606 0.1226 -0.6375
vn 0.6984 -0.4114 -0.5856
vn 0.4677 -0.7993 -0.3773
vn 0.4310 -0.7942 -0.4284
vn -0.6395 -0.0009 -0.7688
vn -0.5634 -0.0186 -0.8260
vn -0.7674 -0.2826 -0.5755
vn -0.4244 0.8176 0.3890
vn 0.7157 -0.4076 -0.5671
vn -0.4388 -0.4994 -0.7470
vn -0.2317 -0.4215 -0.8767
vn -0.5770 0.6581 0.4837
vn -0.8217 -0.2942 -0.4881
vn -0.7735 -0.1718 -0.6101
vn 0.2701 0.6286 -0.7293
vn -0.0253 0.4996 -0.8659
vn -0.2333 0.3709 -0.8989
vn -0.5286 0.7180 0.4528
vn -0.3214 0.3064 -0.8960
vn -0.5165 0.6894 0.5080
vn -0.7720 -0.6237 0.1224
vn 0.5420 -0.6631 -0.5164
vn 0.5286 -0.7180 -0.4528
vn 0.4616 -0.7983 -0.3869
vn -0.7913 -0.1600 -0.5901
vn -0.7583 -0.2412 -0.6056
vn -0.5543 -0.7504 0.3600
vn -0.6574 -0.6276 0.4171
vn -0.7242 0.2367 0.6477
vn 0.1614 -0.9279 -0.3361
vn 0.1379 -0.9154 -0.3782
vt 0.177298 0.166366
vt 0.180585 0.208505
vt 0.172916 0.208640
vt 0.163313 0.167265
vt 0.444075 0.889254
vt 0.459967 0.920168
vt 0.448848 0.921385
vt 0.429229 0.895417
vt 0.051363 0.813214
vt 0.068563 0.816072
vt 0.066951 0.820011
vt 0.049012 0.818257
vt 0.444404 0.865565
vt 0.428950 0.864238
vt 0.177004 0.151220
vt 0.165211 0.152508
vt 0.179649 0.136072
vt 0.162919 0.136601
vt 0.162959 0.132411
vt 0.180093 0.131871
vt 0.173880 0.104042
vt 0.183263 0.104846
vt 0.449518 0.851183
vt 0.439101 0.854506
vt 0.446556 0.834687
vt 0.450664 0.831941
vt 0.383838 0.908541
vt 0.388099 0.911571
vt 0.382905 0.922596
vt 0.379731 0.920265
vt 0.471292 0.918959
vt 0.482875 0.917850
vt 0.499602 0.925848
vt 0.488250 0.930671
vt 0.395753 0.891766
vt 0.400031 0.894807
vt 0.513999 0.925064
vt 0.503432 0.931787
vt 0.546770 0.916071
vt 0.541815 0.921769
vt 0.360395 0.951501
vt 0.357856 0.947585
vt 0.346252 0.959056
vt 0.349896 0.962632
vt 0.342113 0.968868
vt 0.338300 0.964827
vt 0.572016 0.917889
vt 0.565825 0.922314
vt 0.587672 0.928116
vt 0.580777 0.931916
vt 0.587846 0.949858
vt 0.597656 0.949630
vt 0.590965 0.964140
vt 0.582211 0.962932
vt 0.335871 0.972939
vt 0.331937 0.969005
vt 0.328034 0.971847
vt 0.332101 0.975142
vt 0.329170 0.977518
vt 0.326328 0.974442
vt 0.575007 0.978844
vt 0.569578 0.973045
vt 0.295300 0.793951
vt 0.289343 0.794931
vt 0.290888 0.784532
vt 0.297331 0.783709
vt 0.557354 0.979547
vt 0.556200 0.974242
vt 0.328023 0.979547
vt 0.324292 0.977607
vt 0.558262 0.962352
vt 0.563853 0.967286
vt 0.554825 0.968118
vt 0.553855 0.962796
vt 0.565012 0.959900
vt 0.573680 0.961432
vt 0.569413 0.941879
vt 0.574973 0.937010
vt 0.579747 0.952423
vt 0.572041 0.955419
vt 0.555995 0.931171
vt 0.560664 0.926694
vt 0.532801 0.932332
vt 0.537433 0.926966
vt 0.484477 0.947674
vt 0.494730 0.939131
vt 0.468686 0.941959
vt 0.478322 0.936410
vt 0.479358 0.844457
vt 0.461670 0.848257
vt 0.455842 0.828185
vt 0.462487 0.825851
vt 0.178939 0.091280
vt 0.186883 0.092580
vt 0.478359 0.863357
vt 0.474475 0.877185
vt 0.458321 0.882760
vt 0.461169 0.864634
vt 0.480513 0.848281
vt 0.461726 0.851499
vt 0.297935 0.500764
vt 0.298106 0.484226
vt 0.302200 0.484375
vt 0.302583 0.500924
vt 0.137836 0.384622
vt 0.153735 0.389970
vt 0.150849 0.396061
vt 0.136581 0.388075
vt 0.614818 0.016974
vt 0.575159 0.014826
vt 0.578481 0.004036
vt 0.614905 0.000623
vt 0.617363 0.025534
vt 0.578710 0.023940
vt 0.292010 0.349386
vt 0.281553 0.354829
vt 0.279805 0.351600
vt 0.288092 0.343933
vt 0.248887 0.371525
vt 0.247228 0.368247
vt 0.169074 0.392227
vt 0.159638 0.394475
vt 0.293792 0.335984
vt 0.297617 0.338408
vt 0.553492 0.369761
vt 0.516793 0.375397
vt 0.515020 0.359993
vt 0.555266 0.357563
vt 0.452942 0.816856
vt 0.457209 0.815377
vt 0.450315 0.809382
vt 0.454566 0.807888
vt 0.180381 0.082097
vt 0.188406 0.083435
vt 0.162246 0.070710
vt 0.183266 0.074212
vt 0.444247 0.792121
vt 0.448499 0.790627
vt 0.444161 0.778285
vt 0.439909 0.779780
vt 0.435281 0.766612
vt 0.439532 0.765117
vt 0.152881 0.058597
vt 0.181286 0.063330
vt 0.146354 0.043622
vt 0.180922 0.047477
vt 0.136581 0.012800
vt 0.183846 0.000623
vt 0.425529 0.740766
vt 0.430967 0.738854
vt 0.530109 0.779431
vt 0.485844 0.764691
vt 0.508514 0.705572
vt 0.559325 0.747188
vt 0.189487 0.048907
vt 0.194799 0.002455
vt 0.236710 0.457299
vt 0.243433 0.457805
vt 0.245099 0.506550
vt 0.238376 0.506044
vt 0.513592 0.794024
vt 0.476599 0.783630
vt 0.188387 0.064514
vt 0.188521 0.075088
vt 0.466555 0.806045
vt 0.457715 0.802362
vt 0.468142 0.795345
vt 0.495170 0.803391
vt 0.190413 0.083769
vt 0.188889 0.092915
vt 0.449005 0.821336
vt 0.453996 0.811158
vt 0.461041 0.815596
vt 0.444724 0.825655
vt 0.185934 0.105188
vt 0.284355 0.795990
vt 0.284885 0.785466
vt 0.185998 0.365389
vt 0.193419 0.367799
vt 0.187207 0.380456
vt 0.181036 0.378615
vt 0.325174 0.973419
vt 0.322977 0.976251
vt 0.300470 0.793469
vt 0.302597 0.783202
vt 0.310816 0.794826
vt 0.307654 0.793570
vt 0.310479 0.782998
vt 0.314101 0.783915
vt 0.182822 0.348106
vt 0.188825 0.348731
vt 0.178098 0.335677
vt 0.183158 0.334916
vt 0.331041 0.968162
vt 0.327041 0.971040
vt 0.177529 0.315624
vt 0.184035 0.314913
vt 0.337443 0.963919
vt 0.175522 0.299385
vt 0.183075 0.299230
vt 0.176818 0.275916
vt 0.183650 0.275716
vt 0.357294 0.946643
vt 0.345290 0.958130
vt 0.378795 0.919510
vt 0.172539 0.226750
vt 0.178712 0.226194
vt 0.180539 0.239909
vt 0.174343 0.241086
vt 0.394684 0.891007
vt 0.382774 0.907785
vt 0.182728 0.131686
vt 0.440650 0.829719
vt 0.047196 0.792779
vt 0.043918 0.794165
vt 0.012701 0.778354
vt 0.015983 0.778322
vt 0.182280 0.135806
vt 0.431299 0.849461
vt 0.180223 0.151004
vt 0.180723 0.166111
vt 0.432055 0.863444
vt 0.419979 0.882488
vt 0.410658 0.876019
vt 0.424777 0.858957
vt 0.182521 0.208479
vt 0.318681 0.822481
vt 0.310335 0.822856
vt 0.310627 0.814793
vt 0.319485 0.813727
vt 0.311106 0.774773
vt 0.314825 0.774557
vt 0.303086 0.775393
vt 0.291477 0.775922
vt 0.297925 0.775751
vt 0.315922 0.831361
vt 0.309241 0.831583
vt 0.310822 0.798348
vt 0.316014 0.797481
vt 0.309642 0.759910
vt 0.312377 0.758885
vt 0.303996 0.760638
vt 0.295402 0.760407
vt 0.299924 0.760740
vt 0.285278 0.775622
vt 0.102327 0.772909
vt 0.106040 0.771556
vt 0.109449 0.771659
vt 0.099783 0.775181
vt 0.291630 0.759601
vt 0.306758 0.814474
vt 0.308366 0.797784
vt 0.302535 0.814072
vt 0.305899 0.797236
vt 0.114145 0.773422
vt 0.115427 0.775314
vt 0.111096 0.775633
vt 0.099726 0.778186
vt 0.112887 0.789838
vt 0.110138 0.790721
vt 0.099686 0.776423
vt 0.099861 0.775899
vt 0.097147 0.782075
vt 0.091427 0.778283
vt 0.092625 0.776389
vt 0.094702 0.774544
vt 0.095735 0.807383
vt 0.094138 0.804785
vt 0.109618 0.797965
vt 0.110180 0.798381
vt 0.306462 0.823022
vt 0.302535 0.823129
vt 0.319222 0.774270
vt 0.315144 0.757942
vt 0.318088 0.784839
vt 0.184289 0.165887
vt 0.184457 0.208452
vt 0.408272 0.874478
vt 0.393615 0.890248
vt 0.405908 0.872916
vt 0.419436 0.857862
vt 0.417087 0.856274
vt 0.183533 0.150863
vt 0.428069 0.845220
vt 0.439064 0.828369
vt 0.425714 0.843578
vt 0.437399 0.827014
vt 0.185173 0.135656
vt 0.185618 0.131646
vt 0.429924 0.851461
vt 0.426248 0.847876
vt 0.423885 0.846260
vt 0.443034 0.824135
vt 0.441334 0.822642
vt 0.188824 0.105638
vt 0.381708 0.907029
vt 0.377784 0.918688
vt 0.180495 0.225966
vt 0.182411 0.225851
vt 0.186404 0.208422
vt 0.184226 0.225769
vt 0.182295 0.239515
vt 0.185625 0.275574
vt 0.422500 0.435496
vt 0.424147 0.435338
vt 0.425514 0.471551
vt 0.423630 0.471502
vt 0.613954 0.803698
vt 0.613735 0.801985
vt 0.650121 0.801066
vt 0.650182 0.802809
vt 0.656306 0.686105
vt 0.600386 0.804124
vt 0.614028 0.805352
vt 0.600362 0.802310
vt 0.891126 0.872048
vt 0.892187 0.871304
vt 0.912455 0.898961
vt 0.911294 0.899365
vt 0.344227 0.957094
vt 0.336603 0.963042
vt 0.919775 0.914131
vt 0.918480 0.914766
vt 0.184951 0.299282
vt 0.424396 0.495126
vt 0.422500 0.495054
vt 0.673812 0.803431
vt 0.673646 0.805352
vt 0.184951 0.299341
vt 0.185708 0.314668
vt 0.186860 0.299437
vt 0.187428 0.314424
vt 0.309099 0.459334
vt 0.310998 0.459666
vt 0.309379 0.474143
vt 0.307698 0.474157
vt 0.921548 0.923850
vt 0.922739 0.923345
vt 0.924239 0.930933
vt 0.922967 0.931508
vt 0.330079 0.967252
vt 0.184486 0.334627
vt 0.185872 0.334316
vt 0.305313 0.493450
vt 0.303829 0.493582
vt 0.925360 0.935829
vt 0.924266 0.936461
vt 0.326057 0.970247
vt 0.190749 0.348778
vt 0.192846 0.348852
vt 0.310998 0.509219
vt 0.308779 0.508820
vt 0.195273 0.368402
vt 0.192847 0.348804
vt 0.197127 0.369004
vt 0.150004 0.344931
vt 0.152030 0.345889
vt 0.147223 0.366165
vt 0.145791 0.364879
vt 0.313961 0.795990
vt 0.324072 0.972446
vt 0.321638 0.974942
vt 0.190012 0.381367
vt 0.192817 0.382278
vt 0.190895 0.093249
vt 0.447065 0.819723
vt 0.445132 0.818250
vt 0.452300 0.810283
vt 0.455582 0.801700
vt 0.450645 0.809483
vt 0.453500 0.801083
vt 0.192419 0.084103
vt 0.461820 0.793396
vt 0.467526 0.781151
vt 0.455532 0.791776
vt 0.458472 0.778854
vt 0.193776 0.075964
vt 0.195487 0.065698
vt 0.198050 0.050337
vt 0.474661 0.761708
vt 0.463458 0.758784
vt 0.244266 0.517617
vt 0.237543 0.517110
vt 0.243433 0.528683
vt 0.236710 0.528177
vt 0.205751 0.004287
vt 0.494073 0.701717
vt 0.479638 0.697877
vt 0.306134 0.831786
vt 0.303034 0.831962
vt 0.088627 0.775451
vt 0.090006 0.774429
vt 0.093075 0.786122
vt 0.091991 0.787139
vt 0.088357 0.783214
vt 0.089511 0.782765
vt 0.100173 0.774331
vt 0.094537 0.773241
vt 0.088144 0.774610
vt 0.089420 0.773878
vt 0.086617 0.778413
vt 0.086703 0.776947
vt 0.087669 0.777004
vt 0.087365 0.778688
vt 0.088136 0.776222
vt 0.090228 0.780145
vt 0.113892 0.789733
vt 0.114404 0.790085
vt 0.113457 0.790842
vt 0.110594 0.797060
vt 0.109286 0.796850
vt 0.110694 0.793644
vt 0.109218 0.793602
vt 0.117965 0.775940
vt 0.109711 0.792131
vt 0.640811 0.824790
vt 0.636533 0.840194
vt 0.633634 0.838167
vt 0.637050 0.822590
vt 0.648710 0.808476
vt 0.645004 0.806598
vt 0.293994 0.518309
vt 0.297388 0.518404
vt 0.077145 0.823286
vt 0.083175 0.829639
vt 0.081725 0.832737
vt 0.075671 0.826703
vt 0.036994 0.805947
vt 0.034826 0.810712
vt 0.298803 0.452007
vt 0.302583 0.452059
vt 0.004040 0.769321
vt 0.048769 0.728599
vt 0.053396 0.733598
vt 0.297804 0.397896
vt 0.299873 0.397932
vt 0.004182 0.793583
vt 0.006235 0.789210
vt 0.641349 0.843569
vt 0.647444 0.847835
vt 0.615534 0.852571
vt 0.608839 0.850955
vt 0.285533 0.484606
vt 0.287170 0.452234
vt 0.637390 0.900322
vt 0.641091 0.900296
vt 0.658531 0.909543
vt 0.651314 0.908851
vt 0.291404 0.397865
vt 0.291679 0.377894
vt 0.296831 0.377863
vt 0.000623 0.765942
vt 0.046914 0.726720
vt 0.055070 0.733758
vt 0.306986 0.566362
vt 0.306491 0.559509
vt 0.313833 0.562102
vt 0.313139 0.564241
vt 0.095432 0.562905
vt 0.092543 0.561406
vt 0.093880 0.558638
vt 0.096527 0.560157
vt 0.298816 0.378184
vt 0.058730 0.719565
vt 0.064017 0.725653
vt 0.056629 0.717253
vt 0.067340 0.725808
vt 0.061629 0.734593
vt 0.057933 0.734107
vt 0.072833 0.725929
vt 0.079624 0.724754
vt 0.314324 0.584393
vt 0.315438 0.576122
vt 0.317886 0.583771
vt 0.317497 0.588570
vt 0.309853 0.589457
vt 0.309662 0.586906
vt 0.603547 0.849681
vt 0.634465 0.900342
vt 0.028342 0.778117
vt 0.021435 0.778243
vt 0.646245 0.908699
vt 0.071991 0.818603
vt 0.070459 0.822317
vt 0.661758 0.816276
vt 0.655016 0.833163
vt 0.647007 0.828484
vt 0.654561 0.811828
vt 0.420877 0.850691
vt 0.423233 0.852294
vt 0.427647 0.854776
vt 0.181448 0.142544
vt 0.184521 0.142357
vt 0.178662 0.142830
vt 0.059553 0.787596
vt 0.052647 0.790485
vt 0.461681 0.857163
vt 0.479644 0.855233
vt 0.165349 0.143849
vt 0.306491 0.590053
vt 0.306527 0.586783
vt 0.307274 0.574233
vt 0.081204 0.720506
vt 0.083175 0.720628
vt 0.292964 0.372771
vt 0.295274 0.372789
vt 0.319668 0.583104
vt 0.318901 0.588195
vt 0.297969 0.373398
vt 0.299203 0.373598
vt 0.318479 0.575450
vt 0.661758 0.912812
vt 0.657272 0.912382
vt 0.600362 0.848915
vt 0.632705 0.900354
vt 0.643194 0.908607
vt 0.316443 0.570484
vt 0.319329 0.570572
vt 0.309560 0.568398
vt 0.315149 0.563470
vt 0.313344 0.563937
vt 0.096527 0.571382
vt 0.095082 0.570633
vt 0.512731 0.377186
vt 0.554634 0.381164
vt 0.550206 0.390423
vt 0.504410 0.382960
vt 0.621610 0.031220
vt 0.580012 0.033555
vt 0.166304 0.396912
vt 0.168229 0.396585
vt 0.296444 0.326651
vt 0.298558 0.326987
vt 0.170269 0.406211
vt 0.172106 0.405941
vt 0.177098 0.418738
vt 0.175274 0.418951
vt 0.298295 0.316682
vt 0.300252 0.316864
vt 0.629660 0.037336
vt 0.583764 0.042974
vt 0.587531 0.050440
vt 0.638698 0.047616
vt 0.647516 0.058097
vt 0.602821 0.067009
vt 0.546127 0.397761
vt 0.495004 0.392971
vt 0.300240 0.308549
vt 0.302186 0.308694
vt 0.297668 0.286537
vt 0.295527 0.286502
vt 0.295820 0.268682
vt 0.297961 0.268717
vt 0.530224 0.413837
vt 0.485938 0.403075
vt 0.175937 0.432264
vt 0.173818 0.432571
vt 0.615315 0.079718
vt 0.655949 0.067809
vt 0.667750 0.083864
vt 0.621841 0.093655
vt 0.177781 0.444993
vt 0.175662 0.445300
vt 0.517212 0.426016
vt 0.477109 0.412429
vt 0.673793 0.101232
vt 0.623595 0.111681
vt 0.510113 0.439670
vt 0.464651 0.427979
vt 0.296073 0.253295
vt 0.298214 0.253331
vt 0.180637 0.464713
vt 0.178518 0.465020
vt 0.298512 0.235221
vt 0.296371 0.235186
vt 0.301433 0.207861
vt 0.310654 0.205918
vt 0.507611 0.457608
vt 0.457890 0.445081
vt 0.183273 0.482913
vt 0.181154 0.483220
vt 0.191610 0.506142
vt 0.201782 0.506096
vt 0.235464 0.544836
vt 0.226245 0.543492
vt 0.670298 0.126183
vt 0.616681 0.138598
vt 0.518012 0.487574
vt 0.464875 0.473913
vt 0.593421 0.174398
vt 0.650930 0.173294
vt 0.648654 0.183516
vt 0.581506 0.183565
vt 0.540686 0.525027
vt 0.483254 0.521844
vt 0.311633 0.166405
vt 0.320393 0.163233
vt 0.314845 0.150564
vt 0.312884 0.151423
vt 0.307453 0.139021
vt 0.309415 0.138162
vt 0.549619 0.535585
vt 0.482504 0.533466
vt 0.229639 0.554922
vt 0.227785 0.553851
vt 0.575482 0.195690
vt 0.651967 0.198133
vt 0.656020 0.214127
vt 0.575159 0.209937
vt 0.222145 0.567901
vt 0.220290 0.566830
vt 0.555266 0.547890
vt 0.478742 0.547974
vt 0.474198 0.563835
vt 0.555149 0.562140
vt 0.545138 0.589537
vt 0.471658 0.584834
vt 0.301737 0.125967
vt 0.303699 0.125108
vt 0.213894 0.582189
vt 0.212040 0.581118
vt 0.291999 0.098388
vt 0.290037 0.099247
vt 0.281201 0.079066
vt 0.283162 0.078207
vt 0.203317 0.600506
vt 0.201462 0.599436
vt 0.657911 0.235194
vt 0.584321 0.237631
vt 0.591198 0.258560
vt 0.657361 0.257723
vt 0.652544 0.285840
vt 0.597458 0.286356
vt 0.192047 0.620022
vt 0.190193 0.618951
vt 0.537619 0.610245
vt 0.471514 0.607369
vt 0.271734 0.052108
vt 0.269772 0.052966
vt 0.257869 0.025782
vt 0.259830 0.024924
vt 0.530507 0.637835
vt 0.475462 0.635621
vt 0.177782 0.644725
vt 0.175928 0.643655
vt 0.247228 0.001482
vt 0.249190 0.000623
vt 0.161291 0.673284
vt 0.159437 0.672213
vt 0.638518 0.315686
vt 0.602480 0.315604
vt 0.524586 0.666914
vt 0.488562 0.665886
vt 0.147404 0.697334
vt 0.138436 0.712865
vt 0.136581 0.711795
vt 0.145549 0.696263
vt 0.619483 0.335909
vt 0.602663 0.342132
vt 0.523585 0.693424
vt 0.506964 0.686686
vt 0.186309 0.165656
vt 0.200008 0.168388
vt 0.185040 0.207996
vt 0.177488 0.206848
vt 0.818924 0.848934
vt 0.833689 0.853875
vt 0.816511 0.880290
vt 0.805725 0.879881
vt 0.298782 0.570412
vt 0.304287 0.570718
vt 0.297364 0.587189
vt 0.293175 0.586739
vt 0.816996 0.826050
vt 0.831844 0.823720
vt 0.188582 0.150737
vt 0.200074 0.153546
vt 0.187918 0.135424
vt 0.188018 0.131239
vt 0.204896 0.133924
vt 0.204401 0.138085
vt 0.188239 0.104104
vt 0.197634 0.104478
vt 0.811521 0.812503
vt 0.809246 0.793417
vt 0.813522 0.795914
vt 0.822080 0.815231
vt 0.880065 0.865932
vt 0.889987 0.872853
vt 0.884840 0.876749
vt 0.875994 0.869180
vt 0.794745 0.879524
vt 0.779752 0.891965
vt 0.769135 0.889144
vt 0.783517 0.879314
vt 0.867285 0.849902
vt 0.863197 0.853164
vt 0.767393 0.896040
vt 0.756120 0.891006
vt 0.729913 0.890101
vt 0.722756 0.883961
vt 0.910332 0.899754
vt 0.905992 0.901259
vt 0.917043 0.915416
vt 0.920292 0.924388
vt 0.915623 0.926432
vt 0.911618 0.917594
vt 0.705044 0.890038
vt 0.699149 0.885440
vt 0.692185 0.898196
vt 0.685063 0.893414
vt 0.687321 0.914655
vt 0.698786 0.929486
vt 0.689030 0.929822
vt 0.675058 0.911441
vt 0.921711 0.932095
vt 0.916951 0.934382
vt 0.923175 0.937096
vt 0.924272 0.940144
vt 0.921095 0.942867
vt 0.918771 0.939534
vt 0.712396 0.939442
vt 0.707673 0.944485
vt 0.308386 0.754185
vt 0.306815 0.744139
vt 0.313069 0.745270
vt 0.313928 0.755206
vt 0.724057 0.940364
vt 0.723088 0.945013
vt 0.925920 0.943524
vt 0.921995 0.945013
vt 0.722107 0.929981
vt 0.725975 0.930311
vt 0.725195 0.934987
vt 0.717307 0.934376
vt 0.715737 0.927650
vt 0.707388 0.928671
vt 0.707423 0.909853
vt 0.707872 0.922925
vt 0.699008 0.919594
vt 0.699792 0.904126
vt 0.719323 0.901110
vt 0.711783 0.895462
vt 0.743495 0.900390
vt 0.737103 0.895548
vt 0.785133 0.908429
vt 0.776289 0.902047
vt 0.798855 0.901352
vt 0.789272 0.896681
vt 0.781537 0.807660
vt 0.797052 0.788118
vt 0.803809 0.789980
vt 0.799270 0.810294
vt 0.186181 0.091497
vt 0.194216 0.091200
vt 0.783885 0.826196
vt 0.800714 0.826275
vt 0.804703 0.843639
vt 0.788661 0.839382
vt 0.780684 0.811529
vt 0.799387 0.813483
vt 0.445575 0.378440
vt 0.450223 0.378280
vt 0.449840 0.394829
vt 0.445746 0.394978
vt 0.236710 0.530332
vt 0.240361 0.529929
vt 0.244746 0.545681
vt 0.238145 0.547044
vt 0.634152 0.359729
vt 0.634079 0.343378
vt 0.670500 0.346821
vt 0.673812 0.357613
vt 0.631600 0.368286
vt 0.670254 0.366725
vt 0.318890 0.507808
vt 0.312244 0.506850
vt 0.315218 0.495959
vt 0.318890 0.496019
vt 0.314941 0.459377
vt 0.318614 0.459334
vt 0.236710 0.562482
vt 0.241125 0.553845
vt 0.567438 0.339063
vt 0.573913 0.346395
vt 0.570567 0.352215
vt 0.563878 0.341862
vt 0.323433 0.373076
vt 0.321639 0.360880
vt 0.361888 0.363246
vt 0.360141 0.378652
vt 0.801573 0.777359
vt 0.805911 0.778535
vt 0.803684 0.769743
vt 0.808007 0.770935
vt 0.185811 0.082242
vt 0.193934 0.081917
vt 0.192055 0.073740
vt 0.213330 0.072885
vt 0.808524 0.752191
vt 0.812847 0.753384
vt 0.811985 0.739643
vt 0.815678 0.726253
vt 0.820001 0.727445
vt 0.816308 0.740835
vt 0.195373 0.063198
vt 0.224122 0.062043
vt 0.197707 0.047528
vt 0.232457 0.048009
vt 0.200641 0.000714
vt 0.245982 0.018669
vt 0.822380 0.699594
vt 0.827910 0.701119
vt 0.722358 0.744922
vt 0.689087 0.713257
vt 0.739333 0.665484
vt 0.767808 0.725962
vt 0.189039 0.047879
vt 0.189555 0.001167
vt 0.095247 0.470994
vt 0.093581 0.519740
vt 0.086858 0.520246
vt 0.088524 0.471500
vt 0.740881 0.758991
vt 0.779004 0.745185
vt 0.188187 0.063488
vt 0.186737 0.073954
vt 0.791269 0.767968
vt 0.760996 0.767407
vt 0.788795 0.756865
vt 0.800246 0.763497
vt 0.183781 0.082324
vt 0.184151 0.091578
vt 0.797679 0.777474
vt 0.804668 0.772447
vt 0.810335 0.782610
vt 0.814868 0.786758
vt 0.185546 0.104110
vt 0.318789 0.746559
vt 0.318572 0.756548
vt 0.154380 0.372601
vt 0.145533 0.383376
vt 0.140911 0.379014
vt 0.148654 0.367452
vt 0.925542 0.939271
vt 0.927382 0.942336
vt 0.303367 0.753755
vt 0.301595 0.743395
vt 0.292596 0.755349
vt 0.289790 0.743495
vt 0.293595 0.742788
vt 0.296044 0.753872
vt 0.163166 0.352567
vt 0.154183 0.346961
vt 0.156316 0.331753
vt 0.149895 0.329567
vt 0.159860 0.312326
vt 0.153852 0.310232
vt 0.163972 0.297052
vt 0.156678 0.295103
vt 0.169649 0.273889
vt 0.162317 0.272443
vt 0.179491 0.224761
vt 0.174706 0.237552
vt 0.168818 0.236760
vt 0.172310 0.223546
vt 0.868306 0.849088
vt 0.881083 0.865120
vt 0.185457 0.130737
vt 0.819153 0.790618
vt 0.100333 0.693602
vt 0.132951 0.704006
vt 0.135335 0.706251
vt 0.101812 0.696815
vt 0.185365 0.134811
vt 0.829568 0.809771
vt 0.185434 0.150110
vt 0.182960 0.164953
vt 0.829595 0.823729
vt 0.836589 0.818861
vt 0.851583 0.835057
vt 0.842665 0.842011
vt 0.175578 0.206566
vt 0.300520 0.806988
vt 0.301289 0.815718
vt 0.292445 0.814610
vt 0.292194 0.806544
vt 0.289882 0.733900
vt 0.293583 0.734392
vt 0.301579 0.735527
vt 0.306716 0.736199
vt 0.313096 0.736800
vt 0.297858 0.798134
vt 0.291206 0.797788
vt 0.297772 0.831977
vt 0.292572 0.831038
vt 0.293688 0.718879
vt 0.296192 0.719851
vt 0.301725 0.720725
vt 0.305883 0.720887
vt 0.310423 0.720974
vt 0.319222 0.736973
vt 0.087673 0.788783
vt 0.090100 0.785160
vt 0.087351 0.798023
vt 0.086617 0.793725
vt 0.314244 0.720501
vt 0.290125 0.831539
vt 0.288575 0.814910
vt 0.287682 0.832025
vt 0.284355 0.815300
vt 0.093045 0.799185
vt 0.090939 0.804473
vt 0.093972 0.785465
vt 0.093708 0.784714
vt 0.288310 0.806343
vt 0.284355 0.806208
vt 0.285533 0.733216
vt 0.291233 0.717962
vt 0.285533 0.744135
vt 0.183364 0.165488
vt 0.186975 0.165643
vt 0.853872 0.833392
vt 0.856138 0.831707
vt 0.869328 0.848274
vt 0.841843 0.817475
vt 0.844093 0.815765
vt 0.183962 0.150212
vt 0.187319 0.150367
vt 0.820668 0.789188
vt 0.832550 0.805368
vt 0.822261 0.787751
vt 0.834804 0.803603
vt 0.182691 0.134596
vt 0.182561 0.130414
vt 0.185633 0.134917
vt 0.831048 0.811685
vt 0.834509 0.807912
vt 0.836773 0.806173
vt 0.816495 0.785146
vt 0.818136 0.783570
vt 0.182624 0.104195
vt 0.882102 0.864308
vt 0.170664 0.223263
vt 0.160297 0.271860
vt 0.167297 0.236462
vt 0.424933 0.374496
vt 0.425514 0.410515
vt 0.423723 0.410303
vt 0.423270 0.374540
vt 0.319803 0.509054
vt 0.319638 0.522713
vt 0.317998 0.522935
vt 0.317998 0.509238
vt 0.425165 0.360801
vt 0.423255 0.360975
vt 0.356605 0.945670
vt 0.154804 0.294693
vt 0.425120 0.434092
vt 0.423255 0.434061
vt 0.152340 0.309640
vt 0.154790 0.294752
vt 0.150691 0.309022
vt 0.152935 0.294389
vt 0.149020 0.308416
vt 0.151115 0.294015
vt 0.148471 0.328999
vt 0.147099 0.328421
vt 0.145698 0.327823
vt 0.926752 0.938441
vt 0.149993 0.344938
vt 0.148096 0.344084
vt 0.288992 0.756696
vt 0.928862 0.941200
vt 0.138746 0.377068
vt 0.136581 0.375121
vt 0.182121 0.091659
vt 0.812225 0.780871
vt 0.814128 0.779283
vt 0.802444 0.762662
vt 0.806379 0.771447
vt 0.804594 0.761881
vt 0.808056 0.770529
vt 0.181750 0.082405
vt 0.788368 0.741883
vt 0.795296 0.754352
vt 0.797734 0.738774
vt 0.801805 0.752190
vt 0.181419 0.074168
vt 0.181001 0.063778
vt 0.180372 0.048231
vt 0.779353 0.721954
vt 0.790927 0.718007
vt 0.094414 0.530806
vt 0.087691 0.531312
vt 0.095247 0.541873
vt 0.088524 0.542379
vt 0.178469 0.001620
vt 0.754238 0.660299
vt 0.769140 0.655130
vt 0.288082 0.797496
vt 0.284932 0.797236
vt 0.110614 0.791950
vt 0.041071 0.922005
vt 0.037311 0.924205
vt 0.033895 0.908628
vt 0.036793 0.906601
vt 0.048971 0.938319
vt 0.045265 0.940197
vt 0.441634 0.360895
vt 0.445028 0.360801
vt 0.295419 0.597609
vt 0.299089 0.597934
vt 0.301495 0.606046
vt 0.298114 0.605852
vt 0.299097 0.554482
vt 0.304287 0.554762
vt 0.450223 0.427145
vt 0.446443 0.427197
vt 0.556512 0.662361
vt 0.560190 0.601508
vt 0.567092 0.601604
vt 0.569090 0.662268
vt 0.447513 0.481272
vt 0.445444 0.481308
vt 0.298237 0.519650
vt 0.303046 0.519818
vt 0.041610 0.903226
vt 0.009099 0.895840
vt 0.015794 0.894224
vt 0.047704 0.898960
vt 0.285533 0.555274
vt 0.285683 0.520449
vt 0.434810 0.426970
vt 0.433173 0.394598
vt 0.037651 0.846473
vt 0.051575 0.837943
vt 0.058791 0.837252
vt 0.041352 0.846499
vt 0.444471 0.501341
vt 0.439319 0.501311
vt 0.439044 0.481339
vt 0.569729 0.601726
vt 0.573902 0.662361
vt 0.133792 0.644413
vt 0.135335 0.645280
vt 0.087601 0.588036
vt 0.093728 0.588347
vt 0.093105 0.590390
vt 0.087947 0.593130
vt 0.089918 0.595439
vt 0.087105 0.595903
vt 0.086033 0.594075
vt 0.446456 0.501020
vt 0.559655 0.588071
vt 0.567666 0.588255
vt 0.570745 0.588382
vt 0.127636 0.631086
vt 0.130401 0.632783
vt 0.127979 0.641146
vt 0.117983 0.623871
vt 0.123040 0.628267
vt 0.131226 0.642971
vt 0.090226 0.610520
vt 0.086311 0.614462
vt 0.086577 0.609374
vt 0.090112 0.601774
vt 0.094904 0.613684
vt 0.094549 0.616547
vt 0.003807 0.897114
vt 0.034726 0.846453
vt 0.123974 0.695555
vt 0.128988 0.700275
vt 0.046506 0.838096
vt 0.293766 0.590916
vt 0.297722 0.591329
vt 0.062019 0.930519
vt 0.054822 0.934967
vt 0.047267 0.918311
vt 0.055277 0.913632
vt 0.837756 0.812144
vt 0.840012 0.810418
vt 0.833499 0.814859
vt 0.183106 0.141502
vt 0.186237 0.141777
vt 0.185290 0.141586
vt 0.188018 0.142229
vt 0.094764 0.681504
vt 0.097875 0.688261
vt 0.782038 0.818322
vt 0.799760 0.819028
vt 0.201063 0.144953
vt 0.098355 0.613765
vt 0.098502 0.617420
vt 0.098502 0.601098
vt 0.117106 0.618666
vt 0.118803 0.619554
vt 0.442914 0.506415
vt 0.440604 0.506433
vt 0.084888 0.613872
vt 0.084804 0.608411
vt 0.446843 0.505607
vt 0.445609 0.505806
vt 0.087180 0.600619
vt 0.057533 0.834413
vt 0.062019 0.833982
vt 0.000623 0.897880
vt 0.032966 0.846440
vt 0.043455 0.838188
vt 0.097048 0.595630
vt 0.093397 0.590000
vt 0.095244 0.589278
vt 0.435566 0.509870
vt 0.434369 0.517762
vt 0.433173 0.516667
vt 0.433173 0.507679
vt 0.364206 0.380435
vt 0.372536 0.386195
vt 0.326752 0.393732
vt 0.322309 0.384480
vt 0.627348 0.373969
vt 0.668944 0.376339
vt 0.241917 0.560898
vt 0.241143 0.562691
vt 0.561785 0.330595
vt 0.563854 0.330046
vt 0.005444 0.706614
vt 0.011625 0.694401
vt 0.013421 0.694785
vt 0.007248 0.707057
vt 0.559075 0.320695
vt 0.561004 0.320316
vt 0.000623 0.715500
vt 0.002509 0.716007
vt 0.665184 0.385755
vt 0.619292 0.380078
vt 0.661287 0.393185
vt 0.646126 0.409736
vt 0.601429 0.400832
vt 0.610245 0.390350
vt 0.381960 0.396189
vt 0.331112 0.400989
vt 0.556498 0.312631
vt 0.558332 0.312363
vt 0.558147 0.290294
vt 0.555712 0.272638
vt 0.557833 0.272346
vt 0.560268 0.290001
vt 0.391022 0.406297
vt 0.346732 0.417042
vt 0.011455 0.680705
vt 0.013536 0.681210
vt 0.633634 0.422448
vt 0.627111 0.436386
vt 0.581200 0.426603
vt 0.592998 0.410546
vt 0.014487 0.668206
vt 0.016568 0.668710
vt 0.399848 0.415654
vt 0.359739 0.429226
vt 0.625360 0.454413
vt 0.575159 0.443972
vt 0.412300 0.431209
vt 0.366833 0.442882
vt 0.553608 0.257394
vt 0.555730 0.257101
vt 0.019184 0.648842
vt 0.021264 0.649347
vt 0.551133 0.239452
vt 0.535553 0.211823
vt 0.544941 0.212642
vt 0.553254 0.239160
vt 0.419054 0.448314
vt 0.369328 0.460822
vt 0.023518 0.630970
vt 0.025599 0.631475
vt 0.036082 0.609131
vt 0.074074 0.575201
vt 0.083378 0.574731
vt 0.046205 0.610133
vt 0.632279 0.481328
vt 0.578659 0.468923
vt 0.412058 0.477143
vt 0.358916 0.490784
vt 0.655544 0.517124
vt 0.667461 0.526289
vt 0.600313 0.526252
vt 0.598035 0.516030
vt 0.393660 0.525067
vt 0.336228 0.528228
vt 0.520748 0.170620
vt 0.529825 0.172715
vt 0.524730 0.157376
vt 0.528628 0.144410
vt 0.530679 0.145027
vt 0.526781 0.157992
vt 0.394406 0.536690
vt 0.327291 0.538782
vt 0.076581 0.565034
vt 0.078527 0.564142
vt 0.673487 0.538413
vt 0.673812 0.552660
vt 0.592952 0.556863
vt 0.597003 0.540869
vt 0.070339 0.551408
vt 0.072285 0.550516
vt 0.398163 0.551199
vt 0.321639 0.551085
vt 0.402701 0.567062
vt 0.405232 0.588062
vt 0.331750 0.592737
vt 0.321750 0.565335
vt 0.532732 0.130763
vt 0.534782 0.131380
vt 0.063467 0.536407
vt 0.065414 0.535516
vt 0.541131 0.102830
vt 0.547475 0.081732
vt 0.549525 0.082348
vt 0.543182 0.103446
vt 0.054658 0.517177
vt 0.056605 0.516285
vt 0.664655 0.580355
vt 0.591065 0.577931
vt 0.657782 0.601286
vt 0.651527 0.629083
vt 0.596441 0.628576
vt 0.591619 0.600460
vt 0.045273 0.496689
vt 0.047219 0.495797
vt 0.405368 0.610597
vt 0.339262 0.613447
vt 0.555679 0.054447
vt 0.564224 0.026028
vt 0.566275 0.026644
vt 0.557729 0.055063
vt 0.401409 0.638847
vt 0.346364 0.641040
vt 0.033392 0.470754
vt 0.035339 0.469862
vt 0.571863 0.000623
vt 0.573913 0.001240
vt 0.019658 0.440772
vt 0.021605 0.439880
vt 0.646510 0.658332
vt 0.610472 0.658420
vt 0.388298 0.669107
vt 0.352274 0.670121
vt 0.010039 0.414631
vt 0.008092 0.415523
vt 0.000623 0.399218
vt 0.002570 0.398326
vt 0.646331 0.684859
vt 0.629510 0.678640
vt 0.369887 0.689900
vt 0.353264 0.696631
vt 0.319956 0.616078
vt 0.319956 0.610931
vt 0.316316 0.607292
vt 0.311169 0.607292
vt 0.307530 0.610931
vt 0.307530 0.616078
vt 0.311169 0.619718
vt 0.316316 0.619718
vt 0.556512 0.663607
vt 0.570522 0.663607
vt 0.570522 0.667109
vt 0.556512 0.667109
vt 0.556512 0.688124
vt 0.570522 0.688124
vt 0.570522 0.691626
vt 0.556512 0.691626
vt 0.556512 0.684621
vt 0.570522 0.684621
vt 0.088443 0.586791
vt 0.084804 0.583151
vt 0.084804 0.578004
vt 0.088443 0.574365
vt 0.093590 0.574365
vt 0.097229 0.578004
vt 0.097229 0.583151
vt 0.093590 0.586791
vt 0.556512 0.681119
vt 0.570522 0.681119
vt 0.556512 0.677617
vt 0.570522 0.677617
vt 0.556512 0.674114
vt 0.570522 0.674114
vt 0.556512 0.670612
vt 0.570522 0.670612
vt 0.455488 0.626203
vt 0.455488 0.621056
vt 0.451848 0.617417
vt 0.446701 0.617417
vt 0.443062 0.621056
vt 0.443062 0.626203
vt 0.446701 0.629842
vt 0.451848 0.629842
vt 0.740953 0.312375
vt 0.754963 0.312375
vt 0.754963 0.315877
vt 0.740953 0.315877
vt 0.740953 0.336892
vt 0.754963 0.336892
vt 0.754963 0.340395
vt 0.740953 0.340395
vt 0.740953 0.333390
vt 0.754963 0.333390
vt 0.310130 0.603724
vt 0.306491 0.600085
vt 0.306491 0.594938
vt 0.310130 0.591299
vt 0.315277 0.591299
vt 0.318917 0.594938
vt 0.318917 0.600085
vt 0.315277 0.603724
vt 0.740953 0.329887
vt 0.754963 0.329887
vt 0.740953 0.326385
vt 0.754963 0.326385
vt 0.740953 0.322882
vt 0.754963 0.322882
vt 0.740953 0.319380
vt 0.754963 0.319380
vt 0.330698 0.149262
vt 0.347374 0.149190
vt 0.347439 0.164334
vt 0.330763 0.164406
vt 0.206982 0.855343
vt 0.222309 0.846579
vt 0.235545 0.861744
vt 0.218848 0.864753
vt 0.202696 0.847625
vt 0.216943 0.839235
vt 0.330660 0.140433
vt 0.347336 0.140361
vt 0.326529 0.149280
vt 0.326594 0.164424
vt 0.326491 0.140451
vt 0.326461 0.133473
vt 0.330630 0.133456
vt 0.347306 0.133384
vt 0.330611 0.129257
vt 0.347288 0.129185
vt 0.326442 0.129275
vt 0.199303 0.841528
vt 0.212708 0.833425
vt 0.197259 0.837861
vt 0.210164 0.829928
vt 0.310170 0.427176
vt 0.304724 0.426941
vt 0.305036 0.422626
vt 0.310144 0.422850
vt 0.305553 0.415455
vt 0.310103 0.415661
vt 0.906697 0.008285
vt 0.908025 0.004080
vt 0.922295 0.009749
vt 0.921335 0.014220
vt 0.904492 0.015265
vt 0.919748 0.021650
vt 0.936055 0.018340
vt 0.935619 0.021894
vt 0.934895 0.027806
vt 0.966506 0.000623
vt 0.964952 0.003526
vt 0.962371 0.008354
vt 0.964512 0.065789
vt 0.962027 0.068557
vt 0.964162 0.077872
vt 0.962328 0.080085
vt 0.959341 0.083859
vt 0.964181 0.082052
vt 0.966203 0.079824
vt 0.961126 0.085722
vt 0.966506 0.089259
vt 0.424227 0.611531
vt 0.422408 0.609365
vt 0.425289 0.606430
vt 0.427891 0.609205
vt 0.421019 0.605875
vt 0.422301 0.604906
vt 0.424656 0.604949
vt 0.113104 0.511080
vt 0.112471 0.520637
vt 0.108535 0.520646
vt 0.105079 0.511087
vt 0.112282 0.498317
vt 0.105315 0.497701
vt 0.422878 0.594318
vt 0.114181 0.433154
vt 0.101624 0.433521
vt 0.422860 0.523909
vt 0.421019 0.520645
vt 0.115292 0.398318
vt 0.101700 0.398736
vt 0.454701 0.546196
vt 0.454184 0.542216
vt 0.042215 0.150344
vt 0.049161 0.119123
vt 0.061272 0.119118
vt 0.055789 0.150670
vt 0.064301 0.119115
vt 0.063202 0.148315
vt 0.055744 0.154213
vt 0.063152 0.153011
vt 0.049157 0.111273
vt 0.061268 0.111267
vt 0.064295 0.111265
vt 0.049153 0.103424
vt 0.061264 0.103417
vt 0.064291 0.103416
vt 0.067330 0.111263
vt 0.067333 0.119112
vt 0.067328 0.103414
vt 0.063249 0.090868
vt 0.065296 0.090866
vt 0.067327 0.090866
vt 0.063244 0.081607
vt 0.065294 0.081606
vt 0.436812 0.516946
vt 0.436812 0.507680
vt 0.438845 0.507680
vt 0.438845 0.516946
vt 0.056662 0.073368
vt 0.061983 0.073366
vt 0.067325 0.073364
vt 0.067326 0.081605
vt 0.052920 0.062974
vt 0.060110 0.062971
vt 0.067324 0.062969
vt 0.049951 0.047416
vt 0.058624 0.047415
vt 0.067326 0.047416
vt 0.045127 0.000623
vt 0.056219 0.000627
vt 0.067357 0.000630
vt 0.243433 0.433368
vt 0.244265 0.444434
vt 0.237542 0.444940
vt 0.236710 0.433873
vt 0.245102 0.455549
vt 0.238378 0.456053
vt 0.330593 0.047352
vt 0.332785 0.000678
vt 0.343883 0.000623
vt 0.339270 0.047312
vt 0.321884 0.047393
vt 0.321639 0.000733
vt 0.329181 0.062924
vt 0.336375 0.062892
vt 0.321960 0.062956
vt 0.327356 0.073334
vt 0.332680 0.073311
vt 0.322009 0.073357
vt 0.324081 0.081594
vt 0.326134 0.081586
vt 0.322048 0.081604
vt 0.324124 0.090861
vt 0.326174 0.090853
vt 0.444157 0.516946
vt 0.444157 0.507680
vt 0.446190 0.507680
vt 0.446190 0.516946
vt 0.325192 0.103413
vt 0.328221 0.103400
vt 0.322150 0.103427
vt 0.322091 0.090870
vt 0.322269 0.129293
vt 0.322288 0.133491
vt 0.322321 0.140469
vt 0.322362 0.149297
vt 0.322435 0.164442
vt 0.325181 0.201047
vt 0.321639 0.201063
vt 0.451474 0.519399
vt 0.451473 0.502124
vt 0.455017 0.502124
vt 0.455017 0.519399
vt 0.451472 0.488876
vt 0.455019 0.488876
vt 0.451471 0.452701
vt 0.455023 0.452701
vt 0.451469 0.429465
vt 0.455025 0.429464
vt 0.451469 0.415264
vt 0.455026 0.415264
vt 0.452503 0.395474
vt 0.456644 0.395474
vt 0.455024 0.380121
vt 0.451469 0.380120
vt 0.451470 0.360801
vt 0.455022 0.360801
vt 0.863534 0.639628
vt 0.875259 0.639770
vt 0.875131 0.642251
vt 0.863419 0.642622
vt 0.882317 0.639558
vt 0.882195 0.642720
vt 0.889254 0.639401
vt 0.889538 0.642846
vt 0.903053 0.638257
vt 0.903427 0.640286
vt 0.320391 0.524650
vt 0.317998 0.538028
vt 0.317998 0.524181
vt 0.092543 0.557392
vt 0.092543 0.543625
vt 0.094950 0.557000
vt 0.421275 0.513740
vt 0.423043 0.513740
vt 0.422983 0.516462
vt 0.421641 0.517020
vt 0.731791 0.328923
vt 0.725011 0.316447
vt 0.735497 0.326705
vt 0.739066 0.335149
vt 0.736453 0.336713
vt 0.739707 0.341002
vt 0.739706 0.341003
vt 0.738189 0.341911
vt 0.733839 0.338277
vt 0.520981 0.353660
vt 0.522512 0.353461
vt 0.522512 0.355867
vt 0.520748 0.355742
vt 0.239345 0.564252
vt 0.236710 0.570868
vt 0.236710 0.563937
vt 0.420300 0.360880
vt 0.421719 0.367396
vt 0.420300 0.368002
vt 0.430902 0.508114
vt 0.430902 0.516734
vt 0.428279 0.516325
vt 0.426760 0.510469
vt 0.089296 0.560835
vt 0.088185 0.569351
vt 0.086858 0.560835
vt 0.303373 0.689660
vt 0.307527 0.674357
vt 0.309997 0.675121
vt 0.307574 0.690204
vt 0.303373 0.699540
vt 0.307271 0.699249
vt 0.305057 0.710536
vt 0.308163 0.710094
vt 0.305826 0.716311
vt 0.308215 0.715992
vt 0.428379 0.365468
vt 0.429348 0.360801
vt 0.431614 0.360802
vt 0.431927 0.365468
vt 0.427081 0.360801
vt 0.430895 0.372934
vt 0.426760 0.372933
vt 0.428373 0.384341
vt 0.431927 0.384342
vt 0.428371 0.398783
vt 0.431923 0.398784
vt 0.428369 0.424204
vt 0.431918 0.424205
vt 0.428367 0.475160
vt 0.431906 0.475161
vt 0.316752 0.539486
vt 0.315784 0.556851
vt 0.312244 0.556851
vt 0.312245 0.539487
vt 0.315447 0.509054
vt 0.312245 0.509054
vt 0.429031 0.476505
vt 0.426760 0.506868
vt 0.426760 0.476407
vt 0.062398 0.201004
vt 0.066538 0.201078
vt 0.066591 0.233703
vt 0.063387 0.233646
vt 0.062944 0.170737
vt 0.067095 0.170799
vt 0.063061 0.160837
vt 0.067221 0.160886
vt 0.067314 0.153051
vt 0.067357 0.148330
vt 0.055673 0.160099
vt 0.055586 0.167547
vt 0.456644 0.561178
vt 0.429737 0.536087
vt 0.425917 0.529307
vt 0.455556 0.552806
vt 0.427672 0.599462
vt 0.425366 0.596920
vt 0.430436 0.612849
vt 0.429970 0.615634
vt 0.428787 0.616171
vt 0.426067 0.615266
vt 0.565468 0.467078
vt 0.563924 0.471571
vt 0.561572 0.471569
vt 0.560313 0.466970
vt 0.566745 0.447040
vt 0.560339 0.446981
vt 0.568817 0.447057
vt 0.567458 0.466787
vt 0.567157 0.471469
vt 0.959879 0.091441
vt 0.956222 0.093076
vt 0.957348 0.089755
vt 0.955231 0.089109
vt 0.573182 0.390341
vt 0.569403 0.390309
vt 0.557773 0.389960
vt 0.959656 0.071274
vt 0.959112 0.014467
vt 0.573182 0.357988
vt 0.569084 0.358089
vt 0.933979 0.035293
vt 0.309930 0.389373
vt 0.305295 0.389214
vt 0.306810 0.372771
vt 0.310895 0.372903
vt 0.917750 0.031051
vt 0.310052 0.406565
vt 0.306204 0.406382
vt 0.901704 0.024091
vt 0.237295 0.838158
vt 0.250057 0.827703
vt 0.268941 0.855747
vt 0.252245 0.858746
vt 0.272539 0.890800
vt 0.261047 0.893427
vt 0.441642 0.634391
vt 0.437968 0.634396
vt 0.436585 0.617417
vt 0.441752 0.617429
vt 0.441816 0.670168
vt 0.438142 0.670172
vt 0.421019 0.632682
vt 0.426277 0.669360
vt 0.441700 0.681956
vt 0.436532 0.681956
vt 0.848791 0.296785
vt 0.844304 0.305061
vt 0.807508 0.309416
vt 0.811842 0.300712
vt 0.489319 0.009561
vt 0.493569 0.000815
vt 0.498733 0.000623
vt 0.492998 0.009174
vt 0.848347 0.292518
vt 0.809286 0.291550
vt 0.494293 0.018335
vt 0.492173 0.018634
vt 0.765820 0.297639
vt 0.765943 0.293723
vt 0.804995 0.292456
vt 0.802781 0.301440
vt 0.806262 0.311129
vt 0.769627 0.305582
vt 0.757017 0.288030
vt 0.801712 0.283715
vt 0.495600 0.027581
vt 0.493480 0.027880
vt 0.745573 0.281041
vt 0.797830 0.277096
vt 0.496674 0.035178
vt 0.494554 0.035478
vt 0.736888 0.274766
vt 0.782051 0.268650
vt 0.499179 0.052899
vt 0.497059 0.053199
vt 0.729076 0.264548
vt 0.770371 0.255188
vt 0.501674 0.070546
vt 0.499554 0.070846
vt 0.718296 0.247791
vt 0.764725 0.240873
vt 0.503828 0.085783
vt 0.501708 0.086083
vt 0.713344 0.230080
vt 0.764095 0.222772
vt 0.506363 0.103717
vt 0.504243 0.104016
vt 0.720752 0.205380
vt 0.774526 0.197245
vt 0.515141 0.129858
vt 0.511385 0.129958
vt 0.734531 0.172622
vt 0.791925 0.168829
vt 0.519502 0.162892
vt 0.515772 0.162606
vt 0.733657 0.161008
vt 0.800746 0.158176
vt 0.517516 0.176579
vt 0.515397 0.176271
vt 0.729741 0.146541
vt 0.806262 0.145812
vt 0.515572 0.189977
vt 0.513453 0.189670
vt 0.725029 0.130729
vt 0.805994 0.131564
vt 0.513526 0.204080
vt 0.511407 0.203773
vt 0.722266 0.109758
vt 0.795692 0.104274
vt 0.509338 0.232947
vt 0.507219 0.232640
vt 0.721883 0.087226
vt 0.787954 0.083648
vt 0.506175 0.254750
vt 0.504055 0.254442
vt 0.725530 0.058934
vt 0.780548 0.056135
vt 0.502083 0.282947
vt 0.499964 0.282639
vt 0.738307 0.028531
vt 0.774318 0.027120
vt 0.497822 0.312315
vt 0.495703 0.312007
vt 0.756488 0.007537
vt 0.773036 0.000623
vt 0.494013 0.338568
vt 0.491894 0.338261
vt 0.491438 0.356317
vt 0.489319 0.356009
vt 0.838747 0.027127
vt 0.839872 0.000623
vt 0.856461 0.007439
vt 0.874766 0.028325
vt 0.278773 0.673399
vt 0.284287 0.700618
vt 0.282188 0.701043
vt 0.276675 0.673824
vt 0.272226 0.641077
vt 0.270128 0.641502
vt 0.832689 0.056178
vt 0.887723 0.058650
vt 0.266563 0.613118
vt 0.264465 0.613543
vt 0.825447 0.083735
vt 0.891538 0.086921
vt 0.262089 0.591031
vt 0.259991 0.591457
vt 0.817831 0.104407
vt 0.891288 0.109455
vt 0.257890 0.570300
vt 0.255792 0.570725
vt 0.807692 0.131757
vt 0.888650 0.130442
vt 0.254615 0.554129
vt 0.252516 0.554555
vt 0.807508 0.146007
vt 0.884032 0.146281
vt 0.251639 0.539440
vt 0.249541 0.539865
vt 0.813098 0.158338
vt 0.880202 0.160771
vt 0.250950 0.528072
vt 0.247228 0.528450
vt 0.822018 0.168697
vt 0.879435 0.172135
vt 0.262452 0.494891
vt 0.258696 0.494814
vt 0.839404 0.196676
vt 0.893189 0.204447
vt 0.270055 0.470966
vt 0.267926 0.470734
vt 0.849653 0.221555
vt 0.900458 0.228475
vt 0.272049 0.452685
vt 0.269920 0.452453
vt 0.849161 0.239660
vt 0.895642 0.246223
vt 0.274209 0.432877
vt 0.272081 0.432645
vt 0.843625 0.254018
vt 0.884990 0.263062
vt 0.275604 0.420091
vt 0.273475 0.419859
vt 0.832048 0.267569
vt 0.877256 0.273340
vt 0.276766 0.409439
vt 0.274637 0.409207
vt 0.816334 0.276136
vt 0.868620 0.279681
vt 0.278220 0.396109
vt 0.276091 0.395877
vt 0.812503 0.282783
vt 0.857229 0.286757
vt 0.279368 0.385585
vt 0.277239 0.385353
vt 0.277664 0.381458
vt 0.281349 0.381779
vt 0.279119 0.372771
vt 0.284287 0.372836
vt 0.249555 0.896055
vt 0.236303 0.912599
vt 0.224864 0.909827
vt 0.238063 0.898684
vt 0.247742 0.915371
vt 0.222817 0.916255
vt 0.211621 0.910154
vt 0.234014 0.922355
vt 0.182380 0.908906
vt 0.176067 0.903483
vt 0.188692 0.914328
vt 0.158677 0.911846
vt 0.153221 0.907722
vt 0.164132 0.915970
vt 0.147547 0.920793
vt 0.142122 0.916579
vt 0.152971 0.925007
vt 0.143680 0.937257
vt 0.136581 0.935577
vt 0.150780 0.938937
vt 0.150190 0.947576
vt 0.142935 0.949554
vt 0.157446 0.945597
vt 0.162928 0.954509
vt 0.159392 0.959675
vt 0.166689 0.949404
vt 0.871484 0.590528
vt 0.879754 0.601298
vt 0.874966 0.603949
vt 0.863419 0.590186
vt 0.879533 0.590938
vt 0.885172 0.597979
vt 0.888154 0.608823
vt 0.882450 0.611963
vt 0.894443 0.605032
vt 0.894229 0.616123
vt 0.888698 0.620123
vt 0.900678 0.612232
vt 0.906100 0.628942
vt 0.903402 0.631744
vt 0.909892 0.626631
vt 0.913588 0.625575
vt 0.915974 0.629767
vt 0.905628 0.635467
vt 0.902489 0.636290
vt 0.738982 0.316411
vt 0.725969 0.313289
vt 0.739707 0.312375
vt 0.889935 0.628996
vt 0.889020 0.636241
vt 0.882823 0.629663
vt 0.882479 0.636423
vt 0.875672 0.631853
vt 0.875395 0.637263
vt 0.863803 0.631974
vt 0.334788 0.340278
vt 0.334871 0.359596
vt 0.325831 0.359634
vt 0.325742 0.340316
vt 0.334722 0.324925
vt 0.324637 0.324968
vt 0.334638 0.305137
vt 0.325588 0.305175
vt 0.334578 0.290937
vt 0.325531 0.290976
vt 0.334481 0.267702
vt 0.325441 0.267741
vt 0.334330 0.231530
vt 0.325302 0.231568
vt 0.334275 0.218283
vt 0.325251 0.218321
vt 0.334202 0.201009
vt 0.312144 0.676191
vt 0.314024 0.673083
vt 0.317419 0.676190
vt 0.311314 0.690636
vt 0.320002 0.691499
vt 0.906688 0.609137
vt 0.310977 0.698904
vt 0.318985 0.700613
vt 0.899682 0.601343
vt 0.889474 0.594788
vt 0.311320 0.709639
vt 0.317932 0.711211
vt 0.310601 0.715682
vt 0.317262 0.714990
vt 0.060665 0.391264
vt 0.058632 0.395904
vt 0.052477 0.397080
vt 0.051669 0.391148
vt 0.060902 0.395939
vt 0.061830 0.383810
vt 0.051745 0.383633
vt 0.060997 0.372374
vt 0.051945 0.372216
vt 0.061247 0.357921
vt 0.052198 0.357762
vt 0.061682 0.332479
vt 0.052642 0.332320
vt 0.062555 0.281481
vt 0.053531 0.281323
vt 0.062855 0.264103
vt 0.053835 0.263945
vt 0.054369 0.233488
vt 0.041535 0.200638
vt 0.058225 0.200930
vt 0.043016 0.166829
vt 0.259181 0.918144
vt 0.245210 0.928455
vt 0.195005 0.919751
vt 0.169587 0.920095
vt 0.158395 0.929221
vt 0.157879 0.940617
vt 0.164745 0.943651
vt 0.170572 0.945000
vt 0.886795 0.591453
vt 0.556512 0.357563
vt 0.425227 0.496372
vt 0.425514 0.504956
vt 0.421758 0.506626
vt 0.421275 0.497473
vt 0.423092 0.511450
vt 0.421275 0.512494
vt 0.340339 0.103348
vt 0.334305 0.090818
vt 0.188411 0.812612
vt 0.195291 0.808823
vt 0.182862 0.799860
vt 0.187479 0.797317
vt 0.178392 0.791744
vt 0.183008 0.789201
vt 0.334265 0.081551
vt 0.168067 0.773001
vt 0.172684 0.770458
vt 0.353977 0.073219
vt 0.160686 0.759600
vt 0.165302 0.757057
vt 0.365153 0.062769
vt 0.152810 0.745301
vt 0.157426 0.742759
vt 0.373989 0.049040
vt 0.136581 0.717364
vt 0.142486 0.714112
vt 0.388561 0.020198
vt 0.245102 0.384622
vt 0.238378 0.385128
vt 0.015261 0.049311
vt 0.000623 0.020523
vt 0.024158 0.062989
vt 0.035378 0.073379
vt 0.055118 0.081611
vt 0.055123 0.090872
vt 0.202171 0.805033
vt 0.223065 0.822136
vt 0.442124 0.516946
vt 0.442124 0.507680
vt 0.440878 0.507680
vt 0.440878 0.516946
vt 0.209047 0.801237
vt 0.237579 0.815733
vt 0.310895 0.458088
vt 0.305704 0.457844
vt 0.303829 0.441987
vt 0.310001 0.442248
vt 0.096824 0.433444
vt 0.096495 0.398318
vt 0.102691 0.498361
vt 0.101997 0.511050
vt 0.928976 0.484609
vt 0.917111 0.494019
vt 0.900414 0.491010
vt 0.913650 0.475845
vt 0.448230 0.149203
vt 0.448231 0.164348
vt 0.431554 0.164348
vt 0.431554 0.149204
vt 0.919015 0.468500
vt 0.933262 0.476891
vt 0.431553 0.140375
vt 0.448230 0.140375
vt 0.452399 0.149203
vt 0.452400 0.164348
vt 0.452399 0.140374
vt 0.448230 0.133397
vt 0.452399 0.133397
vt 0.431553 0.133397
vt 0.448229 0.129198
vt 0.452398 0.129198
vt 0.431553 0.129199
vt 0.923250 0.462691
vt 0.936655 0.470794
vt 0.925794 0.459193
vt 0.938699 0.467127
vt 0.318483 0.403683
vt 0.318457 0.408009
vt 0.313349 0.408233
vt 0.313037 0.403918
vt 0.318415 0.415198
vt 0.313866 0.415404
vt 0.068258 0.918774
vt 0.082896 0.912839
vt 0.083855 0.917310
vt 0.069586 0.922979
vt 0.066052 0.911794
vt 0.081309 0.905409
vt 0.097180 0.905165
vt 0.097615 0.908719
vt 0.096456 0.899253
vt 0.126513 0.923533
vt 0.128067 0.926436
vt 0.123931 0.918705
vt 0.126073 0.861270
vt 0.123588 0.858502
vt 0.123889 0.846974
vt 0.125722 0.849187
vt 0.120902 0.843200
vt 0.125741 0.845007
vt 0.127763 0.847235
vt 0.122687 0.841337
vt 0.128067 0.837800
vt 0.132016 0.612797
vt 0.128348 0.610381
vt 0.130998 0.607617
vt 0.133887 0.610624
vt 0.134045 0.606094
vt 0.135335 0.607095
vt 0.131634 0.606131
vt 0.118738 0.511081
vt 0.126762 0.511087
vt 0.123308 0.520647
vt 0.119372 0.520637
vt 0.119557 0.498318
vt 0.126524 0.497701
vt 0.133475 0.595493
vt 0.117650 0.433154
vt 0.130207 0.433521
vt 0.133496 0.525154
vt 0.135335 0.521893
vt 0.116538 0.398318
vt 0.130130 0.398736
vt 0.101690 0.547415
vt 0.102206 0.543439
vt 0.093744 0.150341
vt 0.080170 0.150668
vt 0.074687 0.119116
vt 0.086798 0.119121
vt 0.080216 0.154210
vt 0.072808 0.153008
vt 0.072757 0.148313
vt 0.071659 0.119113
vt 0.086802 0.111271
vt 0.074692 0.111265
vt 0.071664 0.111263
vt 0.086806 0.103422
vt 0.074696 0.103416
vt 0.071668 0.103414
vt 0.068629 0.111261
vt 0.068631 0.103412
vt 0.068626 0.119110
vt 0.070664 0.090864
vt 0.072710 0.090866
vt 0.068632 0.090864
vt 0.070665 0.081604
vt 0.072715 0.081606
vt 0.073976 0.073365
vt 0.079297 0.073367
vt 0.068634 0.081604
vt 0.068635 0.073362
vt 0.075850 0.062970
vt 0.083039 0.062973
vt 0.068635 0.062968
vt 0.077335 0.047415
vt 0.086008 0.047415
vt 0.068633 0.047415
vt 0.079740 0.000627
vt 0.090832 0.000623
vt 0.068603 0.000630
vt 0.088526 0.447064
vt 0.095249 0.447569
vt 0.094417 0.458636
vt 0.087694 0.458130
vt 0.093581 0.469748
vt 0.086858 0.469245
vt 0.447892 0.047294
vt 0.439215 0.047291
vt 0.434400 0.000623
vt 0.445498 0.000630
vt 0.456601 0.047297
vt 0.456644 0.000636
vt 0.449372 0.062860
vt 0.442178 0.062859
vt 0.456593 0.062861
vt 0.451242 0.073262
vt 0.445918 0.073262
vt 0.456589 0.073262
vt 0.454553 0.081508
vt 0.452500 0.081509
vt 0.456586 0.081509
vt 0.454550 0.090774
vt 0.452500 0.090775
vt 0.453537 0.103331
vt 0.450507 0.103332
vt 0.456579 0.103331
vt 0.456583 0.090775
vt 0.456572 0.129198
vt 0.456571 0.133397
vt 0.456568 0.140374
vt 0.456565 0.149203
vt 0.456559 0.164348
vt 0.455577 0.200965
vt 0.094957 0.707497
vt 0.108975 0.717648
vt 0.106680 0.720419
vt 0.116743 0.724129
vt 0.113832 0.727471
vt 0.124145 0.731020
vt 0.120660 0.734156
vt 0.135204 0.746270
vt 0.132976 0.747885
vt 0.728084 0.331141
vt 0.723493 0.317355
vt 0.240591 0.563937
vt 0.243245 0.563937
vt 0.242927 0.570598
vt 0.241399 0.570821
vt 0.447650 0.507995
vt 0.450068 0.507679
vt 0.450068 0.516268
vt 0.447436 0.516612
vt 0.085606 0.398318
vt 0.085612 0.398318
vt 0.085606 0.398339
vt 0.285533 0.700115
vt 0.289712 0.699597
vt 0.292000 0.714557
vt 0.289571 0.715207
vt 0.285533 0.690247
vt 0.289446 0.690557
vt 0.287267 0.679121
vt 0.290438 0.679634
vt 0.288213 0.673083
vt 0.290698 0.673576
vt 0.309024 0.540898
vt 0.310998 0.540898
vt 0.310031 0.558263
vt 0.306492 0.540898
vt 0.306491 0.558263
vt 0.309693 0.510465
vt 0.306492 0.510465
vt 0.073562 0.201000
vt 0.070635 0.233677
vt 0.069422 0.201074
vt 0.073016 0.170733
vt 0.068865 0.170796
vt 0.068739 0.160883
vt 0.072898 0.160834
vt 0.068645 0.153048
vt 0.068603 0.148328
vt 0.080286 0.160096
vt 0.080373 0.167543
vt 0.099748 0.562381
vt 0.100836 0.554017
vt 0.130443 0.530545
vt 0.126627 0.537318
vt 0.130983 0.598090
vt 0.128670 0.600625
vt 0.125738 0.613987
vt 0.126137 0.616779
vt 0.127309 0.617420
vt 0.130084 0.616551
vt 0.564222 0.582332
vt 0.569377 0.582224
vt 0.568118 0.586822
vt 0.565766 0.586825
vt 0.562946 0.562294
vt 0.569352 0.562236
vt 0.562231 0.582041
vt 0.562532 0.586728
vt 0.560874 0.562311
vt 0.121439 0.835617
vt 0.118909 0.837304
vt 0.117782 0.833983
vt 0.116792 0.837950
vt 0.560290 0.505564
vt 0.571920 0.505215
vt 0.556512 0.505596
vt 0.120673 0.912592
vt 0.121217 0.855785
vt 0.556512 0.473243
vt 0.560610 0.473344
vt 0.095540 0.891766
vt 0.318243 0.441486
vt 0.319208 0.457956
vt 0.315123 0.458088
vt 0.313607 0.441645
vt 0.079311 0.896008
vt 0.063265 0.902968
vt 0.318365 0.424294
vt 0.314516 0.424477
vt 0.898663 0.467424
vt 0.883713 0.488012
vt 0.867017 0.485013
vt 0.885901 0.456969
vt 0.874911 0.522693
vt 0.863419 0.520066
vt 0.306153 0.654857
vt 0.306284 0.671819
vt 0.301116 0.671837
vt 0.302479 0.654857
vt 0.306284 0.619080
vt 0.302610 0.619080
vt 0.285533 0.656591
vt 0.290746 0.619907
vt 0.306153 0.607292
vt 0.300986 0.607298
vt 0.820890 0.639540
vt 0.857839 0.643467
vt 0.862173 0.652171
vt 0.825377 0.647815
vt 0.457890 0.347379
vt 0.461569 0.347766
vt 0.467304 0.356317
vt 0.462140 0.356125
vt 0.460744 0.338305
vt 0.462864 0.338605
vt 0.821334 0.635272
vt 0.860395 0.634305
vt 0.764496 0.353067
vt 0.727534 0.356868
vt 0.731341 0.348925
vt 0.767977 0.343378
vt 0.766710 0.362050
vt 0.727657 0.360784
vt 0.763427 0.370792
vt 0.718732 0.366477
vt 0.462051 0.329060
vt 0.464171 0.329359
vt 0.759544 0.377410
vt 0.707287 0.373465
vt 0.463125 0.321462
vt 0.465245 0.321762
vt 0.743766 0.385856
vt 0.698603 0.379740
vt 0.465630 0.303741
vt 0.467750 0.304041
vt 0.732086 0.399318
vt 0.690790 0.389958
vt 0.468125 0.286094
vt 0.470245 0.286394
vt 0.726439 0.413633
vt 0.680010 0.406716
vt 0.470279 0.270857
vt 0.472399 0.271157
vt 0.725810 0.431734
vt 0.675058 0.424426
vt 0.472814 0.252923
vt 0.474934 0.253223
vt 0.736241 0.457261
vt 0.682466 0.449127
vt 0.479957 0.226982
vt 0.483712 0.227082
vt 0.753640 0.485678
vt 0.696246 0.481885
vt 0.484343 0.194334
vt 0.488073 0.194048
vt 0.762460 0.496330
vt 0.695372 0.493499
vt 0.483968 0.180669
vt 0.486087 0.180361
vt 0.767977 0.508694
vt 0.691456 0.507966
vt 0.482024 0.167270
vt 0.484143 0.166963
vt 0.767708 0.522942
vt 0.686743 0.523777
vt 0.479978 0.153167
vt 0.482097 0.152860
vt 0.757407 0.550232
vt 0.683981 0.544748
vt 0.475790 0.124300
vt 0.477909 0.123993
vt 0.749668 0.570859
vt 0.683597 0.567281
vt 0.472627 0.102498
vt 0.474746 0.102190
vt 0.742262 0.598372
vt 0.687245 0.595573
vt 0.468535 0.074301
vt 0.470655 0.073993
vt 0.736033 0.627386
vt 0.700022 0.625975
vt 0.464274 0.044932
vt 0.466393 0.044625
vt 0.734750 0.653884
vt 0.718202 0.646969
vt 0.460465 0.018679
vt 0.462584 0.018372
vt 0.460009 0.000623
vt 0.457890 0.000930
vt 0.830934 0.369882
vt 0.794915 0.371079
vt 0.813221 0.350193
vt 0.829809 0.343378
vt 0.680553 0.301251
vt 0.682651 0.301676
vt 0.677138 0.328895
vt 0.675039 0.328470
vt 0.687100 0.268929
vt 0.689198 0.269354
vt 0.836992 0.398933
vt 0.781958 0.401405
vt 0.692763 0.240970
vt 0.694862 0.241396
vt 0.844234 0.426489
vt 0.778143 0.429675
vt 0.697237 0.218884
vt 0.699335 0.219309
vt 0.851850 0.447162
vt 0.778393 0.452209
vt 0.701436 0.198152
vt 0.703535 0.198578
vt 0.861989 0.474512
vt 0.781031 0.473196
vt 0.704711 0.181982
vt 0.706810 0.182407
vt 0.862173 0.488762
vt 0.785649 0.489036
vt 0.707687 0.167292
vt 0.709786 0.167717
vt 0.856583 0.501093
vt 0.789479 0.503526
vt 0.708376 0.155924
vt 0.712098 0.156302
vt 0.847663 0.511452
vt 0.790246 0.514889
vt 0.696874 0.122743
vt 0.700630 0.122666
vt 0.830277 0.539431
vt 0.776492 0.547202
vt 0.689271 0.098819
vt 0.691400 0.098587
vt 0.820028 0.564310
vt 0.769223 0.571230
vt 0.687277 0.080537
vt 0.689406 0.080305
vt 0.820520 0.582415
vt 0.774039 0.588978
vt 0.685117 0.060730
vt 0.687245 0.060497
vt 0.826056 0.596773
vt 0.784691 0.605817
vt 0.683722 0.047943
vt 0.685851 0.047711
vt 0.837633 0.610324
vt 0.792425 0.616094
vt 0.682560 0.037292
vt 0.684689 0.037059
vt 0.853347 0.618890
vt 0.801061 0.622436
vt 0.681106 0.023961
vt 0.683235 0.023729
vt 0.857178 0.625538
vt 0.812452 0.629511
vt 0.679958 0.013437
vt 0.682087 0.013205
vt 0.677977 0.009631
vt 0.681662 0.009310
vt 0.675039 0.000688
vt 0.680207 0.000623
vt 0.897895 0.527949
vt 0.886403 0.525321
vt 0.911094 0.539093
vt 0.899656 0.541865
vt 0.888217 0.544637
vt 0.924338 0.539420
vt 0.913141 0.545521
vt 0.901945 0.551621
vt 0.959891 0.532749
vt 0.953578 0.538171
vt 0.947266 0.543594
vt 0.982737 0.536988
vt 0.977282 0.541112
vt 0.971827 0.545236
vt 0.993836 0.545845
vt 0.988412 0.550059
vt 0.982987 0.554273
vt 0.999377 0.564843
vt 0.992278 0.566523
vt 0.985179 0.568203
vt 0.993024 0.578820
vt 0.985768 0.576842
vt 0.978512 0.574862
vt 0.976566 0.588940
vt 0.973030 0.583775
vt 0.969270 0.578670
vt 0.090948 0.763111
vt 0.086617 0.759794
vt 0.098624 0.757500
vt 0.100076 0.761042
vt 0.095338 0.766482
vt 0.101533 0.765303
vt 0.106308 0.756241
vt 0.108168 0.760615
vt 0.109975 0.765712
vt 0.113646 0.754205
vt 0.115099 0.759174
vt 0.117027 0.764576
vt 0.128107 0.753895
vt 0.128458 0.757158
vt 0.129673 0.760673
vt 0.131430 0.763392
vt 0.132314 0.752481
vt 0.135335 0.762175
vt 0.130741 0.749081
vt 0.717310 0.329721
vt 0.713344 0.328678
vt 0.719523 0.316286
vt 0.720796 0.316989
vt 0.117540 0.737109
vt 0.112010 0.745239
vt 0.111045 0.730853
vt 0.105198 0.738229
vt 0.104401 0.723229
vt 0.099565 0.729326
vt 0.086617 0.717772
vt 0.092690 0.710336
vt 0.444959 0.340236
vt 0.452705 0.340236
vt 0.452705 0.359555
vt 0.444959 0.359555
vt 0.455623 0.340236
vt 0.455613 0.359554
vt 0.444959 0.324883
vt 0.454008 0.324883
vt 0.444958 0.305094
vt 0.452704 0.305094
vt 0.455628 0.305094
vt 0.444957 0.290895
vt 0.452703 0.290894
vt 0.455623 0.290894
vt 0.444955 0.267659
vt 0.452702 0.267659
vt 0.455611 0.267659
vt 0.444952 0.231486
vt 0.452699 0.231486
vt 0.455590 0.231486
vt 0.444952 0.218239
vt 0.452698 0.218239
vt 0.455583 0.218239
vt 0.444950 0.200965
vt 0.452697 0.200965
vt 0.294150 0.713575
vt 0.299415 0.713713
vt 0.295935 0.716716
vt 0.293441 0.699194
vt 0.302128 0.698407
vt 0.118975 0.769355
vt 0.111150 0.770310
vt 0.293155 0.690931
vt 0.301169 0.689303
vt 0.293622 0.680174
vt 0.300252 0.678764
vt 0.102381 0.769045
vt 0.293116 0.674059
vt 0.299712 0.675058
vt 0.076588 0.391235
vt 0.084292 0.391140
vt 0.083484 0.397072
vt 0.077329 0.395895
vt 0.073681 0.391284
vt 0.075060 0.395931
vt 0.075165 0.383784
vt 0.084216 0.383626
vt 0.076263 0.372344
vt 0.084016 0.372209
vt 0.073346 0.372395
vt 0.076010 0.357891
vt 0.083763 0.357756
vt 0.073098 0.357942
vt 0.075566 0.332449
vt 0.083319 0.332314
vt 0.072666 0.332501
vt 0.074675 0.281453
vt 0.082428 0.281318
vt 0.071801 0.281504
vt 0.072471 0.264109
vt 0.082125 0.263940
vt 0.072910 0.233636
vt 0.081592 0.233484
vt 0.094425 0.200634
vt 0.077735 0.200926
vt 0.092943 0.166826
vt 0.876778 0.547410
vt 0.890748 0.557721
vt 0.940953 0.549017
vt 0.966372 0.549361
vt 0.977563 0.558487
vt 0.978080 0.569883
vt 0.971213 0.572917
vt 0.965386 0.574266
vt 0.099405 0.769546
vt 0.573182 0.472817
vt 0.087377 0.543625
vt 0.091297 0.544832
vt 0.090567 0.553969
vt 0.086858 0.552198
vt 0.091297 0.559589
vt 0.089178 0.558449
vt 0.438389 0.103332
vt 0.444369 0.090775
vt 0.947547 0.441878
vt 0.940667 0.438089
vt 0.948480 0.426583
vt 0.953096 0.429126
vt 0.952950 0.418467
vt 0.957567 0.421010
vt 0.444369 0.081509
vt 0.963274 0.399724
vt 0.967891 0.402267
vt 0.424621 0.073262
vt 0.970656 0.386323
vt 0.975272 0.388866
vt 0.413399 0.062861
vt 0.978532 0.372025
vt 0.983149 0.374567
vt 0.404504 0.049170
vt 0.993472 0.343377
vt 0.999377 0.346630
vt 0.389807 0.020392
vt 0.086858 0.398318
vt 0.093581 0.398824
vt 0.120697 0.049310
vt 0.135335 0.020522
vt 0.111801 0.062988
vt 0.100580 0.073378
vt 0.080841 0.081610
vt 0.080836 0.090870
vt 0.912893 0.451402
vt 0.933787 0.434299
vt 0.898379 0.444999
vt 0.926911 0.430503
vt 0.319208 0.372771
vt 0.318314 0.388611
vt 0.312141 0.388872
vt 0.314016 0.373015
vt 0.135335 0.398318
vt 0.135007 0.433445
vt 0.129148 0.498361
vt 0.129845 0.511050
s 0
f 82/1/1 78/2/1 2/3/1 5/4/1
f 34/5/2 32/6/2 4/7/2 6/8/2
f 35/9/3 36/10/3 237/11/3 236/12/3
f 29/13/4 34/5/4 6/8/4 3/14/4
f 77/15/5 82/1/5 5/4/5 1/16/5
f 284/17/6 299/18/6 7/19/6 83/20/6
f 83/20/7 7/19/7 9/21/7 85/22/7
f 35/23/8 8/24/8 10/25/8 37/26/8
f 88/27/9 12/28/9 14/29/9 90/30/9
f 31/31/10 2/32/10 11/33/10 39/34/10
f 80/35/11 4/36/11 12/28/11 88/27/11
f 39/34/12 11/33/12 13/37/12 41/38/12
f 41/38/13 13/37/13 15/39/13 43/40/13
f 90/30/14 14/29/14 16/41/14 92/42/14
f 94/43/15 18/44/15 20/45/15 96/46/15
f 43/40/16 15/39/16 17/47/16 45/48/16
f 92/42/17 16/41/17 18/44/17 94/43/17
f 45/48/18 17/47/18 19/49/18 47/50/18
f 49/51/19 21/52/19 23/53/19 51/54/19
f 47/50/20 19/49/20 21/52/20 49/51/20
f 96/46/21 20/45/21 22/55/21 98/56/21
f 100/57/22 24/58/22 26/59/22 102/60/22
f 98/56/23 22/55/23 24/58/23 100/57/23
f 51/54/24 23/53/24 25/61/24 53/62/24
f 56/63/25 55/64/25 127/65/25 125/66/25
f 53/62/26 25/61/26 27/67/26 55/68/26
f 102/60/27 26/59/27 28/69/27 104/70/27
f 26/71/28 54/72/28 56/73/28 28/74/28
f 54/72/29 53/62/29 55/68/29 56/73/29
f 24/75/30 52/76/30 54/72/30 26/71/30
f 52/76/31 51/54/31 53/62/31 54/72/31
f 20/77/32 48/78/32 50/79/32 22/80/32
f 48/78/33 47/50/33 49/51/33 50/79/33
f 22/80/34 50/79/34 52/76/34 24/75/34
f 50/79/35 49/51/35 51/54/35 52/76/35
f 18/81/36 46/82/36 48/78/36 20/77/36
f 46/82/37 45/48/37 47/50/37 48/78/37
f 16/83/38 44/84/38 46/82/38 18/81/38
f 44/84/39 43/40/39 45/48/39 46/82/39
f 14/85/40 42/86/40 44/84/40 16/83/40
f 42/86/41 41/38/41 43/40/41 44/84/41
f 12/87/42 40/88/42 42/86/42 14/85/42
f 40/88/43 39/34/43 41/38/43 42/86/43
f 4/7/44 32/6/44 40/88/44 12/87/44
f 32/6/45 31/31/45 39/34/45 40/88/45
f 7/89/46 36/90/46 38/91/46 9/92/46
f 36/90/47 35/23/47 37/26/47 38/91/47
f 85/22/48 9/21/48 65/93/48 111/94/48
f 1/95/49 5/96/49 33/97/49 30/98/49
f 30/98/50 33/97/50 34/5/50 29/13/50
f 299/99/51 282/100/51 36/90/51 7/89/51
f 29/101/52 3/102/52 232/103/52 234/104/52
f 5/96/53 2/32/53 31/31/53 33/97/53
f 34/105/54 33/106/54 59/107/54 60/108/54
f 59/109/55 57/110/55 58/111/55 60/112/55
f 63/113/56 64/114/56 57/110/56 59/109/56
f 31/115/57 32/116/57 58/117/57 57/118/57
f 32/116/58 34/119/58 60/120/58 58/117/58
f 61/121/59 63/122/59 59/107/59 33/106/59
f 64/123/60 62/124/60 31/115/60 57/118/60
f 62/125/61 61/126/61 33/127/61 31/128/61
f 9/92/62 38/91/62 66/129/62 65/130/62
f 65/130/63 66/129/63 68/131/63 67/132/63
f 111/94/64 65/93/64 67/133/64 113/134/64
f 113/134/65 67/133/65 69/135/65 115/136/65
f 67/132/66 68/131/66 70/137/66 69/138/66
f 71/139/67 72/140/67 74/141/67 73/142/67
f 69/138/68 70/137/68 72/140/68 71/139/68
f 115/136/65 69/135/65 71/143/65 117/144/65
f 117/144/69 71/143/69 73/145/69 119/146/69
f 119/146/70 73/145/70 75/147/70 121/148/70
f 73/142/71 74/141/71 76/149/71 75/150/71
f 74/151/72 120/152/72 122/153/72 76/154/72
f 208/155/73 119/146/73 121/148/73 212/156/73
f 75/157/74 76/158/74 122/159/74 121/160/74
f 72/161/75 118/162/75 120/152/75 74/151/75
f 204/163/76 117/144/76 119/146/76 208/155/76
f 200/164/65 115/136/65 117/144/65 204/163/65
f 68/165/77 114/166/77 116/167/77 70/168/77
f 197/169/65 113/134/65 115/136/65 200/164/65
f 70/168/77 116/167/77 118/162/77 72/161/77
f 193/170/65 111/94/65 113/134/65 197/169/65
f 38/91/78 109/171/78 112/172/78 66/173/78
f 66/173/77 112/172/77 114/166/77 68/165/77
f 38/91/79 37/26/79 110/174/79 109/171/79
f 152/175/80 85/22/80 111/94/80 193/170/80
f 55/64/81 27/176/81 124/177/81 127/65/81
f 25/178/82 101/179/82 103/180/82 27/181/82
f 546/182/83 102/60/83 104/70/83 187/183/83
f 28/184/84 56/63/84 125/66/84 126/185/84
f 187/186/85 104/187/85 130/188/85 218/189/85
f 23/190/86 99/191/86 101/179/86 25/178/86
f 21/192/87 97/193/87 99/191/87 23/190/87
f 175/194/88 98/56/88 100/57/88 544/195/88
f 544/195/89 100/57/89 102/60/89 546/182/89
f 19/196/90 95/197/90 97/193/90 21/192/90
f 170/198/91 96/46/91 98/56/91 175/194/91
f 17/199/92 93/200/92 95/197/92 19/196/92
f 15/201/93 91/202/93 93/200/93 17/199/93
f 531/203/94 92/42/94 94/43/94 534/204/94
f 534/204/95 94/43/95 96/46/95 170/198/95
f 160/205/96 90/30/96 92/42/96 531/203/96
f 11/206/97 87/207/97 89/208/97 13/209/97
f 13/209/98 89/208/98 91/202/98 15/201/98
f 2/3/99 78/2/99 87/207/99 11/206/99
f 511/210/11 80/35/11 88/27/11 523/211/11
f 523/211/100 88/27/100 90/30/100 160/205/100
f 148/212/101 83/20/101 85/22/101 152/175/101
f 37/26/102 10/25/102 86/213/102 110/174/102
f 283/214/103 84/215/103 240/216/103 292/217/103
f 286/218/104 284/17/104 83/20/104 148/212/104
f 8/24/105 84/219/105 86/213/105 10/25/105
f 136/220/106 147/221/106 82/1/106 77/15/106
f 3/222/107 6/223/107 81/224/107 79/225/107
f 6/223/108 4/36/108 80/35/108 81/224/108
f 147/221/109 140/226/109 78/2/109 82/1/109
f 124/227/110 123/228/110 108/229/110 107/230/110
f 218/189/111 130/188/111 134/231/111 222/232/111
f 130/188/112 126/185/112 105/233/112 134/231/112
f 125/66/113 127/65/113 133/234/113 106/235/113
f 104/187/114 28/184/114 126/185/114 130/188/114
f 27/236/115 103/237/115 123/228/115 124/227/115
f 107/230/116 108/229/116 132/238/116 131/239/116
f 222/232/117 134/231/117 138/240/117 572/241/117
f 134/231/118 105/233/118 128/242/118 138/240/118
f 106/235/119 133/234/119 137/243/119 129/244/119
f 127/65/120 124/177/120 107/245/120 133/234/120
f 126/185/121 125/66/121 106/235/121 105/233/121
f 129/246/122 137/247/122 131/248/122 128/249/122
f 133/234/123 107/245/123 131/250/123 137/243/123
f 105/233/124 106/235/124 129/244/124 128/242/124
f 108/229/125 221/251/125 569/252/125 132/238/125
f 221/251/125 220/253/125 224/254/125 569/252/125
f 131/248/122 132/255/122 569/256/122 226/257/122
f 225/258/126 226/257/126 588/259/126 585/260/126
f 138/261/122 128/249/122 225/258/122 572/262/122
f 225/258/127 574/263/127 579/264/127 580/265/127
f 572/262/128 225/258/128 580/265/128 577/266/128
f 128/249/122 131/248/122 226/257/122 225/258/122
f 224/267/129 223/268/129 229/269/129 583/270/129
f 123/228/130 217/271/130 221/251/130 108/229/130
f 217/271/130 216/272/130 220/253/130 221/251/130
f 568/273/117 222/232/117 572/241/117 571/274/117
f 219/275/131 218/189/131 222/232/131 568/273/131
f 146/276/132 139/277/132 140/226/132 147/221/132
f 81/224/133 80/35/133 511/210/133 144/278/133
f 144/278/134 511/210/134 143/279/134 145/280/134
f 79/225/135 81/224/135 144/278/135 142/281/135
f 142/281/136 144/278/136 145/280/136 141/282/136
f 135/283/137 146/276/137 147/221/137 136/220/137
f 84/219/138 151/284/138 155/285/138 86/213/138
f 151/284/139 150/286/139 154/287/139 155/285/139
f 285/288/140 286/218/140 148/212/140 149/289/140
f 283/290/141 287/291/141 151/284/141 84/219/141
f 287/291/142 288/292/142 150/286/142 151/284/142
f 110/174/143 86/213/143 155/285/143 191/293/143
f 191/293/143 155/285/143 154/287/143 192/294/143
f 149/289/144 148/212/144 152/175/144 153/295/144
f 157/296/145 523/211/145 160/205/145 161/297/145
f 78/2/146 140/226/146 520/298/146 87/207/146
f 140/226/147 139/277/147 156/299/147 520/298/147
f 139/277/148 508/300/148 521/301/148 156/299/148
f 89/208/149 525/302/149 528/303/149 91/202/149
f 525/304/150 159/305/150 529/306/150 528/307/150
f 159/308/151 158/309/151 162/310/151 529/311/151
f 87/207/152 520/298/152 525/302/152 89/208/152
f 520/312/153 156/313/153 159/308/153 525/314/153
f 156/313/154 521/315/154 158/309/154 159/308/154
f 526/316/155 161/317/155 530/318/155 163/319/155
f 166/320/156 534/204/156 170/198/156 171/321/156
f 163/319/157 530/318/157 166/322/157 533/323/157
f 91/202/158 528/303/158 532/324/158 93/200/158
f 528/307/159 529/306/159 165/325/159 532/326/159
f 529/311/160 162/310/160 164/327/160 165/328/160
f 93/200/161 532/329/161 169/330/161 95/197/161
f 532/329/162 165/331/162 168/332/162 169/330/162
f 165/333/163 164/334/163 167/335/163 168/336/163
f 538/337/164 171/338/164 176/339/164 177/340/164
f 171/321/165 170/198/165 175/194/165 176/341/165
f 95/197/166 169/330/166 174/342/166 97/193/166
f 169/330/167 168/332/167 173/343/167 174/342/167
f 168/336/168 167/335/168 172/344/168 173/345/168
f 177/340/169 176/339/169 180/346/169 543/347/169
f 176/341/170 175/194/170 544/195/170 180/348/170
f 97/193/171 174/342/171 542/349/171 99/191/171
f 174/342/172 173/343/172 179/350/172 542/349/172
f 173/345/173 172/344/173 178/351/173 179/352/173
f 99/191/174 542/349/174 183/353/174 101/179/174
f 542/349/175 179/354/175 182/355/175 183/353/175
f 179/356/176 178/357/176 181/358/176 182/359/176
f 188/360/85 187/186/85 218/189/85 219/275/85
f 184/361/177 546/182/177 187/183/177 188/362/177
f 101/179/178 183/353/178 186/363/178 103/180/178
f 183/353/179 182/355/179 185/364/179 186/363/179
f 153/295/180 152/175/180 193/170/180 194/365/180
f 109/171/181 110/174/181 191/293/181 189/366/181
f 189/366/182 191/293/182 192/294/182 190/367/182
f 112/172/77 195/368/77 555/369/77 114/166/77
f 195/368/77 196/370/77 199/371/77 555/369/77
f 109/171/183 189/366/183 195/368/183 112/172/183
f 189/366/184 190/367/184 196/370/184 195/368/184
f 194/365/65 193/170/65 197/169/65 198/372/65
f 116/167/77 202/373/77 206/374/77 118/162/77
f 202/373/77 203/375/77 207/376/77 206/374/77
f 198/372/65 197/169/65 200/164/65 201/377/65
f 114/166/77 555/369/77 202/373/77 116/167/77
f 555/369/77 199/371/77 203/375/77 202/373/77
f 201/377/65 200/164/65 204/163/65 205/378/65
f 205/378/76 204/163/76 208/155/76 209/379/76
f 118/162/185 206/374/185 210/380/185 120/152/185
f 206/374/185 207/376/185 211/381/185 210/380/185
f 121/160/143 122/159/143 214/382/143 212/383/143
f 212/383/143 214/382/143 215/384/143 213/385/143
f 209/379/73 208/155/73 212/156/73 213/386/73
f 120/152/186 210/380/186 214/387/186 122/153/186
f 210/380/186 211/381/186 215/388/186 214/387/186
f 103/237/187 186/389/187 217/271/187 123/228/187
f 186/389/187 185/390/187 216/272/187 217/271/187
f 577/266/188 580/265/188 585/391/188 582/392/188
f 570/393/189 571/394/189 227/395/189 576/396/189
f 571/397/190 572/262/190 577/266/190 227/398/190
f 582/392/191 585/391/191 584/399/191 228/400/191
f 228/401/192 584/402/192 231/403/192 581/404/192
f 580/265/193 579/264/193 584/405/193 585/391/193
f 227/398/194 577/266/194 582/392/194 228/400/194
f 579/264/193 578/406/193 231/403/193 584/405/193
f 576/396/195 227/395/195 228/401/195 581/404/195
f 588/259/122 230/407/122 583/408/122 587/409/122
f 587/410/122 583/270/122 229/269/122 586/411/122
f 584/412/196 587/410/196 586/411/196 231/413/196
f 226/257/197 569/256/197 230/407/197 588/259/197
f 569/256/129 224/414/129 583/408/129 230/407/129
f 574/263/198 225/258/198 585/260/198 584/415/198
f 291/416/199 289/417/199 233/418/199 236/419/199
f 290/420/200 291/416/200 236/419/200 237/421/200
f 30/422/201 29/101/201 234/104/201 235/423/201
f 257/424/202 30/425/202 235/426/202 265/427/202
f 8/428/203 35/9/203 236/12/203 233/429/203
f 232/103/204 3/102/204 239/430/204 242/431/204
f 240/216/205 241/432/205 247/433/205 246/434/205
f 242/431/206 239/430/206 245/435/206 248/436/206
f 8/428/207 233/429/207 243/437/207 241/438/207
f 264/439/208 232/440/208 242/441/208 268/442/208
f 84/215/209 8/428/209 241/438/209 240/216/209
f 3/102/210 79/443/210 238/444/210 239/430/210
f 270/445/211 248/446/211 254/447/211 273/448/211
f 245/435/212 244/449/212 250/450/212 251/451/212
f 241/432/213 243/452/213 249/453/213 247/433/213
f 292/217/214 240/216/214 246/434/214 294/454/214
f 239/430/215 238/444/215 244/449/215 245/435/215
f 268/442/216 242/441/216 248/446/216 270/445/216
f 252/455/217 253/456/217 301/457/217 300/458/217
f 296/459/218 253/460/218 255/461/218 298/462/218
f 248/436/219 245/435/219 251/451/219 254/463/219
f 246/434/220 247/433/220 253/464/220 252/465/220
f 247/433/221 249/453/221 255/466/221 253/464/221
f 294/454/222 246/434/222 252/465/222 297/467/222
f 244/468/223 269/469/223 272/470/223 250/471/223
f 251/472/224 271/473/224 280/474/224 278/475/224
f 271/473/225 251/472/225 275/476/225 276/477/225
f 293/478/226 268/442/226 270/445/226 295/479/226
f 238/480/227 267/481/227 269/469/227 244/468/227
f 295/479/228 270/445/228 273/448/228 298/482/228
f 289/417/229 264/439/229 268/442/229 293/478/229
f 282/483/230 257/424/230 265/427/230 290/484/230
f 235/485/231 234/486/231 266/487/231 265/488/231
f 234/486/232 232/440/232 264/439/232 266/487/232
f 142/281/142 141/282/142 263/489/142 262/490/142
f 79/225/141 142/281/141 262/490/141 258/491/141
f 135/283/233 136/220/233 261/492/233 260/493/233
f 136/220/234 77/15/234 259/494/234 261/492/234
f 79/495/235 258/496/235 267/481/235 238/480/235
f 1/95/236 30/98/236 257/497/236 256/498/236
f 77/15/237 1/16/237 256/499/237 259/494/237
f 275/476/238 274/500/238 277/501/238 276/477/238
f 272/502/239 271/473/239 276/477/239 277/501/239
f 250/471/240 272/470/240 277/503/240 274/504/240
f 251/451/241 250/450/241 274/505/241 275/506/241
f 278/475/242 280/474/242 281/507/242 279/508/242
f 254/463/243 251/451/243 278/509/243 279/510/243
f 271/473/244 273/511/244 281/507/244 280/474/244
f 273/448/245 254/447/245 279/512/245 281/513/245
f 36/10/246 282/483/246 290/484/246 237/11/246
f 233/418/247 289/417/247 293/478/247 243/514/247
f 249/515/248 295/479/248 298/482/248 255/516/248
f 243/514/249 293/478/249 295/479/249 249/515/249
f 269/469/250 294/454/250 297/467/250 272/470/250
f 271/473/251 296/517/251 298/518/251 273/511/251
f 271/473/252 272/502/252 297/519/252 296/517/252
f 267/481/253 292/217/253 294/454/253 269/469/253
f 265/488/254 266/487/254 291/416/254 290/420/254
f 266/487/255 264/439/255 289/417/255 291/416/255
f 262/490/142 263/489/142 288/292/142 287/291/142
f 258/491/141 262/490/141 287/291/141 283/290/141
f 260/493/256 261/492/256 286/218/256 285/288/256
f 261/492/257 259/494/257 284/17/257 286/218/257
f 258/496/258 283/214/258 292/217/258 267/481/258
f 256/498/259 257/497/259 282/100/259 299/99/259
f 259/494/260 256/499/260 299/18/260 284/17/260
f 302/520/261 303/521/261 300/458/261 301/457/261
f 296/517/262 297/519/262 303/521/262 302/520/262
f 297/519/263 252/455/263 300/458/263 303/521/263
f 253/460/264 296/459/264 302/522/264 301/523/264
f 304/524/265 305/525/265 310/526/265 309/527/265
f 306/528/266 307/529/266 64/114/266 63/113/266
f 61/126/267 62/125/267 305/525/267 304/524/267
f 306/530/268 63/122/268 61/121/268 304/531/268
f 64/123/269 307/532/269 305/533/269 62/124/269
f 308/534/270 309/535/270 313/536/270 312/537/270
f 305/533/271 307/532/271 311/538/271 310/539/271
f 306/530/272 304/531/272 309/535/272 308/534/272
f 307/529/273 306/528/273 308/540/273 311/541/273
f 315/542/274 312/543/274 316/544/274 319/545/274
f 311/541/275 308/540/275 312/543/275 315/542/275
f 309/527/276 310/526/276 314/546/276 313/547/276
f 310/539/277 311/538/277 315/548/277 314/549/277
f 318/550/278 319/551/278 323/552/278 322/553/278
f 313/547/279 314/546/279 318/554/279 317/555/279
f 314/549/280 315/548/280 319/551/280 318/550/280
f 312/537/281 313/536/281 317/556/281 316/557/281
f 323/558/282 320/559/282 324/560/282 327/561/282
f 316/557/283 317/556/283 321/562/283 320/563/283
f 319/545/282 316/544/282 320/559/282 323/558/282
f 317/555/284 318/554/284 322/564/284 321/565/284
f 327/561/282 324/560/282 328/566/282 331/567/282
f 321/565/284 322/564/284 326/568/284 325/569/284
f 322/553/285 323/552/285 327/570/285 326/571/285
f 320/563/286 321/562/286 325/572/286 324/573/286
f 330/574/287 331/575/287 335/576/287 334/577/287
f 325/569/284 326/568/284 330/578/284 329/579/284
f 326/571/288 327/570/288 331/575/288 330/574/288
f 324/573/289 325/572/289 329/580/289 328/581/289
f 332/582/290 333/583/290 337/584/290 336/585/290
f 328/581/291 329/580/291 333/583/291 332/582/291
f 331/567/292 328/566/292 332/586/292 335/587/292
f 329/579/293 330/578/293 334/588/293 333/589/293
f 339/590/294 336/591/294 340/592/294 343/593/294
f 335/587/295 332/586/295 336/591/295 339/590/295
f 333/589/296 334/588/296 338/594/296 337/595/296
f 334/577/297 335/576/297 339/596/297 338/597/297
f 342/598/298 343/599/298 347/600/298 346/601/298
f 337/595/299 338/594/299 342/602/299 341/603/299
f 338/597/300 339/596/300 343/599/300 342/598/300
f 336/585/301 337/584/301 341/604/301 340/605/301
f 347/606/302 344/607/302 348/608/302 351/609/302
f 340/605/303 341/604/303 345/610/303 344/611/303
f 343/593/302 340/592/302 344/607/302 347/606/302
f 341/603/299 342/602/299 346/612/299 345/613/299
f 349/614/299 350/615/299 354/616/299 353/617/299
f 345/613/299 346/612/299 350/615/299 349/614/299
f 346/601/304 347/600/304 351/618/304 350/619/304
f 344/611/305 345/610/305 349/620/305 348/621/305
f 354/622/306 355/623/306 359/624/306 358/625/306
f 350/619/307 351/618/307 355/623/307 354/622/307
f 348/621/308 349/620/308 353/626/308 352/627/308
f 351/609/302 348/608/302 352/628/302 355/629/302
f 359/630/302 356/631/302 360/632/302 363/633/302
f 352/627/309 353/626/309 357/634/309 356/635/309
f 355/629/302 352/628/302 356/631/302 359/630/302
f 353/617/299 354/616/299 358/636/299 357/637/299
f 362/638/310 363/639/310 367/640/310 366/641/310
f 357/637/299 358/636/299 362/642/299 361/643/299
f 358/625/311 359/624/311 363/639/311 362/638/311
f 356/635/312 357/634/312 361/644/312 360/645/312
f 366/641/313 367/640/313 371/646/313 370/647/313
f 360/645/314 361/644/314 365/648/314 364/649/314
f 363/633/302 360/632/302 364/650/302 367/651/302
f 361/643/299 362/642/299 366/652/299 365/653/299
f 369/654/315 370/655/315 371/656/315 368/657/315
f 364/649/316 365/648/316 369/654/316 368/657/316
f 367/651/302 364/650/302 368/658/302 371/659/302
f 365/653/299 366/652/299 370/660/299 369/661/299
f 453/662/317 376/663/317 373/664/317 449/665/317
f 405/666/318 377/667/318 375/668/318 403/669/318
f 406/670/319 593/671/319 594/672/319 407/673/319
f 400/674/320 374/675/320 377/667/320 405/666/320
f 448/676/321 372/677/321 376/663/321 453/662/321
f 640/678/322 454/679/322 378/680/322 654/681/322
f 454/679/323 456/682/323 380/683/323 378/680/323
f 406/684/324 408/685/324 381/686/324 379/687/324
f 459/688/325 461/689/325 385/690/325 383/691/325
f 402/692/326 410/693/326 382/694/326 373/695/326
f 451/696/11 459/688/11 383/691/11 375/697/11
f 410/693/327 412/698/327 384/699/327 382/694/327
f 412/698/328 414/700/328 386/701/328 384/699/328
f 461/689/329 463/702/329 387/703/329 385/690/329
f 464/704/330 466/705/330 391/706/330 389/707/330
f 414/700/331 416/708/331 388/709/331 386/701/331
f 463/702/332 464/704/332 389/707/332 387/703/332
f 416/708/333 418/710/333 390/711/333 388/709/333
f 420/712/334 422/713/334 394/714/334 392/715/334
f 418/710/335 420/712/335 392/715/335 390/711/335
f 466/705/336 468/716/336 393/717/336 391/706/336
f 470/718/337 472/719/337 397/720/337 395/721/337
f 468/716/338 470/718/338 395/721/338 393/717/338
f 422/713/339 424/722/339 396/723/339 394/714/339
f 427/724/340 495/725/340 497/726/340 426/727/340
f 424/722/341 426/728/341 398/729/341 396/723/341
f 472/719/342 474/730/342 399/731/342 397/720/342
f 397/732/343 399/733/343 427/734/343 425/735/343
f 425/735/344 427/734/344 426/728/344 424/722/344
f 395/736/345 397/732/345 425/735/345 423/737/345
f 423/737/346 425/735/346 424/722/346 422/713/346
f 391/738/347 393/739/347 421/740/347 419/741/347
f 419/741/348 421/740/348 420/712/348 418/710/348
f 393/739/349 395/736/349 423/737/349 421/740/349
f 421/740/350 423/737/350 422/713/350 420/712/350
f 389/742/351 391/738/351 419/741/351 417/743/351
f 417/743/352 419/741/352 418/710/352 416/708/352
f 387/744/353 389/742/353 417/743/353 415/745/353
f 415/745/354 417/743/354 416/708/354 414/700/354
f 385/746/355 387/744/355 415/745/355 413/747/355
f 413/747/356 415/745/356 414/700/356 412/698/356
f 383/748/357 385/746/357 413/747/357 411/749/357
f 411/749/358 413/747/358 412/698/358 410/693/358
f 375/668/359 383/748/359 411/749/359 403/669/359
f 403/669/360 411/749/360 410/693/360 402/692/360
f 378/750/361 380/751/361 409/752/361 407/753/361
f 407/753/362 409/752/362 408/685/362 406/684/362
f 456/682/363 481/754/363 436/755/363 380/683/363
f 372/756/364 401/757/364 404/758/364 376/759/364
f 401/757/365 400/674/365 405/666/365 404/758/365
f 654/760/366 378/750/366 407/753/366 638/761/366
f 400/762/367 591/763/367 589/764/367 374/765/367
f 376/759/368 404/758/368 402/692/368 373/695/368
f 405/766/369 431/767/369 430/768/369 404/769/369
f 430/770/370 431/771/370 429/772/370 428/773/370
f 434/774/371 430/770/371 428/773/371 435/775/371
f 402/776/372 428/777/372 429/778/372 403/779/372
f 403/779/373 429/778/373 431/780/373 405/781/373
f 432/782/374 404/769/374 430/768/374 434/783/374
f 435/784/375 428/785/375 402/786/375 433/787/375
f 433/788/376 402/789/376 404/790/376 432/791/376
f 380/751/377 436/792/377 437/793/377 409/752/377
f 436/792/378 438/794/378 439/795/378 437/793/378
f 481/754/379 483/796/379 438/797/379 436/755/379
f 483/796/65 485/798/65 440/799/65 438/797/65
f 438/794/380 440/800/380 441/801/380 439/795/380
f 442/802/381 444/803/381 445/804/381 443/805/381
f 440/800/382 442/802/382 443/805/382 441/801/382
f 485/798/65 487/806/65 442/807/65 440/799/65
f 487/806/383 489/808/383 444/809/383 442/807/383
f 489/808/384 491/810/384 446/811/384 444/809/384
f 444/803/385 446/812/385 447/813/385 445/804/385
f 445/814/386 447/815/386 492/816/386 490/817/386
f 560/818/73 562/819/73 491/810/73 489/808/73
f 446/820/387 491/821/387 492/822/387 447/823/387
f 443/824/388 445/814/388 490/817/388 488/825/388
f 558/826/76 560/818/76 489/808/76 487/806/76
f 556/827/65 558/826/65 487/806/65 485/798/65
f 439/828/77 441/829/77 486/830/77 484/831/77
f 553/832/65 556/827/65 485/798/65 483/796/65
f 441/829/77 443/824/77 488/825/77 486/830/77
f 551/833/65 553/832/65 483/796/65 481/754/65
f 409/752/389 437/834/389 482/835/389 479/836/389
f 437/834/77 439/828/77 484/831/77 482/835/77
f 409/752/390 479/836/390 480/837/390 408/685/390
f 518/838/391 551/833/391 481/754/391 456/682/391
f 426/727/392 497/726/392 494/839/392 398/840/392
f 396/841/393 398/842/393 473/843/393 471/844/393
f 545/845/394 548/846/394 474/730/394 472/719/394
f 399/847/395 496/848/395 495/725/395 427/724/395
f 548/849/396 565/850/396 500/851/396 474/852/396
f 394/853/397 396/841/397 471/844/397 469/854/397
f 392/855/398 394/853/398 469/854/398 467/856/398
f 177/340/399 543/347/399 470/718/399 468/716/399
f 543/347/400 545/845/400 472/719/400 470/718/400
f 390/857/401 392/855/401 467/856/401 465/858/401
f 538/337/402 177/340/402 468/716/402 466/705/402
f 388/859/403 390/857/403 465/858/403 164/860/403
f 386/861/404 388/859/404 164/860/404 462/862/404
f 163/319/405 533/323/405 464/704/405 463/702/405
f 533/323/406 538/337/406 466/705/406 464/704/406
f 526/316/407 163/319/407 463/702/407 461/689/407
f 382/863/408 384/864/408 460/865/408 458/866/408
f 384/864/409 386/861/409 462/862/409 460/865/409
f 373/664/410 382/863/410 458/866/410 449/665/410
f 510/867/11 522/868/11 459/688/11 451/696/11
f 522/868/411 526/316/411 461/689/411 459/688/411
f 515/869/412 518/838/412 456/682/412 454/679/412
f 408/685/413 480/837/413 457/870/413 381/686/413
f 639/871/414 647/872/414 597/873/414 455/874/414
f 642/875/415 515/869/415 454/679/415 640/678/415
f 379/687/416 381/686/416 457/870/416 455/876/416
f 505/877/417 448/676/417 453/662/417 514/878/417
f 374/879/418 450/880/418 452/881/418 377/882/418
f 377/882/419 452/881/419 451/696/419 375/697/419
f 514/878/420 453/662/420 449/665/420 508/883/420
f 494/884/421 477/885/421 478/886/421 493/887/421
f 565/850/422 567/888/422 504/889/422 500/851/422
f 500/851/423 504/889/423 475/890/423 496/848/423
f 495/725/424 476/891/424 503/892/424 497/726/424
f 474/852/425 500/851/425 496/848/425 399/847/425
f 398/893/426 494/884/426 493/887/426 473/894/426
f 477/885/427 501/895/427 502/896/427 478/886/427
f 567/888/117 570/897/117 507/898/117 504/889/117
f 504/889/428 507/898/428 498/899/428 475/890/428
f 476/891/429 499/900/429 506/901/429 503/892/429
f 497/726/430 503/892/430 477/902/430 494/839/430
f 496/848/431 475/890/431 476/891/431 495/725/431
f 499/903/122 498/904/122 501/905/122 506/906/122
f 503/892/432 506/901/432 501/907/432 477/902/432
f 475/890/433 498/899/433 499/900/433 476/891/433
f 478/886/125 502/896/125 223/908/125 566/909/125
f 566/909/125 223/908/125 224/910/125 220/911/125
f 501/905/122 575/912/122 223/268/122 502/913/122
f 573/914/434 231/413/434 586/411/434 575/912/434
f 507/915/122 570/393/122 573/914/122 498/904/122
f 573/914/127 578/406/127 579/264/127 574/263/127
f 570/393/435 576/396/435 578/406/435 573/914/435
f 498/904/122 573/914/122 575/912/122 501/905/122
f 493/887/130 478/886/130 566/909/130 564/916/130
f 564/916/130 566/909/130 220/911/130 216/917/130
f 568/918/117 571/919/117 570/897/117 567/888/117
f 219/920/436 568/918/436 567/888/436 565/850/436
f 513/921/437 514/922/437 508/300/437 139/277/437
f 452/881/438 512/923/438 510/867/438 451/696/438
f 512/923/439 145/924/439 143/925/439 510/867/439
f 450/880/440 509/926/440 512/923/440 452/881/440
f 509/926/441 141/927/441 145/924/441 512/923/441
f 135/928/442 505/929/442 514/922/442 513/921/442
f 455/876/443 457/870/443 519/930/443 517/931/443
f 517/931/139 519/930/139 154/932/139 150/933/139
f 641/934/444 516/935/444 515/869/444 642/936/444
f 639/937/445 455/876/445 517/931/445 643/938/445
f 643/938/142 517/931/142 150/933/142 288/939/142
f 480/837/143 550/940/143 519/930/143 457/870/143
f 550/940/143 192/941/143 154/932/143 519/930/143
f 516/935/446 153/942/446 518/838/446 515/869/446
f 157/943/447 161/317/447 526/316/447 522/868/447
f 511/210/11 523/211/11 157/296/11 143/279/11
f 143/925/11 157/943/11 522/868/11 510/867/11
f 449/665/448 458/866/448 521/944/448 508/883/448
f 460/865/449 462/862/449 529/945/449 159/946/449
f 525/947/450 528/948/450 527/949/450 524/950/450
f 458/866/451 460/865/451 159/946/451 521/944/451
f 521/951/452 159/952/452 525/953/452 156/954/452
f 156/955/453 525/947/453 524/950/453 520/956/453
f 160/205/454 531/203/454 530/957/454 161/297/454
f 166/322/455 171/338/455 538/337/455 533/323/455
f 531/203/456 534/204/456 166/320/456 530/957/456
f 462/862/457 164/860/457 165/958/457 529/945/457
f 528/948/458 532/959/458 93/960/458 527/949/458
f 164/860/459 465/858/459 537/961/459 165/962/459
f 165/962/460 537/961/460 536/963/460 532/964/460
f 532/964/461 536/963/461 535/965/461 93/966/461
f 465/858/462 467/856/462 541/967/462 537/961/462
f 537/961/463 541/967/463 540/968/463 536/963/463
f 536/963/464 540/968/464 539/969/464 535/965/464
f 544/195/465 546/182/465 184/361/465 180/348/465
f 180/346/466 184/970/466 545/845/466 543/347/466
f 467/856/467 469/854/467 178/357/467 541/967/467
f 541/967/468 178/357/468 179/971/468 540/968/468
f 540/968/469 179/971/469 542/972/469 539/969/469
f 469/854/470 471/844/470 181/358/470 178/357/470
f 188/973/396 219/920/396 565/850/396 548/849/396
f 184/970/471 188/974/471 548/846/471 545/845/471
f 471/844/178 473/843/178 547/975/178 181/358/178
f 181/358/178 547/975/178 185/976/178 182/359/178
f 153/942/472 194/977/472 551/833/472 518/838/472
f 479/836/473 549/978/473 550/940/473 480/837/473
f 549/978/182 190/979/182 192/941/182 550/940/182
f 482/835/77 484/831/77 554/980/77 552/981/77
f 552/981/77 554/980/77 199/982/77 196/983/77
f 479/836/474 482/835/474 552/981/474 549/978/474
f 549/978/184 552/981/184 196/983/184 190/979/184
f 194/977/65 198/984/65 553/832/65 551/833/65
f 486/830/77 488/825/77 559/985/77 557/986/77
f 557/986/77 559/985/77 207/987/77 203/988/77
f 198/984/65 201/989/65 556/827/65 553/832/65
f 484/831/77 486/830/77 557/986/77 554/980/77
f 554/980/77 557/986/77 203/988/77 199/982/77
f 201/989/65 205/990/65 558/826/65 556/827/65
f 205/990/76 209/991/76 560/818/76 558/826/76
f 488/825/185 490/817/185 561/992/185 559/985/185
f 559/985/185 561/992/185 211/993/185 207/987/185
f 491/821/143 562/994/143 563/995/143 492/822/143
f 562/994/143 213/996/143 215/997/143 563/995/143
f 209/991/73 213/998/73 562/819/73 560/818/73
f 490/817/186 492/816/186 563/999/186 561/992/186
f 561/992/186 563/999/186 215/1000/186 211/993/186
f 473/894/475 493/887/475 564/916/475 547/1001/475
f 547/1001/475 564/916/475 216/917/475 185/1002/475
f 576/396/476 581/404/476 231/403/476 578/406/476
f 584/1003/196 585/260/196 588/259/196 587/409/196
f 575/912/477 586/411/477 229/269/477 223/268/477
f 574/263/198 584/415/198 231/413/198 573/914/198
f 646/1004/478 593/1005/478 590/1006/478 644/1007/478
f 645/1008/479 594/1009/479 593/1005/479 646/1004/479
f 401/1010/480 592/1011/480 591/763/480 400/762/480
f 614/1012/481 621/1013/481 592/1014/481 401/1015/481
f 379/1016/482 590/1017/482 593/671/482 406/670/482
f 589/764/483 599/1018/483 596/1019/483 374/765/483
f 597/1020/484 603/1021/484 604/1022/484 598/1023/484
f 599/1018/485 605/1024/485 602/1025/485 596/1019/485
f 379/1016/486 598/1026/486 600/1027/486 590/1017/486
f 620/1028/487 624/1029/487 599/1030/487 589/1031/487
f 455/1032/488 597/1033/488 598/1026/488 379/1016/488
f 374/765/489 596/1019/489 595/1034/489 450/1035/489
f 626/1036/490 629/1037/490 611/1038/490 605/1039/490
f 602/1025/491 608/1040/491 607/1041/491 601/1042/491
f 598/1023/492 604/1022/492 606/1043/492 600/1044/492
f 647/872/493 649/1045/493 603/1046/493 597/873/493
f 596/1019/494 602/1025/494 601/1042/494 595/1034/494
f 624/1029/495 626/1036/495 605/1039/495 599/1030/495
f 609/1047/496 655/1048/496 656/1049/496 610/1050/496
f 651/1051/497 653/1052/497 612/1053/497 610/1050/497
f 605/1024/498 611/1054/498 608/1040/498 602/1025/498
f 603/1021/499 609/1055/499 610/1056/499 604/1022/499
f 604/1022/500 610/1056/500 612/1057/500 606/1043/500
f 649/1045/501 652/1058/501 609/1059/501 603/1046/501
f 601/1060/502 607/1061/502 628/1062/502 625/1063/502
f 608/1064/503 634/1065/503 636/1066/503 627/1067/503
f 627/1067/504 632/1068/504 631/1069/504 608/1064/504
f 648/1070/505 650/1071/505 626/1036/505 624/1029/505
f 595/1072/506 601/1060/506 625/1063/506 623/1073/506
f 650/1071/507 653/1074/507 629/1037/507 626/1036/507
f 644/1007/508 648/1070/508 624/1029/508 620/1028/508
f 638/1075/509 645/1076/509 621/1013/509 614/1012/509
f 592/1077/510 621/1078/510 622/1079/510 591/1080/510
f 591/1080/511 622/1079/511 620/1028/511 589/1031/511
f 509/926/142 619/1081/142 263/1082/142 141/927/142
f 450/880/445 615/1083/445 619/1081/445 509/926/445
f 135/928/512 617/1084/512 618/1085/512 505/929/512
f 505/877/513 618/1086/513 616/1087/513 448/676/513
f 450/1088/514 595/1072/514 623/1073/514 615/1089/514
f 372/756/515 613/1090/515 614/1091/515 401/757/515
f 448/676/516 616/1087/516 613/1092/516 372/677/516
f 631/1069/517 632/1068/517 633/1093/517 630/1094/517
f 628/1095/518 633/1093/518 632/1068/518 627/1067/518
f 607/1061/519 630/1096/519 633/1097/519 628/1062/519
f 608/1040/520 631/1098/520 630/1099/520 607/1041/520
f 634/1065/521 635/1100/521 637/1101/521 636/1066/521
f 611/1054/522 635/1102/522 634/1103/522 608/1040/522
f 627/1067/523 636/1066/523 637/1101/523 629/1104/523
f 629/1037/524 637/1105/524 635/1106/524 611/1038/524
f 407/673/525 594/672/525 645/1076/525 638/1075/525
f 590/1006/526 600/1107/526 648/1070/526 644/1007/526
f 606/1108/527 612/1109/527 653/1074/527 650/1071/527
f 600/1107/528 606/1108/528 650/1071/528 648/1070/528
f 625/1063/529 628/1062/529 652/1058/529 649/1045/529
f 627/1067/530 629/1104/530 653/1052/530 651/1051/530
f 627/1067/531 651/1051/531 652/1110/531 628/1095/531
f 623/1073/532 625/1063/532 649/1045/532 647/872/532
f 621/1078/533 645/1008/533 646/1004/533 622/1079/533
f 622/1079/534 646/1004/534 644/1007/534 620/1028/534
f 619/1081/142 643/938/142 288/939/142 263/1082/142
f 615/1083/445 639/937/445 643/938/445 619/1081/445
f 617/1084/535 641/934/535 642/936/535 618/1085/535
f 618/1086/536 642/875/536 640/678/536 616/1087/536
f 615/1089/537 623/1073/537 647/872/537 639/871/537
f 613/1090/538 654/760/538 638/761/538 614/1091/538
f 616/1087/539 640/678/539 654/681/539 613/1092/539
f 657/1111/540 656/1049/540 655/1048/540 658/1112/540
f 651/1051/541 657/1111/541 658/1112/541 652/1110/541
f 652/1113/542 658/1114/542 655/1115/542 609/1116/542
f 610/1050/543 656/1049/543 657/1111/543 651/1051/543
f 659/1117/544 664/1118/544 665/1119/544 660/1120/544
f 661/1121/545 434/774/545 435/775/545 662/1122/545
f 432/791/546 659/1117/546 660/1120/546 433/788/546
f 661/1123/547 659/1124/547 432/782/547 434/783/547
f 435/784/548 433/787/548 660/1125/548 662/1126/548
f 663/1127/549 667/1128/549 668/1129/549 664/1130/549
f 660/1125/550 665/1131/550 666/1132/550 662/1126/550
f 661/1133/551 663/1127/551 664/1130/551 659/1134/551
f 662/1122/552 666/1135/552 663/1136/552 661/1121/552
f 670/1137/553 674/1138/553 671/1139/553 667/1140/553
f 666/1135/554 670/1137/554 667/1140/554 663/1136/554
f 664/1118/555 668/1141/555 669/1142/555 665/1119/555
f 665/1131/556 669/1143/556 670/1144/556 666/1132/556
f 673/1145/557 677/1146/557 678/1147/557 674/1148/557
f 668/1141/558 672/1149/558 673/1150/558 669/1142/558
f 669/1143/559 673/1145/559 674/1148/559 670/1144/559
f 667/1128/560 671/1151/560 672/1152/560 668/1129/560
f 678/1153/561 682/1154/561 679/1155/561 675/1156/561
f 671/1151/562 675/1157/562 676/1158/562 672/1152/562
f 674/1138/561 678/1153/561 675/1156/561 671/1139/561
f 672/1149/563 676/1159/563 677/1160/563 673/1150/563
f 682/1154/561 686/1161/561 683/1162/561 679/1155/561
f 676/1159/563 680/1163/563 681/1164/563 677/1160/563
f 677/1146/564 681/1165/564 682/1166/564 678/1147/564
f 675/1157/565 679/1167/565 680/1168/565 676/1158/565
f 685/1169/566 689/1170/566 690/1171/566 686/1172/566
f 680/1163/563 684/1173/563 685/1174/563 681/1164/563
f 681/1165/567 685/1169/567 686/1172/567 682/1166/567
f 679/1167/568 683/1175/568 684/1176/568 680/1168/568
f 687/1177/569 691/1178/569 692/1179/569 688/1180/569
f 683/1175/570 687/1177/570 688/1180/570 684/1176/570
f 686/1161/571 690/1181/571 687/1182/571 683/1162/571
f 684/1173/572 688/1183/572 689/1184/572 685/1174/572
f 694/1185/573 698/1186/573 695/1187/573 691/1188/573
f 690/1181/574 694/1185/574 691/1188/574 687/1182/574
f 688/1183/575 692/1189/575 693/1190/575 689/1184/575
f 689/1170/576 693/1191/576 694/1192/576 690/1171/576
f 697/1193/577 701/1194/577 702/1195/577 698/1196/577
f 692/1189/578 696/1197/578 697/1198/578 693/1190/578
f 693/1191/579 697/1193/579 698/1196/579 694/1192/579
f 691/1178/580 695/1199/580 696/1200/580 692/1179/580
f 702/1201/581 706/1202/581 703/1203/581 699/1204/581
f 695/1199/582 699/1205/582 700/1206/582 696/1200/582
f 698/1186/581 702/1201/581 699/1204/581 695/1187/581
f 696/1197/578 700/1207/578 701/1208/578 697/1198/578
f 704/1209/578 708/1210/578 709/1211/578 705/1212/578
f 700/1207/578 704/1209/578 705/1212/578 701/1208/578
f 701/1194/583 705/1213/583 706/1214/583 702/1195/583
f 699/1205/584 703/1215/584 704/1216/584 700/1206/584
f 709/1217/585 713/1218/585 714/1219/585 710/1220/585
f 705/1213/586 709/1217/586 710/1220/586 706/1214/586
f 703/1215/587 707/1221/587 708/1222/587 704/1216/587
f 706/1202/581 710/1223/581 707/1224/581 703/1203/581
f 714/1225/581 718/1226/581 715/1227/581 711/1228/581
f 707/1221/588 711/1229/588 712/1230/588 708/1222/588
f 710/1223/581 714/1225/581 711/1228/581 707/1224/581
f 708/1210/578 712/1231/578 713/1232/578 709/1211/578
f 717/1233/589 721/1234/589 722/1235/589 718/1236/589
f 712/1231/578 716/1237/578 717/1238/578 713/1232/578
f 713/1218/590 717/1233/590 718/1236/590 714/1219/590
f 711/1229/591 715/1239/591 716/1240/591 712/1230/591
f 721/1234/592 725/1241/592 726/1242/592 722/1235/592
f 715/1239/593 719/1243/593 720/1244/593 716/1240/593
f 718/1226/581 722/1245/581 719/1246/581 715/1227/581
f 716/1237/578 720/1247/578 721/1248/578 717/1238/578
f 724/1249/594 723/1250/594 726/1251/594 725/1252/594
f 719/1243/595 723/1250/595 724/1249/595 720/1244/595
f 722/1245/581 726/1253/581 723/1254/581 719/1246/581
f 720/1247/578 724/1255/578 725/1256/578 721/1248/578
f 727/1257/596 728/1258/596 739/1259/596 738/1260/596 737/1261/596 736/1262/596 731/1263/596 730/1264/596
f 727/1265/597 729/1266/597 742/1267/597 728/1268/597
f 730/1269/598 732/1270/598 729/1271/598 727/1272/598
f 731/1273/599 733/1274/599 732/1270/599 730/1269/599
f 742/1275/600 729/1276/600 732/1277/600 733/1278/600 734/1279/600 735/1280/600 740/1281/600 741/1282/600
f 736/1283/601 734/1284/601 733/1274/601 731/1273/601
f 737/1285/602 735/1286/602 734/1284/602 736/1283/602
f 738/1287/603 740/1288/603 735/1286/603 737/1285/603
f 739/1289/604 741/1290/604 740/1288/604 738/1287/604
f 728/1268/605 742/1267/605 741/1290/605 739/1289/605
f 743/1291/596 744/1292/596 755/1293/596 754/1294/596 753/1295/596 752/1296/596 747/1297/596 746/1298/596
f 743/1299/597 745/1300/597 758/1301/597 744/1302/597
f 746/1303/598 748/1304/598 745/1305/598 743/1306/598
f 747/1307/599 749/1308/599 748/1304/599 746/1303/599
f 758/1309/600 745/1310/600 748/1311/600 749/1312/600 750/1313/600 751/1314/600 756/1315/600 757/1316/600
f 752/1317/601 750/1318/601 749/1308/601 747/1307/601
f 753/1319/602 751/1320/602 750/1318/602 752/1317/602
f 754/1321/603 756/1322/603 751/1320/603 753/1319/603
f 755/1323/604 757/1324/604 756/1322/604 754/1321/604
f 744/1302/605 758/1301/605 757/1324/605 755/1323/605
f 763/1325/606 759/1326/606 760/1327/606 764/1328/606
f 759/1329/607 761/1330/607 932/1331/607 760/1332/607
f 759/1329/608 762/1333/608 775/1334/608 761/1330/608
f 763/1325/609 766/1335/609 762/1336/609 759/1326/609
f 765/1337/606 763/1325/606 764/1328/606 863/1338/606
f 765/1337/609 767/1339/609 766/1335/609 763/1325/609
f 767/1339/609 770/1340/609 768/1341/609 766/1335/609
f 766/1335/609 768/1341/609 771/1342/609 762/1336/609
f 768/1341/610 769/1343/610 772/1344/610 771/1342/610
f 770/1340/610 858/1345/610 769/1343/610 768/1341/610
f 762/1333/611 771/1346/611 773/1347/611 775/1334/611
f 771/1346/612 772/1348/612 774/1349/612 773/1347/612
f 774/1350/613 777/1351/613 776/1352/613 773/1353/613
f 773/1353/614 776/1352/614 778/1354/614 775/1355/614
f 776/1356/615 777/1357/615 780/1358/615 779/1359/615
f 778/1360/616 776/1356/616 779/1359/616 781/1361/616
f 779/1359/617 780/1358/617 783/1362/617 782/1363/617
f 781/1361/618 779/1359/618 782/1363/618 784/1364/618
f 783/1362/619 786/1365/619 785/1366/619 782/1363/619
f 782/1363/620 785/1366/620 787/1367/620 784/1364/620
f 786/1365/621 788/1368/621 785/1366/621
f 785/1366/622 788/1368/622 789/1369/622 787/1367/622
f 788/1368/623 791/1370/623 790/1371/623
f 788/1368/624 790/1371/624 792/1372/624 789/1369/624
f 793/1373/625 790/1371/625 791/1370/625 794/1374/625
f 795/1375/626 792/1372/626 790/1371/626 793/1373/626
f 794/1374/627 797/1376/627 793/1373/627
f 795/1377/628 793/1378/628 796/1379/628 913/1380/628
f 793/1378/629 797/1381/629 798/1382/629 796/1379/629
f 796/1379/630 798/1382/630 799/1383/630
f 799/1384/631 798/1385/631 797/1386/631 794/1387/631
f 800/1388/632 799/1384/632 794/1387/632 801/1389/632
f 800/1390/633 796/1379/633 799/1383/633
f 802/1391/634 800/1388/634 801/1389/634 803/1392/634
f 804/1393/635 800/1390/635 802/1394/635
f 805/1395/636 802/1391/636 803/1392/636 806/1396/636
f 808/1397/637 804/1393/637 802/1394/637 805/1398/637
f 806/1399/638 810/1400/638 809/1401/638 805/1402/638
f 805/1402/639 809/1401/639 811/1403/639 807/1404/639
f 808/1405/640 805/1402/640 807/1404/640 905/1406/640
f 813/1407/641 812/1408/641 809/1401/641 810/1400/641
f 812/1408/641 815/1409/641 811/1403/641 809/1401/641
f 1073/1410/642 814/1411/642 812/1408/642 813/1407/642
f 814/1411/641 817/1412/641 815/1409/641 812/1408/641
f 815/1409/641 816/1413/641 906/1414/641 811/1403/641
f 817/1412/642 818/1415/642 816/1413/642 815/1409/642
f 814/1411/643 820/1416/643 819/1417/643 817/1412/643
f 817/1412/644 819/1417/644 821/1418/644 818/1415/644
f 820/1416/645 823/1419/645 822/1420/645 819/1417/645
f 819/1421/646 822/1422/646 824/1423/646 821/1424/646
f 823/1419/647 826/1425/647 825/1426/647 822/1420/647
f 822/1420/648 825/1426/648 827/1427/648 824/1428/648
f 826/1425/647 829/1429/647 828/1430/647 825/1426/647
f 825/1426/647 828/1430/647 830/1431/647 827/1427/647
f 829/1429/649 832/1432/649 831/1433/649 828/1430/649
f 828/1430/649 831/1433/649 833/1434/649 830/1431/649
f 832/1432/650 835/1435/650 834/1436/650 831/1433/650
f 831/1433/650 834/1436/650 836/1437/650 833/1434/650
f 838/1438/641 837/1439/641 834/1440/641 835/1441/641
f 837/1439/641 839/1442/641 836/1443/641 834/1440/641
f 840/1444/651 837/1445/651 838/1446/651 841/1447/651
f 842/1448/651 839/1449/651 837/1445/651 840/1444/651
f 843/1450/652 840/1444/652 841/1447/652 844/1451/652
f 845/1452/652 842/1448/652 840/1444/652 843/1450/652
f 846/1453/653 843/1450/653 844/1451/653 847/1454/653
f 848/1455/654 845/1452/654 843/1450/654 846/1453/654
f 849/1456/653 846/1453/653 847/1454/653 850/1457/653
f 851/1458/655 848/1455/655 846/1453/655 849/1456/655
f 852/1459/656 849/1456/656 850/1457/656 853/1460/656
f 854/1461/657 851/1462/657 849/1463/657 852/1464/657
f 855/1465/658 852/1459/658 853/1460/658 856/1466/658
f 857/1467/659 854/1468/659 852/1459/659 855/1465/659
f 858/1345/660 855/1465/660 856/1466/660 769/1343/660
f 859/1469/660 857/1467/660 855/1465/660 858/1345/660
f 860/1470/610 859/1469/610 858/1345/610 770/1340/610
f 861/1471/609 860/1470/609 770/1340/609 767/1339/609
f 862/1472/609 861/1471/609 767/1339/609 765/1337/609
f 862/1472/606 765/1337/606 863/1338/606 1172/1473/606
f 1172/1473/661 863/1338/661 1174/1474/661 864/1475/661
f 1174/1476/662 1175/1477/662 865/1478/662 864/1479/662
f 1175/1477/663 1176/1480/663 866/1481/663 865/1478/663
f 1176/1480/664 867/1482/664 1177/1483/664 866/1481/664
f 867/1482/665 868/1484/665 1178/1485/665 1177/1483/665
f 868/1484/666 869/1486/666 1179/1487/666 1178/1485/666
f 1179/1487/667 1180/1488/667 1181/1489/667
f 869/1486/668 1180/1488/668 1179/1487/668
f 1180/1488/669 1182/1490/669 1181/1489/669
f 1180/1488/670 870/1491/670 1182/1490/670
f 870/1491/671 871/1492/671 1183/1493/671 1182/1490/671
f 871/1494/672 873/1495/672 872/1496/672 1183/1497/672
f 873/1495/673 874/1498/673 1185/1499/673 872/1496/673
f 874/1498/674 875/1500/674 1187/1501/674 1185/1499/674
f 875/1500/675 876/1502/675 1189/1503/675 1187/1501/675
f 1189/1504/676 1191/1505/676 1190/1506/676
f 876/1507/676 1191/1508/676 1189/1509/676
f 877/1510/677 878/1511/677 1192/1512/677 1191/1513/677
f 879/1514/678 877/1515/678 880/1516/678
f 880/1516/679 1195/1517/679 881/1518/679 879/1514/679
f 1195/1517/680 877/1519/680 881/1518/680
f 881/1518/680 877/1520/680 878/1521/680 1194/1522/680
f 882/1523/681 1196/1524/681 878/1525/681 877/1526/681
f 1197/1527/682 882/1528/682 883/1529/682
f 1197/1530/683 1196/1531/683 882/1532/683
f 1198/1533/684 1197/1534/684 883/1535/684 884/1536/684
f 1199/1537/684 1197/1538/684 1198/1539/684
f 885/1540/685 1198/1541/685 884/1542/685 886/1543/685
f 887/1544/686 885/1540/686 886/1543/686 888/1545/686
f 1202/1546/687 887/1544/687 888/1545/687 889/1547/687
f 1204/1548/688 1202/1546/688 889/1547/688 890/1549/688
f 1205/1550/689 1204/1551/689 890/1552/689 892/1553/689
f 1205/1550/689 891/1554/689 1204/1551/689
f 1207/1555/690 1205/1550/690 892/1553/690
f 1206/1556/690 1205/1550/690 1207/1555/690
f 1208/1557/691 1207/1555/691 893/1558/691
f 1208/1557/692 1206/1556/692 1207/1555/692
f 1209/1559/693 1208/1557/693 893/1558/693 894/1560/693
f 895/1561/694 1209/1559/694 894/1560/694 1210/1562/694
f 896/1563/695 895/1561/695 1210/1562/695 1211/1564/695
f 897/1565/696 896/1566/696 1211/1567/696 1213/1568/696
f 898/1569/697 897/1565/697 1213/1568/697 1214/1570/697
f 899/1571/698 897/1572/698 898/1573/698
f 900/1574/699 1215/1575/699 898/1576/699 1214/1577/699
f 902/1578/700 901/1579/700 1215/1575/700 900/1574/700
f 902/1578/701 903/1580/701 1218/1581/701 901/1579/701
f 903/1580/701 905/1406/701 904/1582/701 1218/1581/701
f 905/1406/701 807/1404/701 1220/1583/701 904/1582/701
f 907/1584/640 808/1405/640 905/1406/640 903/1580/640
f 807/1404/702 811/1403/702 906/1414/702 1220/1583/702
f 908/1585/640 907/1584/640 903/1580/640 902/1578/640
f 908/1586/703 910/1587/703 909/1588/703 907/1589/703
f 907/1589/704 909/1588/704 804/1393/704 808/1397/704
f 910/1587/705 912/1590/705 911/1591/705 909/1588/705
f 909/1588/706 911/1591/706 800/1390/706 804/1393/706
f 912/1590/707 914/1592/707 913/1380/707 911/1591/707
f 911/1591/708 913/1380/708 796/1379/708 800/1390/708
f 914/1592/709 915/1593/709 913/1380/709
f 913/1380/710 915/1593/710 916/1594/710 795/1377/710
f 795/1377/711 916/1594/711 917/1595/711
f 917/1596/712 916/1597/712 915/1598/712 914/1599/712
f 919/1600/713 917/1596/713 914/1599/713 912/1601/713
f 923/1602/714 918/1603/714 917/1596/714 919/1600/714
f 918/1603/715 920/1604/715 917/1596/715
f 917/1605/716 920/1606/716 921/1607/716 795/1375/716
f 795/1375/717 921/1607/717 792/1372/717
f 792/1372/718 921/1607/718 920/1606/718 918/1608/718
f 924/1609/719 923/1602/719 919/1600/719 922/1610/719
f 922/1610/720 919/1600/720 912/1601/720 910/1611/720
f 787/1367/721 789/1369/721 923/1612/721 924/1613/721
f 789/1369/722 792/1372/722 918/1608/722 923/1612/722
f 925/1614/723 924/1609/723 922/1610/723 926/1615/723
f 784/1364/724 787/1367/724 924/1613/724 925/1616/724
f 929/1617/725 927/1618/725 925/1619/725 926/1620/725
f 927/1621/726 781/1361/726 784/1364/726 925/1616/726
f 761/1622/727 928/1623/727 927/1618/727 929/1617/727
f 928/1624/616 778/1360/616 781/1361/616 927/1621/616
f 929/1625/728 926/1626/728 931/1627/728 930/1628/728
f 761/1330/729 929/1625/729 930/1628/729 932/1331/729
f 930/1628/730 931/1627/730 1070/1629/730 933/1630/730
f 930/1631/731 934/1632/731 935/1633/731 932/1634/731
f 933/1635/732 936/1636/732 934/1632/732 930/1631/732
f 935/1637/733 934/1632/733 936/1636/733 937/1638/733
f 938/1639/734 937/1640/734 936/1636/734 933/1635/734
f 941/1641/735 935/1642/735 937/1643/735 939/1644/735
f 939/1645/736 937/1646/736 938/1647/736 942/1648/736
f 1010/1649/737 941/1641/737 939/1644/737 940/1650/737
f 939/1645/738 942/1648/738 944/1651/738 940/1652/738
f 943/1653/739 945/1654/739 944/1655/739 942/1656/739
f 942/1656/740 938/1657/740 932/1658/740 943/1653/740
f 945/1654/739 947/1659/739 946/1660/739 944/1655/739
f 944/1651/741 946/1661/741 948/1662/741 940/1652/741
f 947/1659/739 950/1663/739 949/1664/739 946/1660/739
f 946/1661/742 949/1665/742 951/1666/742 948/1662/742
f 950/1663/739 953/1667/739 952/1668/739 949/1664/739
f 949/1665/743 952/1669/743 954/1670/743 951/1666/743
f 953/1667/739 956/1671/739 955/1672/739 952/1668/739
f 952/1669/744 955/1673/744 957/1674/744 954/1670/744
f 956/1671/739 959/1675/739 958/1676/739 955/1672/739
f 955/1673/745 958/1677/745 960/1678/745 957/1674/745
f 959/1675/739 962/1679/739 961/1680/739 958/1676/739
f 958/1677/746 961/1681/746 963/1682/746 960/1678/746
f 962/1679/747 965/1683/747 964/1684/747 961/1680/747
f 961/1681/748 964/1685/748 966/1686/748 963/1682/748
f 965/1683/749 968/1687/749 967/1688/749 964/1684/749
f 964/1685/750 967/1689/750 969/1690/750 966/1686/750
f 968/1687/751 971/1691/751 970/1692/751 967/1688/751
f 967/1689/752 970/1693/752 972/1694/752 969/1690/752
f 971/1691/751 974/1695/751 973/1696/751 970/1692/751
f 970/1693/753 973/1697/753 975/1698/753 972/1694/753
f 974/1695/751 977/1699/751 976/1700/751 973/1696/751
f 973/1697/754 976/1701/754 978/1702/754 975/1698/754
f 977/1699/751 980/1703/751 979/1704/751 976/1700/751
f 976/1701/755 979/1705/755 981/1706/755 978/1702/755
f 980/1703/751 983/1707/751 982/1708/751 979/1704/751
f 979/1705/756 982/1709/756 984/1710/756 981/1706/756
f 983/1707/751 986/1711/751 985/1712/751 982/1708/751
f 982/1709/757 985/1713/757 987/1714/757 984/1710/757
f 986/1711/751 989/1715/751 988/1716/751 985/1712/751
f 985/1713/758 988/1717/758 990/1718/758 987/1714/758
f 989/1715/751 992/1719/751 991/1720/751 988/1716/751
f 988/1717/759 991/1721/759 993/1722/759 990/1718/759
f 992/1723/760 994/1724/760 993/1722/760 991/1721/760
f 990/1725/761 993/1726/761 994/1727/761 995/1728/761
f 995/1729/762 994/1730/762 992/1731/762 989/1732/762
f 996/1733/763 995/1729/763 989/1732/763 986/1734/763
f 987/1735/761 990/1725/761 995/1728/761 996/1736/761
f 997/1737/764 996/1733/764 986/1734/764 983/1738/764
f 984/1739/761 987/1735/761 996/1736/761 997/1740/761
f 998/1741/765 997/1737/765 983/1738/765 980/1742/765
f 981/1743/761 984/1739/761 997/1740/761 998/1744/761
f 999/1745/766 998/1741/766 980/1742/766 977/1746/766
f 978/1747/761 981/1743/761 998/1744/761 999/1748/761
f 1000/1749/767 999/1745/767 977/1746/767 974/1750/767
f 975/1751/761 978/1747/761 999/1748/761 1000/1752/761
f 1001/1753/768 1000/1749/768 974/1750/768 971/1754/768
f 972/1755/761 975/1751/761 1000/1752/761 1001/1756/761
f 1002/1757/769 1001/1753/769 971/1754/769 968/1758/769
f 969/1759/770 972/1755/770 1001/1756/770 1002/1760/770
f 1003/1761/771 1002/1757/771 968/1758/771 965/1762/771
f 966/1763/772 969/1759/772 1002/1760/772 1003/1764/772
f 1004/1765/773 1003/1761/773 965/1762/773 962/1766/773
f 963/1767/774 966/1763/774 1003/1764/774 1004/1768/774
f 1005/1769/775 1004/1765/775 962/1766/775 959/1770/775
f 960/1771/776 963/1767/776 1004/1768/776 1005/1772/776
f 1006/1773/777 1005/1769/777 959/1770/777 956/1774/777
f 957/1775/776 960/1771/776 1005/1772/776 1006/1776/776
f 1007/1777/778 1006/1773/778 956/1774/778 953/1778/778
f 954/1779/776 957/1775/776 1006/1776/776 1007/1780/776
f 1008/1781/779 1007/1777/779 953/1778/779 950/1782/779
f 951/1783/776 954/1779/776 1007/1780/776 1008/1784/776
f 1009/1785/780 1008/1781/780 950/1782/780 947/1786/780
f 948/1787/776 951/1783/776 1008/1784/776 1009/1788/776
f 1010/1789/781 1009/1785/781 947/1786/781 945/1790/781
f 940/1650/776 948/1787/776 1009/1788/776 1010/1649/776
f 1010/1789/782 945/1790/782 943/1791/782 941/1792/782
f 943/1791/783 932/1793/783 935/1794/783 941/1792/783
f 938/1795/784 1012/1796/784 1013/1797/784 1011/1798/784
f 760/1332/785 932/1331/785 938/1795/785 1011/1798/785
f 933/1630/784 1014/1799/784 1012/1796/784 938/1795/784
f 1012/1796/784 1015/1800/784 1016/1801/784 1013/1797/784
f 1014/1799/784 1017/1802/784 1015/1800/784 1012/1796/784
f 1015/1800/784 1018/1803/784 1019/1804/784 1016/1801/784
f 1017/1802/784 1020/1805/784 1018/1803/784 1015/1800/784
f 1018/1803/784 1021/1806/784 1022/1807/784 1019/1804/784
f 1020/1805/784 1023/1808/784 1021/1806/784 1018/1803/784
f 1021/1806/784 1024/1809/784 1025/1810/784 1022/1807/784
f 1023/1808/784 1026/1811/784 1024/1809/784 1021/1806/784
f 1024/1809/784 1027/1812/784 1028/1813/784 1025/1810/784
f 1026/1811/784 1029/1814/784 1027/1812/784 1024/1809/784
f 1027/1812/784 1030/1815/784 1031/1816/784 1028/1813/784
f 1029/1814/784 1032/1817/784 1030/1815/784 1027/1812/784
f 1030/1815/784 1033/1818/784 1034/1819/784 1031/1816/784
f 1032/1817/786 1035/1820/786 1033/1818/786 1030/1815/786
f 1033/1821/787 1036/1822/787 1037/1823/787 1034/1824/787
f 1035/1825/788 1038/1826/788 1036/1822/788 1033/1821/788
f 1036/1822/789 1039/1827/789 1040/1828/789 1037/1823/789
f 1038/1826/790 1041/1829/790 1039/1827/790 1036/1822/790
f 1039/1827/791 1042/1830/791 1043/1831/791 1040/1828/791
f 1041/1829/792 1044/1832/792 1042/1830/792 1039/1827/792
f 1042/1830/793 1045/1833/793 1047/1834/793 1043/1831/793
f 1044/1832/794 1046/1835/794 1045/1833/794 1042/1830/794
f 1046/1835/795 1048/1836/795 1047/1834/795 1045/1833/795
f 1048/1836/795 880/1837/795 1050/1838/795 1047/1834/795
f 1047/1834/796 1050/1838/796 876/1502/796 1049/1839/796
f 1050/1840/797 1191/1841/797 876/1842/797
f 880/1516/798 877/1515/798 1191/1841/798 1050/1840/798
f 1043/1843/799 1047/1834/799 1049/1839/799 1051/1844/799
f 1051/1844/800 1049/1839/800 876/1502/800 875/1500/800
f 1040/1845/801 1043/1843/801 1051/1844/801 1052/1846/801
f 1052/1846/674 1051/1844/674 875/1500/674 874/1498/674
f 1037/1847/802 1040/1845/802 1052/1846/802 1053/1848/802
f 1053/1848/673 1052/1846/673 874/1498/673 873/1495/673
f 1034/1849/803 1037/1847/803 1053/1848/803 871/1494/803
f 871/1494/804 1053/1848/804 873/1495/804
f 1031/1850/805 1034/1851/805 871/1852/805 870/1853/805
f 1028/1854/806 1031/1850/806 870/1853/806 1180/1855/806
f 1025/1856/807 1028/1854/807 1180/1855/807 869/1857/807
f 1022/1858/808 1025/1856/808 869/1857/808 868/1859/808
f 1019/1860/809 1022/1858/809 868/1859/809 867/1861/809
f 1016/1862/810 1019/1860/810 867/1861/810 1176/1863/810
f 1013/1864/811 1016/1862/811 1176/1863/811 1175/1865/811
f 1011/1866/812 1013/1864/812 1175/1865/812 1174/1474/812
f 764/1328/813 760/1327/813 1011/1866/813 1174/1474/813
f 863/1338/814 764/1328/814 1174/1474/814
f 1054/1867/796 884/1542/796 880/1868/796 1048/1869/796
f 886/1543/685 884/1542/685 1054/1867/685 1055/1870/685
f 1055/1870/815 1054/1867/815 1048/1869/815 1056/1871/815
f 1056/1872/816 1048/1836/816 1046/1835/816 1044/1832/816
f 1059/1873/817 1055/1870/817 1056/1871/817 1057/1874/817
f 1057/1875/818 1056/1872/818 1044/1832/818 1041/1829/818
f 1058/1876/819 1057/1875/819 1041/1829/819 1038/1826/819
f 1060/1877/820 1059/1873/820 1057/1874/820 1058/1878/820
f 889/1547/821 888/1545/821 1059/1873/821 1060/1877/821
f 888/1545/822 886/1543/822 1055/1870/822 1059/1873/822
f 1061/1879/823 1060/1877/823 1058/1878/823 1062/1880/823
f 890/1549/824 889/1547/824 1060/1877/824 1061/1879/824
f 892/1881/825 1061/1882/825 1062/1883/825 1063/1884/825
f 892/1881/826 890/1885/826 1061/1882/826
f 1207/1886/827 892/1881/827 1063/1884/827 1064/1887/827
f 893/1888/828 1207/1886/828 1064/1887/828 1065/1889/828
f 894/1890/829 893/1888/829 1065/1889/829 1066/1891/829
f 1210/1892/830 894/1890/830 1066/1891/830 1067/1893/830
f 1211/1894/831 1210/1892/831 1067/1893/831 1068/1895/831
f 1213/1896/832 1211/1894/832 1068/1895/832 1069/1897/832
f 1214/1577/833 1213/1896/833 1069/1897/833 1070/1898/833
f 931/1899/834 1071/1900/834 1214/1577/834 1070/1898/834
f 1071/1900/834 900/1574/834 1214/1577/834
f 926/1901/835 908/1585/835 1071/1900/835 931/1899/835
f 908/1585/836 902/1578/836 900/1574/836 1071/1900/836
f 1070/1629/784 1069/1902/784 1014/1799/784 933/1630/784
f 1069/1902/784 1068/1903/784 1017/1802/784 1014/1799/784
f 1068/1903/784 1067/1904/784 1020/1805/784 1017/1802/784
f 1067/1904/784 1066/1905/784 1023/1808/784 1020/1805/784
f 1066/1905/784 1065/1906/784 1026/1811/784 1023/1808/784
f 1065/1906/784 1064/1907/784 1029/1814/784 1026/1811/784
f 1064/1907/837 1063/1908/837 1032/1817/837 1029/1814/837
f 1063/1908/838 1062/1909/838 1035/1820/838 1032/1817/838
f 1062/1910/839 1058/1876/839 1038/1826/839 1035/1825/839
f 775/1355/840 778/1354/840 928/1623/840 761/1622/840
f 926/1615/841 922/1610/841 910/1611/841 908/1911/841
f 884/1912/842 883/1913/842 1195/1914/842 880/1915/842
f 883/1913/843 882/1916/843 877/1917/843 1195/1914/843
f 769/1343/660 856/1466/660 1072/1918/660 772/1344/660
f 856/1466/844 853/1460/844 1074/1919/844 1072/1918/844
f 772/1348/845 1072/1920/845 1073/1921/845 774/1349/845
f 1072/1920/846 1074/1922/846 1075/1923/846 1073/1921/846
f 1074/1922/784 1076/1924/784 1077/1925/784 1075/1923/784
f 853/1460/653 850/1457/653 1076/1926/653 1074/1919/653
f 1076/1924/847 1078/1927/847 1079/1928/847 1077/1925/847
f 850/1457/653 847/1454/653 1078/1929/653 1076/1926/653
f 1078/1927/848 1080/1930/848 1081/1931/848 1079/1928/848
f 847/1454/653 844/1451/653 1080/1932/653 1078/1929/653
f 1080/1930/849 1082/1933/849 1083/1934/849 1081/1931/849
f 844/1451/850 841/1447/850 1082/1935/850 1080/1932/850
f 1082/1933/851 1084/1936/851 1085/1937/851 1083/1934/851
f 841/1447/852 838/1446/852 1084/1938/852 1082/1935/852
f 1084/1939/853 838/1438/853 835/1441/853 1085/1940/853
f 1083/1941/854 1085/1942/854 835/1435/854 832/1432/854
f 1081/1943/855 1083/1941/855 832/1432/855 829/1429/855
f 1079/1944/647 1081/1943/647 829/1429/647 826/1425/647
f 1077/1945/647 1079/1944/647 826/1425/647 823/1419/647
f 1075/1946/647 1077/1945/647 823/1419/647 820/1416/647
f 1073/1410/856 1075/1946/856 820/1416/856 814/1411/856
f 774/1349/857 1073/1921/857 813/1947/857 1089/1948/857
f 1167/1949/657 1086/1950/657 851/1462/657 854/1461/657
f 821/1424/646 824/1423/646 1087/1951/646 1088/1952/646
f 1089/1948/858 813/1947/858 810/1953/858 806/1954/858
f 806/1955/859 783/1956/859 780/1957/859 1089/1958/859
f 1089/1958/860 780/1957/860 777/1351/860 774/1350/860
f 806/1396/861 803/1392/861 786/1959/861 783/1960/861
f 803/1392/862 801/1389/862 788/1961/862 786/1959/862
f 801/1389/863 794/1387/863 791/1962/863 788/1961/863
f 1090/1963/864 1091/1964/864 1247/1965/864 1092/1966/864
f 1094/1967/865 1095/1968/865 1091/1969/865 1090/1970/865
f 1090/1963/866 1092/1966/866 1106/1971/866 1093/1972/866
f 1094/1967/867 1090/1970/867 1093/1973/867 1097/1974/867
f 1096/1975/865 1173/1976/865 1095/1968/865 1094/1967/865
f 1096/1975/867 1094/1967/867 1097/1974/867 1098/1977/867
f 1098/1977/867 1097/1974/867 1099/1978/867 1101/1979/867
f 1097/1974/867 1093/1973/867 1102/1980/867 1099/1978/867
f 1101/1979/868 1099/1978/868 1100/1981/868 1171/1982/868
f 1099/1978/867 1102/1980/867 1103/1983/867 1100/1981/867
f 1093/1972/869 1106/1971/869 1104/1984/869 1102/1985/869
f 1102/1985/870 1104/1984/870 1105/1986/870 1103/1987/870
f 1105/1988/871 1104/1989/871 1107/1990/871 1108/1991/871
f 1104/1989/872 1106/1992/872 1109/1993/872 1107/1990/872
f 1107/1994/873 1110/1995/873 1111/1996/873 1108/1997/873
f 1109/1998/873 1112/1999/873 1110/1995/873 1107/1994/873
f 1110/1995/874 1113/2000/874 1114/2001/874 1111/1996/874
f 1112/1999/875 1115/2002/875 1113/2000/875 1110/1995/875
f 1114/2001/876 1113/2000/876 1116/2003/876 1117/2004/876
f 1113/2000/877 1115/2002/877 1118/2005/877 1116/2003/877
f 1117/2004/878 1116/2003/878 1119/2006/878
f 1116/2003/879 1118/2005/879 1120/2007/879 1119/2006/879
f 1119/2006/880 1121/2008/880 1122/2009/880
f 1119/2006/881 1120/2007/881 1123/2010/881 1121/2008/881
f 1124/2011/882 1125/2012/882 1122/2009/882 1121/2008/882
f 1126/2013/883 1124/2011/883 1121/2008/883 1123/2010/883
f 1125/2012/884 1124/2011/884 1128/2014/884
f 1126/2015/885 1228/2016/885 1127/2017/885 1124/2018/885
f 1124/2018/886 1127/2017/886 1129/2019/886 1128/2020/886
f 1127/2017/887 1130/2021/887 1129/2019/887
f 1130/2022/888 1125/2023/888 1128/2024/888 1129/2025/888
f 1131/2026/889 1132/2027/889 1125/2023/889 1130/2022/889
f 1131/2028/890 1130/2021/890 1127/2017/890
f 1133/2029/891 1134/2030/891 1132/2027/891 1131/2026/891
f 1135/2031/892 1133/2032/892 1131/2028/892
f 1136/2033/893 1137/2034/893 1134/2030/893 1133/2029/893
f 1139/2035/894 1136/2036/894 1133/2032/894 1135/2031/894
f 1137/2037/895 1136/2038/895 1140/2039/895 1141/2040/895
f 1139/2041/896 1221/2042/896 1138/2043/896 1136/2038/896
f 1136/2038/897 1138/2043/897 1142/2044/897 1140/2039/897
f 1144/2045/898 1141/2040/898 1140/2039/898 1143/2046/898
f 1143/2046/898 1140/2039/898 1142/2044/898 1146/2047/898
f 1401/2048/899 1144/2045/899 1143/2046/899 1145/2049/899
f 1145/2049/898 1143/2046/898 1146/2047/898 1147/2050/898
f 1147/2050/899 1146/2047/899 816/2051/899 818/2052/899
f 1146/2047/898 1142/2044/898 906/2053/898 816/2051/898
f 1145/2049/900 1147/2050/900 1088/2054/900 1148/2055/900
f 1147/2050/901 818/2052/901 821/2056/901 1088/2054/901
f 1148/2055/902 1088/2054/902 1087/2057/902 1149/2058/902
f 1149/2058/903 1087/2057/903 1150/2059/903 1151/2060/903
f 1087/2057/904 824/2061/904 827/2062/904 1150/2059/904
f 1151/2060/903 1150/2059/903 1152/2063/903 1153/2064/903
f 1150/2059/903 827/2062/903 830/2065/903 1152/2063/903
f 1153/2064/905 1152/2063/905 1154/2066/905 1155/2067/905
f 1152/2063/905 830/2065/905 833/2068/905 1154/2066/905
f 1155/2067/906 1154/2066/906 1156/2069/906 1157/2070/906
f 1154/2066/906 833/2068/906 836/2071/906 1156/2069/906
f 1159/2072/898 1157/2073/898 1156/2074/898 1158/2075/898
f 1158/2075/898 1156/2074/898 836/2076/898 839/2077/898
f 1160/2078/907 1161/2079/907 1159/2080/907 1158/2081/907
f 842/2082/907 1160/2078/907 1158/2081/907 839/2083/907
f 1162/2084/908 1163/2085/908 1161/2079/908 1160/2078/908
f 845/2086/908 1162/2084/908 1160/2078/908 842/2082/908
f 1164/2087/909 1165/2088/909 1163/2085/909 1162/2084/909
f 848/2089/910 1164/2087/910 1162/2084/910 845/2086/910
f 1086/2090/909 1166/2091/909 1165/2088/909 1164/2087/909
f 851/2092/911 1086/2090/911 1164/2087/911 848/2089/911
f 1167/2093/912 1168/2094/912 1166/2091/912 1086/2090/912
f 1169/2095/913 1170/2096/913 1168/2094/913 1167/2093/913
f 857/2097/914 1169/2095/914 1167/2093/914 854/2098/914
f 1171/1982/915 1100/1981/915 1170/2096/915 1169/2095/915
f 859/2099/915 1171/1982/915 1169/2095/915 857/2097/915
f 860/2100/868 1101/1979/868 1171/1982/868 859/2099/868
f 861/2101/867 1098/1977/867 1101/1979/867 860/2100/867
f 862/2102/867 1096/1975/867 1098/1977/867 861/2101/867
f 862/2102/865 1172/2103/865 1173/1976/865 1096/1975/865
f 1172/2103/916 864/2104/916 1173/1976/916
f 1183/2105/917 872/2106/917 1184/2107/917
f 1184/2107/918 872/2106/918 1185/2108/918 1186/2109/918
f 1186/2109/919 1185/2108/919 1187/2110/919 1188/2111/919
f 1188/2111/920 1187/2110/920 1189/2112/920 1190/2113/920
f 879/1514/921 1193/2114/921 878/2115/921 877/1515/921
f 1193/2114/679 879/1514/679 881/1518/679 1194/1522/679
f 883/2116/922 1197/2117/922 1196/2118/922 882/2119/922
f 1198/2120/684 1199/2121/684 1197/2122/684 883/2123/684
f 884/2124/684 1198/2125/684 883/2126/684
f 885/2127/685 1200/2128/685 1199/2129/685 1198/2130/685
f 887/2131/923 1201/2132/923 1200/2128/923 885/2127/923
f 1202/2133/924 1203/2134/924 1201/2132/924 887/2131/924
f 1204/2135/925 891/2136/925 1203/2134/925 1202/2133/925
f 1212/2137/926 897/2138/926 896/2139/926
f 1213/2140/927 1212/2137/927 896/2139/927 1211/2141/927
f 898/2142/928 897/2138/928 1212/2137/928
f 1214/2143/929 898/2142/929 1212/2137/929 1213/2140/929
f 1216/2144/930 898/2145/930 1215/2146/930
f 1217/2147/931 1216/2144/931 1215/2146/931 901/2148/931
f 1217/2147/932 901/2148/932 1218/2149/932 1219/2150/932
f 1219/2150/932 1218/2149/932 904/2151/932 1221/2042/932
f 1221/2042/932 904/2151/932 1220/2152/932 1138/2043/932
f 1222/2153/896 1219/2150/896 1221/2042/896 1139/2041/896
f 1138/2043/933 1220/2152/933 906/2053/933 1142/2044/933
f 1223/2154/896 1217/2147/896 1219/2150/896 1222/2153/896
f 1223/2155/934 1222/2156/934 1224/2157/934 1225/2158/934
f 1222/2156/935 1139/2035/935 1135/2031/935 1224/2157/935
f 1225/2158/936 1224/2157/936 1226/2159/936 1227/2160/936
f 1224/2157/937 1135/2031/937 1131/2028/937 1226/2159/937
f 1227/2160/938 1226/2159/938 1228/2016/938 1229/2161/938
f 1226/2159/939 1131/2028/939 1127/2017/939 1228/2016/939
f 1229/2161/940 1228/2016/940 1230/2162/940
f 1228/2016/941 1126/2015/941 1231/2163/941 1230/2162/941
f 1126/2015/942 1232/2164/942 1231/2163/942
f 1232/2165/943 1229/2166/943 1230/2167/943 1231/2168/943
f 1234/2169/944 1227/2170/944 1229/2166/944 1232/2165/944
f 1233/2171/945 1232/2165/945 1235/2172/945
f 1238/2173/946 1234/2169/946 1232/2165/946 1233/2171/946
f 1232/2174/947 1126/2013/947 1236/2175/947 1235/2176/947
f 1126/2013/948 1123/2010/948 1236/2175/948
f 1123/2010/949 1233/2177/949 1235/2176/949 1236/2175/949
f 1237/2178/950 1225/2179/950 1227/2170/950 1234/2169/950
f 1239/2180/951 1237/2178/951 1234/2169/951 1238/2173/951
f 1118/2005/952 1239/2181/952 1238/2182/952 1120/2007/952
f 1120/2007/953 1238/2182/953 1233/2177/953 1123/2010/953
f 1240/2183/954 1241/2184/954 1237/2178/954 1239/2180/954
f 1115/2002/955 1240/2185/955 1239/2181/955 1118/2005/955
f 1244/2186/956 1241/2187/956 1240/2188/956 1242/2189/956
f 1242/2190/957 1240/2185/957 1115/2002/957 1112/1999/957
f 1243/2191/873 1242/2190/873 1112/1999/873 1109/1998/873
f 1092/2192/958 1244/2186/958 1242/2189/958 1243/2193/958
f 1244/2194/959 1245/2195/959 1246/2196/959 1241/2197/959
f 1092/1966/960 1247/1965/960 1245/2195/960 1244/2194/960
f 1245/2195/961 1248/2198/961 1398/2199/961 1246/2196/961
f 1245/2200/962 1247/2201/962 1250/2202/962 1249/2203/962
f 1248/2204/963 1245/2200/963 1249/2203/963 1251/2205/963
f 1250/2206/964 1252/2207/964 1251/2205/964 1249/2203/964
f 1253/2208/965 1248/2204/965 1251/2205/965 1252/2209/965
f 1256/2210/966 1254/2211/966 1252/2212/966 1250/2213/966
f 1254/2214/967 1257/2215/967 1253/2216/967 1252/2217/967
f 1254/2214/968 1255/2218/968 1259/2219/968 1257/2215/968
f 1325/2220/969 1255/2221/969 1254/2211/969 1256/2210/969
f 1257/2222/970 1258/2223/970 1247/2224/970 1253/2225/970
f 1258/2223/971 1257/2222/971 1259/2226/971 1260/2227/971
f 1260/2227/971 1259/2226/971 1261/2228/971 1262/2229/971
f 1259/2219/972 1255/2218/972 1263/2230/972 1261/2231/972
f 1262/2229/971 1261/2228/971 1264/2232/971 1265/2233/971
f 1261/2231/973 1263/2230/973 1266/2234/973 1264/2235/973
f 1265/2233/971 1264/2232/971 1267/2236/971 1268/2237/971
f 1264/2235/974 1266/2234/974 1269/2238/974 1267/2239/974
f 1268/2237/971 1267/2236/971 1270/2240/971 1271/2241/971
f 1267/2239/975 1269/2238/975 1272/2242/975 1270/2243/975
f 1271/2241/971 1270/2240/971 1273/2244/971 1274/2245/971
f 1270/2243/976 1272/2242/976 1275/2246/976 1273/2247/976
f 1274/2245/971 1273/2244/971 1276/2248/971 1277/2249/971
f 1273/2247/977 1275/2246/977 1278/2250/977 1276/2251/977
f 1277/2249/978 1276/2248/978 1279/2252/978 1280/2253/978
f 1276/2251/979 1278/2250/979 1281/2254/979 1279/2255/979
f 1280/2253/980 1279/2252/980 1282/2256/980 1283/2257/980
f 1279/2255/981 1281/2254/981 1284/2258/981 1282/2259/981
f 1283/2257/982 1282/2256/982 1285/2260/982 1286/2261/982
f 1282/2259/983 1284/2258/983 1287/2262/983 1285/2263/983
f 1286/2261/982 1285/2260/982 1288/2264/982 1289/2265/982
f 1285/2263/984 1287/2262/984 1290/2266/984 1288/2267/984
f 1289/2265/982 1288/2264/982 1291/2268/982 1292/2269/982
f 1288/2267/985 1290/2266/985 1293/2270/985 1291/2271/985
f 1292/2269/982 1291/2268/982 1294/2272/982 1295/2273/982
f 1291/2271/986 1293/2270/986 1296/2274/986 1294/2275/986
f 1295/2273/982 1294/2272/982 1297/2276/982 1298/2277/982
f 1294/2275/987 1296/2274/987 1299/2278/987 1297/2279/987
f 1298/2277/982 1297/2276/982 1300/2280/982 1301/2281/982
f 1297/2279/988 1299/2278/988 1302/2282/988 1300/2283/988
f 1301/2281/982 1300/2280/982 1303/2284/982 1304/2285/982
f 1300/2283/989 1302/2282/989 1305/2286/989 1303/2287/989
f 1304/2285/982 1303/2284/982 1306/2288/982 1307/2289/982
f 1303/2287/990 1305/2286/990 1308/2290/990 1306/2291/990
f 1307/2292/991 1306/2291/991 1308/2290/991 1309/2293/991
f 1305/2294/992 1310/2295/992 1309/2296/992 1308/2297/992
f 1310/2298/993 1304/2299/993 1307/2300/993 1309/2301/993
f 1311/2302/994 1301/2303/994 1304/2299/994 1310/2298/994
f 1302/2304/992 1311/2305/992 1310/2295/992 1305/2294/992
f 1312/2306/995 1298/2307/995 1301/2303/995 1311/2302/995
f 1299/2308/992 1312/2309/992 1311/2305/992 1302/2304/992
f 1313/2310/996 1295/2311/996 1298/2307/996 1312/2306/996
f 1296/2312/992 1313/2313/992 1312/2309/992 1299/2308/992
f 1314/2314/997 1292/2315/997 1295/2311/997 1313/2310/997
f 1293/2316/992 1314/2317/992 1313/2313/992 1296/2312/992
f 1315/2318/998 1289/2319/998 1292/2315/998 1314/2314/998
f 1290/2320/992 1315/2321/992 1314/2317/992 1293/2316/992
f 1316/2322/999 1286/2323/999 1289/2319/999 1315/2318/999
f 1287/2324/992 1316/2325/992 1315/2321/992 1290/2320/992
f 1317/2326/1000 1283/2327/1000 1286/2323/1000 1316/2322/1000
f 1284/2328/1001 1317/2329/1001 1316/2325/1001 1287/2324/1001
f 1318/2330/1002 1280/2331/1002 1283/2327/1002 1317/2326/1002
f 1281/2332/1003 1318/2333/1003 1317/2329/1003 1284/2328/1003
f 1319/2334/1004 1277/2335/1004 1280/2331/1004 1318/2330/1004
f 1278/2336/1005 1319/2337/1005 1318/2333/1005 1281/2332/1005
f 1320/2338/1006 1274/2339/1006 1277/2335/1006 1319/2334/1006
f 1275/2340/1007 1320/2341/1007 1319/2337/1007 1278/2336/1007
f 1321/2342/1008 1271/2343/1008 1274/2339/1008 1320/2338/1008
f 1272/2344/1007 1321/2345/1007 1320/2341/1007 1275/2340/1007
f 1322/2346/1009 1268/2347/1009 1271/2343/1009 1321/2342/1009
f 1269/2348/1007 1322/2349/1007 1321/2345/1007 1272/2344/1007
f 1323/2350/1010 1265/2351/1010 1268/2347/1010 1322/2346/1010
f 1266/2352/1007 1323/2353/1007 1322/2349/1007 1269/2348/1007
f 1324/2354/1011 1262/2355/1011 1265/2351/1011 1323/2350/1011
f 1263/2356/1007 1324/2357/1007 1323/2353/1007 1266/2352/1007
f 1325/2358/1012 1260/2359/1012 1262/2355/1012 1324/2354/1012
f 1255/2221/1007 1325/2220/1007 1324/2357/1007 1263/2356/1007
f 1325/2358/1013 1256/2360/1013 1258/2361/1013 1260/2359/1013
f 1258/2361/1014 1256/2360/1014 1250/2362/1014 1247/2363/1014
f 1091/1964/1015 1326/2364/1015 1253/2365/1015 1247/1965/1015
f 1253/2365/1016 1326/2364/1016 1328/2366/1016 1327/2367/1016
f 1248/2198/1016 1253/2365/1016 1327/2367/1016 1329/2368/1016
f 1327/2367/1016 1328/2366/1016 1331/2369/1016 1330/2370/1016
f 1329/2368/1016 1327/2367/1016 1330/2370/1016 1332/2371/1016
f 1330/2370/1016 1331/2369/1016 1334/2372/1016 1333/2373/1016
f 1332/2371/1016 1330/2370/1016 1333/2373/1016 1335/2374/1016
f 1333/2373/1016 1334/2372/1016 1337/2375/1016 1336/2376/1016
f 1335/2374/1016 1333/2373/1016 1336/2376/1016 1338/2377/1016
f 1336/2376/1016 1337/2375/1016 1340/2378/1016 1339/2379/1016
f 1338/2377/1016 1336/2376/1016 1339/2379/1016 1341/2380/1016
f 1339/2379/1016 1340/2378/1016 1343/2381/1016 1342/2382/1016
f 1341/2380/1016 1339/2379/1016 1342/2382/1016 1344/2383/1016
f 1342/2382/1016 1343/2381/1016 1346/2384/1016 1345/2385/1016
f 1344/2383/1016 1342/2382/1016 1345/2385/1016 1347/2386/1016
f 1345/2385/1016 1346/2384/1016 1349/2387/1016 1348/2388/1016
f 1347/2386/1017 1345/2385/1017 1348/2388/1017 1350/2389/1017
f 1348/2390/1018 1349/2391/1018 1352/2392/1018 1351/2393/1018
f 1350/2394/1019 1348/2390/1019 1351/2393/1019 1353/2395/1019
f 1351/2393/1020 1352/2392/1020 1355/2396/1020 1354/2397/1020
f 1353/2395/1021 1351/2393/1021 1354/2397/1021 1356/2398/1021
f 1354/2397/1022 1355/2396/1022 1358/2399/1022 1357/2400/1022
f 1356/2398/1023 1354/2397/1023 1357/2400/1023 1359/2401/1023
f 1357/2400/1024 1358/2399/1024 1362/2402/1024 1360/2403/1024
f 1359/2401/1025 1357/2400/1025 1360/2403/1025 1361/2404/1025
f 1361/2404/1026 1360/2403/1026 1362/2402/1026 1363/2405/1026
f 1363/2405/1027 1362/2402/1027 1365/2406/1027 1193/2407/1027
f 1362/2402/1028 1364/2408/1028 1190/2113/1028 1365/2406/1028
f 1365/2409/1029 1190/2410/1029 1191/2411/1029 1192/2412/1029
f 1193/2114/1030 1365/2409/1030 1192/2412/1030 878/2115/1030
f 1366/2413/1031 1188/2111/1031 1190/2113/1031 1364/2408/1031
f 1358/2414/1032 1366/2413/1032 1364/2408/1032 1362/2402/1032
f 1367/2415/919 1186/2109/919 1188/2111/919 1366/2413/919
f 1355/2416/1033 1367/2415/1033 1366/2413/1033 1358/2414/1033
f 1368/2417/918 1184/2107/918 1186/2109/918 1367/2415/918
f 1352/2418/1034 1368/2417/1034 1367/2415/1034 1355/2416/1034
f 1349/2419/1035 1369/2420/1035 1368/2417/1035 1352/2418/1035
f 1369/2420/917 1183/2105/917 1184/2107/917 1368/2417/917
f 1346/2421/1036 1370/2422/1036 1369/2423/1036 1349/2424/1036
f 1370/2422/1037 1182/2425/1037 1183/2426/1037 1369/2423/1037
f 1343/2427/1038 1181/2428/1038 1370/2422/1038 1346/2421/1038
f 1181/2428/1039 1182/2425/1039 1370/2422/1039
f 1340/2429/1040 1371/2430/1040 1181/2428/1040 1343/2427/1040
f 1371/2430/1041 1179/2431/1041 1181/2428/1041
f 1337/2432/1042 1372/2433/1042 1371/2430/1042 1340/2429/1042
f 1372/2433/1043 1178/2434/1043 1179/2431/1043 1371/2430/1043
f 1334/2435/1044 1373/2436/1044 1372/2433/1044 1337/2432/1044
f 1373/2436/1045 1177/2437/1045 1178/2434/1045 1372/2433/1045
f 1331/2438/1046 1374/2439/1046 1373/2436/1046 1334/2435/1046
f 1374/2439/1047 866/2440/1047 1177/2437/1047 1373/2436/1047
f 1328/2441/1048 1375/2442/1048 1374/2439/1048 1331/2438/1048
f 1375/2442/1048 865/2443/1048 866/2440/1048 1374/2439/1048
f 1326/2444/1049 1376/2445/1049 1375/2442/1049 1328/2441/1049
f 1376/2445/1050 864/2104/1050 865/2443/1050 1375/2442/1050
f 1095/1968/916 1376/2445/916 1326/2444/916 1091/1969/916
f 1173/1976/916 864/2104/916 1376/2445/916 1095/1968/916
f 1377/2446/1051 1363/2447/1051 1193/2448/1051 1199/2129/1051
f 1378/2449/1052 1379/2450/1052 1363/2447/1052 1377/2446/1052
f 1200/2128/685 1378/2449/685 1377/2446/685 1199/2129/685
f 1379/2451/1053 1359/2401/1053 1361/2404/1053 1363/2405/1053
f 1380/2452/1054 1356/2398/1054 1359/2401/1054 1379/2451/1054
f 1382/2453/1055 1380/2454/1055 1379/2450/1055 1378/2449/1055
f 1383/2455/1056 1381/2456/1056 1380/2454/1056 1382/2453/1056
f 1381/2457/1057 1353/2395/1057 1356/2398/1057 1380/2452/1057
f 1203/2134/924 1383/2455/924 1382/2453/924 1201/2132/924
f 1201/2132/1058 1382/2453/1058 1378/2449/1058 1200/2128/1058
f 1384/2458/1059 1385/2459/1059 1381/2456/1059 1383/2455/1059
f 891/2136/1060 1384/2458/1060 1383/2455/1060 1203/2134/1060
f 1386/2460/1061 1387/2461/1061 1385/2462/1061 1384/2463/1061
f 1205/2464/1062 1386/2460/1062 1384/2463/1062 891/2465/1062
f 1206/2466/1063 1388/2467/1063 1387/2461/1063 1386/2460/1063
f 1206/2466/690 1386/2460/690 1205/2464/690
f 1389/2468/1064 1390/2469/1064 1388/2467/1064 1206/2466/1064
f 1208/2470/1065 1389/2468/1065 1206/2466/1065
f 1391/2471/1066 1392/2472/1066 1390/2469/1066 1389/2468/1066
f 1209/2473/1067 1391/2471/1067 1389/2468/1067 1208/2470/1067
f 1393/2474/1068 1394/2475/1068 1392/2472/1068 1391/2471/1068
f 895/2476/1069 1393/2474/1069 1391/2471/1069 1209/2473/1069
f 1395/2477/1070 1396/2478/1070 1394/2475/1070 1393/2474/1070
f 896/2479/1070 1395/2477/1070 1393/2474/1070 895/2476/1070
f 897/2480/1071 1397/2481/1071 1396/2478/1071 1395/2477/1071
f 897/2480/1072 1395/2477/1072 896/2479/1072
f 899/2482/1073 1398/2483/1073 1397/2481/1073 897/2480/1073
f 1246/2484/930 1398/2483/930 899/2482/930 1399/2485/930
f 1399/2485/1074 899/2482/1074 898/2145/1074 1216/2144/1074
f 1241/2486/1075 1246/2484/1075 1399/2485/1075 1223/2154/1075
f 1223/2154/1076 1399/2485/1076 1216/2144/1076 1217/2147/1076
f 1398/2199/1016 1248/2198/1016 1329/2368/1016 1397/2487/1016
f 1397/2487/1016 1329/2368/1016 1332/2371/1016 1396/2488/1016
f 1396/2488/1016 1332/2371/1016 1335/2374/1016 1394/2489/1016
f 1394/2489/1016 1335/2374/1016 1338/2377/1016 1392/2490/1016
f 1392/2490/1016 1338/2377/1016 1341/2380/1016 1390/2491/1016
f 1390/2491/1016 1341/2380/1016 1344/2383/1016 1388/2492/1016
f 1388/2492/1077 1344/2383/1077 1347/2386/1077 1387/2493/1077
f 1387/2493/1078 1347/2386/1078 1350/2389/1078 1385/2494/1078
f 1385/2495/1079 1350/2394/1079 1353/2395/1079 1381/2457/1079
f 1106/1992/1080 1092/2192/1080 1243/2193/1080 1109/1993/1080
f 1241/2184/1081 1223/2496/1081 1225/2179/1081 1237/2178/1081
f 1199/2497/1082 1193/2498/1082 1194/2499/1082 1197/2500/1082
f 1197/2500/1083 1194/2499/1083 878/2501/1083 1196/2502/1083
f 1170/2096/1084 1400/2503/1084 1402/2504/1084 1168/2094/1084
f 1100/1981/915 1103/1983/915 1400/2503/915 1170/2096/915
f 1400/2505/1085 1401/2506/1085 1403/2507/1085 1402/2508/1085
f 1103/1987/1086 1105/1986/1086 1401/2506/1086 1400/2505/1086
f 1402/2508/1016 1403/2507/1016 1405/2509/1016 1404/2510/1016
f 1168/2094/909 1402/2504/909 1404/2511/909 1166/2091/909
f 1404/2510/1087 1405/2509/1087 1407/2512/1087 1406/2513/1087
f 1166/2091/909 1404/2511/909 1406/2514/909 1165/2088/909
f 1406/2513/1088 1407/2512/1088 1409/2515/1088 1408/2516/1088
f 1165/2088/909 1406/2514/909 1408/2517/909 1163/2085/909
f 1408/2516/1089 1409/2515/1089 1411/2518/1089 1410/2519/1089
f 1163/2085/1090 1408/2517/1090 1410/2520/1090 1161/2079/1090
f 1410/2519/1091 1411/2518/1091 1413/2521/1091 1412/2522/1091
f 1161/2079/1092 1410/2520/1092 1412/2523/1092 1159/2080/1092
f 1412/2524/1093 1413/2525/1093 1157/2073/1093 1159/2072/1093
f 1411/2526/1094 1155/2067/1094 1157/2070/1094 1413/2527/1094
f 1409/2528/1095 1153/2064/1095 1155/2067/1095 1411/2526/1095
f 1407/2529/903 1151/2060/903 1153/2064/903 1409/2528/903
f 1405/2530/903 1149/2058/903 1151/2060/903 1407/2529/903
f 1403/2531/903 1148/2055/903 1149/2058/903 1405/2530/903
f 1401/2048/1096 1145/2049/1096 1148/2055/1096 1403/2531/1096
f 1105/1986/1097 1414/2532/1097 1144/2533/1097 1401/2506/1097
f 1414/2532/1098 1137/2534/1098 1141/2535/1098 1144/2533/1098
f 1137/2536/1099 1414/2537/1099 1111/2538/1099 1114/2539/1099
f 1414/2537/1100 1105/1988/1100 1108/1991/1100 1111/2538/1100
f 1137/2034/1101 1114/2540/1101 1117/2541/1101 1134/2030/1101
f 1134/2030/1102 1117/2541/1102 1119/2542/1102 1132/2027/1102
f 1132/2027/1103 1119/2542/1103 1122/2543/1103 1125/2023/1103
