# Blender 5.1.2
# www.blender.org
mtllib Palestra.mtl
o Piso
v -2.985039 0.231260 3.336454
v -3.455201 0.920767 1.683077
v -0.318979 0.231260 3.990557
v -2.255315 0.920767 2.844123
v -2.216235 0.088836 4.914738
v -0.503531 0.920767 3.273912
v -3.726135 0.256075 1.815053
v 1.400113 0.920767 2.874300
v -3.726135 0.804813 1.815053
v -2.216235 0.637574 4.914738
v -0.503531 0.795917 3.273912
v -0.318979 0.779998 3.990557
v -1.242495 0.777728 3.744435
v -2.985039 0.779998 3.336454
v -2.255315 0.795917 2.844123
v -2.045654 0.777728 3.547385
v -1.663358 0.719659 4.645423
v -2.440271 0.719659 4.454812
v -1.814049 0.752076 4.022848
v -1.509900 0.804813 -3.099684
v -5.236035 0.637574 -1.284631
v -3.338779 0.779998 -2.208812
v -2.888264 0.795917 -1.621721
v -3.714284 0.777728 -1.329918
v -5.011999 0.719659 -0.824706
v -4.683158 0.719659 -1.553945
v -4.285839 0.752076 -1.051506
v -3.629734 0.795917 0.022569
v -4.467231 0.779998 0.293652
v -4.054234 0.777728 -0.576043
v 1.509900 0.804813 3.099684
v 5.236035 0.637574 1.284631
v 3.338779 0.779998 2.208812
v 2.888264 0.795917 1.621721
v 3.714284 0.777728 1.329918
v 5.011999 0.719659 0.824706
v 4.683158 0.719659 1.553945
v 4.285839 0.752076 1.051506
v 3.629734 0.795917 -0.022569
v 4.467231 0.779998 -0.293652
v 4.054234 0.777728 0.576043
v 3.726135 0.804813 -1.815053
v 2.216235 0.637574 -4.914738
v 2.985039 0.779998 -3.336454
v 2.255315 0.795917 -2.844123
v 2.045654 0.777728 -3.547385
v 1.663358 0.719659 -4.645424
v 2.440271 0.719659 -4.454812
v 1.814049 0.752076 -4.022848
v 0.503531 0.795917 -3.273912
v 0.318979 0.779998 -3.990557
v 1.242495 0.777728 -3.744435
v -2.888264 0.920767 -1.621721
v -1.400113 0.920767 -2.874300
v -3.629734 0.920767 0.022569
v 2.888264 0.920767 1.621721
v 3.455201 0.920767 -1.683077
v 3.629734 0.920767 -0.022569
v 2.255315 0.920767 -2.844123
v 0.503531 0.920767 -3.273912
v 3.084697 0.920767 -1.502599
v 3.240515 0.920767 -0.020148
v 2.578553 0.920767 1.447822
v -3.240515 0.920767 0.020148
v -2.578553 0.920767 -1.447822
v 1.249977 0.920767 2.566087
v -0.449537 0.920767 2.922848
v -2.013475 0.920767 2.539145
v -3.084697 0.920767 1.502599
v 2.013475 0.920767 -2.539145
v -1.249977 0.920767 -2.566087
v 0.449537 0.920767 -2.922848
v 2.888264 2.405451 1.621721
v -3.629734 2.405451 0.022569
v 1.400113 2.974911 2.874300
v -0.503531 3.400473 3.273912
v -2.255315 3.400473 2.844123
v -3.455201 2.974911 1.683077
v -2.879776 1.927393 -1.623482
v 3.685162 1.960358 -0.064204
v 2.578553 2.405451 1.447822
v -3.240515 2.405451 0.020148
v 1.249977 2.974911 2.566087
v -0.449537 3.400473 2.922848
v -2.013475 3.400473 2.539145
v -3.084697 2.974911 1.502599
v -2.573849 1.900512 -1.427294
v 3.240515 1.914170 -0.020148
v 3.084697 0.688139 -1.502599
v 3.240515 0.688139 -0.020148
v 1.249977 0.688139 2.566087
v -0.449537 0.688139 2.922848
v -2.013475 0.688139 2.539145
v -3.084697 0.688139 1.502599
v -3.240515 0.688139 0.020148
v -2.578553 0.688139 -1.447822
v 2.578553 0.688139 1.447822
v -1.249977 0.688139 -2.566087
v 0.449537 0.688139 -2.922848
v 2.013475 0.688139 -2.539145
v -0.613519 0.688139 -1.259498
v 0.613520 0.688139 1.259498
v 0.000000 0.688139 -0.000000
v -1.663358 0.170921 4.645423
v -2.440271 0.170921 4.454812
v -1.509900 0.256075 -3.099684
v -5.236035 0.088836 -1.284631
v -3.338779 0.231260 -2.208812
v -5.011999 0.170921 -0.824706
v -4.683158 0.170921 -1.553945
v -4.467231 0.231260 0.293652
v 1.509900 0.256075 3.099684
v 5.236035 0.088836 1.284631
v 3.338779 0.231260 2.208812
v 5.011999 0.170921 0.824706
v 4.683158 0.170921 1.553945
v 4.467231 0.231260 -0.293652
v 3.726135 0.256075 -1.815053
v 2.216235 0.088836 -4.914738
v 2.985039 0.231260 -3.336454
v 1.663358 0.170921 -4.645424
v 2.440271 0.170921 -4.454812
v 0.318979 0.231260 -3.990557
v -4.459023 0.252431 -1.093816
v -3.114570 0.312348 -1.748533
v -1.285661 0.336989 -2.639344
v 0.543187 0.312348 -3.530278
v 1.887494 0.252431 -4.185294
v -3.913577 0.312405 0.025933
v -2.568626 0.372053 -0.627760
v -0.739512 0.396583 -1.518150
v 1.089132 0.372053 -2.409506
v 2.432940 0.312405 -3.065545
v -3.173258 0.337123 1.545739
v -1.828878 0.396700 0.890873
v 0.000000 0.421201 0.000000
v 1.828879 0.396700 -0.890873
v 3.173258 0.337123 -1.545739
v -2.432940 0.312405 3.065545
v -1.089131 0.372053 2.409506
v 0.739513 0.396583 1.518150
v 2.568626 0.372053 0.627760
v 3.913577 0.312405 -0.025934
v -1.887494 0.252431 4.185294
v -0.543187 0.312348 3.530278
v 1.285662 0.336989 2.639344
v 3.114570 0.312348 1.748533
v 4.459023 0.252431 1.093816
v -2.208509 1.933111 -2.002666
v -2.222580 1.933111 -2.099342
v -2.236650 1.933111 -2.196018
v -1.849945 1.933111 -2.252301
v -1.835875 1.933111 -2.155624
v -1.821804 1.933111 -2.058948
v -2.154045 1.933111 -2.306765
v -2.057368 1.933111 -2.320836
v -1.960692 1.933111 -2.334906
v -1.904409 1.933111 -1.948201
v -2.001086 1.933111 -1.934131
v -2.097762 1.933111 -1.920060
v -2.139974 1.899791 -2.210089
v -2.043298 1.899791 -2.224159
v -1.946621 1.899791 -2.238230
v -2.125903 1.899791 -2.113413
v -2.029227 1.899791 -2.127483
v -1.932551 1.899791 -2.141554
v -2.111833 1.899791 -2.016736
v -2.015157 1.899791 -2.030807
v -1.918480 1.899791 -2.044878
v -1.974969 1.101446 -2.200225
v -2.042297 1.101446 -2.217286
v -2.101969 1.101446 -2.181741
v -1.939424 1.101446 -2.140553
v -2.119030 1.101446 -2.114413
v -1.956485 1.101446 -2.073225
v -2.016157 1.101446 -2.037680
v -2.083485 1.101446 -2.054741
v -1.942678 1.865948 -2.243517
v -1.974969 1.802446 -2.200225
v -1.959560 1.863272 -2.220883
v -2.042297 1.802446 -2.217286
v -2.050076 1.865948 -2.270731
v -2.046009 1.863272 -2.242789
v -2.101969 1.802446 -2.181741
v -2.145261 1.865948 -2.214032
v -2.122627 1.863272 -2.197150
v -1.939424 1.802446 -2.140553
v -1.885980 1.865948 -2.148332
v -1.913921 1.863272 -2.144265
v -2.172475 1.865948 -2.106634
v -2.119030 1.802446 -2.114413
v -2.144533 1.863272 -2.110701
v -1.956485 1.802446 -2.073225
v -1.913193 1.865948 -2.040934
v -1.935827 1.863272 -2.057816
v -2.008378 1.865948 -1.984236
v -2.016157 1.802446 -2.037680
v -2.012445 1.863272 -2.012177
v -2.115776 1.865948 -2.011450
v -2.083485 1.802446 -2.054741
v -2.098894 1.863272 -2.034083
v -2.151626 1.865948 -1.963387
v -2.162778 1.869620 -1.948436
v -2.193324 1.865948 -2.249882
v -2.208275 1.869620 -2.261034
v -1.865131 1.865948 -2.005084
v -1.850180 1.869620 -1.993932
v -1.906828 1.865948 -2.291579
v -1.895677 1.869620 -2.306530
v -2.186911 1.865948 -2.205822
v -2.236650 1.878487 -2.196018
v -2.222082 1.869620 -2.198890
v -2.172475 1.865948 -2.106634
v -2.222580 1.878487 -2.099342
v -2.207904 1.869620 -2.101478
v -2.208509 1.878487 -2.002666
v -2.158039 1.865948 -2.007446
v -2.193727 1.869620 -2.004066
v -1.871543 1.865948 -2.049144
v -1.821804 1.878487 -2.058948
v -1.836372 1.869620 -2.056077
v -1.885980 1.865948 -2.148332
v -1.835875 1.878487 -2.155624
v -1.850550 1.869620 -2.153488
v -1.849945 1.878487 -2.252301
v -1.900416 1.865948 -2.247520
v -1.864728 1.869620 -2.250901
v -1.950888 1.865948 -2.285167
v -1.960692 1.878487 -2.334906
v -1.957820 1.869620 -2.320338
v -2.050076 1.865948 -2.270731
v -2.057368 1.878487 -2.320836
v -2.055232 1.869620 -2.306160
v -2.154045 1.878487 -2.306765
v -2.149264 1.865948 -2.256294
v -2.152644 1.869620 -2.291982
v -2.107566 1.865948 -1.969799
v -2.097762 1.878487 -1.920060
v -2.100634 1.869620 -1.934628
v -2.008378 1.865948 -1.984236
v -2.001086 1.878487 -1.934131
v -2.003222 1.869620 -1.948806
v -1.904409 1.878487 -1.948201
v -1.909190 1.865948 -1.998672
v -1.905810 1.869620 -1.962984
v -2.191879 1.931885 -1.949309
v -2.153646 1.931885 -1.920791
v -2.183547 1.931648 -1.935191
v -2.169553 1.931648 -1.924752
v -2.207402 1.931885 -2.290135
v -2.235919 1.931885 -2.251902
v -2.221519 1.931648 -2.281803
v -2.231958 1.931648 -2.267809
v -1.851053 1.931885 -1.964832
v -1.822535 1.931885 -2.003064
v -1.836935 1.931648 -1.973163
v -1.826497 1.931648 -1.987157
v -1.866575 1.931885 -2.305658
v -1.904808 1.931885 -2.334175
v -1.874907 1.931648 -2.319775
v -1.888901 1.931648 -2.330214
v -2.153646 1.879713 -1.920791
v -2.191879 1.879713 -1.949309
v -2.172935 1.873070 -1.934819
v -2.169553 1.879949 -1.924752
v -2.183547 1.879949 -1.935191
v -2.235919 1.879713 -2.251902
v -2.207402 1.879713 -2.290135
v -2.221892 1.873070 -2.271191
v -2.231958 1.879949 -2.267809
v -2.221519 1.879949 -2.281803
v -1.822535 1.879713 -2.003064
v -1.851053 1.879713 -1.964832
v -1.836562 1.873070 -1.983775
v -1.826497 1.879949 -1.987157
v -1.836935 1.879949 -1.973163
v -1.904808 1.879713 -2.334175
v -1.866575 1.879713 -2.305658
v -1.885519 1.873070 -2.320148
v -1.888901 1.879949 -2.330214
v -1.874907 1.879949 -2.319775
v -1.958039 1.026901 -2.222924
v -1.948147 0.979710 -2.236185
v -1.951044 1.003369 -2.232301
v -2.048759 0.979710 -2.261680
v -2.046376 1.026901 -2.245307
v -2.048061 1.003369 -2.256884
v -2.137929 0.979710 -2.208564
v -2.124668 1.026901 -2.198672
v -2.134045 1.003369 -2.205666
v -1.895031 0.979710 -2.147015
v -1.911403 1.026901 -2.144632
v -1.899826 1.003369 -2.146317
v -2.147051 1.026901 -2.110335
v -2.163424 0.979710 -2.107952
v -2.158628 1.003369 -2.108649
v -1.920525 0.979710 -2.046403
v -1.933787 1.026901 -2.056295
v -1.924409 1.003369 -2.049300
v -2.012079 1.026901 -2.009659
v -2.009696 0.979710 -1.993287
v -2.010394 1.003369 -1.998082
v -2.100416 1.026901 -2.032043
v -2.110307 0.979710 -2.018781
v -2.107410 1.003369 -2.022666
v -1.948147 0.912162 -2.236185
v -2.029227 0.912162 -2.127483
v -1.971895 0.912162 -2.204347
v -2.048759 0.912162 -2.261680
v -2.029227 0.912162 -2.127483
v -2.043038 0.912162 -2.222374
v -2.029227 0.912162 -2.127483
v -2.137929 0.912162 -2.208564
v -2.106091 0.912162 -2.184816
v -2.029227 0.912162 -2.127483
v -1.920525 0.912162 -2.046403
v -1.952363 0.912162 -2.070151
v -2.029227 0.912162 -2.127483
v -2.009696 0.912162 -1.993287
v -2.015416 0.912162 -2.032592
v -2.110307 0.912162 -2.018781
v -2.029227 0.912162 -2.127483
v -2.086559 0.912162 -2.050619
v -2.163424 0.912162 -2.107952
v -2.029227 0.912162 -2.127483
v -2.124118 0.912162 -2.113672
v -2.029227 0.912162 -2.127483
v -1.895031 0.912162 -2.147015
v -1.934336 0.912162 -2.141294
v 3.154734 1.933111 -0.899808
v 3.231378 1.933111 -0.960388
v 3.308022 1.933111 -1.020967
v 3.550341 1.933111 -0.714389
v 3.473697 1.933111 -0.653810
v 3.397052 1.933111 -0.593230
v 3.445247 1.933111 -1.004903
v 3.505826 1.933111 -0.928258
v 3.566406 1.933111 -0.851614
v 3.259828 1.933111 -0.609295
v 3.199249 1.933111 -0.685939
v 3.138669 1.933111 -0.762584
v 3.368602 1.899791 -0.944323
v 3.429182 1.899791 -0.867678
v 3.489761 1.899791 -0.791034
v 3.291958 1.899791 -0.883743
v 3.352537 1.899791 -0.807099
v 3.413117 1.899791 -0.730454
v 3.215313 1.899791 -0.823164
v 3.275893 1.899791 -0.746519
v 3.336473 1.899791 -0.669875
v 3.442671 1.101446 -0.796547
v 3.423733 1.101446 -0.863371
v 3.363090 1.101446 -0.897232
v 3.408810 1.101446 -0.735904
v 3.296265 1.101446 -0.878294
v 3.341986 1.101446 -0.716965
v 3.281343 1.101446 -0.750826
v 3.262404 1.101446 -0.817651
v 3.496313 1.865948 -0.790267
v 3.442671 1.802446 -0.796547
v 3.468268 1.863272 -0.793550
v 3.423733 1.802446 -0.863371
v 3.466104 1.865948 -0.896861
v 3.443952 1.863272 -0.879352
v 3.363090 1.802446 -0.897232
v 3.369369 1.865948 -0.950874
v 3.366086 1.863272 -0.922829
v 3.408810 1.802446 -0.735904
v 3.442299 1.865948 -0.693533
v 3.424791 1.863272 -0.715685
v 3.262775 1.865948 -0.920665
v 3.296265 1.802446 -0.878294
v 3.280284 1.863272 -0.898513
v 3.341986 1.802446 -0.716965
v 3.335705 1.865948 -0.663324
v 3.338989 1.863272 -0.691368
v 3.238972 1.865948 -0.717336
v 3.281343 1.802446 -0.750826
v 3.261124 1.863272 -0.734845
v 3.208763 1.865948 -0.823931
v 3.262404 1.802446 -0.817651
v 3.236807 1.863272 -0.820647
v 3.149209 1.865948 -0.830902
v 3.130683 1.869620 -0.833071
v 3.376341 1.865948 -1.010427
v 3.378510 1.869620 -1.028953
v 3.328734 1.865948 -0.603770
v 3.326565 1.869620 -0.585245
v 3.555866 1.865948 -0.783295
v 3.574391 1.869620 -0.781126
v 3.341411 1.865948 -0.982818
v 3.308022 1.878487 -1.020967
v 3.317801 1.869620 -1.009794
v 3.262775 1.865948 -0.920665
v 3.231378 1.878487 -0.960388
v 3.240574 1.869620 -0.948753
v 3.154734 1.878487 -0.899808
v 3.184139 1.865948 -0.858511
v 3.163347 1.869620 -0.887712
v 3.363664 1.865948 -0.631379
v 3.397052 1.878487 -0.593230
v 3.387273 1.869620 -0.604404
v 3.442300 1.865948 -0.693533
v 3.473697 1.878487 -0.653810
v 3.464501 1.869620 -0.665444
v 3.550341 1.878487 -0.714389
v 3.520936 1.865948 -0.755686
v 3.541728 1.869620 -0.726485
v 3.528257 1.865948 -0.818225
v 3.566406 1.878487 -0.851614
v 3.555232 1.869620 -0.841834
v 3.466104 1.865948 -0.896861
v 3.505826 1.878487 -0.928258
v 3.494192 1.869620 -0.919062
v 3.445247 1.878487 -1.004903
v 3.403950 1.865948 -0.975497
v 3.433151 1.869620 -0.996290
v 3.176818 1.865948 -0.795972
v 3.138669 1.878487 -0.762584
v 3.149843 1.869620 -0.772363
v 3.238972 1.865948 -0.717336
v 3.199249 1.878487 -0.685939
v 3.210883 1.869620 -0.695135
v 3.259828 1.878487 -0.609295
v 3.301125 1.865948 -0.638700
v 3.271924 1.869620 -0.617908
v 3.116870 1.931885 -0.858700
v 3.111324 1.931885 -0.811326
v 3.108820 1.931648 -0.844419
v 3.106790 1.931648 -0.827080
v 3.404139 1.931885 -1.042766
v 3.356765 1.931885 -1.048312
v 3.389858 1.931648 -1.050816
v 3.372518 1.931648 -1.052846
v 3.300936 1.931885 -0.571431
v 3.348310 1.931885 -0.565886
v 3.315217 1.931648 -0.563381
v 3.332557 1.931648 -0.561351
v 3.588204 1.931885 -0.755498
v 3.593751 1.931885 -0.802871
v 3.596255 1.931648 -0.769778
v 3.598285 1.931648 -0.787118
v 3.111324 1.879713 -0.811326
v 3.116870 1.879713 -0.858700
v 3.113811 1.873070 -0.835047
v 3.106790 1.879949 -0.827080
v 3.108820 1.879949 -0.844419
v 3.356765 1.879713 -1.048312
v 3.404139 1.879713 -1.042766
v 3.380485 1.873070 -1.045825
v 3.372518 1.879949 -1.052846
v 3.389858 1.879949 -1.050816
v 3.348310 1.879713 -0.565886
v 3.300936 1.879713 -0.571431
v 3.324590 1.873070 -0.568372
v 3.332557 1.879949 -0.561351
v 3.315217 1.879949 -0.563381
v 3.593751 1.879713 -0.802871
v 3.588204 1.879713 -0.755498
v 3.591264 1.873070 -0.779151
v 3.598285 1.879949 -0.787118
v 3.596255 1.879949 -0.769778
v 3.470796 1.026901 -0.793254
v 3.487228 0.979710 -0.791331
v 3.482415 1.003369 -0.791894
v 3.458928 0.979710 -0.891189
v 3.445948 1.026901 -0.880930
v 3.455126 1.003369 -0.888185
v 3.368306 0.979710 -0.941789
v 3.366382 1.026901 -0.925357
v 3.367743 1.003369 -0.936976
v 3.436628 0.979710 -0.700708
v 3.426369 1.026901 -0.713688
v 3.433623 1.003369 -0.704510
v 3.278706 1.026901 -0.900509
v 3.268446 0.979710 -0.913489
v 3.271451 1.003369 -0.909687
v 3.336769 0.979710 -0.672408
v 3.338693 1.026901 -0.688841
v 3.337332 1.003369 -0.677221
v 3.259127 1.026901 -0.733267
v 3.246147 0.979710 -0.723008
v 3.249949 1.003369 -0.726013
v 3.234280 1.026901 -0.820943
v 3.217847 0.979710 -0.822867
v 3.222660 1.003369 -0.822303
v 3.487228 0.912162 -0.791331
v 3.352537 0.912162 -0.807099
v 3.447778 0.912162 -0.795949
v 3.458928 0.912162 -0.891189
v 3.352537 0.912162 -0.807099
v 3.427767 0.912162 -0.866560
v 3.352537 0.912162 -0.807099
v 3.368306 0.912162 -0.941789
v 3.363688 0.912162 -0.902339
v 3.352537 0.912162 -0.807099
v 3.336769 0.912162 -0.672408
v 3.341388 0.912162 -0.711858
v 3.352537 0.912162 -0.807099
v 3.246147 0.912162 -0.723008
v 3.277308 0.912162 -0.747638
v 3.217847 0.912162 -0.822867
v 3.352537 0.912162 -0.807099
v 3.257297 0.912162 -0.818249
v 3.268446 0.912162 -0.913489
v 3.352537 0.912162 -0.807099
v 3.293077 0.912162 -0.882328
v 3.352537 0.912162 -0.807099
v 3.436628 0.912162 -0.700708
v 3.411999 0.912162 -0.731869
v 2.571555 1.933111 -1.967136
v 2.527638 1.933111 -2.054404
v 2.483722 1.933111 -2.141671
v 2.832791 1.933111 -2.317338
v 2.876708 1.933111 -2.230070
v 2.920624 1.933111 -2.142803
v 2.527072 1.933111 -2.272855
v 2.614340 1.933111 -2.316772
v 2.701607 1.933111 -2.360688
v 2.877274 1.933111 -2.011619
v 2.790006 1.933111 -1.967702
v 2.702739 1.933111 -1.923786
v 2.570989 1.899791 -2.185588
v 2.658256 1.899791 -2.229504
v 2.745524 1.899791 -2.273421
v 2.614906 1.899791 -2.098320
v 2.702173 1.899791 -2.142237
v 2.789440 1.899791 -2.186154
v 2.658822 1.899791 -2.011053
v 2.746089 1.899791 -2.054970
v 2.833357 1.899791 -2.098886
v 2.730648 1.101446 -2.228403
v 2.661379 1.101446 -2.223300
v 2.616007 1.101446 -2.170711
v 2.783236 1.101446 -2.183031
v 2.621110 1.101446 -2.101443
v 2.788339 1.101446 -2.113763
v 2.742967 1.101446 -2.061174
v 2.673699 1.101446 -2.056071
v 2.747593 1.865948 -2.279684
v 2.730648 1.802446 -2.228403
v 2.738734 1.863272 -2.252873
v 2.661379 1.802446 -2.223300
v 2.637100 1.865948 -2.271544
v 2.649794 1.863272 -2.246321
v 2.616007 1.802446 -2.170711
v 2.564726 1.865948 -2.187657
v 2.591537 1.863272 -2.178798
v 2.783236 1.802446 -2.183031
v 2.831479 1.865948 -2.207309
v 2.806257 1.863272 -2.194617
v 2.572866 1.865948 -2.077165
v 2.621110 1.802446 -2.101443
v 2.598089 1.863272 -2.089858
v 2.788339 1.802446 -2.113763
v 2.839620 1.865948 -2.096817
v 2.812809 1.863272 -2.105676
v 2.767245 1.865948 -2.012931
v 2.742967 1.802446 -2.061174
v 2.754552 1.863272 -2.038153
v 2.656753 1.865948 -2.004791
v 2.673699 1.802446 -2.056071
v 2.665612 1.863272 -2.031601
v 2.637939 1.865948 -1.947858
v 2.632087 1.869620 -1.930148
v 2.507794 1.865948 -2.206471
v 2.490084 1.869620 -2.212323
v 2.896552 1.865948 -2.078003
v 2.914262 1.869620 -2.072151
v 2.766407 1.865948 -2.336616
v 2.772259 1.869620 -2.354326
v 2.527809 1.865948 -2.166699
v 2.483722 1.878487 -2.141671
v 2.496634 1.869620 -2.149002
v 2.572866 1.865948 -2.077165
v 2.527638 1.878487 -2.054404
v 2.540885 1.869620 -2.061070
v 2.571555 1.878487 -1.967136
v 2.617924 1.865948 -1.987630
v 2.585136 1.869620 -1.973139
v 2.876537 1.865948 -2.117775
v 2.920624 1.878487 -2.142803
v 2.907712 1.869620 -2.135472
v 2.831479 1.865948 -2.207309
v 2.876708 1.878487 -2.230070
v 2.863461 1.869620 -2.223404
v 2.832791 1.878487 -2.317338
v 2.786422 1.865948 -2.296844
v 2.819210 1.869620 -2.311335
v 2.726635 1.865948 -2.316601
v 2.701607 1.878487 -2.360688
v 2.708938 1.869620 -2.347775
v 2.637100 1.865948 -2.271544
v 2.614340 1.878487 -2.316772
v 2.621006 1.869620 -2.303525
v 2.527072 1.878487 -2.272855
v 2.547566 1.865948 -2.226486
v 2.533075 1.869620 -2.259274
v 2.677711 1.865948 -1.967873
v 2.702739 1.878487 -1.923786
v 2.695408 1.869620 -1.936699
v 2.767246 1.865948 -2.012931
v 2.790006 1.878487 -1.967702
v 2.783340 1.869620 -1.980949
v 2.877274 1.878487 -2.011619
v 2.856780 1.865948 -2.057988
v 2.871271 1.869620 -2.025200
v 2.604203 1.931885 -1.921775
v 2.649491 1.931885 -1.906809
v 2.616570 1.931648 -1.911016
v 2.633147 1.931648 -1.905538
v 2.481711 1.931885 -2.240207
v 2.466745 1.931885 -2.194919
v 2.470952 1.931648 -2.227839
v 2.465474 1.931648 -2.211263
v 2.922635 1.931885 -2.044266
v 2.937601 1.931885 -2.089555
v 2.933394 1.931648 -2.056635
v 2.938872 1.931648 -2.073211
v 2.800143 1.931885 -2.362699
v 2.754855 1.931885 -2.377665
v 2.787776 1.931648 -2.373458
v 2.771199 1.931648 -2.378936
v 2.649491 1.879713 -1.906809
v 2.604203 1.879713 -1.921775
v 2.626756 1.873070 -1.914018
v 2.633147 1.879949 -1.905538
v 2.616570 1.879949 -1.911016
v 2.466745 1.879713 -2.194919
v 2.481711 1.879713 -2.240207
v 2.473954 1.873070 -2.217654
v 2.465474 1.879949 -2.211263
v 2.470952 1.879949 -2.227839
v 2.937601 1.879713 -2.089555
v 2.922635 1.879713 -2.044266
v 2.930392 1.873070 -2.066820
v 2.938872 1.879949 -2.073211
v 2.933394 1.879949 -2.056635
v 2.754855 1.879713 -2.377665
v 2.800143 1.879713 -2.362699
v 2.777590 1.873070 -2.370456
v 2.771199 1.879949 -2.378936
v 2.787776 1.879949 -2.373458
v 2.739532 1.026901 -2.255290
v 2.744723 0.979710 -2.270999
v 2.743203 1.003369 -2.266398
v 2.641212 0.979710 -2.263373
v 2.648650 1.026901 -2.248595
v 2.643391 1.003369 -2.259045
v 2.573411 0.979710 -2.184788
v 2.589120 1.026901 -2.179596
v 2.578012 1.003369 -2.183267
v 2.823309 0.979710 -2.203198
v 2.808530 1.026901 -2.195760
v 2.818981 1.003369 -2.201020
v 2.595816 1.026901 -2.088714
v 2.581037 0.979710 -2.081276
v 2.585366 1.003369 -2.083455
v 2.830935 0.979710 -2.099687
v 2.815226 1.026901 -2.104878
v 2.826334 1.003369 -2.101207
v 2.755696 1.026901 -2.035880
v 2.763134 0.979710 -2.021101
v 2.760955 1.003369 -2.025430
v 2.664814 1.026901 -2.029184
v 2.659623 0.979710 -2.013475
v 2.661143 1.003369 -2.018076
v 2.744723 0.912162 -2.270999
v 2.702173 0.912162 -2.142237
v 2.732260 0.912162 -2.233285
v 2.641212 0.912162 -2.263373
v 2.702173 0.912162 -2.142237
v 2.659067 0.912162 -2.227893
v 2.702173 0.912162 -2.142237
v 2.573411 0.912162 -2.184788
v 2.611125 0.912162 -2.172325
v 2.702173 0.912162 -2.142237
v 2.830935 0.912162 -2.099687
v 2.793221 0.912162 -2.112149
v 2.702173 0.912162 -2.142237
v 2.763134 0.912162 -2.021101
v 2.745279 0.912162 -2.056581
v 2.659623 0.912162 -2.013475
v 2.702173 0.912162 -2.142237
v 2.672085 0.912162 -2.051189
v 2.581037 0.912162 -2.081276
v 2.702173 0.912162 -2.142237
v 2.616517 0.912162 -2.099131
v 2.702173 0.912162 -2.142237
v 2.823309 0.912162 -2.203198
v 2.787829 0.912162 -2.185343
v 1.215530 1.933111 -3.094088
v 1.313149 1.933111 -3.090246
v 1.410768 1.933111 -3.086404
v 1.395400 1.933111 -2.695927
v 1.297781 1.933111 -2.699769
v 1.200162 1.933111 -2.703612
v 1.504545 1.933111 -2.984943
v 1.500703 1.933111 -2.887324
v 1.496861 1.933111 -2.789705
v 1.106385 1.933111 -2.805073
v 1.110226 1.933111 -2.902692
v 1.114068 1.933111 -3.000311
v 1.406926 1.899791 -2.988785
v 1.403084 1.899791 -2.891166
v 1.399242 1.899791 -2.793547
v 1.309307 1.899791 -2.992627
v 1.305465 1.899791 -2.895008
v 1.301623 1.899791 -2.797389
v 1.211688 1.899791 -2.996469
v 1.207846 1.899791 -2.898850
v 1.204004 1.899791 -2.801231
v 1.367061 1.101446 -2.828365
v 1.396144 1.101446 -2.891439
v 1.372108 1.101446 -2.956604
v 1.301896 1.101446 -2.804329
v 1.309034 1.101446 -2.985687
v 1.238822 1.101446 -2.833412
v 1.214786 1.101446 -2.898577
v 1.243869 1.101446 -2.961651
v 1.403719 1.865948 -2.788703
v 1.367061 1.802446 -2.828365
v 1.384553 1.863272 -2.809439
v 1.396144 1.802446 -2.891439
v 1.450110 1.865948 -2.889315
v 1.421896 1.863272 -2.890425
v 1.372108 1.802446 -2.956604
v 1.411770 1.865948 -2.993262
v 1.391034 1.863272 -2.974097
v 1.301896 1.802446 -2.804329
v 1.299772 1.865948 -2.750363
v 1.300882 1.863272 -2.778577
v 1.311158 1.865948 -3.039653
v 1.309034 1.802446 -2.985687
v 1.310047 1.863272 -3.011439
v 1.238822 1.802446 -2.833412
v 1.199160 1.865948 -2.796754
v 1.219896 1.863272 -2.815919
v 1.160820 1.865948 -2.900701
v 1.214786 1.802446 -2.898577
v 1.189034 1.863272 -2.899590
v 1.207211 1.865948 -3.001312
v 1.243869 1.802446 -2.961651
v 1.226376 1.863272 -2.980577
v 1.166513 1.865948 -3.045346
v 1.153853 1.869620 -3.059043
v 1.455803 1.865948 -3.033960
v 1.469500 1.869620 -3.046620
v 1.155127 1.865948 -2.756056
v 1.141430 1.869620 -2.743396
v 1.444417 1.865948 -2.744670
v 1.457077 1.869620 -2.730973
v 1.411313 1.865948 -3.035711
v 1.410768 1.878487 -3.086404
v 1.410928 1.869620 -3.071557
v 1.311158 1.865948 -3.039653
v 1.313149 1.878487 -3.090246
v 1.312566 1.869620 -3.075428
v 1.215530 1.878487 -3.094088
v 1.211002 1.865948 -3.043595
v 1.214203 1.869620 -3.079299
v 1.199617 1.865948 -2.754305
v 1.200162 1.878487 -2.703612
v 1.200002 1.869620 -2.718459
v 1.299772 1.865948 -2.750363
v 1.297781 1.878487 -2.699769
v 1.298364 1.869620 -2.714588
v 1.395400 1.878487 -2.695927
v 1.399927 1.865948 -2.746421
v 1.396726 1.869620 -2.710717
v 1.446168 1.865948 -2.789160
v 1.496861 1.878487 -2.789705
v 1.482013 1.869620 -2.789545
v 1.450110 1.865948 -2.889315
v 1.500703 1.878487 -2.887324
v 1.485885 1.869620 -2.887907
v 1.504545 1.878487 -2.984943
v 1.454052 1.865948 -2.989471
v 1.489756 1.869620 -2.986269
v 1.164762 1.865948 -3.000856
v 1.114068 1.878487 -3.000311
v 1.128916 1.869620 -3.000471
v 1.160820 1.865948 -2.900701
v 1.110226 1.878487 -2.902692
v 1.125045 1.869620 -2.902109
v 1.106385 1.878487 -2.805073
v 1.156878 1.865948 -2.800545
v 1.121174 1.869620 -2.803747
v 1.160031 1.931885 -3.087494
v 1.125004 1.931885 -3.055119
v 1.144628 1.931648 -3.081884
v 1.131807 1.931648 -3.070034
v 1.497951 1.931885 -3.040441
v 1.465576 1.931885 -3.075469
v 1.492341 1.931648 -3.055845
v 1.480491 1.931648 -3.068665
v 1.112979 1.931885 -2.749575
v 1.145353 1.931885 -2.714547
v 1.118589 1.931648 -2.734171
v 1.130439 1.931648 -2.721350
v 1.450898 1.931885 -2.702522
v 1.485925 1.931885 -2.734896
v 1.466301 1.931648 -2.708132
v 1.479123 1.931648 -2.719982
v 1.125004 1.879713 -3.055119
v 1.160031 1.879713 -3.087494
v 1.142322 1.873070 -3.071518
v 1.131807 1.879949 -3.070034
v 1.144628 1.879949 -3.081884
v 1.465576 1.879713 -3.075469
v 1.497951 1.879713 -3.040441
v 1.481975 1.873070 -3.058151
v 1.480491 1.879949 -3.068665
v 1.492341 1.879949 -3.055845
v 1.145353 1.879713 -2.714547
v 1.112979 1.879713 -2.749575
v 1.128954 1.873070 -2.731865
v 1.130439 1.879949 -2.721350
v 1.118589 1.879949 -2.734171
v 1.485925 1.879713 -2.734896
v 1.450898 1.879713 -2.702522
v 1.468608 1.873070 -2.718497
v 1.479123 1.879949 -2.719982
v 1.466301 1.879949 -2.708132
v 1.386281 1.026901 -2.807570
v 1.397511 0.979710 -2.795420
v 1.394221 1.003369 -2.798979
v 1.440970 0.979710 -2.889675
v 1.424438 1.026901 -2.890326
v 1.436128 1.003369 -2.889865
v 1.405053 0.979710 -2.987054
v 1.392903 1.026901 -2.975824
v 1.401494 1.003369 -2.983765
v 1.300132 0.979710 -2.759502
v 1.300782 1.026901 -2.776034
v 1.300322 1.003369 -2.764344
v 1.310147 1.026901 -3.013981
v 1.310798 0.979710 -3.030513
v 1.310607 1.003369 -3.025671
v 1.205877 0.979710 -2.802962
v 1.218027 1.026901 -2.814192
v 1.209436 1.003369 -2.806251
v 1.186491 1.026901 -2.899690
v 1.169960 0.979710 -2.900341
v 1.174802 1.003369 -2.900151
v 1.224649 1.026901 -2.982446
v 1.213419 0.979710 -2.994596
v 1.216708 1.003369 -2.991037
v 1.397511 0.912162 -2.795420
v 1.305465 0.912162 -2.895008
v 1.370551 0.912162 -2.824589
v 1.440970 0.912162 -2.889675
v 1.305465 0.912162 -2.895008
v 1.401282 0.912162 -2.891237
v 1.305465 0.912162 -2.895008
v 1.405053 0.912162 -2.987054
v 1.375884 0.912162 -2.960094
v 1.305465 0.912162 -2.895008
v 1.205877 0.912162 -2.802962
v 1.235046 0.912162 -2.829922
v 1.305465 0.912162 -2.895008
v 1.169960 0.912162 -2.900341
v 1.209648 0.912162 -2.898779
v 1.213419 0.912162 -2.994596
v 1.305465 0.912162 -2.895008
v 1.240379 0.912162 -2.965427
v 1.310798 0.912162 -3.030513
v 1.305465 0.912162 -2.895008
v 1.309236 0.912162 -2.990825
v 1.305465 0.912162 -2.895008
v 1.300132 0.912162 -2.759502
v 1.301694 0.912162 -2.799191
v -0.642706 1.933111 -2.910089
v -0.598695 1.933111 -2.997309
v -0.554684 1.933111 -3.084529
v -0.205805 1.933111 -2.908485
v -0.249816 1.933111 -2.821265
v -0.293827 1.933111 -2.734046
v -0.423453 1.933111 -3.127738
v -0.336233 1.933111 -3.083727
v -0.249014 1.933111 -3.039716
v -0.425057 1.933111 -2.690837
v -0.512277 1.933111 -2.734848
v -0.599497 1.933111 -2.778859
v -0.467464 1.899791 -3.040518
v -0.380245 1.899791 -2.996507
v -0.293024 1.899791 -2.952496
v -0.511475 1.899791 -2.953298
v -0.424255 1.899791 -2.909287
v -0.337036 1.899791 -2.865276
v -0.555486 1.899791 -2.866079
v -0.468266 1.899791 -2.822067
v -0.381047 1.899791 -2.778057
v -0.338059 1.101446 -2.937668
v -0.383373 1.101446 -2.990306
v -0.452636 1.101446 -2.995484
v -0.343237 1.101446 -2.868405
v -0.505274 1.101446 -2.950169
v -0.395874 1.101446 -2.823091
v -0.465137 1.101446 -2.828269
v -0.510452 1.101446 -2.880906
v -0.286760 1.865948 -2.954559
v -0.338059 1.802446 -2.937668
v -0.313579 1.863272 -2.945728
v -0.383373 1.802446 -2.990306
v -0.359043 1.865948 -3.038523
v -0.371763 1.863272 -3.013315
v -0.452636 1.802446 -2.995484
v -0.469527 1.865948 -3.046783
v -0.460696 1.863272 -3.019963
v -0.343237 1.802446 -2.868405
v -0.295020 1.865948 -2.844075
v -0.320228 1.863272 -2.856795
v -0.553491 1.865948 -2.974499
v -0.505274 1.802446 -2.950169
v -0.528283 1.863272 -2.961779
v -0.395874 1.802446 -2.823091
v -0.378984 1.865948 -2.771792
v -0.387815 1.863272 -2.798612
v -0.489467 1.865948 -2.780051
v -0.465137 1.802446 -2.828269
v -0.476747 1.863272 -2.805260
v -0.561751 1.865948 -2.864016
v -0.510452 1.802446 -2.880906
v -0.534931 1.863272 -2.872846
v -0.618703 1.865948 -2.845264
v -0.636420 1.869620 -2.839430
v -0.488279 1.865948 -3.103735
v -0.494112 1.869620 -3.121452
v -0.360232 1.865948 -2.714839
v -0.354398 1.869620 -2.697123
v -0.229807 1.865948 -2.973311
v -0.212091 1.869620 -2.979144
v -0.508337 1.865948 -3.063986
v -0.554684 1.878487 -3.084529
v -0.541109 1.869620 -3.078512
v -0.553491 1.865948 -2.974499
v -0.598695 1.878487 -2.997309
v -0.585455 1.869620 -2.990628
v -0.642706 1.878487 -2.910089
v -0.598646 1.865948 -2.885014
v -0.629801 1.869620 -2.902745
v -0.340174 1.865948 -2.754589
v -0.293827 1.878487 -2.734046
v -0.307402 1.869620 -2.740063
v -0.295019 1.865948 -2.844075
v -0.249816 1.878487 -2.821265
v -0.263055 1.869620 -2.827946
v -0.205805 1.878487 -2.908485
v -0.249865 1.865948 -2.933561
v -0.218710 1.869620 -2.915830
v -0.269557 1.865948 -2.993369
v -0.249014 1.878487 -3.039716
v -0.255031 1.869620 -3.026141
v -0.359043 1.865948 -3.038523
v -0.336233 1.878487 -3.083727
v -0.342914 1.869620 -3.070487
v -0.423453 1.878487 -3.127738
v -0.448529 1.865948 -3.083678
v -0.430798 1.869620 -3.114833
v -0.578953 1.865948 -2.825206
v -0.599497 1.878487 -2.778859
v -0.593480 1.869620 -2.792434
v -0.489468 1.865948 -2.780051
v -0.512277 1.878487 -2.734848
v -0.505597 1.869620 -2.748088
v -0.425057 1.878487 -2.690837
v -0.399982 1.865948 -2.734897
v -0.417713 1.869620 -2.703742
v -0.659740 1.931885 -2.856860
v -0.644823 1.931885 -2.811555
v -0.661029 1.931648 -2.840518
v -0.655569 1.931648 -2.823935
v -0.476683 1.931885 -3.144772
v -0.521987 1.931885 -3.129855
v -0.493025 1.931648 -3.146061
v -0.509608 1.931648 -3.140601
v -0.371828 1.931885 -2.673803
v -0.326523 1.931885 -2.688720
v -0.355486 1.931648 -2.672514
v -0.338903 1.931648 -2.677974
v -0.188770 1.931885 -2.961715
v -0.203687 1.931885 -3.007019
v -0.187482 1.931648 -2.978057
v -0.192942 1.931648 -2.994640
v -0.644823 1.879713 -2.811555
v -0.659740 1.879713 -2.856860
v -0.652556 1.873070 -2.834118
v -0.655569 1.879949 -2.823935
v -0.661029 1.879949 -2.840518
v -0.521987 1.879713 -3.129855
v -0.476683 1.879713 -3.144772
v -0.499425 1.873070 -3.137588
v -0.509608 1.879949 -3.140601
v -0.493025 1.879949 -3.146061
v -0.326523 1.879713 -2.688720
v -0.371828 1.879713 -2.673803
v -0.349085 1.873070 -2.680987
v -0.338903 1.879949 -2.677974
v -0.355486 1.879949 -2.672514
v -0.203687 1.879713 -3.007019
v -0.188770 1.879713 -2.961715
v -0.195955 1.873070 -2.984457
v -0.192942 1.879949 -2.994640
v -0.187482 1.879949 -2.978057
v -0.311162 1.026901 -2.946524
v -0.295447 0.979710 -2.951699
v -0.300050 1.003369 -2.950183
v -0.363164 0.979710 -3.030357
v -0.370617 1.026901 -3.015587
v -0.365347 1.003369 -3.026031
v -0.466666 0.979710 -3.038095
v -0.461492 1.026901 -3.022380
v -0.465151 1.003369 -3.033492
v -0.303185 0.979710 -2.848196
v -0.317956 1.026901 -2.855649
v -0.307512 1.003369 -2.850379
v -0.530555 1.026901 -2.962926
v -0.545325 0.979710 -2.970379
v -0.540999 1.003369 -2.968196
v -0.381844 0.979710 -2.780480
v -0.387019 1.026901 -2.796194
v -0.383360 1.003369 -2.785082
v -0.477894 1.026901 -2.802988
v -0.485347 0.979710 -2.788217
v -0.483164 1.003369 -2.792544
v -0.537348 1.026901 -2.872051
v -0.553063 0.979710 -2.866876
v -0.548460 1.003369 -2.868392
v -0.295447 0.912162 -2.951699
v -0.424255 0.912162 -2.909287
v -0.333174 0.912162 -2.939276
v -0.363164 0.912162 -3.030357
v -0.424255 0.912162 -2.909287
v -0.381057 0.912162 -2.994897
v -0.424255 0.912162 -2.909287
v -0.466666 0.912162 -3.038095
v -0.454245 0.912162 -3.000368
v -0.424255 0.912162 -2.909287
v -0.381844 0.912162 -2.780480
v -0.394266 0.912162 -2.818207
v -0.424255 0.912162 -2.909287
v -0.485347 0.912162 -2.788217
v -0.467454 0.912162 -2.823678
v -0.553063 0.912162 -2.866876
v -0.424255 0.912162 -2.909287
v -0.515336 0.912162 -2.879298
v -0.545325 0.912162 -2.970379
v -0.424255 0.912162 -2.909287
v -0.509865 0.912162 -2.952486
v -0.424255 0.912162 -2.909287
v -0.303185 0.912162 -2.848196
v -0.338646 0.912162 -2.866089
v 2.939410 0.687414 0.480454
v 3.094541 0.687414 0.566247
v 2.939410 0.864688 0.480454
v 3.025204 0.687414 0.325323
v 3.180335 0.687414 0.411117
v 3.025204 0.864688 0.325323
v 3.180335 0.864688 0.411117
v 3.036300 0.864688 0.363878
v 3.141779 0.864688 0.422213
v 2.977965 0.864688 0.469358
v 3.036300 1.284976 0.363878
v 3.141779 1.284976 0.422213
v 2.977965 1.284976 0.469358
v 3.027750 1.259570 0.334171
v 3.027750 1.450478 0.334171
v 3.171487 1.259570 0.413663
v 2.948258 1.259570 0.477907
v 2.948258 1.450478 0.477907
v 3.091995 1.259570 0.557400
v 3.083445 1.284976 0.527693
v 3.091995 1.450478 0.557400
v 3.083445 1.425072 0.527693
v 3.171487 1.450478 0.413663
v 3.141779 1.425072 0.422213
v 3.036300 1.425072 0.363878
v 3.120929 1.613907 0.459914
v 3.066378 1.743162 0.558553
v 3.068937 1.559249 0.553927
v 3.015449 1.613907 0.401580
v 2.960898 1.743162 0.500218
v 2.963456 1.559249 0.495591
v 2.977965 1.425072 0.469358
v 2.926818 1.645334 0.561841
v 2.875779 1.688992 0.654129
v 3.032298 1.645335 0.620176
v 2.981259 1.688992 0.712464
v 2.924803 1.688992 0.814547
v 2.992730 1.807175 0.691723
v 2.913332 1.807175 0.835289
v 2.887249 1.807175 0.633388
v 2.807852 1.807175 0.776953
v 2.734204 1.743162 0.910123
v 2.819323 1.688992 0.756212
v 2.768284 1.645334 0.848500
v 2.731645 1.559249 0.914749
v 2.873764 1.645335 0.906835
v 2.837125 1.559249 0.973084
v 2.839684 1.743162 0.968458
v 2.785133 1.613907 1.067096
v 2.764282 1.425072 1.104798
v 2.679653 1.613907 1.008762
v 2.658802 1.425072 1.046463
v 2.717137 1.425072 0.940983
v 2.629095 1.450418 1.055013
v 2.772831 1.450418 1.134505
v 2.708587 1.450418 0.911277
v 2.629095 1.259958 1.055013
v 2.772831 1.259958 1.134505
v 2.708587 1.259958 0.911277
v 2.658802 1.285304 1.046463
v 2.658802 0.864688 1.046463
v 2.764282 1.285304 1.104798
v 2.717137 1.285304 0.940983
v 2.717137 0.864688 0.940983
v 2.822617 1.285304 0.999318
v 2.822617 0.864688 0.999318
v 2.852324 1.259958 0.990768
v 2.852324 1.450418 0.990768
v 2.822617 1.425072 0.999318
v 2.764282 0.864688 1.104798
v 2.861171 0.864688 0.988222
v 2.775378 0.864688 1.143353
v 2.861171 0.687414 0.988222
v 2.706041 0.864688 0.902428
v 2.706041 0.687414 0.902428
v 2.620247 0.864688 1.057559
v 2.620247 0.687414 1.057559
v 2.775378 0.687414 1.143353
v 3.083445 0.864688 0.527693
v 3.094541 0.864688 0.566247
v -2.380855 0.623571 2.352199
v -2.324432 0.873725 2.347559
v -2.219060 0.623571 2.161412
v -2.214421 0.873725 2.217835
v -2.190068 0.623571 2.513993
v -2.194708 0.873725 2.457570
v -2.028273 0.623571 2.323206
v -2.084697 0.873725 2.327846
v -2.380855 0.873725 2.352199
v -2.219060 0.873725 2.161412
v -2.028273 0.873725 2.323206
v -2.190068 0.873725 2.513993
v -2.324432 1.664492 2.347559
v -2.214421 1.664492 2.217835
v -2.084697 1.664492 2.327846
v -2.194708 1.664492 2.457571
v -3.090605 0.623571 1.750303
v -3.034181 0.873725 1.745663
v -2.928810 0.623571 1.559516
v -2.924170 0.873725 1.615939
v -2.899818 0.623571 1.912097
v -2.904458 0.873725 1.855674
v -2.738023 0.623571 1.721311
v -2.794446 0.873725 1.725950
v -3.090605 0.873725 1.750303
v -2.928810 0.873725 1.559516
v -2.738023 0.873725 1.721311
v -2.899818 0.873725 1.912097
v -3.034181 1.664492 1.745663
v -2.924170 1.664492 1.615939
v -2.794446 1.664492 1.725950
v -2.904458 1.664492 1.855674
v -2.762183 1.853831 1.753311
v -2.680707 1.975307 1.822405
v -2.567206 2.036913 1.918658
v -2.441660 2.036913 2.025127
v -2.328160 1.975307 2.121379
v -2.246684 1.853830 2.190474
v -2.131064 1.930959 2.288525
v -2.252374 2.113353 2.185649
v -2.416152 2.203682 2.046759
v -2.592715 2.203682 1.897027
v -2.756493 2.113353 1.758136
v -2.877803 1.930959 1.655261
v -2.241075 1.930959 2.418249
v -2.362385 2.113353 2.315373
v -2.526163 2.203682 2.176483
v -2.702726 2.203682 2.026750
v -2.866505 2.113353 1.887860
v -2.987815 1.930959 1.784984
v -2.356696 1.853830 2.320198
v -2.438171 1.975307 2.251103
v -2.551672 2.036912 2.154850
v -2.677218 2.036913 2.048382
v -2.790718 1.975307 1.952130
v -2.872194 1.853831 1.883035
v -2.194708 1.466800 2.457571
v -2.324432 1.466800 2.347559
v -2.214421 1.466800 2.217835
v -2.084697 1.466800 2.327846
v -2.904458 1.467263 1.855674
v -3.034181 1.467263 1.745663
v -2.924170 1.467263 1.615939
v -2.794446 1.467263 1.725950
v -2.367907 1.700342 2.351134
v -2.217996 1.700342 2.174360
v -2.041222 1.700342 2.324271
v -2.191133 1.700342 2.501045
v -2.191133 1.430949 2.501045
v -2.217996 1.430949 2.174360
v -3.077657 1.700258 1.749238
v -2.927745 1.700258 1.572464
v -2.750972 1.700258 1.722375
v -2.900883 1.700258 1.899149
v -2.900883 1.431496 1.899149
v -2.927745 1.431496 1.572464
v -2.367907 1.430949 2.351134
v -2.041222 1.430949 2.324271
v -3.077657 1.431496 1.749238
v -2.750972 1.431496 1.722375
v -3.260027 0.599502 0.467850
v -3.082889 0.599502 0.460915
v -3.260027 0.776776 0.467850
v -3.266963 0.599502 0.290712
v -3.089824 0.599502 0.283777
v -3.266963 0.776776 0.290712
v -3.089824 0.776776 0.283777
v -3.237505 0.776776 0.317950
v -3.117061 0.776776 0.313234
v -3.232790 0.776776 0.438393
v -3.237505 1.197064 0.317949
v -3.117061 1.197064 0.313234
v -3.232790 1.197064 0.438393
v -3.260202 1.171658 0.296962
v -3.260202 1.362566 0.296962
v -3.096074 1.171658 0.290536
v -3.253777 1.171658 0.461091
v -3.253777 1.362566 0.461091
v -3.089648 1.171658 0.454665
v -3.112346 1.197064 0.433678
v -3.089648 1.362566 0.454665
v -3.112346 1.337160 0.433678
v -3.096074 1.362566 0.290536
v -3.117061 1.337160 0.313234
v -3.237505 1.337160 0.317949
v -3.115376 1.525995 0.356284
v -3.110966 1.655250 0.468916
v -3.111173 1.471337 0.463634
v -3.235820 1.525995 0.361000
v -3.231410 1.655250 0.473631
v -3.231617 1.471337 0.468349
v -3.232790 1.337160 0.438393
v -3.228655 1.557422 0.543996
v -3.224530 1.601080 0.649377
v -3.108211 1.557423 0.539281
v -3.104085 1.601080 0.644662
v -3.099522 1.601080 0.761227
v -3.105012 1.719263 0.620978
v -3.098594 1.719263 0.784910
v -3.225457 1.719263 0.625693
v -3.219039 1.719263 0.789626
v -3.213086 1.655250 0.941688
v -3.219966 1.601080 0.765942
v -3.215840 1.557422 0.871323
v -3.212879 1.471337 0.946970
v -3.095396 1.557423 0.866608
v -3.092435 1.471337 0.942255
v -3.092641 1.655250 0.936972
v -3.088232 1.525995 1.049604
v -3.086546 1.337160 1.092654
v -3.208676 1.525995 1.054320
v -3.206991 1.337160 1.097370
v -3.211706 1.337160 0.976926
v -3.227977 1.362507 1.120067
v -3.063848 1.362507 1.113641
v -3.234403 1.362507 0.955939
v -3.227977 1.172046 1.120067
v -3.063848 1.172046 1.113641
v -3.234403 1.172046 0.955939
v -3.206991 1.197392 1.097370
v -3.206991 0.776776 1.097370
v -3.086546 1.197392 1.092654
v -3.211706 1.197392 0.976926
v -3.211706 0.776776 0.976926
v -3.091262 1.197392 0.972211
v -3.091262 0.776776 0.972211
v -3.070275 1.172046 0.949513
v -3.070275 1.362507 0.949513
v -3.091262 1.337160 0.972211
v -3.086546 0.776776 1.092654
v -3.064024 0.776776 0.942754
v -3.057089 0.776776 1.119892
v -3.064024 0.599502 0.942754
v -3.241163 0.776776 0.949688
v -3.241163 0.599502 0.949688
v -3.234228 0.776776 1.126827
v -3.234228 0.599502 1.126827
v -3.057089 0.599502 1.119892
v -3.112346 0.776776 0.433678
v -3.082889 0.776776 0.460915
v 2.164209 0.664015 1.955191
v 2.035948 0.664015 1.785514
v 2.164209 0.876714 1.955191
v 2.333886 0.664015 1.826930
v 2.205625 0.664015 1.657253
v 2.333886 0.876714 1.826930
v 2.205625 0.876714 1.657253
v 2.286207 0.876714 1.820302
v 2.198997 0.876714 1.704931
v 2.170836 0.876714 1.907513
v 2.286207 1.380991 1.820302
v 2.198997 1.380991 1.704931
v 2.170836 1.380991 1.907513
v 2.322945 1.350508 1.825409
v 2.322945 1.579566 1.825409
v 2.204104 1.350508 1.668194
v 2.165730 1.350508 1.944250
v 2.165730 1.579566 1.944250
v 2.046890 1.350508 1.787035
v 2.083626 1.380991 1.792142
v 2.046890 1.579566 1.787035
v 2.083626 1.549083 1.792142
v 2.204104 1.579566 1.668194
v 2.198997 1.549083 1.704931
v 2.286207 1.549083 1.820302
v 2.157760 1.775653 1.736103
v 2.049872 1.930738 1.817657
v 2.054933 1.710072 1.813832
v 2.244970 1.775653 1.851474
v 2.137083 1.930738 1.933027
v 2.142143 1.710072 1.929203
v 2.170836 1.549083 1.907513
v 2.069682 1.813361 1.983976
v 1.968740 1.865742 2.060280
v 1.982472 1.813361 1.868606
v 1.881530 1.865743 1.944909
v 1.769875 1.865743 2.029311
v 1.904216 2.007543 1.927761
v 1.747189 2.007543 2.046460
v 1.991426 2.007543 2.043131
v 1.834399 2.007543 2.161830
v 1.688743 1.930738 2.271934
v 1.857086 1.865743 2.144681
v 1.756144 1.813361 2.220985
v 1.683683 1.710073 2.275759
v 1.668933 1.813361 2.105614
v 1.596472 1.710073 2.160388
v 1.601532 1.930738 2.156564
v 1.493645 1.775653 2.238117
v 1.452408 1.549083 2.269289
v 1.580855 1.775653 2.353488
v 1.539619 1.549083 2.384659
v 1.654989 1.549083 2.297450
v 1.534512 1.579494 2.421396
v 1.415671 1.579494 2.264182
v 1.691726 1.579494 2.302556
v 1.534512 1.350973 2.421396
v 1.415671 1.350973 2.264182
v 1.691726 1.350973 2.302556
v 1.539619 1.381384 2.384659
v 1.539619 0.876714 2.384659
v 1.452408 1.381384 2.269289
v 1.654989 1.381384 2.297450
v 1.654989 0.876714 2.297450
v 1.567779 1.381384 2.182079
v 1.567779 0.876714 2.182079
v 1.572886 1.350973 2.145341
v 1.572886 1.579494 2.145341
v 1.567779 1.549083 2.182079
v 1.452408 0.876714 2.269289
v 1.574407 0.876714 2.134400
v 1.404730 0.876714 2.262661
v 1.574407 0.664015 2.134400
v 1.702668 0.876714 2.304077
v 1.702668 0.664015 2.304077
v 1.532991 0.876714 2.432337
v 1.532991 0.664015 2.432337
v 1.404730 0.664015 2.262661
v 2.083626 0.876714 1.792142
v 2.035948 0.876714 1.785514
v 0.071614 0.592770 2.982652
v -0.002807 0.592770 2.702106
v 0.071614 0.883020 2.982652
v -0.208933 0.592770 3.057073
v -0.283354 0.592770 2.776526
v -0.208933 0.883020 3.057073
v -0.283354 0.883020 2.776526
v -0.175947 0.883020 3.000268
v -0.226549 0.883020 2.809512
v 0.014808 0.883020 2.949666
v -0.175947 1.571154 3.000268
v -0.226549 1.571154 2.809512
v 0.014808 1.571154 2.949666
v -0.201364 1.529558 3.044037
v -0.201364 1.842129 3.044037
v -0.270318 1.529558 2.784096
v 0.058578 1.529558 2.975082
v 0.058578 1.842129 2.975082
v -0.010377 1.529558 2.715141
v -0.035793 1.571154 2.758911
v -0.010377 1.842129 2.715141
v -0.035793 1.800533 2.758911
v -0.270318 1.842129 2.784096
v -0.226549 1.800533 2.809512
v -0.175947 1.800533 3.000268
v -0.158367 2.109710 2.791426
v 0.020016 2.321339 2.744106
v 0.011650 2.020219 2.746325
v -0.107765 2.109710 2.982182
v 0.070618 2.321338 2.934862
v 0.062252 2.020219 2.937081
v 0.014808 1.800533 2.949666
v 0.182060 2.161166 2.905300
v 0.348959 2.232646 2.861027
v 0.131458 2.161167 2.714544
v 0.298357 2.232646 2.670271
v 0.482969 2.232646 2.621299
v 0.260848 2.426147 2.680221
v 0.520479 2.426147 2.611350
v 0.311449 2.426147 2.870977
v 0.571080 2.426147 2.802104
v 0.811912 2.321339 2.738220
v 0.533571 2.232646 2.812055
v 0.700470 2.161166 2.767782
v 0.820278 2.020219 2.736001
v 0.649868 2.161167 2.577026
v 0.769677 2.020219 2.545245
v 0.761311 2.321339 2.547464
v 0.939693 2.109710 2.500145
v 1.007875 1.800533 2.482059
v 0.990295 2.109710 2.690900
v 1.058477 1.800533 2.672814
v 0.867721 1.800533 2.723416
v 1.102246 1.842032 2.698231
v 1.033292 1.842032 2.438289
v 0.842304 1.842032 2.767185
v 1.102246 1.530192 2.698231
v 1.033292 1.530192 2.438289
v 0.842304 1.530192 2.767185
v 1.058477 1.571692 2.672814
v 1.058477 0.883020 2.672814
v 1.007875 1.571692 2.482059
v 0.867721 1.571692 2.723416
v 0.867721 0.883020 2.723416
v 0.817119 1.571692 2.532660
v 0.817119 0.883020 2.532660
v 0.773350 1.530192 2.507244
v 0.773350 1.842032 2.507244
v 0.817119 1.800533 2.532660
v 1.007875 0.883020 2.482059
v 0.760315 0.883020 2.499674
v 1.040861 0.883020 2.425253
v 0.760315 0.592770 2.499674
v 0.834735 0.883020 2.780221
v 0.834735 0.592770 2.780221
v 1.115282 0.883020 2.705800
v 1.115282 0.592770 2.705800
v 1.040861 0.592770 2.425253
v -0.035793 0.883020 2.758911
v -0.002807 0.883020 2.702106
v -0.874590 0.659542 2.941726
v -0.825709 0.659542 2.636988
v -0.874590 0.968176 2.941726
v -0.569852 0.659542 2.990608
v -0.520970 0.659542 2.685869
v -0.569852 0.968176 2.990608
v -0.520970 0.968176 2.685869
v -0.610796 0.968176 2.934018
v -0.577560 0.968176 2.726813
v -0.818001 0.968176 2.900782
v -0.610796 1.699897 2.934018
v -0.577560 1.699897 2.726813
v -0.818001 1.699897 2.900782
v -0.579247 1.655665 2.977621
v -0.579247 1.988035 2.977621
v -0.533956 1.655665 2.695265
v -0.861604 1.655665 2.932330
v -0.861604 1.988035 2.932330
v -0.816312 1.655665 2.649974
v -0.784764 1.699897 2.693577
v -0.816312 1.988035 2.649974
v -0.784764 1.943804 2.693577
v -0.533956 1.988035 2.695265
v -0.577560 1.943804 2.726813
v -0.610796 1.943804 2.934018
v -0.651621 2.272565 2.714934
v -0.845386 2.497598 2.683853
v -0.836298 2.177405 2.685310
v -0.684857 2.272564 2.922138
v -0.878623 2.497598 2.891058
v -0.869535 2.177405 2.892516
v -0.818001 1.943804 2.900782
v -0.999674 2.327280 2.871641
v -1.180964 2.403287 2.842561
v -0.966438 2.327280 2.664435
v -1.147728 2.403288 2.635355
v -1.348260 2.403288 2.603189
v -1.106984 2.609044 2.641891
v -1.389004 2.609044 2.596654
v -1.140222 2.609044 2.849096
v -1.422240 2.609044 2.803859
v -1.683839 2.497598 2.761898
v -1.381496 2.403288 2.810395
v -1.562787 2.327280 2.781314
v -1.692926 2.177405 2.760439
v -1.529551 2.327280 2.574110
v -1.659690 2.177405 2.553235
v -1.650602 2.497598 2.554693
v -1.844367 2.272564 2.523612
v -1.918428 1.943804 2.511732
v -1.877604 2.272564 2.730816
v -1.951665 1.943804 2.718937
v -1.744461 1.943804 2.752173
v -1.995268 1.987932 2.750485
v -1.949977 1.987932 2.468129
v -1.712912 1.987932 2.795776
v -1.995268 1.656340 2.750485
v -1.949977 1.656340 2.468129
v -1.712912 1.656340 2.795776
v -1.951665 1.700468 2.718937
v -1.951665 0.968176 2.718937
v -1.918428 1.700468 2.511732
v -1.744461 1.700468 2.752173
v -1.744461 0.968176 2.752173
v -1.711223 1.700468 2.544969
v -1.711223 0.968176 2.544969
v -1.667621 1.656340 2.513420
v -1.667621 1.987932 2.513420
v -1.711223 1.943804 2.544969
v -1.918428 0.968176 2.511732
v -1.654635 0.968176 2.504025
v -1.959373 0.968176 2.455143
v -1.654635 0.659542 2.504025
v -1.703516 0.968176 2.808763
v -1.703516 0.659542 2.808763
v -2.008255 0.968176 2.759881
v -2.008255 0.659542 2.759881
v -1.959373 0.659542 2.455143
v -0.784764 0.968176 2.693577
v -0.825709 0.968176 2.636988
v -2.863117 0.648083 -0.973588
v -2.707986 0.648083 -0.887794
v -2.863117 0.825357 -0.973588
v -2.777322 0.648083 -1.128719
v -2.622192 0.648083 -1.042925
v -2.777322 0.825357 -1.128719
v -2.622192 0.825357 -1.042925
v -2.766227 0.825357 -1.090164
v -2.660747 0.825357 -1.031829
v -2.824561 0.825357 -0.984684
v -2.766227 1.245645 -1.090164
v -2.660747 1.245645 -1.031829
v -2.824561 1.245645 -0.984684
v -2.774776 1.220239 -1.119871
v -2.774776 1.411147 -1.119871
v -2.631040 1.220239 -1.040379
v -2.854269 1.220239 -0.976134
v -2.854269 1.411147 -0.976134
v -2.710532 1.220239 -0.896642
v -2.719081 1.245645 -0.926349
v -2.710532 1.411147 -0.896642
v -2.719081 1.385741 -0.926349
v -2.631040 1.411147 -1.040379
v -2.660747 1.385741 -1.031829
v -2.766227 1.385741 -1.090164
v -2.681597 1.574576 -0.994127
v -2.736148 1.703831 -0.895489
v -2.733590 1.519918 -0.900115
v -2.787077 1.574575 -1.052462
v -2.841628 1.703831 -0.953824
v -2.839070 1.519918 -0.958450
v -2.824561 1.385741 -0.984684
v -2.875709 1.606003 -0.892201
v -2.926747 1.649661 -0.799913
v -2.770228 1.606003 -0.833866
v -2.821267 1.649661 -0.741578
v -2.877723 1.649661 -0.639495
v -2.809797 1.767844 -0.762319
v -2.889194 1.767844 -0.618754
v -2.915277 1.767844 -0.820654
v -2.994674 1.767844 -0.677088
v -3.068322 1.703831 -0.543918
v -2.983204 1.649661 -0.697830
v -3.034243 1.606003 -0.605541
v -3.070881 1.519918 -0.539293
v -2.928763 1.606003 -0.547207
v -2.965401 1.519918 -0.480958
v -2.962843 1.703831 -0.485584
v -3.017394 1.574575 -0.386946
v -3.038244 1.385741 -0.349244
v -3.122874 1.574576 -0.445280
v -3.143724 1.385741 -0.407578
v -3.085390 1.385741 -0.513058
v -3.173431 1.411087 -0.399029
v -3.029695 1.411087 -0.319537
v -3.093939 1.411087 -0.542765
v -3.173431 1.220627 -0.399029
v -3.029695 1.220627 -0.319537
v -3.093939 1.220627 -0.542765
v -3.143724 1.245973 -0.407578
v -3.143724 0.825357 -0.407578
v -3.038244 1.245973 -0.349244
v -3.085390 1.245973 -0.513058
v -3.085390 0.825357 -0.513058
v -2.979909 1.245973 -0.454724
v -2.979909 0.825357 -0.454724
v -2.950202 1.220627 -0.463273
v -2.950202 1.411087 -0.463273
v -2.979909 1.385741 -0.454724
v -3.038244 0.825357 -0.349244
v -2.941355 0.825357 -0.465820
v -3.027148 0.825357 -0.310689
v -2.941355 0.648083 -0.465820
v -3.096486 0.825357 -0.551613
v -3.096486 0.648083 -0.551613
v -3.182279 0.825357 -0.396482
v -3.182279 0.648083 -0.396482
v -3.027148 0.648083 -0.310689
v -2.719081 0.825357 -0.926349
v -2.707986 0.825357 -0.887794
vn 0.1014 0.7041 0.7029
vn 0.9071 -0.0130 0.4208
vn 0.4175 0.7505 -0.5122
vn -0.1014 0.7041 -0.7029
vn -0.8990 -0.0000 0.4379
vn -0.0044 0.9997 0.0233
vn -0.0068 0.9996 0.0279
vn -0.0068 0.9997 0.0222
vn -0.0109 0.9982 0.0592
vn -0.0282 0.9930 0.1148
vn -0.0174 0.9983 0.0562
vn -0.0150 0.9980 0.0612
vn -0.0211 0.9997 -0.0109
vn -0.0550 0.9983 -0.0209
vn -0.1077 0.9930 -0.0486
vn -0.0533 0.9982 -0.0279
vn -0.0217 0.9997 -0.0083
vn -0.0262 0.9996 -0.0118
vn -0.0574 0.9980 -0.0259
vn 0.0211 0.9997 0.0109
vn 0.0550 0.9983 0.0209
vn 0.1077 0.9930 0.0486
vn 0.0533 0.9982 0.0279
vn 0.0217 0.9997 0.0083
vn 0.0262 0.9996 0.0118
vn 0.0574 0.9980 0.0259
vn 0.0068 0.9997 -0.0222
vn 0.0109 0.9982 -0.0592
vn 0.0282 0.9930 -0.1148
vn 0.0174 0.9983 -0.0562
vn 0.0044 0.9997 -0.0233
vn 0.0068 0.9996 -0.0279
vn 0.0150 0.9980 -0.0612
vn 0.4379 -0.0000 0.8990
vn 0.9116 -0.0000 0.4111
vn -0.4379 -0.0000 -0.8990
vn -0.6607 0.7505 0.0130
vn -0.4909 0.7041 -0.5131
vn 0.2383 -0.0000 -0.9712
vn -0.2383 -0.0000 0.9712
vn -0.9116 -0.0000 -0.4111
vn 0.6607 0.7505 -0.0130
vn 0.4909 0.7041 0.5131
vn -0.4175 0.7505 0.5122
vn 0.2054 -0.0000 0.9787
vn -0.0000 1.0000 -0.0000
vn -0.9945 -0.0000 0.1045
vn 0.6954 -0.0000 -0.7186
vn 0.6440 -0.0000 0.7651
vn -0.2054 -0.0000 -0.9787
vn 0.9945 -0.0000 -0.1045
vn -0.6440 -0.0000 -0.7651
vn -0.6954 -0.0000 0.7186
vn 0.2233 0.9742 -0.0326
vn -0.1629 0.9650 -0.2054
vn 0.2142 0.9552 -0.2043
vn -0.0800 0.9398 -0.3322
vn -0.0090 0.9575 -0.2884
vn 0.1084 0.9607 -0.2556
vn -0.9106 0.0028 -0.4132
vn 0.9096 -0.0052 0.4154
vn 0.8990 -0.0000 -0.4379
vn 0.5154 0.0047 -0.8570
vn -0.0546 -0.0190 -0.9983
vn 0.1856 -0.9791 0.0837
vn 0.1386 -0.9902 -0.0143
vn 0.1239 -0.9913 -0.0442
vn 0.1111 -0.9913 -0.0703
vn 0.0967 -0.9902 -0.1003
vn 0.0485 -0.9791 -0.1977
vn 0.1043 -0.9868 0.1235
vn 0.0568 -0.9981 0.0256
vn 0.0422 -0.9991 -0.0043
vn 0.0294 -0.9991 -0.0306
vn 0.0149 -0.9981 -0.0606
vn -0.0330 -0.9868 -0.1583
vn 0.0792 -0.9876 0.1352
vn 0.0318 -0.9988 0.0377
vn 0.0172 -0.9998 0.0078
vn 0.0044 -0.9998 -0.0184
vn -0.0101 -0.9988 -0.0482
vn -0.0576 -0.9876 -0.1457
vn 0.0576 -0.9876 0.1457
vn 0.0101 -0.9988 0.0482
vn -0.0044 -0.9998 0.0184
vn -0.0172 -0.9998 -0.0078
vn -0.0318 -0.9988 -0.0377
vn -0.0792 -0.9876 -0.1352
vn 0.0330 -0.9868 0.1583
vn -0.0149 -0.9981 0.0606
vn -0.0294 -0.9991 0.0306
vn -0.0422 -0.9991 0.0043
vn -0.0568 -0.9981 -0.0256
vn -0.1043 -0.9868 -0.1235
vn -0.0485 -0.9791 0.1977
vn -0.0967 -0.9902 0.1003
vn -0.1111 -0.9913 0.0703
vn -0.1239 -0.9913 0.0442
vn -0.1386 -0.9902 0.0143
vn -0.1856 -0.9791 -0.0837
vn 0.3149 0.9460 -0.0764
vn 0.2645 0.9541 -0.1401
vn 0.3194 0.9465 -0.0465
vn -0.3194 0.9465 0.0465
vn -0.0589 0.9541 0.2935
vn 0.0465 0.9465 0.3194
vn -0.2935 0.9541 -0.0589
vn -0.0465 0.9465 -0.3194
vn 0.2287 -0.3645 -0.9027
vn 0.0251 -0.9948 -0.0989
vn -0.4765 -0.3645 -0.8000
vn -0.0522 -0.9948 -0.0877
vn 0.0522 -0.9948 0.0877
vn 0.4765 -0.3645 0.8000
vn -0.0251 -0.9948 0.0989
vn -0.2287 -0.3645 0.9027
vn -0.8000 -0.3645 0.4765
vn -0.0877 -0.9948 0.0522
vn 0.0989 -0.9948 0.0251
vn 0.9027 -0.3645 0.2287
vn -0.9027 -0.3645 -0.2287
vn -0.0989 -0.9948 -0.0251
vn 0.0877 -0.9948 -0.0522
vn 0.8000 -0.3645 -0.4765
vn 0.8591 -0.0000 -0.5118
vn 0.2456 -0.0000 -0.9694
vn -0.5118 -0.0000 -0.8591
vn -0.9694 -0.0000 -0.2456
vn 0.9694 -0.0000 0.2456
vn -0.8591 -0.0000 0.5118
vn 0.5118 -0.0000 0.8591
vn -0.2456 -0.0000 0.9694
vn -0.1353 -0.9895 0.0507
vn 0.3236 0.9460 -0.0165
vn -0.0507 -0.9895 -0.1353
vn -0.1688 0.9593 0.2263
vn 0.1353 -0.9895 -0.0507
vn -0.2263 0.9593 -0.1688
vn 0.0507 -0.9895 0.1353
vn -0.1442 -0.9895 -0.0100
vn -0.1010 -0.9948 0.0147
vn -0.5078 -0.8583 0.0739
vn 0.1442 -0.9895 0.0100
vn 0.0589 0.9541 -0.2935
vn 0.1010 -0.9948 -0.0147
vn 0.5078 -0.8583 -0.0739
vn 0.0100 -0.9895 -0.1442
vn -0.0147 -0.9948 -0.1010
vn -0.0739 -0.8583 -0.5078
vn -0.0100 -0.9895 0.1442
vn 0.0147 -0.9948 0.1010
vn 0.0739 -0.8583 0.5078
vn -0.0000 -1.0000 -0.0000
vn 0.1688 0.9593 -0.2263
vn 0.1401 0.9541 0.2645
vn 0.2263 0.9593 0.1688
vn 0.2935 0.9541 0.0589
vn 0.0165 0.9460 0.3237
vn -0.2645 0.9541 0.1401
vn -0.1401 0.9541 -0.2645
vn -0.0764 0.9460 -0.3149
vn -0.9896 -0.0000 0.1440
vn 0.9896 -0.0000 -0.1440
vn -0.1440 -0.0000 -0.9896
vn 0.1440 -0.0000 0.9896
vn -0.1594 -0.7893 0.5930
vn -0.4491 -0.6602 0.6021
vn -0.5229 -0.7893 0.3218
vn -0.5930 -0.7893 -0.1594
vn -0.6021 -0.6601 -0.4491
vn -0.3218 -0.7893 -0.5229
vn 0.5930 -0.7893 0.1594
vn 0.6021 -0.6602 0.4491
vn 0.3218 -0.7893 0.5229
vn 0.1594 -0.7893 -0.5930
vn 0.4491 -0.6602 -0.6021
vn 0.5229 -0.7893 -0.3218
vn -0.2417 -0.0000 0.9704
vn -0.5979 -0.0000 0.8016
vn -0.8612 -0.0000 0.5082
vn -0.9704 -0.0000 -0.2417
vn -0.8016 -0.0000 -0.5979
vn -0.5083 -0.0000 -0.8612
vn 0.9704 -0.0000 0.2417
vn 0.8016 -0.0000 0.5979
vn 0.5082 -0.0000 0.8612
vn 0.2417 -0.0000 -0.9704
vn 0.5979 -0.0000 -0.8016
vn 0.8612 -0.0000 -0.5082
vn -0.0131 -0.0000 0.9999
vn -0.0165 0.9460 -0.3236
vn -0.9547 -0.0000 0.2976
vn -0.9999 -0.0000 -0.0131
vn 0.0764 0.9460 0.3149
vn -0.2976 -0.0000 -0.9547
vn 0.9999 -0.0000 0.0131
vn -0.3236 0.9460 0.0165
vn 0.2976 -0.0000 0.9547
vn 0.0131 -0.0000 -0.9999
vn -0.3149 0.9460 0.0764
vn 0.9547 -0.0000 -0.2976
vn -0.0395 -0.9117 0.4090
vn -0.3808 -0.9117 0.1544
vn -0.4090 -0.9117 -0.0395
vn -0.1544 -0.9117 -0.3808
vn 0.4090 -0.9117 0.0395
vn 0.1544 -0.9117 0.3808
vn 0.0395 -0.9117 -0.4090
vn 0.3808 -0.9117 -0.1544
vn 0.2413 0.1859 -0.9525
vn 0.2232 0.4174 -0.8809
vn -0.5028 0.1859 -0.8442
vn -0.4650 0.4174 -0.7807
vn 0.4650 0.4174 0.7807
vn 0.5028 0.1859 0.8441
vn -0.2232 0.4174 0.8809
vn -0.2413 0.1859 0.9525
vn -0.8442 0.1859 0.5028
vn -0.7807 0.4174 0.4650
vn 0.8809 0.4174 0.2232
vn 0.9525 0.1859 0.2413
vn -0.9525 0.1859 -0.2413
vn -0.8809 0.4174 -0.2232
vn 0.7807 0.4174 -0.4651
vn 0.8441 0.1859 -0.5028
vn 0.2318 0.3311 -0.9147
vn 0.8107 0.3311 -0.4829
vn -0.4829 0.3311 -0.8107
vn -0.9147 0.3311 -0.2318
vn 0.9147 0.3311 0.2318
vn -0.8107 0.3312 0.4829
vn 0.4829 0.3311 0.8107
vn -0.2318 0.3311 0.9147
vn 0.2238 0.9460 0.2344
vn 0.2537 0.9541 0.1588
vn 0.2002 0.9465 0.2532
vn -0.2002 0.9465 -0.2532
vn -0.2836 0.9541 0.0959
vn -0.2532 0.9465 0.2002
vn -0.0959 0.9541 -0.2835
vn 0.2532 0.9465 -0.2002
vn 0.8959 -0.3645 -0.2539
vn 0.0982 -0.9948 -0.0278
vn 0.4540 -0.3645 -0.8130
vn 0.0497 -0.9948 -0.0891
vn -0.0497 -0.9948 0.0891
vn -0.4540 -0.3645 0.8130
vn -0.0982 -0.9948 0.0278
vn -0.8959 -0.3645 0.2539
vn -0.8130 -0.3645 -0.4540
vn -0.0891 -0.9948 -0.0497
vn 0.0278 -0.9948 0.0982
vn 0.2539 -0.3645 0.8959
vn -0.2539 -0.3645 -0.8959
vn -0.0278 -0.9948 -0.0982
vn 0.0891 -0.9948 0.0497
vn 0.8130 -0.3645 0.4540
vn 0.8731 -0.0000 0.4875
vn 0.9621 -0.0000 -0.2727
vn 0.4875 -0.0000 -0.8731
vn -0.2727 -0.0000 -0.9621
vn 0.2727 -0.0000 0.9621
vn -0.8731 -0.0000 -0.4875
vn -0.4875 -0.0000 0.8731
vn -0.9621 -0.0000 0.2727
vn -0.1116 -0.9895 -0.0918
vn 0.1763 0.9460 0.2719
vn 0.0918 -0.9895 -0.1116
vn -0.2804 0.9593 -0.0328
vn 0.1116 -0.9895 0.0918
vn 0.0328 0.9593 -0.2804
vn -0.0918 -0.9895 0.1116
vn -0.0635 -0.9895 -0.1298
vn -0.0633 -0.9948 -0.0801
vn -0.3182 -0.8583 -0.4026
vn 0.0635 -0.9895 0.1298
vn 0.2835 0.9541 -0.0959
vn 0.0633 -0.9948 0.0801
vn 0.3182 -0.8583 0.4026
vn 0.1298 -0.9895 -0.0635
vn 0.0801 -0.9948 -0.0633
vn 0.4026 -0.8583 -0.3182
vn -0.1298 -0.9895 0.0635
vn -0.0801 -0.9948 0.0633
vn -0.4026 -0.8583 0.3182
vn 0.2804 0.9593 0.0328
vn -0.1588 0.9541 0.2537
vn -0.0328 0.9593 0.2804
vn 0.0959 0.9541 0.2835
vn -0.2719 0.9460 0.1763
vn -0.2537 0.9541 -0.1588
vn 0.1588 0.9541 -0.2537
vn 0.2344 0.9460 -0.2238
vn -0.6201 -0.0000 -0.7845
vn 0.6201 -0.0000 0.7845
vn 0.7845 -0.0000 -0.6201
vn -0.7845 -0.0000 0.6201
vn -0.5932 -0.7893 0.1589
vn -0.7460 -0.6602 -0.0873
vn -0.5404 -0.7893 -0.2916
vn -0.1589 -0.7893 -0.5931
vn 0.0873 -0.6602 -0.7460
vn 0.2916 -0.7893 -0.5404
vn 0.1589 -0.7893 0.5931
vn -0.0873 -0.6602 0.7460
vn -0.2916 -0.7893 0.5404
vn 0.5932 -0.7893 -0.1589
vn 0.7460 -0.6602 0.0873
vn 0.5404 -0.7893 0.2916
vn -0.9610 -0.0000 0.2766
vn -0.9932 -0.0000 -0.1163
vn -0.8711 -0.0000 -0.4911
vn -0.2766 -0.0000 -0.9610
vn 0.1163 -0.0000 -0.9932
vn 0.4911 -0.0000 -0.8711
vn 0.2766 -0.0000 0.9610
vn -0.1163 -0.0000 0.9932
vn -0.4911 -0.0000 0.8711
vn 0.9610 -0.0000 -0.2766
vn 0.9932 -0.0000 0.1163
vn 0.8711 -0.0000 0.4911
vn -0.8721 -0.0000 0.4893
vn 0.2719 0.9460 -0.1763
vn -0.7355 -0.0000 -0.6775
vn -0.4893 -0.0000 -0.8721
vn -0.2344 0.9460 0.2238
vn 0.6775 -0.0000 -0.7355
vn 0.4893 -0.0000 0.8721
vn -0.1763 0.9460 -0.2719
vn -0.6775 -0.0000 0.7355
vn 0.8721 -0.0000 -0.4893
vn -0.2238 0.9460 -0.2344
vn 0.7355 -0.0000 0.6775
vn -0.3738 -0.9117 0.1706
vn -0.3243 -0.9117 -0.2523
vn -0.1706 -0.9117 -0.3738
vn 0.2523 -0.9117 -0.3243
vn 0.1706 -0.9117 0.3738
vn -0.2523 -0.9117 0.3243
vn 0.3738 -0.9117 -0.1706
vn 0.3243 -0.9117 0.2523
vn 0.9453 0.1859 -0.2679
vn 0.8743 0.4174 -0.2478
vn 0.4790 0.1859 -0.8579
vn 0.4430 0.4174 -0.7934
vn -0.4430 0.4174 0.7934
vn -0.4790 0.1859 0.8579
vn -0.8743 0.4174 0.2478
vn -0.9453 0.1859 0.2679
vn -0.8579 0.1859 -0.4790
vn -0.7934 0.4174 -0.4430
vn 0.2478 0.4174 0.8743
vn 0.2679 0.1859 0.9453
vn -0.2679 0.1859 -0.9453
vn -0.2478 0.4174 -0.8743
vn 0.7934 0.4174 0.4430
vn 0.8579 0.1859 0.4790
vn 0.9078 0.3311 -0.2573
vn 0.8239 0.3311 0.4600
vn 0.4600 0.3311 -0.8239
vn -0.2573 0.3311 -0.9078
vn 0.2573 0.3311 0.9078
vn -0.8239 0.3311 -0.4600
vn -0.4600 0.3311 0.8239
vn -0.9078 0.3311 0.2573
vn 0.2746 0.9460 -0.1721
vn 0.2067 0.9541 -0.2166
vn 0.2883 0.9465 -0.1451
vn -0.2883 0.9465 0.1451
vn 0.0369 0.9541 0.2971
vn 0.1451 0.9465 0.2883
vn -0.2971 0.9541 0.0369
vn -0.1451 0.9465 -0.2883
vn -0.0684 -0.3645 -0.9287
vn -0.0075 -0.9948 -0.1018
vn -0.7051 -0.3645 -0.6083
vn -0.0773 -0.9948 -0.0667
vn 0.0773 -0.9948 0.0667
vn 0.7051 -0.3645 0.6083
vn 0.0075 -0.9948 0.1018
vn 0.0684 -0.3645 0.9287
vn -0.6083 -0.3645 0.7051
vn -0.0667 -0.9948 0.0773
vn 0.1018 -0.9948 -0.0075
vn 0.9287 -0.3645 -0.0684
vn -0.9287 -0.3645 0.0684
vn -0.1018 -0.9948 0.0075
vn 0.0667 -0.9948 -0.0773
vn 0.6083 -0.3645 -0.7051
vn 0.6532 -0.0000 -0.7571
vn -0.0735 -0.0000 -0.9973
vn -0.7571 -0.0000 -0.6532
vn -0.9973 -0.0000 0.0735
vn 0.9973 -0.0000 -0.0735
vn -0.6532 -0.0000 0.7571
vn 0.7571 -0.0000 0.6532
vn 0.0735 -0.0000 0.9973
vn -0.1123 -0.9895 0.0909
vn 0.3018 0.9460 -0.1180
vn -0.0909 -0.9895 -0.1123
vn -0.0886 0.9593 0.2681
vn 0.1123 -0.9895 -0.0909
vn -0.2681 0.9593 -0.0886
vn 0.0909 -0.9895 0.1123
vn -0.1399 -0.9895 0.0361
vn -0.0911 -0.9948 0.0459
vn -0.4584 -0.8583 0.2307
vn 0.1399 -0.9895 -0.0361
vn -0.0369 0.9541 -0.2971
vn 0.0911 -0.9948 -0.0459
vn 0.4584 -0.8583 -0.2307
vn -0.0361 -0.9895 -0.1399
vn -0.0459 -0.9948 -0.0912
vn -0.2307 -0.8583 -0.4584
vn 0.0361 -0.9895 0.1399
vn 0.0459 -0.9948 0.0912
vn 0.2307 -0.8583 0.4584
vn 0.0886 0.9593 -0.2681
vn 0.2166 0.9541 0.2067
vn 0.2681 0.9593 0.0886
vn 0.2971 0.9541 -0.0369
vn 0.1180 0.9460 0.3018
vn -0.2067 0.9541 0.2166
vn -0.2166 0.9541 -0.2066
vn -0.1721 0.9460 -0.2746
vn -0.8933 -0.0000 0.4495
vn 0.8933 -0.0000 -0.4495
vn -0.4495 -0.0000 -0.8933
vn 0.4495 -0.0000 0.8933
vn 0.0363 -0.7893 0.6130
vn -0.2357 -0.6601 0.7132
vn -0.3944 -0.7893 0.4707
vn -0.6130 -0.7893 0.0363
vn -0.7132 -0.6602 -0.2357
vn -0.4707 -0.7893 -0.3944
vn 0.6130 -0.7893 -0.0362
vn 0.7132 -0.6602 0.2357
vn 0.4707 -0.7893 0.3944
vn -0.0363 -0.7893 -0.6130
vn 0.2357 -0.6602 -0.7132
vn 0.3943 -0.7893 -0.4707
vn 0.0775 -0.0000 0.9970
vn -0.3138 -0.0000 0.9495
vn -0.6563 -0.0000 0.7545
vn -0.9970 -0.0000 0.0776
vn -0.9495 -0.0000 -0.3138
vn -0.7545 -0.0000 -0.6564
vn 0.9970 -0.0000 -0.0775
vn 0.9495 -0.0000 0.3138
vn 0.7545 -0.0000 0.6563
vn -0.0775 -0.0000 -0.9970
vn 0.3138 -0.0000 -0.9495
vn 0.6563 -0.0000 -0.7545
vn 0.3038 -0.0000 0.9527
vn -0.1180 0.9460 -0.3018
vn -0.8116 -0.0000 0.5842
vn -0.9527 -0.0000 0.3038
vn 0.1721 0.9460 0.2746
vn -0.5842 -0.0000 -0.8116
vn 0.9527 -0.0000 -0.3038
vn -0.3018 0.9460 0.1180
vn 0.5842 -0.0000 0.8116
vn -0.3038 -0.0000 -0.9527
vn -0.2746 0.9460 0.1721
vn 0.8116 -0.0000 -0.5842
vn 0.0919 -0.9117 0.4005
vn -0.3124 -0.9117 0.2669
vn -0.4005 -0.9117 0.0919
vn -0.2669 -0.9117 -0.3124
vn 0.4005 -0.9117 -0.0919
vn 0.2669 -0.9117 0.3124
vn -0.0919 -0.9117 -0.4005
vn 0.3124 -0.9117 -0.2669
vn -0.0722 0.1859 -0.9799
vn -0.0668 0.4174 -0.9063
vn -0.7439 0.1859 -0.6419
vn -0.6880 0.4174 -0.5936
vn 0.6880 0.4174 0.5936
vn 0.7439 0.1859 0.6419
vn 0.0668 0.4174 0.9063
vn 0.0722 0.1859 0.9799
vn -0.6418 0.1859 0.7439
vn -0.5936 0.4174 0.6880
vn 0.9063 0.4174 -0.0668
vn 0.9799 0.1859 -0.0722
vn -0.9799 0.1859 0.0722
vn -0.9063 0.4174 0.0668
vn 0.5936 0.4174 -0.6880
vn 0.6419 0.1859 -0.7439
vn -0.0693 0.3311 -0.9410
vn 0.6164 0.3311 -0.7144
vn -0.7144 0.3311 -0.6164
vn -0.9410 0.3311 0.0693
vn 0.9410 0.3311 -0.0693
vn -0.6164 0.3311 0.7144
vn 0.7144 0.3311 0.6164
vn 0.0693 0.3311 0.9410
vn 0.0175 0.9460 0.3236
vn 0.0894 0.9541 0.2857
vn -0.0127 0.9465 0.3226
vn 0.0127 0.9465 -0.3226
vn -0.2778 0.9541 -0.1116
vn -0.3226 0.9465 -0.0127
vn 0.1116 0.9541 -0.2778
vn 0.3226 0.9465 0.0127
vn 0.8456 -0.3645 0.3899
vn 0.0927 -0.9948 0.0427
vn 0.8737 -0.3645 -0.3222
vn 0.0957 -0.9948 -0.0353
vn -0.0957 -0.9948 0.0353
vn -0.8737 -0.3645 0.3222
vn -0.0927 -0.9948 -0.0427
vn -0.8456 -0.3645 -0.3899
vn -0.3222 -0.3645 -0.8737
vn -0.0353 -0.9948 -0.0957
vn -0.0427 -0.9948 0.0927
vn -0.3899 -0.3645 0.8456
vn 0.3899 -0.3645 -0.8456
vn 0.0427 -0.9948 -0.0927
vn 0.0353 -0.9948 0.0957
vn 0.3222 -0.3645 0.8737
vn 0.3461 -0.0000 0.9382
vn 0.9081 -0.0000 0.4187
vn 0.9382 -0.0000 -0.3461
vn 0.4187 -0.0000 -0.9081
vn -0.4187 -0.0000 0.9081
vn -0.3461 -0.0000 -0.9382
vn -0.9382 -0.0000 0.3461
vn -0.9081 -0.0000 -0.4187
vn -0.0251 -0.9895 -0.1423
vn -0.0429 0.9460 0.3212
vn 0.1423 -0.9895 -0.0251
vn -0.1916 0.9593 -0.2073
vn 0.0251 -0.9895 0.1423
vn 0.2073 0.9593 -0.1916
vn -0.1423 -0.9895 0.0251
vn 0.0362 -0.9895 -0.1399
vn 0.0040 -0.9948 -0.1020
vn 0.0202 -0.8583 -0.5128
vn 0.0202 -0.8583 -0.5127
vn -0.0362 -0.9895 0.1399
vn 0.2778 0.9541 0.1116
vn -0.0040 -0.9948 0.1020
vn -0.0202 -0.8583 0.5128
vn 0.1399 -0.9895 0.0362
vn 0.1020 -0.9948 0.0040
vn 0.5128 -0.8583 0.0202
vn 0.5127 -0.8583 0.0202
vn -0.1399 -0.9895 -0.0362
vn -0.1020 -0.9948 -0.0040
vn -0.5127 -0.8583 -0.0202
vn 0.1916 0.9593 0.2073
vn -0.2857 0.9541 0.0894
vn -0.2073 0.9593 0.1916
vn -0.1116 0.9541 0.2778
vn -0.3212 0.9460 -0.0429
vn -0.0894 0.9541 -0.2857
vn 0.2857 0.9541 -0.0894
vn 0.3236 0.9460 -0.0175
vn 0.0393 -0.0000 -0.9992
vn -0.0393 -0.0000 0.9992
vn 0.9992 -0.0000 0.0393
vn -0.9992 -0.0000 -0.0393
vn -0.5538 -0.7893 -0.2651
vn -0.5098 -0.6602 -0.5516
vn -0.2208 -0.7893 -0.5730
vn 0.2651 -0.7893 -0.5538
vn 0.5516 -0.6602 -0.5098
vn 0.5730 -0.7892 -0.2208
vn -0.2651 -0.7893 0.5538
vn -0.5516 -0.6601 0.5098
vn -0.5730 -0.7893 0.2208
vn 0.5538 -0.7893 0.2651
vn 0.5098 -0.6602 0.5516
vn 0.2208 -0.7892 0.5730
vn -0.9098 -0.0000 -0.4150
vn -0.6787 -0.0000 -0.7344
vn -0.3422 -0.0000 -0.9396
vn 0.4150 -0.0000 -0.9098
vn 0.7344 -0.0000 -0.6787
vn 0.9396 -0.0000 -0.3422
vn -0.4150 -0.0000 0.9098
vn -0.7344 -0.0000 0.6787
vn -0.9396 -0.0000 0.3422
vn 0.9098 -0.0000 0.4150
vn 0.6787 -0.0000 0.7344
vn 0.3422 -0.0000 0.9396
vn -0.9807 -0.0000 -0.1957
vn 0.3212 0.9460 0.0429
vn -0.1180 -0.0000 -0.9930
vn 0.1957 -0.0000 -0.9807
vn -0.3236 0.9460 0.0175
vn 0.9930 -0.0000 -0.1180
vn -0.1957 -0.0000 0.9807
vn 0.0429 0.9460 -0.3212
vn -0.9930 -0.0000 0.1180
vn 0.9807 -0.0000 0.1957
vn -0.0175 0.9460 -0.3236
vn 0.1180 -0.0000 0.9930
vn -0.3949 -0.9117 -0.1136
vn -0.0822 -0.9117 -0.4026
vn 0.1136 -0.9117 -0.3949
vn 0.4026 -0.9117 -0.0822
vn -0.1136 -0.9117 0.3949
vn -0.4026 -0.9117 0.0822
vn 0.3949 -0.9117 0.1136
vn 0.0822 -0.9117 0.4026
vn 0.8923 0.1859 0.4114
vn 0.8252 0.4174 0.3805
vn 0.9219 0.1859 -0.3400
vn 0.8526 0.4174 -0.3145
vn -0.8526 0.4174 0.3145
vn -0.9219 0.1859 0.3400
vn -0.8252 0.4174 -0.3805
vn -0.8923 0.1859 -0.4114
vn -0.3400 0.1859 -0.9219
vn -0.3145 0.4174 -0.8526
vn -0.3805 0.4174 0.8252
vn -0.4114 0.1859 0.8923
vn 0.4114 0.1859 -0.8923
vn 0.3805 0.4174 -0.8252
vn 0.3145 0.4174 0.8526
vn 0.3400 0.1859 0.9219
vn 0.8569 0.3311 0.3951
vn 0.3265 0.3311 0.8853
vn 0.8853 0.3311 -0.3265
vn 0.3951 0.3312 -0.8569
vn -0.3951 0.3311 0.8569
vn -0.3265 0.3311 -0.8853
vn -0.8853 0.3311 0.3265
vn -0.8569 0.3311 -0.3951
vn 0.3017 0.9460 0.1183
vn 0.2970 0.9541 0.0372
vn 0.2882 0.9465 0.1454
vn -0.2882 0.9465 -0.1454
vn -0.2168 0.9541 0.2064
vn -0.1454 0.9465 0.2882
vn -0.2064 0.9541 -0.2168
vn 0.1454 0.9465 -0.2882
vn 0.7057 -0.3645 -0.6075
vn 0.0773 -0.9948 -0.0666
vn 0.0694 -0.3645 -0.9286
vn 0.0076 -0.9948 -0.1018
vn -0.0076 -0.9948 0.1018
vn -0.0694 -0.3645 0.9286
vn -0.0773 -0.9948 0.0666
vn -0.7057 -0.3645 0.6075
vn -0.9286 -0.3645 -0.0694
vn -0.1018 -0.9948 -0.0076
vn 0.0666 -0.9948 0.0773
vn 0.6075 -0.3645 0.7057
vn -0.6075 -0.3645 -0.7057
vn -0.0666 -0.9948 -0.0773
vn 0.1018 -0.9948 0.0076
vn 0.9286 -0.3645 0.0694
vn 0.9972 -0.0000 0.0746
vn 0.7579 -0.0000 -0.6524
vn 0.0746 -0.0000 -0.9972
vn -0.6524 -0.0000 -0.7579
vn 0.6524 -0.0000 0.7579
vn -0.9972 -0.0000 -0.0746
vn -0.0746 -0.0000 0.9972
vn -0.7579 -0.0000 0.6524
vn 0.2744 0.9460 0.1724
vn -0.2682 0.9593 0.0883
vn -0.0883 0.9593 -0.2682
vn -0.1122 -0.9895 -0.0910
vn -0.0911 -0.9948 -0.0460
vn -0.4581 -0.8583 -0.2312
vn 0.1122 -0.9895 0.0910
vn 0.2168 0.9541 -0.2064
vn 0.0911 -0.9948 0.0460
vn 0.4581 -0.8583 0.2312
vn 0.0910 -0.9895 -0.1122
vn 0.0460 -0.9948 -0.0911
vn 0.2312 -0.8583 -0.4581
vn -0.0910 -0.9895 0.1122
vn -0.0460 -0.9948 0.0911
vn -0.2312 -0.8583 0.4581
vn 0.2682 0.9593 -0.0883
vn -0.0372 0.9541 0.2970
vn 0.0883 0.9593 0.2682
vn 0.2064 0.9541 0.2168
vn -0.1724 0.9460 0.2744
vn -0.2970 0.9541 -0.0372
vn 0.0372 0.9541 -0.2970
vn 0.1183 0.9460 -0.3017
vn -0.8928 -0.0000 -0.4505
vn 0.8928 -0.0000 0.4505
vn 0.4505 -0.0000 -0.8928
vn -0.4505 -0.0000 0.8928
vn -0.4711 -0.7893 0.3938
vn -0.7134 -0.6602 0.2349
vn -0.6129 -0.7893 -0.0369
vn -0.3939 -0.7892 -0.4712
vn -0.2349 -0.6601 -0.7135
vn 0.0369 -0.7893 -0.6129
vn 0.3938 -0.7893 0.4711
vn 0.2349 -0.6602 0.7134
vn -0.0369 -0.7893 0.6129
vn 0.4711 -0.7893 -0.3939
vn 0.7134 -0.6602 -0.2349
vn 0.6129 -0.7893 0.0369
vn -0.7552 -0.0000 0.6555
vn -0.9498 -0.0000 0.3127
vn -0.9969 -0.0000 -0.0786
vn -0.6555 -0.0000 -0.7552
vn -0.3127 -0.0000 -0.9498
vn 0.0786 -0.0000 -0.9969
vn 0.6555 -0.0000 0.7552
vn 0.3127 -0.0000 0.9498
vn -0.0786 -0.0000 0.9969
vn 0.7552 -0.0000 -0.6555
vn 0.9498 -0.0000 -0.3127
vn 0.9969 -0.0000 0.0786
vn -0.5850 -0.0000 0.8110
vn 0.1724 0.9460 -0.2744
vn -0.9524 -0.0000 -0.3048
vn -0.8110 -0.0000 -0.5850
vn -0.1183 0.9460 0.3017
vn 0.3048 -0.0000 -0.9524
vn 0.8110 -0.0000 0.5850
vn -0.2744 0.9460 -0.1724
vn -0.3048 -0.0000 0.9524
vn 0.5850 -0.0000 -0.8110
vn -0.3017 0.9460 -0.1183
vn 0.9524 -0.0000 0.3048
vn -0.2672 -0.9117 0.3121
vn -0.4004 -0.9117 -0.0923
vn -0.3121 -0.9117 -0.2672
vn 0.0923 -0.9117 -0.4004
vn 0.3121 -0.9117 0.2672
vn -0.0923 -0.9117 0.4004
vn 0.2672 -0.9117 -0.3121
vn 0.4004 -0.9117 0.0923
vn 0.7446 0.1859 -0.6410
vn 0.6887 0.4174 -0.5929
vn 0.0733 0.1859 -0.9798
vn 0.0677 0.4174 -0.9062
vn -0.0677 0.4174 0.9062
vn -0.0733 0.1859 0.9798
vn -0.6887 0.4174 0.5929
vn -0.7446 0.1859 0.6410
vn -0.9798 0.1859 -0.0733
vn -0.9062 0.4174 -0.0677
vn 0.5929 0.4174 0.6887
vn 0.6410 0.1859 0.7446
vn -0.6410 0.1859 -0.7446
vn -0.5929 0.4174 -0.6887
vn 0.9062 0.4174 0.0677
vn 0.9798 0.1859 0.0733
vn 0.7151 0.3311 -0.6156
vn 0.9410 0.3311 0.0703
vn 0.0703 0.3311 -0.9410
vn -0.6156 0.3311 -0.7151
vn 0.6156 0.3311 0.7151
vn -0.9410 0.3311 -0.0703
vn -0.0703 0.3311 0.9410
vn -0.7151 0.3311 0.6156
vn -0.0745 -0.0000 0.9972
vn -0.9972 -0.0000 -0.0745
vn -0.4840 -0.0000 0.8751
vn -0.8751 -0.0000 -0.4840
vn 0.4840 -0.0000 -0.8751
vn -0.3669 -0.6522 0.6634
vn 0.6634 -0.6522 0.3669
vn 0.3669 -0.6522 -0.6634
vn -0.6634 -0.6522 -0.3669
vn 0.8751 -0.0000 0.4840
vn 0.3669 0.6522 -0.6634
vn -0.6634 0.6522 -0.3669
vn -0.3669 0.6522 0.6634
vn 0.4718 0.2224 -0.8532
vn 0.3647 0.6572 -0.6595
vn -0.4723 -0.2181 0.8540
vn -0.3634 -0.6604 0.6571
vn -0.1851 -0.9240 0.3347
vn 0.1876 0.9218 -0.3393
vn -0.1876 0.9218 0.3393
vn 0.1851 -0.9240 -0.3347
vn 0.3634 -0.6604 -0.6571
vn -0.3647 0.6572 0.6595
vn -0.4718 0.2224 0.8532
vn 0.3665 0.6531 -0.6627
vn 0.6627 0.6531 0.3665
vn 0.3665 -0.6531 -0.6627
vn 0.6627 -0.6531 0.3665
vn -0.3665 -0.6531 0.6627
vn -0.6627 -0.6531 -0.3665
vn -0.6627 0.6531 -0.3665
vn -0.3665 0.6531 0.6627
vn 0.4723 -0.2180 -0.8540
vn 0.6634 0.6522 0.3669
vn -0.7627 -0.0000 -0.6468
vn 0.6468 -0.0000 -0.7627
vn 0.7627 -0.0000 0.6468
vn -0.6468 -0.0000 0.7627
vn 0.4898 -0.6531 -0.5776
vn -0.7436 0.2224 -0.6306
vn 0.4903 0.6522 -0.5781
vn 0.4903 -0.6522 -0.5781
vn -0.4898 -0.6531 0.5776
vn -0.5781 0.6522 -0.4903
vn -0.4903 -0.6522 0.5781
vn -0.5776 -0.6531 -0.4898
vn -0.4903 0.6522 0.5781
vn 0.7443 -0.2180 0.6312
vn -0.5748 0.6572 -0.4875
vn -0.2957 0.9218 -0.2508
vn 0.2957 0.9218 0.2508
vn 0.5748 0.6572 0.4875
vn 0.7436 0.2224 0.6306
vn 0.5727 -0.6604 0.4857
vn 0.2917 -0.9240 0.2474
vn -0.2917 -0.9240 -0.2474
vn -0.5727 -0.6604 -0.4857
vn -0.7443 -0.2180 -0.6312
vn 0.5776 0.6531 0.4898
vn -0.4898 0.6531 0.5776
vn -0.5776 0.6531 -0.4898
vn 0.5781 -0.6522 0.4903
vn 0.5781 0.6522 0.4903
vn 0.5776 -0.6531 0.4898
vn -0.5781 -0.6522 -0.4903
vn 0.4898 0.6531 -0.5776
vn 0.0391 -0.0000 0.9992
vn -0.9992 -0.0000 0.0391
vn -0.0391 -0.0000 -0.9992
vn 0.0297 -0.6522 0.7575
vn 0.7575 -0.6522 -0.0297
vn -0.0297 -0.6522 -0.7575
vn -0.7575 -0.6522 0.0297
vn 0.9992 -0.0000 -0.0391
vn -0.0297 0.6522 -0.7575
vn -0.7575 0.6522 0.0297
vn 0.0297 0.6522 0.7575
vn -0.0381 0.2224 -0.9742
vn -0.0295 0.6572 -0.7531
vn 0.0382 -0.2181 0.9752
vn 0.0294 -0.6604 0.7504
vn 0.0150 -0.9240 0.3822
vn -0.0152 0.9218 -0.3874
vn 0.0152 0.9218 0.3874
vn -0.0150 -0.9240 -0.3822
vn -0.0294 -0.6604 -0.7504
vn 0.0295 0.6572 0.7531
vn 0.0381 0.2224 0.9742
vn -0.0296 0.6531 -0.7567
vn 0.7567 0.6531 -0.0296
vn -0.0296 -0.6531 -0.7567
vn 0.7567 -0.6531 -0.0296
vn 0.0296 -0.6531 0.7567
vn -0.7567 -0.6531 0.0296
vn -0.7567 0.6531 0.0296
vn 0.0296 0.6531 0.7567
vn -0.0382 -0.2181 -0.9752
vn 0.7575 0.6522 -0.0297
vn -0.7977 -0.0000 0.6030
vn 0.6030 -0.0000 0.7977
vn 0.7977 -0.0000 -0.6030
vn -0.6047 -0.6522 0.4571
vn -0.4571 -0.6522 -0.6047
vn 0.6047 -0.6522 -0.4571
vn 0.4571 -0.6522 0.6047
vn -0.6030 -0.0000 -0.7977
vn 0.6047 0.6522 -0.4571
vn 0.4571 0.6522 0.6047
vn -0.6047 0.6522 0.4571
vn 0.7777 0.2224 -0.5879
vn 0.6012 0.6572 -0.4545
vn -0.7785 -0.2180 0.5885
vn -0.5990 -0.6604 0.4528
vn -0.3051 -0.9240 0.2306
vn 0.3093 0.9218 -0.2338
vn -0.3093 0.9218 0.2338
vn 0.3051 -0.9240 -0.2306
vn 0.5990 -0.6604 -0.4528
vn -0.6012 0.6572 0.4545
vn -0.7777 0.2224 0.5879
vn 0.6041 0.6531 -0.4567
vn -0.4567 0.6531 -0.6041
vn 0.6041 -0.6531 -0.4567
vn -0.4567 -0.6531 -0.6041
vn -0.6041 -0.6531 0.4566
vn 0.4567 -0.6531 0.6041
vn 0.4567 0.6531 0.6041
vn -0.6041 0.6531 0.4566
vn 0.7785 -0.2181 -0.5885
vn -0.4571 0.6522 -0.6047
vn 0.9666 -0.0000 -0.2564
vn 0.2564 -0.0000 0.9666
vn -0.9666 -0.0000 0.2564
vn 0.7327 -0.6522 -0.1944
vn -0.1944 -0.6522 -0.7327
vn -0.7327 -0.6522 0.1944
vn 0.1944 -0.6522 0.7327
vn -0.2564 -0.0000 -0.9666
vn -0.7327 0.6522 0.1944
vn 0.1944 0.6522 0.7327
vn 0.7327 0.6522 -0.1944
vn -0.9424 0.2224 0.2500
vn -0.7285 0.6572 0.1932
vn 0.9433 -0.2181 -0.2502
vn 0.7258 -0.6604 -0.1925
vn 0.3697 -0.9240 -0.0981
vn -0.3748 0.9218 0.0994
vn 0.3748 0.9218 -0.0994
vn -0.3697 -0.9240 0.0981
vn -0.7258 -0.6604 0.1925
vn 0.7285 0.6572 -0.1932
vn 0.9424 0.2224 -0.2500
vn -0.7320 0.6531 0.1942
vn -0.1942 0.6531 -0.7320
vn -0.7320 -0.6531 0.1942
vn -0.1942 -0.6531 -0.7320
vn 0.7320 -0.6531 -0.1942
vn 0.1942 -0.6531 0.7320
vn 0.1942 0.6531 0.7320
vn 0.7320 0.6531 -0.1942
vn -0.9433 -0.2180 0.2502
vn -0.1944 0.6522 -0.7327
vn -0.9874 -0.0000 -0.1584
vn -0.1584 -0.0000 0.9874
vn 0.9874 -0.0000 0.1584
vn -0.7485 -0.6522 -0.1201
vn 0.1201 -0.6522 -0.7485
vn 0.7485 -0.6522 0.1201
vn -0.1201 -0.6522 0.7485
vn 0.1584 -0.0000 -0.9874
vn 0.7485 0.6522 0.1201
vn -0.1201 0.6522 0.7485
vn -0.7485 0.6522 -0.1201
vn 0.9626 0.2224 0.1544
vn 0.7442 0.6572 0.1194
vn -0.9636 -0.2181 -0.1546
vn -0.7415 -0.6604 -0.1189
vn -0.3777 -0.9240 -0.0606
vn 0.3828 0.9218 0.0614
vn -0.3828 0.9218 -0.0614
vn 0.3777 -0.9240 0.0606
vn 0.7415 -0.6604 0.1189
vn -0.7442 0.6572 -0.1194
vn -0.9626 0.2224 -0.1544
vn 0.7477 0.6531 0.1199
vn 0.1199 0.6531 -0.7477
vn 0.7477 -0.6531 0.1199
vn 0.1199 -0.6531 -0.7477
vn -0.7477 -0.6531 -0.1199
vn -0.1199 -0.6531 0.7477
vn -0.1199 0.6531 0.7477
vn -0.7477 0.6531 -0.1199
vn 0.9636 -0.2180 0.1546
vn 0.1201 0.6522 -0.7485
vn -0.4723 -0.2180 0.8540
vt 0.759461 0.612568
vt 0.826560 0.649005
vt 0.818882 0.656065
vt 0.756926 0.616542
vt 0.853105 0.721088
vt 0.884858 0.781374
vt 0.851163 0.801693
vt 0.803475 0.747179
vt 0.263021 0.247200
vt 0.199126 0.239703
vt 0.199213 0.235263
vt 0.259045 0.236414
vt 0.134489 0.238461
vt 0.062148 0.242126
vt 0.064872 0.232681
vt 0.134576 0.234021
vt 0.620815 0.357206
vt 0.675417 0.390916
vt 0.664749 0.408778
vt 0.610146 0.375068
vt 0.002089 0.364184
vt 0.029715 0.435644
vt 0.026003 0.468655
vt 0.002231 0.441310
vt 0.073549 0.488127
vt 0.046101 0.492718
vt 0.133108 0.521049
vt 0.068945 0.521184
vt 0.021730 0.521321
vt 0.026027 0.492776
vt 0.002089 0.521565
vt 0.002290 0.498046
vt 0.497116 0.532431
vt 0.419991 0.532289
vt 0.392646 0.508517
vt 0.425656 0.504805
vt 0.363255 0.532230
vt 0.368524 0.508493
vt 0.339736 0.532431
vt 0.339980 0.512790
vt 0.340116 0.465575
vt 0.368583 0.488419
vt 0.340251 0.401412
vt 0.373174 0.460971
vt 0.499213 0.046355
vt 0.499375 0.123481
vt 0.475711 0.150920
vt 0.471870 0.117924
vt 0.499539 0.180218
vt 0.475782 0.175042
vt 0.499833 0.203736
vt 0.480191 0.203570
vt 0.432977 0.203619
vt 0.455709 0.175062
vt 0.368815 0.203736
vt 0.428243 0.170579
vt 0.002018 0.165705
vt 0.043054 0.116387
vt 0.079556 0.117101
vt 0.065481 0.141105
vt 0.073223 0.080070
vt 0.092382 0.101661
vt 0.085629 0.064843
vt 0.103557 0.080070
vt 0.147151 0.116386
vt 0.110916 0.117101
vt 0.206453 0.165706
vt 0.133878 0.141105
vt 0.439410 0.249950
vt 0.486912 0.280988
vt 0.476244 0.298849
vt 0.428741 0.267812
vt 0.257126 0.143738
vt 0.306975 0.170848
vt 0.296306 0.188709
vt 0.246458 0.161600
vt 0.857279 0.718893
vt 0.889031 0.779179
vt 0.933690 0.545181
vt 0.981192 0.576218
vt 0.970524 0.594080
vt 0.923021 0.563042
vt 0.565248 0.325112
vt 0.554579 0.342974
vt 0.583345 0.552110
vt 0.648686 0.534011
vt 0.646291 0.545967
vt 0.584154 0.556756
vt 0.002712 0.201039
vt 0.005006 0.197225
vt 0.702009 0.575918
vt 0.699473 0.579893
vt 0.516218 0.563765
vt 0.517027 0.568410
vt 0.306963 0.200562
vt 0.304010 0.197225
vt 0.362150 0.347453
vt 0.418676 0.381214
vt 0.414154 0.388786
vt 0.357628 0.355026
vt 0.274326 0.097793
vt 0.205939 0.097793
vt 0.207122 0.084379
vt 0.268177 0.084379
vt 0.659604 0.622400
vt 0.593777 0.612000
vt 0.350426 0.006314
vt 0.328998 0.065881
vt 0.316986 0.055888
vt 0.336116 0.002708
vt 0.624659 0.504244
vt 0.576140 0.475262
vt 0.616078 0.408400
vt 0.672871 0.423530
vt 0.750215 0.692165
vt 0.733600 0.569316
vt 0.677075 0.535553
vt 0.725287 0.454838
vt 0.773538 0.502454
vt 0.706565 0.695482
vt 0.649113 0.658832
vt 0.139452 0.065881
vt 0.095970 0.006314
vt 0.108946 0.002708
vt 0.147765 0.055888
vt 0.620136 0.511816
vt 0.571617 0.482834
vt 0.527620 0.446281
vt 0.523098 0.453853
vt 0.790125 0.603079
vt 0.842540 0.634388
vt 0.838017 0.641960
vt 0.785601 0.610651
vt 0.729077 0.576888
vt 0.672552 0.543125
vt 0.891060 0.663369
vt 0.939579 0.692351
vt 0.935056 0.699923
vt 0.886537 0.670941
vt 0.475203 0.414974
vt 0.470680 0.422547
vt 0.089617 0.225212
vt 0.021451 0.192902
vt 0.029633 0.182814
vt 0.090850 0.211811
vt 0.214602 0.193034
vt 0.157951 0.225468
vt 0.151856 0.212039
vt 0.202798 0.182814
vt 0.309679 0.026182
vt 0.238406 0.054330
vt 0.237980 0.040907
vt 0.302258 0.015554
vt 0.350428 0.382798
vt 0.412905 0.406302
vt 0.402990 0.418338
vt 0.346509 0.396994
vt 0.165949 0.052295
vt 0.174413 0.037570
vt 0.280416 0.393311
vt 0.283991 0.406628
vt 0.523361 0.605900
vt 0.494798 0.383406
vt 0.556487 0.397954
vt 0.258962 0.141257
vt 0.258962 0.125632
vt 0.336844 0.125632
vt 0.336844 0.141257
vt 0.818991 0.554753
vt 0.861855 0.602053
vt 0.777165 0.721457
vt 0.773538 0.502454
vt 0.277081 0.204320
vt 0.277081 0.217319
vt 0.199199 0.217319
vt 0.199199 0.204320
vt 0.248807 0.418338
vt 0.244378 0.405649
vt 0.616078 0.408400
vt 0.135356 0.027477
vt 0.143983 0.015554
vt 0.604574 0.611359
vt 0.255349 0.380427
vt 0.129185 0.348700
vt 0.142140 0.297186
vt 0.249584 0.324206
vt 0.155579 0.243747
vt 0.034696 0.270166
vt 0.089738 0.243747
vt 0.223675 0.427233
vt 0.116231 0.400213
vt 0.003021 0.316972
vt 0.008786 0.373193
vt 0.213587 0.274892
vt 0.102792 0.453653
vt 0.044783 0.422507
vt 0.168632 0.453653
vt 0.309733 0.316147
vt 0.305210 0.323719
vt 0.867955 0.504822
vt 0.857286 0.522683
vt 0.029303 0.007660
vt 0.070968 0.029882
vt 0.060299 0.047743
vt 0.018634 0.025522
vt 0.523583 0.302891
vt 0.512914 0.320752
vt 0.729793 0.429684
vt 0.751406 0.438969
vt 0.740738 0.456830
vt 0.719124 0.447545
vt 0.714736 0.417066
vt 0.704068 0.434927
vt 0.235513 0.134453
vt 0.224844 0.152315
vt 0.801255 0.466078
vt 0.790586 0.483940
vt 0.220456 0.121835
vt 0.209788 0.139697
vt 0.011054 0.000386
vt 0.000386 0.018247
vt 0.373675 0.209591
vt 0.363006 0.227453
vt 0.505334 0.295616
vt 0.494666 0.313478
vt 0.999614 0.590847
vt 0.988946 0.608708
vt 0.126535 0.061976
vt 0.115866 0.079837
vt 0.181137 0.095685
vt 0.170469 0.113547
vt 0.669523 0.987212
vt 0.679460 0.970244
vt 0.699575 0.982466
vt 0.689667 0.999501
vt 0.703654 0.929632
vt 0.723783 0.941829
vt 0.736511 0.874592
vt 0.756715 0.886660
vt 0.769394 0.819568
vt 0.789675 0.831509
vt 0.793680 0.779012
vt 0.813978 0.790928
vt 0.803909 0.762219
vt 0.824278 0.774129
vt 0.620745 0.958040
vt 0.630766 0.941116
vt 0.654992 0.900476
vt 0.687811 0.845504
vt 0.720651 0.790546
vt 0.744948 0.749949
vt 0.755098 0.733102
vt 0.554456 0.918435
vt 0.564541 0.901550
vt 0.588811 0.860916
vt 0.621628 0.805974
vt 0.654444 0.751032
vt 0.678714 0.710398
vt 0.688800 0.693513
vt 0.488157 0.878846
vt 0.498307 0.861999
vt 0.522604 0.821401
vt 0.555445 0.766443
vt 0.588263 0.711472
vt 0.612489 0.670832
vt 0.622510 0.653908
vt 0.439347 0.849729
vt 0.449575 0.832936
vt 0.473862 0.792380
vt 0.506744 0.737355
vt 0.539601 0.682315
vt 0.563796 0.641703
vt 0.573732 0.624736
vt 0.418977 0.837819
vt 0.429278 0.821020
vt 0.453580 0.780439
vt 0.486540 0.725288
vt 0.519472 0.670119
vt 0.543680 0.629481
vt 0.553588 0.612447
vt 0.269853 0.178046
vt 0.267700 0.181581
vt 0.267736 0.177678
vt 0.270452 0.178305
vt 0.260358 0.181624
vt 0.260275 0.177720
vt 0.264006 0.177676
vt 0.264030 0.181591
vt 0.264097 0.192870
vt 0.264074 0.188955
vt 0.267745 0.188922
vt 0.267829 0.192826
vt 0.264052 0.185273
vt 0.267734 0.185251
vt 0.260367 0.192868
vt 0.260403 0.188965
vt 0.260370 0.185295
vt 0.257160 0.191755
vt 0.256895 0.191159
vt 0.256502 0.189048
vt 0.256455 0.185319
vt 0.256455 0.181590
vt 0.269942 0.192432
vt 0.270537 0.192165
vt 0.271648 0.185227
vt 0.271648 0.188956
vt 0.271602 0.181498
vt 0.027398 0.271070
vt 0.027552 0.268442
vt 0.029881 0.268571
vt 0.029599 0.271648
vt 0.264527 0.321592
vt 0.265829 0.318479
vt 0.266904 0.318482
vt 0.265284 0.322353
vt 0.027564 0.265743
vt 0.029782 0.265711
vt 0.264547 0.315357
vt 0.265308 0.314600
vt 0.257531 0.322330
vt 0.255935 0.318448
vt 0.257010 0.318451
vt 0.258292 0.321573
vt 0.029706 0.255120
vt 0.029678 0.257795
vt 0.027528 0.257776
vt 0.027499 0.255117
vt 0.257555 0.314577
vt 0.258312 0.315338
vt 0.029621 0.260406
vt 0.027520 0.260421
vt 0.027560 0.263071
vt 0.029718 0.263022
vt 0.261433 0.314055
vt 0.261436 0.312980
vt 0.261403 0.323950
vt 0.261406 0.322875
vt 0.029680 0.252293
vt 0.027428 0.252468
vt 0.029383 0.249351
vt 0.027280 0.249895
vt 0.000692 0.252341
vt 0.000713 0.249685
vt 0.000569 0.271041
vt 0.000572 0.268360
vt 0.000572 0.265677
vt 0.000569 0.262992
vt 0.000669 0.254998
vt 0.000607 0.260323
vt 0.000640 0.257659
vt 0.257640 0.312973
vt 0.255958 0.312971
vt 0.255453 0.312462
vt 0.257707 0.311611
vt 0.258162 0.178114
vt 0.266913 0.314685
vt 0.266917 0.313003
vt 0.267426 0.312498
vt 0.268275 0.314754
vt 0.257652 0.192241
vt 0.265199 0.323957
vt 0.266880 0.323960
vt 0.267386 0.324469
vt 0.265131 0.325319
vt 0.271023 0.191673
vt 0.255926 0.322244
vt 0.255922 0.323926
vt 0.255413 0.324432
vt 0.254564 0.322176
vt 0.265235 0.312995
vt 0.265175 0.311631
vt 0.261436 0.312975
vt 0.261440 0.311609
vt 0.261442 0.310952
vt 0.265165 0.310974
vt 0.257721 0.310955
vt 0.257604 0.323935
vt 0.257663 0.325298
vt 0.271209 0.179387
vt 0.270943 0.178791
vt 0.261402 0.323954
vt 0.261398 0.325320
vt 0.261396 0.325978
vt 0.257673 0.325955
vt 0.265117 0.325976
vt 0.266889 0.322279
vt 0.268251 0.322220
vt 0.266909 0.318482
vt 0.268274 0.318487
vt 0.268932 0.318489
vt 0.268907 0.322209
vt 0.268932 0.314769
vt 0.255951 0.314652
vt 0.254589 0.314711
vt 0.255930 0.318448
vt 0.254565 0.318443
vt 0.253908 0.318441
vt 0.253933 0.314722
vt 0.253908 0.322161
vt 0.257080 0.178874
vt 0.256822 0.179473
vt 0.257567 0.178381
vt 0.258251 0.192500
vt 0.271282 0.191073
vt 0.030994 0.002716
vt 0.030994 0.000645
vt 0.034698 0.000645
vt 0.034698 0.002716
vt 0.027290 0.002716
vt 0.027290 0.000645
vt 0.058096 0.002716
vt 0.058096 0.000645
vt 0.061800 0.000645
vt 0.061800 0.002716
vt 0.054392 0.002716
vt 0.054392 0.000645
vt 0.044545 0.002716
vt 0.044545 0.000645
vt 0.048249 0.000645
vt 0.048249 0.002716
vt 0.040841 0.002716
vt 0.040841 0.000645
vt 0.071647 0.002716
vt 0.071647 0.000645
vt 0.075352 0.000645
vt 0.075352 0.002716
vt 0.067943 0.002716
vt 0.067943 0.000645
vt 0.254294 0.312616
vt 0.254524 0.312017
vt 0.254998 0.312005
vt 0.255013 0.311531
vt 0.255613 0.311304
vt 0.267273 0.311337
vt 0.267873 0.311568
vt 0.267884 0.312043
vt 0.268359 0.312058
vt 0.268585 0.312660
vt 0.255566 0.325592
vt 0.254966 0.325361
vt 0.254955 0.324886
vt 0.254480 0.324871
vt 0.254255 0.324270
vt 0.268546 0.324316
vt 0.268315 0.324915
vt 0.267841 0.324927
vt 0.267826 0.325401
vt 0.267225 0.325627
vt 0.077470 0.002670
vt 0.077470 0.000692
vt 0.078092 0.000701
vt 0.078092 0.002661
vt 0.078754 0.000701
vt 0.078754 0.002661
vt 0.079376 0.000692
vt 0.079376 0.002670
vt 0.036817 0.002670
vt 0.036817 0.000692
vt 0.037439 0.000701
vt 0.037439 0.002661
vt 0.038101 0.000701
vt 0.038101 0.002661
vt 0.038722 0.000692
vt 0.038722 0.002670
vt 0.063919 0.002670
vt 0.063919 0.000692
vt 0.064541 0.000701
vt 0.064541 0.002661
vt 0.065203 0.000701
vt 0.065203 0.002661
vt 0.065824 0.000692
vt 0.065824 0.002670
vt 0.050368 0.002670
vt 0.050368 0.000692
vt 0.050990 0.000701
vt 0.050990 0.002661
vt 0.051652 0.000701
vt 0.051652 0.002661
vt 0.052273 0.000692
vt 0.052273 0.002670
vt 0.081494 0.000645
vt 0.081495 0.002716
vt 0.090469 0.006074
vt 0.092585 0.009558
vt 0.091801 0.009989
vt 0.089614 0.006697
vt 0.090934 0.010476
vt 0.088781 0.007494
vt 0.094128 0.013113
vt 0.093301 0.013391
vt 0.092385 0.013700
vt 0.092140 0.026937
vt 0.093088 0.023784
vt 0.093999 0.023976
vt 0.092992 0.027275
vt 0.094823 0.024157
vt 0.093762 0.027580
vt 0.093442 0.020454
vt 0.094393 0.020479
vt 0.095252 0.020504
vt 0.095026 0.016781
vt 0.094171 0.016909
vt 0.093227 0.017050
vt 0.090648 0.029885
vt 0.091440 0.030369
vt 0.092158 0.030793
vt 0.088540 0.032583
vt 0.089279 0.033345
vt 0.090045 0.033951
vt 0.088172 0.012121
vt 0.086436 0.009824
vt 0.086436 0.030344
vt 0.088132 0.028248
vt 0.089403 0.014748
vt 0.090146 0.017547
vt 0.089361 0.025839
vt 0.090365 0.020403
vt 0.090122 0.023198
vt 0.028530 0.042172
vt 0.031309 0.039390
vt 0.031885 0.040780
vt 0.029922 0.042747
vt 0.033278 0.044133
vt 0.033293 0.044142
vt 0.028529 0.046110
vt 0.029922 0.045534
vt 0.033286 0.044141
vt 0.033283 0.044137
vt 0.033283 0.044136
vt 0.036634 0.042739
vt 0.036640 0.045518
vt 0.038023 0.042161
vt 0.038031 0.046090
vt 0.033284 0.044140
vt 0.034680 0.047487
vt 0.035259 0.048875
vt 0.033281 0.044135
vt 0.034665 0.040777
vt 0.035239 0.039387
vt 0.031314 0.048897
vt 0.031891 0.047504
vt 0.033285 0.044141
vt 0.035255 0.048897
vt 0.034678 0.047503
vt 0.092869 0.004713
vt 0.094962 0.008395
vt 0.094305 0.031995
vt 0.092208 0.035314
vt 0.096598 0.012307
vt 0.097567 0.016409
vt 0.097260 0.024701
vt 0.096032 0.028483
vt 0.097793 0.020590
vt 0.002901 0.293010
vt 0.005054 0.289475
vt 0.005017 0.293378
vt 0.002303 0.292751
vt 0.012395 0.289433
vt 0.012477 0.293336
vt 0.008747 0.293380
vt 0.008724 0.289465
vt 0.008659 0.278187
vt 0.008681 0.282102
vt 0.005010 0.282134
vt 0.004928 0.278231
vt 0.008703 0.285784
vt 0.005021 0.285805
vt 0.012388 0.278189
vt 0.012351 0.282092
vt 0.012384 0.285762
vt 0.015594 0.279302
vt 0.015860 0.279898
vt 0.016253 0.282009
vt 0.016299 0.285738
vt 0.016299 0.289468
vt 0.002815 0.278622
vt 0.002217 0.278888
vt 0.001106 0.285829
vt 0.001106 0.282099
vt 0.001152 0.289558
vt 0.304029 0.217550
vt 0.301367 0.217604
vt 0.301181 0.215344
vt 0.303987 0.215349
vt 0.315357 0.090690
vt 0.318478 0.091974
vt 0.318480 0.093049
vt 0.314600 0.091451
vt 0.298801 0.217773
vt 0.298229 0.215709
vt 0.321592 0.090674
vt 0.322353 0.091431
vt 0.314579 0.083698
vt 0.318452 0.082080
vt 0.318454 0.083154
vt 0.315340 0.084454
vt 0.309302 0.215434
vt 0.311930 0.215352
vt 0.311967 0.217500
vt 0.309323 0.217541
vt 0.322331 0.083678
vt 0.321575 0.084438
vt 0.314618 0.215222
vt 0.314650 0.217462
vt 0.317348 0.217503
vt 0.317469 0.215179
vt 0.322875 0.087553
vt 0.323950 0.087550
vt 0.312982 0.087578
vt 0.314056 0.087576
vt 0.306670 0.215400
vt 0.306685 0.217542
vt 0.319974 0.217654
vt 0.320545 0.215452
vt 0.306562 0.244412
vt 0.303902 0.244383
vt 0.301245 0.244359
vt 0.298590 0.244338
vt 0.319944 0.244483
vt 0.317263 0.244481
vt 0.309226 0.244446
vt 0.314580 0.244480
vt 0.311895 0.244484
vt 0.323936 0.083752
vt 0.323928 0.082071
vt 0.324433 0.081562
vt 0.325297 0.083811
vt 0.014590 0.292945
vt 0.322277 0.093036
vt 0.323960 0.093029
vt 0.324469 0.093536
vt 0.322217 0.094399
vt 0.015102 0.278816
vt 0.312996 0.091377
vt 0.313003 0.093058
vt 0.312497 0.093566
vt 0.311634 0.091318
vt 0.001731 0.279381
vt 0.314653 0.082093
vt 0.312971 0.082100
vt 0.312461 0.081594
vt 0.314713 0.080730
vt 0.323958 0.091347
vt 0.325321 0.091279
vt 0.323954 0.087547
vt 0.325320 0.087543
vt 0.325978 0.087541
vt 0.325978 0.091264
vt 0.325953 0.083822
vt 0.312974 0.083782
vt 0.311611 0.083851
vt 0.001545 0.291669
vt 0.001811 0.292265
vt 0.312977 0.087583
vt 0.311612 0.087586
vt 0.310954 0.087589
vt 0.310954 0.083866
vt 0.310978 0.091307
vt 0.314684 0.093056
vt 0.314751 0.094417
vt 0.318480 0.093054
vt 0.318484 0.094419
vt 0.318485 0.095077
vt 0.314765 0.095074
vt 0.322206 0.095056
vt 0.322247 0.082074
vt 0.322179 0.080712
vt 0.318449 0.082076
vt 0.318446 0.080710
vt 0.318444 0.080052
vt 0.322165 0.080055
vt 0.314724 0.080074
vt 0.015674 0.292186
vt 0.015932 0.291586
vt 0.015188 0.292680
vt 0.014504 0.278557
vt 0.001473 0.279981
vt 0.126750 0.154840
vt 0.126750 0.152768
vt 0.130454 0.152768
vt 0.130454 0.154840
vt 0.123046 0.154840
vt 0.123046 0.152768
vt 0.153852 0.154839
vt 0.153852 0.152768
vt 0.157556 0.152768
vt 0.157556 0.154839
vt 0.150148 0.154839
vt 0.150148 0.152768
vt 0.140301 0.154839
vt 0.140301 0.152768
vt 0.144005 0.152768
vt 0.144005 0.154839
vt 0.136597 0.154840
vt 0.136597 0.152768
vt 0.113199 0.154840
vt 0.113199 0.152768
vt 0.116903 0.152768
vt 0.116903 0.154840
vt 0.109495 0.154840
vt 0.109495 0.152768
vt 0.324272 0.080404
vt 0.324873 0.080631
vt 0.324888 0.081105
vt 0.325362 0.081117
vt 0.325592 0.081716
vt 0.325629 0.093375
vt 0.325403 0.093978
vt 0.324927 0.093992
vt 0.324915 0.094467
vt 0.324314 0.094697
vt 0.311302 0.081755
vt 0.311528 0.081152
vt 0.312004 0.081138
vt 0.312016 0.080663
vt 0.312616 0.080433
vt 0.312658 0.094724
vt 0.312057 0.094498
vt 0.312043 0.094023
vt 0.311569 0.094011
vt 0.311339 0.093412
vt 0.119022 0.154793
vt 0.119022 0.152815
vt 0.119644 0.152824
vt 0.119644 0.154784
vt 0.120306 0.152824
vt 0.120306 0.154784
vt 0.120927 0.152815
vt 0.120927 0.154793
vt 0.132573 0.154793
vt 0.132573 0.152815
vt 0.133194 0.152824
vt 0.133194 0.154784
vt 0.133856 0.152824
vt 0.133856 0.154784
vt 0.134478 0.152815
vt 0.134478 0.154793
vt 0.105471 0.154793
vt 0.105471 0.152815
vt 0.106093 0.152824
vt 0.106093 0.154784
vt 0.106755 0.152824
vt 0.106755 0.154784
vt 0.107376 0.152815
vt 0.107376 0.154793
vt 0.146124 0.154793
vt 0.146124 0.152815
vt 0.146746 0.152824
vt 0.146746 0.154784
vt 0.147407 0.152824
vt 0.147407 0.154784
vt 0.148029 0.152815
vt 0.148029 0.154793
vt 0.103352 0.154840
vt 0.103352 0.152768
vt 0.046736 0.103295
vt 0.044263 0.106351
vt 0.043642 0.105697
vt 0.045965 0.102826
vt 0.042968 0.104987
vt 0.045128 0.102317
vt 0.041087 0.108659
vt 0.040608 0.107881
vt 0.040174 0.106988
vt 0.046999 0.095748
vt 0.046561 0.092307
vt 0.047519 0.092050
vt 0.047986 0.095758
vt 0.048403 0.091815
vt 0.048897 0.095768
vt 0.045217 0.089093
vt 0.046075 0.088590
vt 0.046866 0.088127
vt 0.044395 0.084974
vt 0.043752 0.085632
vt 0.043057 0.086347
vt 0.046504 0.099165
vt 0.047449 0.099436
vt 0.048320 0.099685
vt 0.041183 0.082570
vt 0.040685 0.083361
vt 0.040232 0.084270
vt 0.040904 0.102797
vt 0.042553 0.100755
vt 0.043598 0.098342
vt 0.038771 0.104324
vt 0.040929 0.088551
vt 0.038771 0.086970
vt 0.043966 0.095727
vt 0.042585 0.090645
vt 0.043621 0.093098
vt 0.059686 0.148049
vt 0.062472 0.150827
vt 0.061082 0.151406
vt 0.059112 0.149440
vt 0.057725 0.152803
vt 0.057724 0.152800
vt 0.055752 0.148052
vt 0.056330 0.149442
vt 0.057723 0.152799
vt 0.057724 0.152805
vt 0.057724 0.152806
vt 0.059112 0.156165
vt 0.056330 0.156162
vt 0.059687 0.157556
vt 0.055752 0.157552
vt 0.057722 0.152801
vt 0.054364 0.154193
vt 0.052972 0.154769
vt 0.057725 0.152805
vt 0.061087 0.154188
vt 0.062479 0.154761
vt 0.052972 0.150835
vt 0.054363 0.151411
vt 0.057722 0.152799
vt 0.059124 0.156160
vt 0.059703 0.157549
vt 0.032216 0.051769
vt 0.036151 0.051769
vt 0.036151 0.054330
vt 0.032216 0.054330
vt 0.040087 0.051769
vt 0.040087 0.054330
vt 0.028281 0.051769
vt 0.028281 0.054330
vt 0.055827 0.051769
vt 0.059763 0.051769
vt 0.059763 0.054330
vt 0.055827 0.054330
vt 0.044022 0.051769
vt 0.047957 0.051769
vt 0.047957 0.054330
vt 0.044022 0.054330
vt 0.051892 0.051769
vt 0.051892 0.054330
vt 0.245405 0.278557
vt 0.243252 0.282092
vt 0.243289 0.278190
vt 0.246003 0.278816
vt 0.235911 0.282134
vt 0.235829 0.278231
vt 0.239560 0.278187
vt 0.239582 0.282102
vt 0.239648 0.293380
vt 0.239625 0.289465
vt 0.243296 0.289433
vt 0.243378 0.293336
vt 0.239604 0.285784
vt 0.243285 0.285762
vt 0.235918 0.293378
vt 0.235955 0.289475
vt 0.235922 0.285805
vt 0.232712 0.292265
vt 0.232446 0.291669
vt 0.232053 0.289558
vt 0.232007 0.285829
vt 0.232007 0.282099
vt 0.245491 0.292945
vt 0.246089 0.292679
vt 0.247200 0.285738
vt 0.247200 0.289468
vt 0.247154 0.282009
vt 0.358576 0.054528
vt 0.361150 0.054730
vt 0.360928 0.056998
vt 0.357971 0.056589
vt 0.299039 0.149651
vt 0.297756 0.152772
vt 0.296681 0.152775
vt 0.298279 0.148894
vt 0.363828 0.054815
vt 0.363749 0.057044
vt 0.299057 0.155887
vt 0.298300 0.156648
vt 0.306033 0.148871
vt 0.307651 0.152744
vt 0.306576 0.152747
vt 0.305276 0.149632
vt 0.374533 0.057024
vt 0.371831 0.057025
vt 0.371839 0.054850
vt 0.374506 0.054819
vt 0.306054 0.156625
vt 0.305293 0.155868
vt 0.369175 0.056980
vt 0.369175 0.054835
vt 0.366508 0.054844
vt 0.366482 0.057046
vt 0.302179 0.157170
vt 0.302183 0.158244
vt 0.302151 0.147275
vt 0.302154 0.148349
vt 0.377365 0.057031
vt 0.377170 0.054769
vt 0.380308 0.056719
vt 0.379752 0.054617
vt 0.377346 0.027942
vt 0.380011 0.027967
vt 0.358660 0.027880
vt 0.361325 0.027888
vt 0.363991 0.027893
vt 0.366661 0.027893
vt 0.374680 0.027913
vt 0.369333 0.027888
vt 0.372010 0.027880
vt 0.305979 0.158229
vt 0.307660 0.158222
vt 0.308169 0.158728
vt 0.305919 0.159591
vt 0.233716 0.278622
vt 0.296695 0.156572
vt 0.296701 0.158255
vt 0.296195 0.158765
vt 0.295332 0.156512
vt 0.233204 0.292751
vt 0.298354 0.147290
vt 0.296672 0.147297
vt 0.296164 0.146791
vt 0.298413 0.145928
vt 0.246575 0.292186
vt 0.307638 0.148946
vt 0.307632 0.147264
vt 0.308139 0.146754
vt 0.309001 0.149007
vt 0.298384 0.158253
vt 0.298452 0.159616
vt 0.302181 0.158249
vt 0.302186 0.159615
vt 0.302188 0.160273
vt 0.298466 0.160273
vt 0.305908 0.160248
vt 0.305949 0.147265
vt 0.305881 0.145903
vt 0.246761 0.279898
vt 0.246495 0.279302
vt 0.302151 0.147269
vt 0.302146 0.145904
vt 0.302144 0.145246
vt 0.305866 0.145246
vt 0.298423 0.145271
vt 0.296675 0.148979
vt 0.295313 0.149046
vt 0.296677 0.152776
vt 0.295311 0.152779
vt 0.294653 0.152781
vt 0.294657 0.149060
vt 0.294675 0.156501
vt 0.307658 0.156541
vt 0.309020 0.156473
vt 0.307656 0.152743
vt 0.309022 0.152740
vt 0.309679 0.152738
vt 0.309676 0.156459
vt 0.309658 0.149018
vt 0.232632 0.279381
vt 0.232374 0.279981
vt 0.233118 0.278888
vt 0.233802 0.293010
vt 0.246833 0.291586
vt 0.047948 0.063125
vt 0.047948 0.065196
vt 0.044244 0.065196
vt 0.044244 0.063125
vt 0.051652 0.063125
vt 0.051652 0.065196
vt 0.075050 0.063125
vt 0.075050 0.065196
vt 0.071346 0.065196
vt 0.071346 0.063125
vt 0.078754 0.063125
vt 0.078754 0.065196
vt 0.034397 0.063125
vt 0.034397 0.065196
vt 0.030693 0.065196
vt 0.030693 0.063125
vt 0.038101 0.063125
vt 0.038101 0.065196
vt 0.061499 0.063125
vt 0.061499 0.065196
vt 0.057795 0.065196
vt 0.057795 0.063125
vt 0.065203 0.063125
vt 0.065203 0.065196
vt 0.309327 0.158567
vt 0.309100 0.159168
vt 0.308626 0.159182
vt 0.308614 0.159657
vt 0.308014 0.159887
vt 0.296356 0.159924
vt 0.295753 0.159698
vt 0.295739 0.159222
vt 0.295264 0.159210
vt 0.295034 0.158609
vt 0.307978 0.145594
vt 0.308580 0.145821
vt 0.308594 0.146297
vt 0.309070 0.146309
vt 0.309299 0.146910
vt 0.295006 0.146952
vt 0.295232 0.146352
vt 0.295706 0.146337
vt 0.295718 0.145863
vt 0.296318 0.145632
vt 0.055676 0.063171
vt 0.055676 0.065149
vt 0.055054 0.065140
vt 0.055054 0.063180
vt 0.054392 0.065140
vt 0.054392 0.063180
vt 0.053771 0.065149
vt 0.053771 0.063171
vt 0.042125 0.063171
vt 0.042125 0.065149
vt 0.041503 0.065140
vt 0.041503 0.063180
vt 0.040841 0.065140
vt 0.040841 0.063180
vt 0.040220 0.065149
vt 0.040220 0.063171
vt 0.069227 0.063171
vt 0.069227 0.065149
vt 0.068605 0.065140
vt 0.068605 0.063180
vt 0.067943 0.065140
vt 0.067943 0.063180
vt 0.067322 0.065149
vt 0.067322 0.063171
vt 0.028574 0.063171
vt 0.028574 0.065149
vt 0.027952 0.065140
vt 0.027952 0.063180
vt 0.027290 0.065140
vt 0.027290 0.063180
vt 0.081495 0.063180
vt 0.081495 0.065140
vt 0.080873 0.065149
vt 0.080873 0.063171
vt 0.038411 0.229277
vt 0.041599 0.231621
vt 0.040969 0.232276
vt 0.037924 0.230059
vt 0.040287 0.232988
vt 0.037482 0.230957
vt 0.044077 0.234714
vt 0.043296 0.235183
vt 0.042448 0.235691
vt 0.042447 0.248937
vt 0.043813 0.245751
vt 0.044766 0.246016
vt 0.043294 0.249446
vt 0.045645 0.246259
vt 0.044074 0.249916
vt 0.044279 0.242314
vt 0.045268 0.242314
vt 0.046180 0.242315
vt 0.045646 0.238371
vt 0.044767 0.238613
vt 0.043814 0.238877
vt 0.040286 0.251639
vt 0.040968 0.252351
vt 0.041596 0.253007
vt 0.037482 0.253671
vt 0.037924 0.254568
vt 0.038411 0.255349
vt 0.038195 0.235183
vt 0.036053 0.233633
vt 0.036053 0.250995
vt 0.038194 0.249445
vt 0.039845 0.237250
vt 0.040885 0.239686
vt 0.039844 0.247378
vt 0.041240 0.242314
vt 0.040885 0.244942
vt 0.162989 0.112803
vt 0.162989 0.116737
vt 0.161598 0.116161
vt 0.161598 0.113379
vt 0.158238 0.114773
vt 0.158240 0.114770
vt 0.160209 0.110021
vt 0.159632 0.111411
vt 0.158240 0.114768
vt 0.158237 0.114773
vt 0.158236 0.114774
vt 0.156850 0.118134
vt 0.154881 0.116169
vt 0.156276 0.119525
vt 0.153491 0.116748
vt 0.158238 0.114769
vt 0.154876 0.113387
vt 0.153485 0.112813
vt 0.158237 0.114774
vt 0.159632 0.118130
vt 0.160209 0.119521
vt 0.156276 0.110018
vt 0.156851 0.111409
vt 0.158239 0.114768
vt 0.153491 0.112797
vt 0.154882 0.113375
vt 0.063977 0.073500
vt 0.067912 0.073500
vt 0.067912 0.076062
vt 0.063977 0.076061
vt 0.036430 0.073500
vt 0.040366 0.073500
vt 0.040366 0.076061
vt 0.036430 0.076062
vt 0.060042 0.073500
vt 0.060042 0.076061
vt 0.056106 0.073500
vt 0.056106 0.076061
vt 0.044301 0.073500
vt 0.048236 0.073500
vt 0.048236 0.076061
vt 0.044301 0.076061
vt 0.052171 0.073500
vt 0.052171 0.076061
vt 0.231911 0.262325
vt 0.229715 0.265835
vt 0.229798 0.261931
vt 0.232507 0.262592
vt 0.222373 0.265792
vt 0.222337 0.261889
vt 0.226066 0.261887
vt 0.226043 0.265802
vt 0.225976 0.277081
vt 0.225999 0.273166
vt 0.229670 0.273176
vt 0.229706 0.277079
vt 0.226021 0.269484
vt 0.229703 0.269506
vt 0.222244 0.277037
vt 0.222328 0.273133
vt 0.222339 0.269462
vt 0.219050 0.275884
vt 0.218791 0.275284
vt 0.218425 0.273167
vt 0.218425 0.269438
vt 0.218471 0.265709
vt 0.231822 0.276711
vt 0.232421 0.276452
vt 0.233618 0.269530
vt 0.233571 0.273259
vt 0.233618 0.265801
vt 0.233480 0.168552
vt 0.230786 0.168598
vt 0.230634 0.166255
vt 0.233529 0.166309
vt 0.293625 0.282739
vt 0.292323 0.285853
vt 0.291249 0.285849
vt 0.292868 0.281978
vt 0.228172 0.168773
vt 0.227574 0.166631
vt 0.293606 0.288975
vt 0.292845 0.289731
vt 0.300622 0.282002
vt 0.302218 0.285883
vt 0.301144 0.285880
vt 0.299861 0.282758
vt 0.238821 0.166483
vt 0.241432 0.166483
vt 0.241468 0.168621
vt 0.238824 0.168596
vt 0.300599 0.289755
vt 0.299842 0.288994
vt 0.244119 0.166452
vt 0.244116 0.168646
vt 0.246775 0.168690
vt 0.246947 0.166422
vt 0.296720 0.290277
vt 0.296717 0.291352
vt 0.296750 0.280382
vt 0.296747 0.281456
vt 0.236216 0.166397
vt 0.236164 0.168556
vt 0.249346 0.168856
vt 0.249916 0.166779
vt 0.236232 0.195545
vt 0.233555 0.195587
vt 0.230871 0.195585
vt 0.228189 0.195587
vt 0.249542 0.195409
vt 0.246886 0.195428
vt 0.238902 0.195509
vt 0.244228 0.195450
vt 0.241567 0.195477
vt 0.300515 0.291360
vt 0.302197 0.291362
vt 0.302703 0.291871
vt 0.300447 0.292723
vt 0.220220 0.262257
vt 0.291241 0.289648
vt 0.291239 0.291329
vt 0.290730 0.291834
vt 0.289879 0.289580
vt 0.219536 0.276376
vt 0.292952 0.280373
vt 0.291270 0.280371
vt 0.290764 0.279862
vt 0.293020 0.279010
vt 0.232913 0.275966
vt 0.302226 0.282086
vt 0.302229 0.280405
vt 0.302738 0.279900
vt 0.303588 0.282154
vt 0.292920 0.291336
vt 0.292979 0.292698
vt 0.296717 0.291357
vt 0.296712 0.292722
vt 0.296710 0.293380
vt 0.292990 0.293355
vt 0.300433 0.293380
vt 0.300548 0.280397
vt 0.300489 0.279035
vt 0.233251 0.263684
vt 0.232993 0.263085
vt 0.296751 0.280377
vt 0.296756 0.279011
vt 0.296758 0.278353
vt 0.300479 0.278378
vt 0.293034 0.278353
vt 0.291263 0.282053
vt 0.289900 0.282114
vt 0.291244 0.285852
vt 0.289879 0.285848
vt 0.289221 0.285847
vt 0.289243 0.282124
vt 0.289223 0.289566
vt 0.302205 0.289681
vt 0.303567 0.289620
vt 0.302223 0.285883
vt 0.303588 0.285887
vt 0.304246 0.285889
vt 0.304224 0.289610
vt 0.304244 0.282169
vt 0.219129 0.263002
vt 0.218864 0.263598
vt 0.219621 0.262516
vt 0.220132 0.276643
vt 0.233178 0.275370
vt 0.032598 0.103679
vt 0.030527 0.103679
vt 0.030527 0.099975
vt 0.032598 0.099975
vt 0.032598 0.107383
vt 0.030527 0.107383
vt 0.032598 0.076577
vt 0.030527 0.076577
vt 0.030527 0.072873
vt 0.032598 0.072873
vt 0.032598 0.080281
vt 0.030527 0.080281
vt 0.032598 0.090128
vt 0.030527 0.090128
vt 0.030527 0.086424
vt 0.032598 0.086424
vt 0.032598 0.093832
vt 0.030527 0.093832
vt 0.032598 0.117230
vt 0.030527 0.117230
vt 0.030527 0.113526
vt 0.032598 0.113526
vt 0.032598 0.120934
vt 0.030527 0.120934
vt 0.303863 0.291717
vt 0.303633 0.292317
vt 0.303158 0.292329
vt 0.303144 0.292803
vt 0.302543 0.293030
vt 0.290884 0.292993
vt 0.290285 0.292763
vt 0.290273 0.292289
vt 0.289798 0.292274
vt 0.289572 0.291674
vt 0.302585 0.278740
vt 0.303184 0.278971
vt 0.303196 0.279445
vt 0.303670 0.279460
vt 0.303896 0.280061
vt 0.289604 0.280017
vt 0.289834 0.279417
vt 0.290309 0.279405
vt 0.290323 0.278930
vt 0.290924 0.278703
vt 0.032551 0.111407
vt 0.030573 0.111407
vt 0.030582 0.110786
vt 0.032542 0.110786
vt 0.030582 0.110124
vt 0.032542 0.110124
vt 0.030573 0.109502
vt 0.032551 0.109502
vt 0.032551 0.097856
vt 0.030573 0.097856
vt 0.030582 0.097235
vt 0.032542 0.097235
vt 0.030582 0.096573
vt 0.032542 0.096573
vt 0.030573 0.095951
vt 0.032551 0.095951
vt 0.032551 0.124958
vt 0.030573 0.124958
vt 0.030582 0.124337
vt 0.032542 0.124337
vt 0.030582 0.123675
vt 0.032542 0.123675
vt 0.030573 0.123053
vt 0.032551 0.123053
vt 0.032551 0.084305
vt 0.030573 0.084305
vt 0.030582 0.083684
vt 0.032542 0.083684
vt 0.030582 0.083022
vt 0.032542 0.083022
vt 0.030573 0.082400
vt 0.032551 0.082400
vt 0.030573 0.070754
vt 0.032551 0.070754
vt 0.058558 0.014994
vt 0.055356 0.013422
vt 0.055772 0.012706
vt 0.058857 0.014225
vt 0.056244 0.011917
vt 0.059187 0.013371
vt 0.052204 0.011342
vt 0.052801 0.010576
vt 0.053550 0.009838
vt 0.065650 0.014695
vt 0.069049 0.014502
vt 0.069187 0.015453
vt 0.065620 0.015638
vt 0.069306 0.016313
vt 0.065587 0.016490
vt 0.072421 0.013709
vt 0.072730 0.014630
vt 0.073003 0.015467
vt 0.076583 0.013932
vt 0.076152 0.013135
vt 0.075660 0.012261
vt 0.062329 0.014308
vt 0.062133 0.015215
vt 0.061949 0.016033
vt 0.080098 0.011769
vt 0.079463 0.010911
vt 0.078660 0.010086
vt 0.057857 0.009405
vt 0.060277 0.010598
vt 0.062910 0.011349
vt 0.055763 0.007730
vt 0.074010 0.009481
vt 0.076315 0.007730
vt 0.065703 0.011624
vt 0.071378 0.010714
vt 0.068561 0.011416
vt 0.108657 0.034021
vt 0.108659 0.037955
vt 0.107268 0.037380
vt 0.107266 0.034598
vt 0.103907 0.035994
vt 0.103908 0.035991
vt 0.105874 0.031240
vt 0.105299 0.032631
vt 0.103909 0.035989
vt 0.103905 0.035994
vt 0.103905 0.035995
vt 0.102509 0.039351
vt 0.100545 0.037381
vt 0.101931 0.040741
vt 0.099153 0.037955
vt 0.103907 0.035991
vt 0.100549 0.034598
vt 0.099158 0.034021
vt 0.103906 0.035996
vt 0.105303 0.039351
vt 0.105881 0.040741
vt 0.101941 0.031240
vt 0.102517 0.032631
vt 0.103908 0.035989
vt 0.102522 0.039356
vt 0.101948 0.040747
vt 0.057678 0.017256
vt 0.054178 0.015566
vt 0.061437 0.018446
vt 0.050866 0.013503
vt 0.081494 0.014184
vt 0.077792 0.016335
vt 0.069643 0.018867
vt 0.065477 0.019015
vt 0.073793 0.017970
vt 0.269114 0.293013
vt 0.271268 0.289476
vt 0.271232 0.293380
vt 0.268514 0.292755
vt 0.278610 0.289432
vt 0.278692 0.293334
vt 0.274963 0.293380
vt 0.274939 0.289465
vt 0.274873 0.278187
vt 0.274896 0.282102
vt 0.271226 0.282135
vt 0.271144 0.278233
vt 0.274918 0.285784
vt 0.271236 0.285805
vt 0.278603 0.278187
vt 0.278567 0.282091
vt 0.278600 0.285762
vt 0.281814 0.279300
vt 0.282079 0.279897
vt 0.282470 0.282010
vt 0.282514 0.285740
vt 0.282512 0.289469
vt 0.269032 0.278626
vt 0.268437 0.278892
vt 0.267321 0.285827
vt 0.267324 0.282098
vt 0.267365 0.289557
vt 0.002845 0.238585
vt 0.002863 0.241286
vt 0.000543 0.241421
vt 0.000627 0.238580
vt 0.294424 0.049938
vt 0.295713 0.046816
vt 0.296787 0.046815
vt 0.295191 0.050700
vt 0.003015 0.243913
vt 0.000820 0.244484
vt 0.294418 0.043698
vt 0.295176 0.042939
vt 0.287437 0.050697
vt 0.285817 0.046826
vt 0.286892 0.046823
vt 0.288187 0.049939
vt 0.000784 0.233286
vt 0.000772 0.230671
vt 0.002913 0.230618
vt 0.002899 0.233262
vt 0.287419 0.042942
vt 0.288180 0.043701
vt 0.000719 0.227988
vt 0.002930 0.227964
vt 0.002992 0.225309
vt 0.000725 0.225156
vt 0.291299 0.042406
vt 0.291299 0.041330
vt 0.291274 0.052302
vt 0.291288 0.051229
vt 0.000732 0.235900
vt 0.002872 0.235910
vt 0.003151 0.222739
vt 0.001066 0.222180
vt 0.029840 0.235849
vt 0.029881 0.238524
vt 0.029880 0.241212
vt 0.029881 0.243899
vt 0.029703 0.222543
vt 0.029722 0.225198
vt 0.029804 0.233179
vt 0.029745 0.227855
vt 0.029772 0.230515
vt 0.287497 0.041334
vt 0.285811 0.041337
vt 0.285301 0.040828
vt 0.287561 0.039968
vt 0.280803 0.292941
vt 0.296781 0.043017
vt 0.296778 0.041336
vt 0.297285 0.040828
vt 0.298142 0.043081
vt 0.281322 0.278812
vt 0.295126 0.052293
vt 0.296797 0.052284
vt 0.297304 0.052788
vt 0.295069 0.053645
vt 0.267950 0.279384
vt 0.285833 0.050623
vt 0.285843 0.052304
vt 0.285336 0.052814
vt 0.284471 0.050564
vt 0.295096 0.041333
vt 0.295033 0.039971
vt 0.291298 0.041325
vt 0.291298 0.039958
vt 0.291298 0.039299
vt 0.295020 0.039314
vt 0.287574 0.039310
vt 0.287527 0.052295
vt 0.287599 0.053668
vt 0.267757 0.291671
vt 0.268022 0.292267
vt 0.291377 0.052306
vt 0.291374 0.053672
vt 0.291376 0.054330
vt 0.287614 0.054330
vt 0.295059 0.054296
vt 0.296793 0.050611
vt 0.298152 0.050543
vt 0.296792 0.046814
vt 0.298156 0.046812
vt 0.298813 0.046812
vt 0.298806 0.050529
vt 0.298798 0.043093
vt 0.285812 0.043023
vt 0.284447 0.043090
vt 0.285812 0.046825
vt 0.284446 0.046829
vt 0.283788 0.046831
vt 0.283789 0.043105
vt 0.283814 0.050553
vt 0.281885 0.292183
vt 0.282144 0.291585
vt 0.281399 0.292675
vt 0.280721 0.278554
vt 0.267692 0.279982
vt 0.071766 0.146690
vt 0.071766 0.144619
vt 0.075470 0.144619
vt 0.075470 0.146690
vt 0.068062 0.146690
vt 0.068062 0.144619
vt 0.098868 0.146690
vt 0.098868 0.144619
vt 0.102572 0.144619
vt 0.102572 0.146690
vt 0.095164 0.146690
vt 0.095164 0.144619
vt 0.085317 0.146690
vt 0.085317 0.144619
vt 0.089021 0.144619
vt 0.089021 0.146690
vt 0.081613 0.146690
vt 0.081613 0.144619
vt 0.112419 0.146690
vt 0.112419 0.144619
vt 0.116123 0.144619
vt 0.116123 0.146690
vt 0.108715 0.146690
vt 0.108715 0.144619
vt 0.284139 0.040989
vt 0.284366 0.040386
vt 0.284842 0.040371
vt 0.284854 0.039893
vt 0.285459 0.039664
vt 0.297127 0.039669
vt 0.297727 0.039898
vt 0.297741 0.040372
vt 0.298215 0.040386
vt 0.298443 0.040986
vt 0.285497 0.053977
vt 0.284895 0.053749
vt 0.284881 0.053273
vt 0.284406 0.053261
vt 0.284176 0.052661
vt 0.298458 0.052628
vt 0.298232 0.053227
vt 0.297760 0.053241
vt 0.297748 0.053715
vt 0.297150 0.053941
vt 0.118242 0.146644
vt 0.118242 0.144666
vt 0.118863 0.144675
vt 0.118863 0.146635
vt 0.119525 0.144675
vt 0.119525 0.146635
vt 0.065321 0.146635
vt 0.065321 0.144674
vt 0.065943 0.144665
vt 0.065943 0.146644
vt 0.077589 0.146644
vt 0.077589 0.144665
vt 0.078210 0.144674
vt 0.078210 0.146635
vt 0.078872 0.144674
vt 0.078872 0.146635
vt 0.079494 0.144665
vt 0.079494 0.146644
vt 0.104691 0.146644
vt 0.104691 0.144666
vt 0.105312 0.144675
vt 0.105312 0.146635
vt 0.105974 0.144675
vt 0.105974 0.146635
vt 0.106596 0.144666
vt 0.106596 0.146644
vt 0.091140 0.146644
vt 0.091140 0.144666
vt 0.091761 0.144675
vt 0.091761 0.146635
vt 0.092423 0.144674
vt 0.092423 0.146635
vt 0.093045 0.144666
vt 0.093045 0.146644
vt 0.219377 0.173156
vt 0.217902 0.176865
vt 0.217070 0.176451
vt 0.218519 0.172902
vt 0.216158 0.175974
vt 0.217574 0.172609
vt 0.215758 0.180663
vt 0.214839 0.179997
vt 0.213959 0.179158
vt 0.218470 0.165800
vt 0.218024 0.162560
vt 0.218907 0.162354
vt 0.219406 0.165745
vt 0.219704 0.162165
vt 0.220253 0.165686
vt 0.217050 0.159513
vt 0.217870 0.159172
vt 0.218610 0.158865
vt 0.217002 0.155782
vt 0.216316 0.156205
vt 0.215558 0.156683
vt 0.218333 0.169186
vt 0.219290 0.169304
vt 0.220157 0.169402
vt 0.214898 0.152762
vt 0.214169 0.153360
vt 0.213465 0.154112
vt 0.213255 0.174322
vt 0.214500 0.171601
vt 0.215222 0.168764
vt 0.211471 0.176752
vt 0.213154 0.158320
vt 0.211471 0.156322
vt 0.215430 0.165934
vt 0.214376 0.160648
vt 0.215140 0.163207
vt 0.052973 0.089575
vt 0.052973 0.085641
vt 0.054364 0.086217
vt 0.054364 0.088999
vt 0.057723 0.087605
vt 0.057722 0.087608
vt 0.055753 0.092358
vt 0.056330 0.090967
vt 0.057722 0.087610
vt 0.057725 0.087605
vt 0.057725 0.087604
vt 0.059124 0.084249
vt 0.061087 0.086221
vt 0.059704 0.082859
vt 0.062479 0.085647
vt 0.057724 0.087608
vt 0.061081 0.089003
vt 0.062472 0.089582
vt 0.057724 0.087604
vt 0.056330 0.084248
vt 0.055753 0.082857
vt 0.059687 0.092360
vt 0.059111 0.090969
vt 0.057723 0.087610
vt 0.059112 0.084245
vt 0.059687 0.082853
vt 0.221939 0.173883
vt 0.220431 0.178001
vt 0.222730 0.169672
vt 0.218367 0.182004
vt 0.216969 0.151403
vt 0.219059 0.154581
vt 0.222044 0.161584
vt 0.222752 0.165485
vt 0.220791 0.157951
vt 0.430514 0.328761
vt 0.430349 0.335631
vt 0.423726 0.335333
vt 0.423985 0.328518
vt 0.221334 0.119525
vt 0.221334 0.112804
vt 0.228055 0.112804
vt 0.228055 0.119525
vt 0.430106 0.342659
vt 0.423388 0.342171
vt 0.063125 0.195587
vt 0.063125 0.188865
vt 0.069847 0.188865
vt 0.069846 0.195587
vt 0.070922 0.194511
vt 0.070922 0.189941
vt 0.424366 0.343210
vt 0.428784 0.343201
vt 0.086857 0.189941
vt 0.086857 0.194511
vt 0.428688 0.359552
vt 0.424239 0.359355
vt 0.088128 0.189112
vt 0.088128 0.195340
vt 0.429852 0.360340
vt 0.423409 0.360418
vt 0.095366 0.189112
vt 0.095366 0.195340
vt 0.429317 0.368104
vt 0.423150 0.367983
vt 0.246336 0.113051
vt 0.253574 0.113051
vt 0.253574 0.119278
vt 0.246336 0.119278
vt 0.245066 0.113879
vt 0.245066 0.118450
vt 0.426231 0.304843
vt 0.425631 0.303758
vt 0.431672 0.304341
vt 0.430496 0.304937
vt 0.426026 0.296744
vt 0.431706 0.297154
vt 0.254845 0.118450
vt 0.254845 0.113879
vt 0.431392 0.295813
vt 0.426950 0.295494
vt 0.096637 0.194511
vt 0.096637 0.189941
vt 0.432839 0.290832
vt 0.429074 0.288447
vt 0.103980 0.194511
vt 0.103980 0.189941
vt 0.110483 0.194511
vt 0.110483 0.189941
vt 0.435829 0.287807
vt 0.433563 0.283917
vt 0.425604 0.377373
vt 0.423989 0.369432
vt 0.428836 0.369557
vt 0.429973 0.375161
vt 0.430074 0.382844
vt 0.432976 0.378795
vt 0.260058 0.118450
vt 0.260058 0.113879
vt 0.264404 0.118450
vt 0.264404 0.113879
vt 0.268732 0.118450
vt 0.268732 0.113879
vt 0.436172 0.385621
vt 0.437205 0.380672
vt 0.439774 0.286470
vt 0.439260 0.281998
vt 0.273155 0.118450
vt 0.273155 0.113879
vt 0.443987 0.286781
vt 0.445123 0.282498
vt 0.116742 0.194511
vt 0.116742 0.189941
vt 0.122962 0.194511
vt 0.122962 0.189941
vt 0.442825 0.385741
vt 0.441921 0.380721
vt 0.448946 0.382970
vt 0.446209 0.378896
vt 0.129222 0.194511
vt 0.129222 0.189941
vt 0.277482 0.118450
vt 0.277482 0.113879
vt 0.281829 0.118450
vt 0.281829 0.113879
vt 0.453340 0.377846
vt 0.449400 0.375348
vt 0.450372 0.291926
vt 0.447698 0.288636
vt 0.450286 0.285221
vt 0.453936 0.289888
vt 0.135724 0.194511
vt 0.135724 0.189941
vt 0.451812 0.296112
vt 0.455618 0.295990
vt 0.143068 0.194511
vt 0.143068 0.189941
vt 0.455503 0.371015
vt 0.451229 0.370708
vt 0.144337 0.189112
vt 0.144337 0.195340
vt 0.450098 0.370470
vt 0.456369 0.369799
vt 0.151558 0.195340
vt 0.151558 0.189112
vt 0.455954 0.362180
vt 0.449512 0.362518
vt 0.152827 0.194511
vt 0.152827 0.189941
vt 0.455096 0.360932
vt 0.450383 0.361102
vt 0.454779 0.343748
vt 0.450091 0.343803
vt 0.168775 0.194511
vt 0.168775 0.189941
vt 0.296801 0.118450
vt 0.295532 0.119278
vt 0.295532 0.113051
vt 0.296801 0.113880
vt 0.312748 0.118450
vt 0.312748 0.113880
vt 0.449911 0.320685
vt 0.450755 0.304661
vt 0.455033 0.304971
vt 0.454299 0.320770
vt 0.449978 0.303389
vt 0.455791 0.303888
vt 0.288310 0.119278
vt 0.288310 0.113051
vt 0.450793 0.296288
vt 0.456369 0.297091
vt 0.287041 0.113880
vt 0.287041 0.118450
vt 0.455323 0.321699
vt 0.448715 0.321554
vt 0.313824 0.112804
vt 0.313824 0.119525
vt 0.455352 0.328416
vt 0.448584 0.328528
vt 0.320545 0.112804
vt 0.320545 0.119525
vt 0.448702 0.335658
vt 0.455563 0.335474
vt 0.455795 0.342622
vt 0.448785 0.342900
vt 0.176571 0.188865
vt 0.176571 0.195586
vt 0.169850 0.195586
vt 0.169850 0.188865
vt 0.425427 0.320694
vt 0.429869 0.320891
vt 0.229131 0.113880
vt 0.229131 0.118450
vt 0.430622 0.322069
vt 0.424263 0.321777
vt 0.028423 0.158937
vt 0.037908 0.158937
vt 0.037908 0.168422
vt 0.028423 0.168422
vt 0.224652 0.474104
vt 0.215005 0.474607
vt 0.214745 0.465391
vt 0.224144 0.464847
vt 0.176759 0.452318
vt 0.186243 0.452318
vt 0.186243 0.461802
vt 0.176759 0.461802
vt 0.233783 0.464171
vt 0.243636 0.463569
vt 0.244041 0.472934
vt 0.234334 0.473544
vt 0.271235 0.508662
vt 0.271577 0.501976
vt 0.273608 0.500790
vt 0.272971 0.509922
vt 0.039426 0.160455
vt 0.039426 0.166904
vt 0.214099 0.472854
vt 0.213531 0.466945
vt 0.187761 0.453835
vt 0.187761 0.460284
vt 0.245481 0.465009
vt 0.245733 0.471562
vt 0.289567 0.453836
vt 0.289567 0.460285
vt 0.279204 0.460285
vt 0.279204 0.453836
vt 0.283888 0.464473
vt 0.283998 0.471439
vt 0.281896 0.472120
vt 0.281816 0.463238
vt 0.269656 0.471179
vt 0.269329 0.464661
vt 0.270923 0.463506
vt 0.270779 0.472819
vt 0.192486 0.502768
vt 0.192966 0.508758
vt 0.191458 0.509825
vt 0.190701 0.501689
vt 0.336844 0.461802
vt 0.327359 0.461802
vt 0.327359 0.452318
vt 0.336844 0.452318
vt 0.225900 0.508830
vt 0.216456 0.508981
vt 0.216074 0.499709
vt 0.225771 0.499509
vt 0.168422 0.168422
vt 0.158938 0.168422
vt 0.158938 0.158937
vt 0.168422 0.158937
vt 0.235615 0.499347
vt 0.245823 0.499455
vt 0.245422 0.509241
vt 0.235529 0.508904
vt 0.224047 0.453836
vt 0.224047 0.460284
vt 0.222254 0.461454
vt 0.222254 0.452666
vt 0.325842 0.460284
vt 0.325842 0.453835
vt 0.215090 0.507559
vt 0.214898 0.501405
vt 0.157420 0.166904
vt 0.157420 0.160455
vt 0.247095 0.501294
vt 0.246958 0.507884
vt 0.180550 0.504333
vt 0.180418 0.509657
vt 0.171880 0.507364
vt 0.174692 0.502362
vt 0.192347 0.468555
vt 0.192592 0.474333
vt 0.191804 0.476036
vt 0.190864 0.467691
vt 0.134916 0.160455
vt 0.134916 0.166904
vt 0.133125 0.168073
vt 0.133125 0.159286
vt 0.179914 0.475792
vt 0.179429 0.469598
vt 0.181151 0.468313
vt 0.181788 0.476192
vt 0.285533 0.509491
vt 0.285256 0.503405
vt 0.291890 0.500922
vt 0.295331 0.506617
vt 0.121145 0.160455
vt 0.121145 0.166904
vt 0.113789 0.166904
vt 0.113789 0.160455
vt 0.165330 0.502308
vt 0.170070 0.498660
vt 0.161485 0.495121
vt 0.167443 0.493495
vt 0.160711 0.486931
vt 0.166960 0.487604
vt 0.163333 0.478948
vt 0.168787 0.482076
vt 0.169615 0.472629
vt 0.172979 0.477867
vt 0.270028 0.460285
vt 0.270028 0.453836
vt 0.261196 0.460285
vt 0.261196 0.453836
vt 0.252418 0.460285
vt 0.252418 0.453836
vt 0.243585 0.460285
vt 0.243585 0.453836
vt 0.234410 0.460284
vt 0.234410 0.453836
vt 0.297041 0.496447
vt 0.302796 0.500481
vt 0.299756 0.490348
vt 0.306963 0.491764
vt 0.299777 0.483591
vt 0.306900 0.482189
vt 0.297159 0.477501
vt 0.303013 0.473394
vt 0.292003 0.473144
vt 0.295243 0.466906
vt 0.107656 0.166904
vt 0.107656 0.160455
vt 0.101549 0.166904
vt 0.101549 0.160455
vt 0.095308 0.166904
vt 0.095308 0.160455
vt 0.089201 0.166904
vt 0.089201 0.160455
vt 0.083068 0.166904
vt 0.083067 0.160455
vt 0.075712 0.166904
vt 0.075712 0.160455
vt 0.061912 0.160455
vt 0.061912 0.166904
vt 0.210247 0.453836
vt 0.210247 0.460284
vt 0.303338 0.460285
vt 0.303338 0.453836
vt 0.212040 0.461454
vt 0.212040 0.452666
vt 0.063705 0.168074
vt 0.063705 0.159286
vt 0.073919 0.159286
vt 0.073919 0.168074
vt 0.284903 0.501804
vt 0.283781 0.510699
vt 0.181964 0.510699
vt 0.180787 0.502906
vt 0.122935 0.168073
vt 0.122935 0.159286
vt 0.301547 0.452666
vt 0.301547 0.461454
vt 0.291357 0.461454
vt 0.291357 0.452666
vt 0.421650 0.427320
vt 0.414778 0.427689
vt 0.414451 0.421085
vt 0.421293 0.420645
vt 0.017727 0.031180
vt 0.024448 0.031180
vt 0.024448 0.037901
vt 0.017727 0.037901
vt 0.407928 0.428015
vt 0.407774 0.421441
vt 0.287947 0.058474
vt 0.287947 0.065196
vt 0.281226 0.065196
vt 0.281226 0.058474
vt 0.280150 0.059550
vt 0.280150 0.064120
vt 0.406909 0.422549
vt 0.407280 0.426769
vt 0.264215 0.064120
vt 0.264215 0.059550
vt 0.392008 0.427740
vt 0.391855 0.423613
vt 0.262945 0.064949
vt 0.262945 0.058721
vt 0.391442 0.428955
vt 0.390804 0.422990
vt 0.255706 0.064949
vt 0.255706 0.058721
vt 0.384326 0.429033
vt 0.383898 0.423401
vt 0.024201 0.056182
vt 0.024201 0.063420
vt 0.017974 0.063420
vt 0.017974 0.056182
vt 0.023373 0.054912
vt 0.018803 0.054912
vt 0.446372 0.421119
vt 0.447498 0.420316
vt 0.447366 0.426903
vt 0.446587 0.425731
vt 0.455153 0.420169
vt 0.455179 0.426438
vt 0.018803 0.064691
vt 0.023373 0.064691
vt 0.456654 0.425969
vt 0.456603 0.421051
vt 0.254436 0.059550
vt 0.254436 0.064120
vt 0.462263 0.427196
vt 0.464559 0.422811
vt 0.247092 0.059550
vt 0.247092 0.064120
vt 0.240590 0.059550
vt 0.240590 0.064120
vt 0.465864 0.430284
vt 0.469981 0.427415
vt 0.375694 0.426442
vt 0.382667 0.424314
vt 0.382998 0.428731
vt 0.378065 0.430191
vt 0.371212 0.430930
vt 0.375075 0.433182
vt 0.018803 0.069904
vt 0.023373 0.069904
vt 0.018803 0.074250
vt 0.023373 0.074250
vt 0.018803 0.078578
vt 0.023373 0.078578
vt 0.369322 0.436621
vt 0.373759 0.437123
vt 0.467679 0.434583
vt 0.472666 0.433624
vt 0.018803 0.083001
vt 0.023373 0.083001
vt 0.467646 0.439339
vt 0.472668 0.440352
vt 0.234330 0.059550
vt 0.234330 0.064120
vt 0.228110 0.059550
vt 0.228110 0.064120
vt 0.369834 0.442473
vt 0.374080 0.441327
vt 0.372552 0.447618
vt 0.375929 0.445026
vt 0.221851 0.059550
vt 0.221851 0.064120
vt 0.018803 0.087328
vt 0.023373 0.087328
vt 0.018803 0.091675
vt 0.023373 0.091675
vt 0.377191 0.451243
vt 0.379198 0.447685
vt 0.462142 0.446770
vt 0.465744 0.443625
vt 0.469760 0.446459
vt 0.464552 0.450769
vt 0.215348 0.059550
vt 0.215348 0.064120
vt 0.457505 0.448519
vt 0.457708 0.452798
vt 0.208005 0.059549
vt 0.208005 0.064120
vt 0.383236 0.452893
vt 0.383327 0.449105
vt 0.206736 0.064948
vt 0.206736 0.058721
vt 0.383528 0.448097
vt 0.384328 0.453653
vt 0.199515 0.058721
vt 0.199515 0.064948
vt 0.391069 0.453077
vt 0.390569 0.447269
vt 0.198246 0.059549
vt 0.198246 0.064120
vt 0.392146 0.452325
vt 0.391831 0.448046
vt 0.407879 0.451561
vt 0.407762 0.447155
vt 0.182298 0.059549
vt 0.182298 0.064120
vt 0.018803 0.106647
vt 0.017974 0.105378
vt 0.024202 0.105378
vt 0.023373 0.106647
vt 0.018803 0.122594
vt 0.023373 0.122594
vt 0.430697 0.447069
vt 0.447925 0.447529
vt 0.447697 0.452247
vt 0.430623 0.451745
vt 0.449342 0.446685
vt 0.448914 0.453124
vt 0.017974 0.098157
vt 0.024202 0.098157
vt 0.457255 0.447392
vt 0.456485 0.453653
vt 0.023373 0.096888
vt 0.018803 0.096888
vt 0.429542 0.452737
vt 0.429801 0.445763
vt 0.024448 0.123670
vt 0.017727 0.123670
vt 0.422518 0.452537
vt 0.422581 0.445689
vt 0.024448 0.130391
vt 0.017727 0.130391
vt 0.415494 0.445815
vt 0.415605 0.452505
vt 0.408856 0.452592
vt 0.408601 0.445943
vt 0.174501 0.065195
vt 0.174501 0.058474
vt 0.181222 0.058474
vt 0.181222 0.065195
vt 0.429555 0.421305
vt 0.429719 0.425961
vt 0.023373 0.038977
vt 0.018802 0.038977
vt 0.428519 0.426916
vt 0.428266 0.420263
vt 0.452568 0.054976
vt 0.460440 0.054541
vt 0.461014 0.062738
vt 0.453044 0.063208
vt 0.010866 0.027653
vt 0.010866 0.035718
vt 0.002802 0.035718
vt 0.002802 0.027653
vt 0.461523 0.071117
vt 0.453562 0.071461
vt 0.342277 0.108659
vt 0.334213 0.108659
vt 0.334213 0.100595
vt 0.342277 0.100595
vt 0.332922 0.107369
vt 0.332922 0.101885
vt 0.460297 0.072678
vt 0.454724 0.072901
vt 0.313803 0.107369
vt 0.313803 0.101885
vt 0.460594 0.092960
vt 0.455051 0.093241
vt 0.312278 0.108363
vt 0.312278 0.100891
vt 0.461576 0.094316
vt 0.453657 0.094197
vt 0.303593 0.108363
vt 0.303593 0.100891
vt 0.461802 0.103578
vt 0.454252 0.103649
vt 0.003098 0.057652
vt 0.010570 0.057652
vt 0.010570 0.066337
vt 0.003098 0.066337
vt 0.004092 0.056128
vt 0.009575 0.056128
vt 0.457287 0.027502
vt 0.452374 0.027713
vt 0.450926 0.027043
vt 0.458022 0.026240
vt 0.450792 0.018525
vt 0.457492 0.017981
vt 0.009575 0.067861
vt 0.004092 0.067861
vt 0.451132 0.016932
vt 0.456399 0.016516
vt 0.302069 0.107369
vt 0.302069 0.101885
vt 0.449367 0.011035
vt 0.453821 0.008171
vt 0.293258 0.107369
vt 0.293258 0.101885
vt 0.285456 0.107369
vt 0.285456 0.101885
vt 0.445787 0.007473
vt 0.448447 0.002833
vt 0.458684 0.114996
vt 0.453380 0.112243
vt 0.454830 0.105436
vt 0.460753 0.105340
vt 0.453167 0.121605
vt 0.449676 0.116629
vt 0.009575 0.074116
vt 0.004092 0.074116
vt 0.009575 0.079331
vt 0.004092 0.079331
vt 0.009575 0.084523
vt 0.004092 0.084523
vt 0.445690 0.124914
vt 0.444498 0.118857
vt 0.441087 0.005922
vt 0.441658 0.000607
vt 0.009575 0.089830
vt 0.004092 0.089830
vt 0.436082 0.006333
vt 0.434694 0.001257
vt 0.277946 0.107369
vt 0.277946 0.101886
vt 0.270482 0.107369
vt 0.270482 0.101885
vt 0.437549 0.124958
vt 0.438750 0.118841
vt 0.430142 0.121426
vt 0.433568 0.116534
vt 0.262972 0.107369
vt 0.262972 0.101886
vt 0.009575 0.095022
vt 0.004092 0.095022
vt 0.009575 0.100237
vt 0.004092 0.100237
vt 0.424925 0.115085
vt 0.429765 0.112157
vt 0.428539 0.012504
vt 0.424283 0.010118
vt 0.428580 0.004540
vt 0.431687 0.008571
vt 0.255170 0.107369
vt 0.255170 0.101885
vt 0.426864 0.017489
vt 0.422338 0.017381
vt 0.246359 0.107369
vt 0.246359 0.101885
vt 0.422481 0.106757
vt 0.427654 0.106518
vt 0.244837 0.108363
vt 0.244837 0.100891
vt 0.421454 0.105267
vt 0.429015 0.106217
vt 0.236172 0.108363
vt 0.236172 0.100891
vt 0.422114 0.096075
vt 0.429878 0.096613
vt 0.234650 0.107369
vt 0.234650 0.101885
vt 0.423185 0.094598
vt 0.428870 0.094887
vt 0.423847 0.073957
vt 0.429449 0.074071
vt 0.215515 0.107369
vt 0.215516 0.101886
vt 0.009575 0.118201
vt 0.004092 0.118201
vt 0.003098 0.116678
vt 0.010570 0.116678
vt 0.009575 0.137335
vt 0.004092 0.137335
vt 0.429355 0.046692
vt 0.424122 0.046858
vt 0.423102 0.028042
vt 0.428198 0.027633
vt 0.422202 0.026766
vt 0.429113 0.026116
vt 0.003098 0.108014
vt 0.010570 0.108014
vt 0.421454 0.018696
vt 0.428077 0.017688
vt 0.004092 0.106492
vt 0.009575 0.106492
vt 0.430797 0.047692
vt 0.422913 0.048021
vt 0.010866 0.138626
vt 0.002802 0.138626
vt 0.423042 0.056051
vt 0.430967 0.055938
vt 0.002802 0.146690
vt 0.010866 0.146690
vt 0.431105 0.064308
vt 0.431013 0.072989
vt 0.422693 0.072651
vt 0.422980 0.064239
vt 0.206161 0.100595
vt 0.214225 0.100595
vt 0.214225 0.108659
vt 0.206161 0.108659
vt 0.458656 0.045516
vt 0.453631 0.046001
vt 0.004092 0.037008
vt 0.009575 0.037008
vt 0.459977 0.046548
vt 0.452141 0.046772
vt 0.330009 0.305645
vt 0.341232 0.305983
vt 0.340681 0.316827
vt 0.329526 0.316315
vt 0.418338 0.162989
vt 0.407334 0.162989
vt 0.407334 0.151984
vt 0.418338 0.151984
vt 0.352745 0.306432
vt 0.351901 0.317440
vt 0.309679 0.002578
vt 0.309679 0.013582
vt 0.298674 0.013582
vt 0.298674 0.002578
vt 0.296913 0.004339
vt 0.296913 0.011821
vt 0.353629 0.315848
vt 0.353644 0.308589
vt 0.270823 0.011821
vt 0.270823 0.004339
vt 0.380521 0.308720
vt 0.380190 0.316056
vt 0.268743 0.013178
vt 0.268743 0.002982
vt 0.381820 0.306787
vt 0.381975 0.317437
vt 0.256892 0.013178
vt 0.256892 0.002982
vt 0.394648 0.307623
vt 0.394490 0.317829
vt 0.407738 0.122052
vt 0.407738 0.110201
vt 0.417934 0.110201
vt 0.417934 0.122052
vt 0.409095 0.124133
vt 0.416577 0.124133
vt 0.290953 0.312292
vt 0.289162 0.313262
vt 0.290224 0.303400
vt 0.291153 0.305344
vt 0.277723 0.312497
vt 0.278493 0.303236
vt 0.416577 0.108121
vt 0.409095 0.108121
vt 0.276296 0.303710
vt 0.275706 0.310970
vt 0.254811 0.004339
vt 0.254811 0.011821
vt 0.268191 0.301274
vt 0.264234 0.307386
vt 0.242788 0.004339
vt 0.242788 0.011821
vt 0.232141 0.004339
vt 0.232141 0.011821
vt 0.263305 0.296347
vt 0.256917 0.299983
vt 0.410032 0.313715
vt 0.396889 0.316437
vt 0.397070 0.308413
vt 0.406337 0.306488
vt 0.419072 0.306272
vt 0.412333 0.301485
vt 0.416577 0.099586
vt 0.409095 0.099586
vt 0.416577 0.092470
vt 0.409095 0.092470
vt 0.416577 0.085384
vt 0.409095 0.085384
vt 0.423640 0.296130
vt 0.415407 0.294460
vt 0.261189 0.289888
vt 0.253884 0.290655
vt 0.416577 0.078143
vt 0.409095 0.078143
vt 0.261770 0.283019
vt 0.254802 0.281098
vt 0.221893 0.004339
vt 0.221893 0.011821
vt 0.211708 0.004339
vt 0.211708 0.011821
vt 0.423771 0.285056
vt 0.415432 0.286641
vt 0.419028 0.274951
vt 0.412333 0.279574
vt 0.201460 0.004339
vt 0.201460 0.011821
vt 0.416577 0.071057
vt 0.409095 0.071057
vt 0.416577 0.063941
vt 0.409095 0.063941
vt 0.410438 0.267792
vt 0.406400 0.274365
vt 0.270271 0.272683
vt 0.264858 0.276993
vt 0.259331 0.272716
vt 0.267006 0.266836
vt 0.190814 0.004339
vt 0.190814 0.011821
vt 0.277122 0.270400
vt 0.276989 0.264189
vt 0.178790 0.004338
vt 0.178790 0.011821
vt 0.399095 0.264375
vt 0.398690 0.271437
vt 0.176712 0.013178
vt 0.176712 0.002982
vt 0.398322 0.273307
vt 0.397071 0.262980
vt 0.164889 0.002982
vt 0.164889 0.013178
vt 0.384528 0.263835
vt 0.385220 0.274425
vt 0.162811 0.004338
vt 0.162811 0.011821
vt 0.382501 0.265291
vt 0.382871 0.273035
vt 0.354346 0.266103
vt 0.354501 0.273729
vt 0.136701 0.004338
vt 0.136701 0.011821
vt 0.416577 0.039427
vt 0.417934 0.041505
vt 0.407738 0.041505
vt 0.409094 0.039427
vt 0.416577 0.013317
vt 0.409094 0.013317
vt 0.317165 0.273879
vt 0.291049 0.272261
vt 0.291629 0.265285
vt 0.317399 0.266739
vt 0.288962 0.273508
vt 0.289875 0.264031
vt 0.417934 0.053328
vt 0.407738 0.053328
vt 0.277393 0.272065
vt 0.278798 0.262980
vt 0.409094 0.055406
vt 0.416577 0.055406
vt 0.318980 0.265115
vt 0.318529 0.275843
vt 0.407333 0.011556
vt 0.418338 0.011556
vt 0.329892 0.265305
vt 0.329827 0.276183
vt 0.407333 0.000551
vt 0.418338 0.000551
vt 0.341264 0.276032
vt 0.341034 0.265018
vt 0.352520 0.264531
vt 0.353050 0.275860
vt 0.123935 0.013582
vt 0.123935 0.002577
vt 0.134940 0.002577
vt 0.134940 0.013582
vt 0.316766 0.313836
vt 0.317146 0.306583
vt 0.409095 0.150223
vt 0.416577 0.150223
vt 0.319088 0.305385
vt 0.318513 0.315758
vt 0.388910 0.091117
vt 0.400391 0.090401
vt 0.401317 0.102397
vt 0.389661 0.103069
vt 0.369442 0.260782
vt 0.357740 0.260782
vt 0.357740 0.249081
vt 0.369442 0.249081
vt 0.402040 0.114756
vt 0.390372 0.115203
vt 0.000794 0.170302
vt 0.012496 0.170302
vt 0.012496 0.182004
vt 0.000794 0.182004
vt 0.014369 0.172175
vt 0.014369 0.180131
vt 0.400193 0.117112
vt 0.392018 0.117383
vt 0.042111 0.172175
vt 0.042111 0.180131
vt 0.400282 0.146761
vt 0.392187 0.147001
vt 0.044324 0.170732
vt 0.044324 0.181574
vt 0.401668 0.148807
vt 0.390084 0.148420
vt 0.056925 0.170732
vt 0.056925 0.181574
vt 0.401707 0.162390
vt 0.390662 0.162220
vt 0.325912 0.249510
vt 0.325912 0.260353
vt 0.313311 0.260353
vt 0.313311 0.249510
vt 0.328125 0.250953
vt 0.328125 0.258910
vt 0.395408 0.051122
vt 0.388272 0.051500
vt 0.386159 0.050550
vt 0.396457 0.049278
vt 0.385847 0.038178
vt 0.395573 0.037287
vt 0.311098 0.258910
vt 0.311098 0.250953
vt 0.386319 0.035858
vt 0.393965 0.035176
vt 0.059138 0.172175
vt 0.059138 0.180131
vt 0.383673 0.027318
vt 0.390103 0.023092
vt 0.071923 0.172175
vt 0.071923 0.180131
vt 0.083243 0.172175
vt 0.083243 0.180131
vt 0.378424 0.022196
vt 0.382223 0.015416
vt 0.396690 0.178984
vt 0.389054 0.174726
vt 0.391438 0.164861
vt 0.400100 0.164958
vt 0.388343 0.188402
vt 0.383464 0.180962
vt 0.302023 0.258910
vt 0.302023 0.250953
vt 0.294456 0.258910
vt 0.294456 0.250953
vt 0.286922 0.258910
vt 0.286922 0.250953
vt 0.377246 0.192870
vt 0.375816 0.183975
vt 0.371574 0.020013
vt 0.372330 0.012284
vt 0.279221 0.258910
vt 0.279221 0.250953
vt 0.364302 0.020688
vt 0.362222 0.013350
vt 0.094141 0.172175
vt 0.094141 0.180131
vt 0.104970 0.172175
vt 0.104970 0.180131
vt 0.365363 0.192454
vt 0.367464 0.183676
vt 0.354934 0.186949
vt 0.360101 0.180113
vt 0.115868 0.172175
vt 0.115868 0.180131
vt 0.271687 0.258910
vt 0.271687 0.250953
vt 0.264120 0.258910
vt 0.264120 0.250953
vt 0.347774 0.177619
vt 0.354829 0.173659
vt 0.353435 0.029762
vt 0.347222 0.026356
vt 0.353391 0.018196
vt 0.357953 0.024003
vt 0.127189 0.172175
vt 0.127189 0.180131
vt 0.351070 0.037026
vt 0.344492 0.036934
vt 0.139974 0.172175
vt 0.139974 0.180132
vt 0.344635 0.165616
vt 0.352039 0.165488
vt 0.142183 0.170732
vt 0.142183 0.181574
vt 0.343224 0.163465
vt 0.353996 0.165108
vt 0.154755 0.170732
vt 0.154755 0.181574
vt 0.344475 0.150370
vt 0.355567 0.151371
vt 0.156964 0.172175
vt 0.156964 0.180132
vt 0.346043 0.148339
vt 0.354189 0.148905
vt 0.347338 0.118741
vt 0.355381 0.118956
vt 0.184729 0.172175
vt 0.184729 0.180132
vt 0.238054 0.258910
vt 0.238054 0.250953
vt 0.240263 0.249510
vt 0.240263 0.260353
vt 0.210289 0.258910
vt 0.210289 0.250953
vt 0.355095 0.079416
vt 0.347505 0.079735
vt 0.345754 0.052424
vt 0.353146 0.051749
vt 0.344418 0.050576
vt 0.354458 0.049531
vt 0.252835 0.249511
vt 0.252835 0.260353
vt 0.343224 0.038858
vt 0.352836 0.037299
vt 0.255044 0.250953
vt 0.255044 0.258910
vt 0.357196 0.080846
vt 0.345777 0.081438
vt 0.208417 0.260782
vt 0.208417 0.249081
vt 0.346080 0.093065
vt 0.357542 0.092811
vt 0.196715 0.249081
vt 0.196715 0.260782
vt 0.357808 0.104965
vt 0.357631 0.117445
vt 0.345688 0.116916
vt 0.346088 0.104876
vt 0.198303 0.182004
vt 0.186602 0.182004
vt 0.186602 0.170303
vt 0.198303 0.170303
vt 0.397643 0.077275
vt 0.390340 0.078036
vt 0.355867 0.250953
vt 0.355867 0.258910
vt 0.399599 0.078753
vt 0.388194 0.079197
vt 0.307820 0.350926
vt 0.301773 0.350531
vt 0.302113 0.344423
vt 0.308182 0.344908
vt 0.166397 0.230901
vt 0.166397 0.224875
vt 0.172423 0.224875
vt 0.172423 0.230901
vt 0.295635 0.350156
vt 0.295860 0.344045
vt 0.266215 0.018422
vt 0.266215 0.024448
vt 0.260189 0.024448
vt 0.260189 0.018422
vt 0.259225 0.019386
vt 0.259225 0.023484
vt 0.294676 0.345013
vt 0.294530 0.349296
vt 0.244937 0.023484
vt 0.244937 0.019386
vt 0.279543 0.349195
vt 0.279679 0.344955
vt 0.243798 0.024227
vt 0.243798 0.018643
vt 0.278838 0.350305
vt 0.278639 0.344228
vt 0.237308 0.024227
vt 0.237308 0.018643
vt 0.271854 0.349997
vt 0.271768 0.344211
vt 0.188814 0.225096
vt 0.195304 0.225096
vt 0.195304 0.230680
vt 0.188814 0.230680
vt 0.187675 0.225839
vt 0.187675 0.229936
vt 0.328069 0.347533
vt 0.328994 0.346985
vt 0.328355 0.352374
vt 0.327861 0.351275
vt 0.335061 0.347443
vt 0.334611 0.352540
vt 0.196443 0.229937
vt 0.196443 0.225839
vt 0.335783 0.352283
vt 0.336132 0.348285
vt 0.236169 0.019386
vt 0.236169 0.023484
vt 0.340103 0.353672
vt 0.342240 0.350305
vt 0.229585 0.019386
vt 0.229585 0.023484
vt 0.223755 0.019386
vt 0.223755 0.023484
vt 0.342694 0.356424
vt 0.346124 0.354432
vt 0.263370 0.346840
vt 0.270473 0.345054
vt 0.270515 0.349600
vt 0.265523 0.350845
vt 0.258603 0.351213
vt 0.262366 0.353771
vt 0.201117 0.229937
vt 0.201117 0.225839
vt 0.205014 0.229937
vt 0.205014 0.225839
vt 0.208894 0.229937
vt 0.208894 0.225839
vt 0.256342 0.357026
vt 0.260840 0.357777
vt 0.343799 0.360014
vt 0.347710 0.359617
vt 0.212859 0.229937
vt 0.212859 0.225839
vt 0.343459 0.363822
vt 0.347181 0.364915
vt 0.218143 0.019386
vt 0.218143 0.023484
vt 0.212566 0.019386
vt 0.212566 0.023484
vt 0.256549 0.363249
vt 0.260989 0.362152
vt 0.259325 0.368715
vt 0.262788 0.366012
vt 0.206953 0.019386
vt 0.206953 0.023484
vt 0.216740 0.229937
vt 0.216740 0.225839
vt 0.220637 0.229937
vt 0.220637 0.225839
vt 0.264040 0.372477
vt 0.266053 0.368778
vt 0.338866 0.369522
vt 0.341781 0.367152
vt 0.344722 0.369547
vt 0.340590 0.372780
vt 0.201123 0.019386
vt 0.201123 0.023484
vt 0.335189 0.370761
vt 0.335235 0.374210
vt 0.194539 0.019386
vt 0.194539 0.023484
vt 0.270121 0.374143
vt 0.270210 0.370250
vt 0.193401 0.024227
vt 0.193401 0.018643
vt 0.270376 0.369216
vt 0.271210 0.374875
vt 0.186927 0.018643
vt 0.186927 0.024227
vt 0.277841 0.374213
vt 0.277333 0.368394
vt 0.185789 0.019386
vt 0.185789 0.023484
vt 0.278872 0.373385
vt 0.278583 0.369117
vt 0.293838 0.372710
vt 0.293735 0.368499
vt 0.171491 0.019386
vt 0.171491 0.023484
vt 0.234060 0.229937
vt 0.232923 0.230680
vt 0.232923 0.225096
vt 0.234060 0.225839
vt 0.248359 0.229937
vt 0.248359 0.225839
vt 0.313738 0.368645
vt 0.327738 0.369673
vt 0.327395 0.373547
vt 0.313575 0.372623
vt 0.328861 0.368986
vt 0.328331 0.374248
vt 0.226448 0.230680
vt 0.226448 0.225096
vt 0.335051 0.369836
vt 0.334262 0.374875
vt 0.225310 0.225839
vt 0.225310 0.229937
vt 0.312714 0.373528
vt 0.313013 0.367544
vt 0.249323 0.224875
vt 0.249323 0.230901
vt 0.306832 0.373370
vt 0.306960 0.367364
vt 0.255349 0.224875
vt 0.255349 0.230901
vt 0.300810 0.367225
vt 0.300856 0.373366
vt 0.294765 0.373579
vt 0.294494 0.367316
vt 0.164500 0.024448
vt 0.164500 0.018422
vt 0.170526 0.018422
vt 0.170526 0.024448
vt 0.314828 0.346342
vt 0.314431 0.350171
vt 0.173387 0.225839
vt 0.173387 0.229936
vt 0.313853 0.351304
vt 0.314077 0.345321
s 0
usemtl UniV_Grid_2K
f 11/1/1 31/2/1 8/3/1 6/4/1
f 56/5/2 58/6/2 80/7/2 73/8/2
f 42/9/3 45/10/3 59/11/3 57/12/3
f 50/13/4 20/14/4 54/15/4 60/16/4
f 9/17/5 29/18/5 111/19/5 7/20/5
f 31/21/6 11/22/6 13/23/6 12/24/6
f 11/22/7 15/25/7 16/26/7 13/23/7
f 9/27/8 14/28/8 16/26/8 15/25/8
f 14/28/9 18/29/9 19/30/9 16/26/9
f 10/31/10 17/32/10 19/30/10 18/29/10
f 17/32/11 12/24/11 13/23/11 19/30/11
f 13/23/12 16/26/12 19/30/12
f 20/33/13 22/34/13 24/35/13 23/36/13
f 22/34/14 26/37/14 27/38/14 24/35/14
f 21/39/15 25/40/15 27/38/15 26/37/15
f 25/40/16 29/41/16 30/42/16 27/38/16
f 9/43/17 28/44/17 30/42/17 29/41/17
f 28/44/18 23/36/18 24/35/18 30/42/18
f 24/35/19 27/38/19 30/42/19
f 31/45/20 33/46/20 35/47/20 34/48/20
f 33/46/21 37/49/21 38/50/21 35/47/21
f 32/51/22 36/52/22 38/50/22 37/49/22
f 36/52/23 40/53/23 41/54/23 38/50/23
f 42/55/24 39/56/24 41/54/24 40/53/24
f 39/56/25 34/48/25 35/47/25 41/54/25
f 35/47/26 38/50/26 41/54/26
f 42/57/27 44/58/27 46/59/27 45/60/27
f 44/58/28 48/61/28 49/62/28 46/59/28
f 43/63/29 47/64/29 49/62/29 48/61/29
f 47/64/30 51/65/30 52/66/30 49/62/30
f 20/67/31 50/68/31 52/66/31 51/65/31
f 50/68/32 45/60/32 46/59/32 52/66/32
f 46/59/33 49/62/33 52/66/33
f 12/69/34 17/70/34 104/71/34 3/72/34
f 37/73/34 33/74/34 114/75/34 116/76/34
f 34/77/35 39/78/35 58/6/35 56/5/35
f 51/79/36 47/80/36 121/81/36 123/82/36
f 14/83/5 9/17/5 7/20/5 1/84/5
f 28/85/37 9/86/37 2/87/37 55/88/37
f 20/14/38 23/89/38 53/90/38 54/15/38
f 45/10/39 50/13/39 60/16/39 59/11/39
f 15/91/40 11/1/40 6/4/40 4/92/40
f 23/93/41 28/85/41 55/88/41 53/94/41
f 39/95/42 42/9/42 57/12/42 58/96/42
f 31/2/43 34/77/43 56/5/43 8/3/43
f 9/86/44 15/91/44 4/92/44 2/87/44
f 72/97/45 71/98/45 98/99/45 99/100/45
f 59/101/46 60/102/46 72/103/46 70/104/46
f 55/88/47 2/87/47 78/105/47 74/106/47
f 58/107/46 57/108/46 61/109/46 62/110/46
f 68/111/48 69/112/48 86/113/48 85/114/48
f 8/3/49 56/5/49 73/8/49 75/115/49
f 66/116/50 67/117/50 84/118/50 83/119/50
f 4/92/40 6/4/40 76/120/40 77/121/40
f 57/108/46 59/101/46 70/104/46 61/109/46
f 54/122/46 53/123/46 65/124/46 71/125/46
f 60/102/46 54/122/46 71/125/46 72/103/46
f 69/112/48 68/111/48 93/126/48 94/127/48
f 64/128/51 69/112/51 94/127/51 95/129/51
f 63/130/41 62/131/41 90/132/41 97/133/41
f 66/116/52 63/130/52 97/133/52 91/134/52
f 67/117/50 66/116/50 91/134/50 92/135/50
f 61/136/53 70/137/53 100/138/53 89/139/53
f 65/140/35 64/128/35 95/129/35 96/141/35
f 76/142/54 75/143/54 83/144/54 84/145/54
f 78/146/55 77/147/55 85/148/55 86/149/55
f 77/147/46 76/142/46 84/145/46 85/148/46
f 75/150/56 73/151/56 81/152/56 83/153/56
f 74/154/57 78/155/57 86/156/57 82/157/57
f 73/151/58 80/158/58 88/159/58 81/152/58
f 79/160/59 74/154/59 82/157/59 87/161/59
f 53/94/60 55/88/60 74/106/60 79/162/60
f 67/117/39 68/111/39 85/114/39 84/118/39
f 64/128/61 65/140/61 87/163/61 82/164/61
f 69/165/36 2/166/36 78/167/36 86/168/36
f 62/131/41 63/130/41 81/169/41 88/170/41
f 6/4/45 8/3/45 75/171/45 76/120/45
f 63/130/52 66/116/52 83/172/52 81/169/52
f 8/173/62 66/174/62 83/175/62 75/176/62
f 65/177/63 53/178/63 79/160/63 87/161/63
f 69/112/51 64/128/51 82/164/51 86/179/51
f 58/180/64 62/181/64 88/159/64 80/158/64
f 2/87/53 4/92/53 77/121/53 78/182/53
f 89/183/46 103/184/46 102/185/46 90/186/46
f 91/187/46 102/185/46 93/188/46 92/189/46
f 103/184/46 89/183/46 100/190/46 101/191/46
f 94/192/46 103/184/46 101/191/46 95/193/46
f 90/186/46 102/185/46 91/187/46 97/194/46
f 93/188/46 102/185/46 103/184/46 94/192/46
f 95/193/46 101/191/46 98/195/46 96/196/46
f 101/191/46 100/190/46 99/197/46 98/195/46
f 71/98/49 65/140/49 96/141/49 98/99/49
f 68/111/39 67/117/39 92/135/39 93/126/39
f 62/131/47 61/136/47 89/139/47 90/132/47
f 70/198/40 72/97/40 99/100/40 100/199/40
f 20/200/36 51/79/36 123/82/36 106/201/36
f 48/202/62 44/203/62 120/204/62 122/205/62
f 18/206/5 14/83/5 1/84/5 105/207/5
f 21/208/36 26/209/36 110/210/36 107/211/36
f 25/212/5 21/208/5 107/211/5 109/213/5
f 32/214/34 37/73/34 116/76/34 113/215/34
f 22/216/36 20/200/36 106/201/36 108/217/36
f 36/218/62 32/214/62 113/215/62 115/219/62
f 43/220/62 48/202/62 122/205/62 119/221/62
f 33/74/34 31/222/34 112/223/34 114/75/34
f 10/224/5 18/206/5 105/207/5 5/225/5
f 29/18/5 25/212/5 109/213/5 111/19/5
f 47/80/36 43/226/36 119/227/36 121/81/36
f 44/203/62 42/228/62 118/229/62 120/204/62
f 17/70/34 10/224/34 5/225/34 104/71/34
f 31/222/34 12/69/34 3/72/34 112/223/34
f 42/228/62 40/230/62 117/231/62 118/229/62
f 40/230/62 36/218/62 115/219/62 117/231/62
f 26/209/36 22/216/36 108/217/36 110/210/36
f 110/232/65 124/233/65 109/234/65 107/235/65
f 124/233/66 129/236/66 111/237/66 109/234/66
f 129/236/67 134/238/67 7/239/67 111/237/67
f 134/238/68 139/240/68 1/241/68 7/239/68
f 139/240/69 144/242/69 105/243/69 1/241/69
f 144/242/70 104/244/70 5/245/70 105/243/70
f 108/246/71 125/247/71 124/233/71 110/232/71
f 125/247/72 130/248/72 129/236/72 124/233/72
f 130/248/73 135/249/73 134/238/73 129/236/73
f 135/249/74 140/250/74 139/240/74 134/238/74
f 140/250/75 145/251/75 144/242/75 139/240/75
f 145/251/76 3/252/76 104/244/76 144/242/76
f 106/253/77 126/254/77 125/247/77 108/246/77
f 126/254/78 131/255/78 130/248/78 125/247/78
f 131/255/79 136/256/79 135/249/79 130/248/79
f 136/256/80 141/257/80 140/250/80 135/249/80
f 141/257/81 146/258/81 145/251/81 140/250/81
f 146/258/82 112/259/82 3/252/82 145/251/82
f 123/260/83 127/261/83 126/254/83 106/253/83
f 127/261/84 132/262/84 131/255/84 126/254/84
f 132/262/85 137/263/85 136/256/85 131/255/85
f 137/263/86 142/264/86 141/257/86 136/256/86
f 142/264/87 147/265/87 146/258/87 141/257/87
f 147/265/88 114/266/88 112/259/88 146/258/88
f 121/267/89 128/268/89 127/261/89 123/260/89
f 128/268/90 133/269/90 132/262/90 127/261/90
f 133/269/91 138/270/91 137/263/91 132/262/91
f 138/270/92 143/271/92 142/264/92 137/263/92
f 143/271/93 148/272/93 147/265/93 142/264/93
f 148/272/94 116/273/94 114/266/94 147/265/94
f 119/274/95 122/275/95 128/268/95 121/267/95
f 122/275/96 120/276/96 133/269/96 128/268/96
f 120/276/97 118/277/97 138/270/97 133/269/97
f 118/277/98 117/278/98 143/271/98 138/270/98
f 117/278/99 115/279/99 148/272/99 143/271/99
f 115/279/100 113/280/100 116/273/100 148/272/100
f 246/281/101 167/282/101 149/283/101
f 248/284/102 167/282/102 246/281/102
f 161/285/103 151/286/103 150/287/103 164/288/103
f 164/288/103 150/287/103 149/283/103 167/282/103
f 153/289/104 166/290/104 169/291/104 154/292/104
f 166/290/46 165/293/46 168/294/46 169/291/46
f 165/293/46 164/288/46 167/282/46 168/294/46
f 152/295/104 163/296/104 166/290/104 153/289/104
f 163/296/46 162/297/46 165/293/46 166/290/46
f 162/297/46 161/285/46 164/288/46 165/293/46
f 261/298/105 259/299/105 163/296/105
f 157/300/106 156/301/106 162/297/106 163/296/106
f 156/301/106 155/302/106 161/285/106 162/297/106
f 255/303/107 169/291/107 257/304/107
f 169/291/108 168/294/108 159/305/108 158/306/108
f 168/294/108 167/282/108 160/307/108 159/305/108
f 179/308/109 181/309/109 183/310/109 180/311/109
f 180/312/110 183/313/110 182/314/110 178/315/110
f 181/309/111 184/316/111 186/317/111 183/310/111
f 183/313/112 186/318/112 185/319/112 182/314/112
f 194/320/113 196/321/113 198/322/113 195/323/113
f 195/324/114 198/325/114 197/326/114 193/327/114
f 196/321/115 199/328/115 201/329/115 198/322/115
f 198/325/116 201/330/116 200/331/116 197/326/116
f 191/332/117 200/331/117 201/330/117 192/333/117
f 192/334/118 201/329/118 199/328/118 190/335/118
f 188/336/119 194/320/119 195/323/119 189/337/119
f 189/338/120 195/324/120 193/327/120 187/339/120
f 184/316/121 191/332/121 192/333/121 186/317/121
f 186/318/122 192/334/122 190/335/122 185/319/122
f 178/315/123 188/336/123 189/337/123 180/312/123
f 180/340/124 189/338/124 187/339/124 179/341/124
f 179/341/125 187/339/125 173/342/125 170/343/125
f 181/309/126 179/308/126 170/344/126 171/345/126
f 184/316/127 181/309/127 171/345/127 172/346/127
f 191/332/128 184/316/128 172/346/128 174/347/128
f 187/339/129 193/327/129 175/348/129 173/342/129
f 200/331/130 191/332/130 174/347/130 177/349/130
f 193/327/131 197/326/131 176/350/131 175/348/131
f 197/326/132 200/331/132 177/349/132 176/350/132
f 217/351/133 202/352/133 203/353/133 218/354/133
f 161/285/134 251/355/134 151/286/134
f 235/356/135 204/357/135 205/358/135 236/359/135
f 260/360/136 261/298/136 163/296/136
f 226/361/137 208/362/137 209/363/137 227/364/137
f 257/304/138 169/291/138 256/365/138
f 244/366/139 206/367/139 207/368/139 245/369/139
f 204/357/140 210/370/140 212/371/140 205/358/140
f 210/370/141 213/372/141 215/373/141 212/371/141
f 212/371/142 215/373/142 214/374/142 211/375/142
f 213/372/141 217/351/141 218/354/141 215/373/141
f 215/373/142 218/354/142 216/376/142 214/374/142
f 206/367/143 219/377/143 221/378/143 207/368/143
f 247/379/144 167/282/144 249/380/144
f 219/377/145 222/381/145 224/382/145 221/378/145
f 221/378/146 224/382/146 223/383/146 220/384/146
f 222/381/145 226/361/145 227/364/145 224/382/145
f 224/382/146 227/364/146 225/385/146 223/383/146
f 208/362/147 228/386/147 230/387/147 209/363/147
f 228/386/148 231/388/148 233/389/148 230/387/148
f 230/387/149 233/389/149 232/390/149 229/391/149
f 231/388/148 235/356/148 236/359/148 233/389/148
f 233/389/149 236/359/149 234/392/149 232/390/149
f 202/352/150 237/393/150 239/394/150 203/353/150
f 237/393/151 240/395/151 242/396/151 239/394/151
f 239/394/152 242/396/152 241/397/152 238/398/152
f 240/395/151 244/366/151 245/369/151 242/396/151
f 242/396/152 245/369/152 243/399/152 241/397/152
f 217/351/153 199/328/153 237/393/153 202/352/153
f 249/380/154 167/282/154 248/284/154
f 252/400/155 161/285/155 250/401/155
f 253/402/156 161/285/156 252/400/156
f 204/357/153 235/356/153 185/319/153 210/370/153
f 251/355/157 161/285/157 253/402/157
f 259/299/158 157/300/158 163/296/158
f 194/320/153 219/377/153 206/367/153 244/366/153
f 163/296/159 258/403/159 260/360/159
f 256/365/160 169/291/160 254/404/160
f 228/386/153 208/362/153 226/361/153 178/315/153
f 254/404/161 169/291/161 158/306/161
f 214/405/162 150/406/162 151/407/162 211/408/162
f 210/370/153 185/319/153 190/335/153 213/372/153
f 216/409/162 149/410/162 150/406/162 214/405/162
f 213/372/153 190/335/153 199/328/153 217/351/153
f 223/411/163 153/412/163 154/413/163 220/414/163
f 188/336/153 222/381/153 219/377/153 194/320/153
f 225/415/163 152/416/163 153/412/163 223/411/163
f 178/315/153 226/361/153 222/381/153 188/336/153
f 232/417/164 156/418/164 157/419/164 229/420/164
f 231/388/153 228/386/153 178/315/153 182/314/153
f 234/421/164 155/422/164 156/418/164 232/417/164
f 235/356/153 231/388/153 182/314/153 185/319/153
f 241/423/165 159/424/165 160/425/165 238/426/165
f 199/328/153 196/321/153 240/395/153 237/393/153
f 243/427/165 158/428/165 159/424/165 241/423/165
f 196/321/153 194/320/153 244/366/153 240/395/153
f 262/429/166 265/430/166 264/431/166
f 265/430/167 266/432/167 264/431/167
f 266/432/168 263/433/168 264/431/168
f 267/434/169 270/435/169 269/436/169
f 270/435/170 271/437/170 269/436/170
f 271/437/171 268/438/171 269/436/171
f 272/439/172 275/440/172 274/441/172
f 275/440/173 276/442/173 274/441/173
f 276/442/174 273/443/174 274/441/174
f 277/444/175 280/445/175 279/446/175
f 280/445/176 281/447/176 279/446/176
f 281/447/177 278/448/177 279/446/177
f 262/449/178 247/450/178 249/451/178 265/452/178
f 265/452/179 249/451/179 248/453/179 266/454/179
f 266/454/180 248/453/180 246/455/180 263/456/180
f 267/457/181 251/458/181 253/459/181 270/460/181
f 270/460/182 253/459/182 252/461/182 271/462/182
f 271/462/183 252/461/183 250/463/183 268/464/183
f 272/465/184 255/466/184 257/467/184 275/468/184
f 275/468/185 257/467/185 256/469/185 276/470/185
f 276/470/186 256/469/186 254/471/186 273/472/186
f 277/473/187 259/474/187 261/475/187 280/476/187
f 280/476/188 261/475/188 260/477/188 281/478/188
f 281/478/189 260/477/189 258/479/189 278/480/189
f 238/426/190 160/425/190 247/450/190 262/449/190
f 167/282/191 247/379/191 160/307/191
f 263/456/192 246/455/192 149/481/192 216/482/192
f 211/408/193 151/407/193 251/458/193 267/457/193
f 155/302/194 250/401/194 161/285/194
f 268/464/195 250/463/195 155/422/195 234/421/195
f 220/414/196 154/413/196 255/466/196 272/465/196
f 154/292/197 169/291/197 255/303/197
f 273/472/198 254/471/198 158/428/198 243/427/198
f 229/420/199 157/419/199 259/474/199 277/473/199
f 258/403/200 163/296/200 152/295/200
f 278/480/201 258/479/201 152/416/201 225/415/201
f 203/353/202 239/394/202 238/398/202 262/429/202 264/431/202
f 218/354/203 203/353/203 264/431/203 263/433/203 216/376/203
f 205/358/204 212/371/204 211/375/204 267/434/204 269/436/204
f 236/359/205 205/358/205 269/436/205 268/438/205 234/392/205
f 207/368/206 221/378/206 220/384/206 272/439/206 274/441/206
f 245/369/207 207/368/207 274/441/207 273/443/207 243/399/207
f 209/363/208 230/387/208 229/391/208 277/444/208 279/446/208
f 227/364/209 209/363/209 279/446/209 278/448/209 225/385/209
f 283/483/210 285/484/210 287/485/210 284/486/210
f 284/486/211 287/485/211 286/487/211 282/488/211
f 285/484/212 288/489/212 290/490/212 287/485/212
f 287/485/213 290/490/213 289/491/213 286/487/213
f 298/492/214 300/493/214 302/494/214 299/495/214
f 299/495/215 302/494/215 301/496/215 297/497/215
f 300/493/216 303/498/216 305/499/216 302/494/216
f 302/494/217 305/499/217 304/500/217 301/496/217
f 295/501/218 304/500/218 305/499/218 296/502/218
f 296/502/219 305/499/219 303/498/219 294/503/219
f 292/504/220 298/492/220 299/495/220 293/505/220
f 293/505/221 299/495/221 297/497/221 291/506/221
f 288/489/222 295/501/222 296/502/222 290/490/222
f 290/490/223 296/502/223 294/503/223 289/491/223
f 282/507/224 292/504/224 293/505/224 284/508/224
f 284/508/225 293/505/225 291/506/225 283/509/225
f 171/510/226 170/511/226 282/488/226 286/487/226
f 170/512/227 173/513/227 292/504/227 282/507/227
f 172/514/228 171/510/228 286/487/228 289/491/228
f 174/515/229 172/514/229 289/491/229 294/503/229
f 173/513/230 175/516/230 298/492/230 292/504/230
f 177/517/231 174/515/231 294/503/231 303/498/231
f 175/516/232 176/518/232 300/493/232 298/492/232
f 176/518/233 177/517/233 303/498/233 300/493/233
f 319/519/153 321/520/153 323/521/153 320/522/153
f 320/522/153 323/521/153 322/523/153 318/524/153
f 316/525/153 319/519/153 320/522/153 317/526/153
f 317/526/153 320/522/153 318/524/153 315/527/153
f 310/528/153 312/529/153 314/530/153 311/531/153
f 311/531/153 314/530/153 313/532/153 309/533/153
f 307/534/153 310/528/153 311/531/153 308/535/153
f 308/535/153 311/531/153 309/533/153 306/536/153
f 325/537/153 322/523/153 323/521/153 326/538/153
f 326/538/153 323/521/153 321/520/153 324/539/153
f 328/540/153 316/525/153 317/526/153 329/541/153
f 329/541/153 317/526/153 315/527/153 327/542/153
f 312/529/153 325/537/153 326/538/153 314/530/153
f 314/530/153 326/538/153 324/539/153 313/532/153
f 306/543/153 328/540/153 329/541/153 308/544/153
f 308/544/153 329/541/153 327/542/153 307/534/153
f 285/484/126 283/483/126 306/545/126 309/546/126
f 312/529/46 310/528/46 307/534/46 327/542/46 315/527/46 318/524/46 322/523/46 325/537/46
f 283/509/125 291/506/125 328/547/125 306/548/125
f 288/489/127 285/484/127 309/546/127 313/549/127
f 295/501/128 288/489/128 313/549/128 324/550/128
f 297/497/131 301/496/131 319/551/131 316/552/131
f 291/506/129 297/497/129 316/552/129 328/547/129
f 301/496/132 304/500/132 321/553/132 319/551/132
f 304/500/130 295/501/130 324/550/130 321/553/130
f 427/554/234 348/555/234 330/556/234
f 429/557/235 348/555/235 427/554/235
f 342/558/236 332/559/236 331/560/236 345/561/236
f 345/561/236 331/560/236 330/556/236 348/555/236
f 334/562/237 347/563/237 350/564/237 335/565/237
f 347/563/46 346/566/46 349/567/46 350/564/46
f 346/566/46 345/561/46 348/555/46 349/567/46
f 333/568/237 344/569/237 347/563/237 334/562/237
f 344/569/46 343/570/46 346/566/46 347/563/46
f 343/570/46 342/558/46 345/561/46 346/566/46
f 442/571/238 440/572/238 344/569/238
f 338/573/239 337/574/239 343/570/239 344/569/239
f 337/574/239 336/575/239 342/558/239 343/570/239
f 436/576/240 350/564/240 438/577/240
f 350/564/241 349/567/241 340/578/241 339/579/241
f 349/567/241 348/555/241 341/580/241 340/578/241
f 360/581/242 362/582/242 364/583/242 361/584/242
f 361/585/243 364/586/243 363/587/243 359/588/243
f 362/582/244 365/589/244 367/590/244 364/583/244
f 364/586/245 367/591/245 366/592/245 363/587/245
f 375/593/246 377/594/246 379/595/246 376/596/246
f 376/597/247 379/598/247 378/599/247 374/600/247
f 377/594/248 380/601/248 382/602/248 379/595/248
f 379/598/249 382/603/249 381/604/249 378/599/249
f 372/605/250 381/604/250 382/603/250 373/606/250
f 373/607/251 382/602/251 380/601/251 371/608/251
f 369/609/252 375/593/252 376/596/252 370/610/252
f 370/611/253 376/597/253 374/600/253 368/612/253
f 365/613/254 372/605/254 373/606/254 367/614/254
f 367/591/255 373/607/255 371/608/255 366/592/255
f 359/588/256 369/609/256 370/610/256 361/585/256
f 361/584/257 370/611/257 368/612/257 360/581/257
f 360/581/258 368/612/258 354/615/258 351/616/258
f 362/582/259 360/581/259 351/616/259 352/617/259
f 365/589/260 362/582/260 352/617/260 353/618/260
f 372/605/261 365/613/261 353/619/261 355/620/261
f 368/612/262 374/600/262 356/621/262 354/615/262
f 381/604/263 372/605/263 355/620/263 358/622/263
f 374/600/264 378/599/264 357/623/264 356/621/264
f 378/599/265 381/604/265 358/622/265 357/623/265
f 398/624/266 383/625/266 384/626/266 399/627/266
f 342/558/267 432/628/267 332/559/267
f 416/629/268 385/630/268 386/631/268 417/632/268
f 441/633/269 442/571/269 344/569/269
f 407/634/270 389/635/270 390/636/270 408/637/270
f 438/577/271 350/564/271 437/638/271
f 425/639/272 387/640/272 388/641/272 426/642/272
f 385/630/273 391/643/273 393/644/273 386/631/273
f 391/643/274 394/645/274 396/646/274 393/644/274
f 393/644/275 396/646/275 395/647/275 392/648/275
f 394/645/274 398/624/274 399/627/274 396/646/274
f 396/646/275 399/627/275 397/649/275 395/647/275
f 387/640/276 400/650/276 402/651/276 388/641/276
f 428/652/277 348/555/277 430/653/277
f 400/650/278 403/654/278 405/655/278 402/651/278
f 402/651/279 405/655/279 404/656/279 401/657/279
f 403/654/278 407/634/278 408/637/278 405/655/278
f 405/655/279 408/637/279 406/658/279 404/656/279
f 389/635/280 409/659/280 411/660/280 390/636/280
f 409/659/281 412/661/281 414/662/281 411/660/281
f 411/660/282 414/662/282 413/663/282 410/664/282
f 412/661/281 416/629/281 417/632/281 414/662/281
f 414/662/282 417/632/282 415/665/282 413/663/282
f 383/625/283 418/666/283 420/667/283 384/626/283
f 418/666/284 421/668/284 423/669/284 420/667/284
f 420/667/285 423/669/285 422/670/285 419/671/285
f 421/668/284 425/639/284 426/642/284 423/669/284
f 423/669/285 426/642/285 424/672/285 422/670/285
f 398/624/153 380/601/153 418/666/153 383/625/153
f 430/653/286 348/555/286 429/557/286
f 433/673/287 342/558/287 431/674/287
f 434/675/288 342/558/288 433/673/288
f 385/630/153 416/629/153 366/592/153 391/643/153
f 432/628/289 342/558/289 434/675/289
f 440/572/290 338/573/290 344/569/290
f 375/593/153 400/650/153 387/640/153 425/639/153
f 344/569/291 439/676/291 441/633/291
f 437/638/292 350/564/292 435/677/292
f 409/659/153 389/635/153 407/634/153 359/588/153
f 435/677/293 350/564/293 339/579/293
f 395/678/294 331/679/294 332/680/294 392/681/294
f 391/643/153 366/592/153 371/608/153 394/645/153
f 397/682/294 330/683/294 331/679/294 395/678/294
f 394/645/153 371/608/153 380/601/153 398/624/153
f 404/684/295 334/685/295 335/686/295 401/687/295
f 369/609/153 403/654/153 400/650/153 375/593/153
f 406/688/295 333/689/295 334/685/295 404/684/295
f 359/588/153 407/634/153 403/654/153 369/609/153
f 413/690/296 337/691/296 338/692/296 410/693/296
f 412/661/153 409/659/153 359/588/153 363/587/153
f 415/694/296 336/695/296 337/691/296 413/690/296
f 416/629/153 412/661/153 363/587/153 366/592/153
f 422/696/297 340/697/297 341/698/297 419/699/297
f 380/601/153 377/594/153 421/668/153 418/666/153
f 424/700/297 339/701/297 340/697/297 422/696/297
f 377/594/153 375/593/153 425/639/153 421/668/153
f 443/702/298 446/703/298 445/704/298
f 446/703/299 447/705/299 445/704/299
f 447/705/300 444/706/300 445/704/300
f 448/707/301 451/708/301 450/709/301
f 451/708/302 452/710/302 450/709/302
f 452/710/303 449/711/303 450/709/303
f 453/712/304 456/713/304 455/714/304
f 456/713/305 457/715/305 455/714/305
f 457/715/306 454/716/306 455/714/306
f 458/717/307 461/718/307 460/719/307
f 461/718/308 462/720/308 460/719/308
f 462/720/309 459/721/309 460/719/309
f 443/722/310 428/723/310 430/724/310 446/725/310
f 446/725/311 430/724/311 429/726/311 447/727/311
f 447/727/312 429/726/312 427/728/312 444/729/312
f 448/730/313 432/731/313 434/732/313 451/733/313
f 451/733/314 434/732/314 433/734/314 452/735/314
f 452/735/315 433/734/315 431/736/315 449/737/315
f 453/738/316 436/739/316 438/740/316 456/741/316
f 456/741/317 438/740/317 437/742/317 457/743/317
f 457/743/318 437/742/318 435/744/318 454/745/318
f 458/746/319 440/747/319 442/748/319 461/749/319
f 461/749/320 442/748/320 441/750/320 462/751/320
f 462/751/321 441/750/321 439/752/321 459/753/321
f 419/699/322 341/698/322 428/723/322 443/722/322
f 348/555/323 428/652/323 341/580/323
f 444/729/324 427/728/324 330/683/324 397/682/324
f 392/681/325 332/680/325 432/731/325 448/730/325
f 336/575/326 431/674/326 342/558/326
f 449/737/327 431/736/327 336/695/327 415/694/327
f 401/754/328 335/755/328 436/739/328 453/738/328
f 335/565/329 350/564/329 436/576/329
f 454/745/330 435/744/330 339/701/330 424/700/330
f 410/693/331 338/692/331 440/747/331 458/746/331
f 439/676/332 344/569/332 333/568/332
f 459/753/333 439/752/333 333/689/333 406/688/333
f 384/626/334 420/667/334 419/671/334 443/702/334 445/704/334
f 399/627/335 384/626/335 445/704/335 444/706/335 397/649/335
f 386/631/336 393/644/336 392/648/336 448/707/336 450/709/336
f 417/632/337 386/631/337 450/709/337 449/711/337 415/665/337
f 388/641/338 402/651/338 401/657/338 453/712/338 455/714/338
f 426/642/339 388/641/339 455/714/339 454/716/339 424/672/339
f 390/636/340 411/660/340 410/664/340 458/717/340 460/719/340
f 408/637/341 390/636/341 460/719/341 459/721/341 406/658/341
f 464/756/342 466/757/342 468/758/342 465/759/342
f 465/759/343 468/758/343 467/760/343 463/761/343
f 466/757/344 469/762/344 471/763/344 468/758/344
f 468/758/345 471/763/345 470/764/345 467/760/345
f 479/765/346 481/766/346 483/767/346 480/768/346
f 480/768/347 483/767/347 482/769/347 478/770/347
f 481/766/348 484/771/348 486/772/348 483/767/348
f 483/767/349 486/772/349 485/773/349 482/769/349
f 476/774/350 485/773/350 486/772/350 477/775/350
f 477/775/351 486/772/351 484/771/351 475/776/351
f 473/777/352 479/765/352 480/768/352 474/778/352
f 474/778/353 480/768/353 478/770/353 472/779/353
f 469/780/354 476/774/354 477/775/354 471/781/354
f 471/781/355 477/775/355 475/776/355 470/782/355
f 463/761/356 473/777/356 474/778/356 465/759/356
f 465/759/357 474/778/357 472/779/357 464/756/357
f 352/783/358 351/784/358 463/761/358 467/760/358
f 351/784/359 354/785/359 473/777/359 463/761/359
f 353/786/360 352/783/360 467/760/360 470/764/360
f 355/787/361 353/788/361 470/782/361 475/776/361
f 354/785/362 356/789/362 479/765/362 473/777/362
f 358/790/363 355/787/363 475/776/363 484/771/363
f 356/789/364 357/791/364 481/766/364 479/765/364
f 357/791/365 358/790/365 484/771/365 481/766/365
f 500/792/153 502/793/153 504/794/153 501/795/153
f 501/795/153 504/794/153 503/796/153 499/797/153
f 497/798/153 500/792/153 501/795/153 498/799/153
f 498/799/153 501/795/153 499/797/153 496/800/153
f 491/801/153 493/802/153 495/803/153 492/804/153
f 492/804/153 495/803/153 494/805/153 490/806/153
f 488/807/153 491/801/153 492/804/153 489/808/153
f 489/808/153 492/804/153 490/806/153 487/809/153
f 506/810/153 503/796/153 504/794/153 507/811/153
f 507/811/153 504/794/153 502/793/153 505/812/153
f 509/813/153 497/798/153 498/799/153 510/814/153
f 510/814/153 498/799/153 496/800/153 508/815/153
f 493/802/153 506/810/153 507/811/153 495/816/153
f 495/816/153 507/811/153 505/812/153 494/817/153
f 487/809/153 509/813/153 510/814/153 489/808/153
f 489/808/153 510/814/153 508/815/153 488/807/153
f 466/818/259 464/819/259 487/820/259 490/821/259
f 493/802/46 491/801/46 488/807/46 508/815/46 496/800/46 499/797/46 503/796/46 506/810/46
f 464/819/258 472/822/258 509/823/258 487/820/258
f 469/824/260 466/818/260 490/821/260 494/825/260
f 476/826/261 469/827/261 494/828/261 505/829/261
f 478/830/264 482/831/264 500/832/264 497/833/264
f 472/822/262 478/830/262 497/833/262 509/823/262
f 482/831/265 485/834/265 502/835/265 500/832/265
f 485/834/263 476/826/263 505/829/263 502/835/263
f 608/836/366 529/837/366 511/838/366
f 610/839/367 529/837/367 608/836/367
f 523/840/368 513/841/368 512/842/368 526/843/368
f 526/843/368 512/842/368 511/838/368 529/837/368
f 515/844/369 528/845/369 531/846/369 516/847/369
f 528/845/46 527/848/46 530/849/46 531/846/46
f 527/848/46 526/843/46 529/837/46 530/849/46
f 514/850/369 525/851/369 528/845/369 515/844/369
f 525/851/46 524/852/46 527/848/46 528/845/46
f 524/852/46 523/840/46 526/843/46 527/848/46
f 623/853/370 621/854/370 525/851/370
f 519/855/371 518/856/371 524/852/371 525/851/371
f 518/856/371 517/857/371 523/840/371 524/852/371
f 617/858/372 531/846/372 619/859/372
f 531/846/373 530/849/373 521/860/373 520/861/373
f 530/849/373 529/837/373 522/862/373 521/860/373
f 541/863/374 543/864/374 545/865/374 542/866/374
f 542/867/375 545/868/375 544/869/375 540/870/375
f 543/864/376 546/871/376 548/872/376 545/865/376
f 545/868/377 548/873/377 547/874/377 544/869/377
f 556/875/378 558/876/378 560/877/378 557/878/378
f 557/879/379 560/880/379 559/881/379 555/882/379
f 558/876/380 561/883/380 563/884/380 560/877/380
f 560/880/381 563/885/381 562/886/381 559/881/381
f 553/887/382 562/886/382 563/885/382 554/888/382
f 554/889/383 563/884/383 561/883/383 552/890/383
f 550/891/384 556/875/384 557/878/384 551/892/384
f 551/893/385 557/879/385 555/882/385 549/894/385
f 546/871/386 553/887/386 554/888/386 548/872/386
f 548/873/387 554/889/387 552/890/387 547/874/387
f 540/870/388 550/891/388 551/892/388 542/867/388
f 542/895/389 551/893/389 549/894/389 541/896/389
f 541/896/390 549/894/390 535/897/390 532/898/390
f 543/864/391 541/863/391 532/899/391 533/900/391
f 546/871/392 543/864/392 533/900/392 534/901/392
f 553/887/393 546/871/393 534/901/393 536/902/393
f 549/894/394 555/882/394 537/903/394 535/897/394
f 562/886/395 553/887/395 536/902/395 539/904/395
f 555/882/396 559/881/396 538/905/396 537/903/396
f 559/881/397 562/886/397 539/904/397 538/905/397
f 579/906/398 564/907/398 565/908/398 580/909/398
f 523/840/399 613/910/399 513/841/399
f 597/911/400 566/912/400 567/913/400 598/914/400
f 622/915/401 623/853/401 525/851/401
f 588/916/402 570/917/402 571/918/402 589/919/402
f 619/859/403 531/846/403 618/920/403
f 606/921/404 568/922/404 569/923/404 607/924/404
f 566/912/405 572/925/405 574/926/405 567/913/405
f 572/925/406 575/927/406 577/928/406 574/926/406
f 574/926/407 577/928/407 576/929/407 573/930/407
f 575/927/406 579/906/406 580/909/406 577/928/406
f 577/928/407 580/909/407 578/931/407 576/929/407
f 568/922/408 581/932/408 583/933/408 569/923/408
f 609/934/409 529/837/409 611/935/409
f 581/932/410 584/936/410 586/937/410 583/933/410
f 583/933/411 586/937/411 585/938/411 582/939/411
f 584/936/410 588/916/410 589/919/410 586/937/410
f 586/937/411 589/919/411 587/940/411 585/938/411
f 570/917/412 590/941/412 592/942/412 571/918/412
f 590/941/413 593/943/413 595/944/413 592/942/413
f 592/942/414 595/944/414 594/945/414 591/946/414
f 593/943/413 597/911/413 598/914/413 595/944/413
f 595/944/414 598/914/414 596/947/414 594/945/414
f 564/907/415 599/948/415 601/949/415 565/908/415
f 599/948/416 602/950/416 604/951/416 601/949/416
f 601/949/417 604/951/417 603/952/417 600/953/417
f 602/950/416 606/921/416 607/924/416 604/951/416
f 604/951/417 607/924/417 605/954/417 603/952/417
f 579/906/153 561/883/153 599/948/153 564/907/153
f 611/935/418 529/837/418 610/839/418
f 614/955/419 523/840/419 612/956/419
f 615/957/420 523/840/420 614/955/420
f 566/912/153 597/911/153 547/874/153 572/925/153
f 613/910/421 523/840/421 615/957/421
f 621/854/422 519/855/422 525/851/422
f 556/875/153 581/932/153 568/922/153 606/921/153
f 525/851/423 620/958/423 622/915/423
f 618/920/424 531/846/424 616/959/424
f 590/941/153 570/917/153 588/916/153 540/870/153
f 616/959/425 531/846/425 520/861/425
f 576/960/426 512/961/426 513/962/426 573/963/426
f 572/925/153 547/874/153 552/890/153 575/927/153
f 578/964/426 511/965/426 512/961/426 576/960/426
f 575/927/153 552/890/153 561/883/153 579/906/153
f 585/966/427 515/967/427 516/968/427 582/969/427
f 550/891/153 584/936/153 581/932/153 556/875/153
f 587/970/427 514/971/427 515/967/427 585/966/427
f 540/870/153 588/916/153 584/936/153 550/891/153
f 594/972/428 518/973/428 519/974/428 591/975/428
f 593/943/153 590/941/153 540/870/153 544/869/153
f 596/976/428 517/977/428 518/973/428 594/972/428
f 597/911/153 593/943/153 544/869/153 547/874/153
f 603/978/429 521/979/429 522/980/429 600/981/429
f 561/883/153 558/876/153 602/950/153 599/948/153
f 605/982/429 520/983/429 521/979/429 603/978/429
f 558/876/153 556/875/153 606/921/153 602/950/153
f 624/984/430 627/985/430 626/986/430
f 627/985/431 628/987/431 626/986/431
f 628/987/432 625/988/432 626/986/432
f 629/989/433 632/990/433 631/991/433
f 632/990/434 633/992/434 631/991/434
f 633/992/435 630/993/435 631/991/435
f 634/994/436 637/995/436 636/996/436
f 637/995/437 638/997/437 636/996/437
f 638/997/438 635/998/438 636/996/438
f 639/999/439 642/1000/439 641/1001/439
f 642/1000/440 643/1002/440 641/1001/440
f 643/1002/441 640/1003/441 641/1001/441
f 624/1004/442 609/1005/442 611/1006/442 627/1007/442
f 627/1007/443 611/1006/443 610/1008/443 628/1009/443
f 628/1009/444 610/1008/444 608/1010/444 625/1011/444
f 629/1012/445 613/1013/445 615/1014/445 632/1015/445
f 632/1015/446 615/1014/446 614/1016/446 633/1017/446
f 633/1017/447 614/1016/447 612/1018/447 630/1019/447
f 634/1020/448 617/1021/448 619/1022/448 637/1023/448
f 637/1023/449 619/1022/449 618/1024/449 638/1025/449
f 638/1025/450 618/1024/450 616/1026/450 635/1027/450
f 639/1028/451 621/1029/451 623/1030/451 642/1031/451
f 642/1031/452 623/1030/452 622/1032/452 643/1033/452
f 643/1034/453 622/1035/453 620/1036/453 640/1037/453
f 600/981/454 522/980/454 609/1005/454 624/1004/454
f 529/837/455 609/934/455 522/862/455
f 625/1011/456 608/1010/456 511/965/456 578/964/456
f 573/963/457 513/962/457 613/1013/457 629/1012/457
f 517/857/458 612/956/458 523/840/458
f 630/1019/459 612/1018/459 517/977/459 596/976/459
f 582/969/460 516/968/460 617/1021/460 634/1020/460
f 516/847/461 531/846/461 617/858/461
f 635/1027/462 616/1026/462 520/983/462 605/982/462
f 591/975/463 519/974/463 621/1029/463 639/1028/463
f 620/958/464 525/851/464 514/850/464
f 640/1037/465 620/1036/465 514/971/465 587/970/465
f 565/908/466 601/949/466 600/953/466 624/984/466 626/986/466
f 580/909/467 565/908/467 626/986/467 625/988/467 578/931/467
f 567/913/468 574/926/468 573/930/468 629/989/468 631/991/468
f 598/914/469 567/913/469 631/991/469 630/993/469 596/947/469
f 569/923/470 583/933/470 582/939/470 634/994/470 636/996/470
f 607/924/471 569/923/471 636/996/471 635/998/471 605/954/471
f 571/918/472 592/942/472 591/946/472 639/999/472 641/1001/472
f 589/919/473 571/918/473 641/1001/473 640/1003/473 587/940/473
f 645/1038/474 647/1039/474 649/1040/474 646/1041/474
f 646/1041/475 649/1040/475 648/1042/475 644/1043/475
f 647/1039/476 650/1044/476 652/1045/476 649/1040/476
f 649/1040/477 652/1045/477 651/1046/477 648/1042/477
f 660/1047/478 662/1048/478 664/1049/478 661/1050/478
f 661/1050/479 664/1049/479 663/1051/479 659/1052/479
f 662/1048/480 665/1053/480 667/1054/480 664/1049/480
f 664/1049/481 667/1054/481 666/1055/481 663/1051/481
f 657/1056/482 666/1055/482 667/1054/482 658/1057/482
f 658/1057/483 667/1054/483 665/1053/483 656/1058/483
f 654/1059/484 660/1047/484 661/1050/484 655/1060/484
f 655/1060/485 661/1050/485 659/1052/485 653/1061/485
f 650/1044/486 657/1056/486 658/1057/486 652/1045/486
f 652/1045/487 658/1057/487 656/1058/487 651/1046/487
f 644/1062/488 654/1059/488 655/1060/488 646/1063/488
f 646/1063/489 655/1060/489 653/1061/489 645/1064/489
f 533/1065/490 532/1066/490 644/1043/490 648/1042/490
f 532/1067/491 535/1068/491 654/1059/491 644/1062/491
f 534/1069/492 533/1065/492 648/1042/492 651/1046/492
f 536/1070/493 534/1069/493 651/1046/493 656/1058/493
f 535/1068/494 537/1071/494 660/1047/494 654/1059/494
f 539/1072/495 536/1070/495 656/1058/495 665/1053/495
f 537/1071/496 538/1073/496 662/1048/496 660/1047/496
f 538/1073/497 539/1072/497 665/1053/497 662/1048/497
f 681/1074/153 683/1075/153 685/1076/153 682/1077/153
f 682/1077/153 685/1076/153 684/1078/153 680/1079/153
f 678/1080/153 681/1074/153 682/1077/153 679/1081/153
f 679/1081/153 682/1077/153 680/1079/153 677/1082/153
f 672/1083/153 674/1084/153 676/1085/153 673/1086/153
f 673/1086/153 676/1085/153 675/1087/153 671/1088/153
f 669/1089/153 672/1083/153 673/1086/153 670/1090/153
f 670/1090/153 673/1086/153 671/1088/153 668/1091/153
f 687/1092/153 684/1078/153 685/1076/153 688/1093/153
f 688/1093/153 685/1076/153 683/1075/153 686/1094/153
f 690/1095/153 678/1080/153 679/1081/153 691/1096/153
f 691/1096/153 679/1081/153 677/1082/153 689/1097/153
f 674/1084/153 687/1092/153 688/1093/153 676/1085/153
f 676/1085/153 688/1093/153 686/1094/153 675/1087/153
f 668/1098/153 690/1095/153 691/1096/153 670/1099/153
f 670/1099/153 691/1096/153 689/1097/153 669/1089/153
f 647/1100/391 645/1101/391 668/1102/391 671/1103/391
f 674/1084/46 672/1083/46 669/1089/46 689/1097/46 677/1082/46 680/1079/46 684/1078/46 687/1092/46
f 645/1104/390 653/1105/390 690/1106/390 668/1107/390
f 650/1108/392 647/1100/392 671/1103/392 675/1109/392
f 657/1110/393 650/1108/393 675/1109/393 686/1111/393
f 659/1112/396 663/1113/396 681/1114/396 678/1115/396
f 653/1105/394 659/1112/394 678/1115/394 690/1106/394
f 663/1113/397 666/1116/397 683/1117/397 681/1114/397
f 666/1116/395 657/1110/395 686/1111/395 683/1117/395
f 789/1118/498 710/1119/498 692/1120/498
f 791/1121/499 710/1119/499 789/1118/499
f 704/1122/500 694/1123/500 693/1124/500 707/1125/500
f 707/1125/500 693/1124/500 692/1120/500 710/1119/500
f 696/1126/501 709/1127/501 712/1128/501 697/1129/501
f 709/1127/46 708/1130/46 711/1131/46 712/1128/46
f 708/1130/46 707/1125/46 710/1119/46 711/1131/46
f 695/1132/501 706/1133/501 709/1127/501 696/1126/501
f 706/1133/46 705/1134/46 708/1130/46 709/1127/46
f 705/1134/46 704/1122/46 707/1125/46 708/1130/46
f 804/1135/502 802/1136/502 706/1133/502
f 700/1137/503 699/1138/503 705/1134/503 706/1133/503
f 699/1138/503 698/1139/503 704/1122/503 705/1134/503
f 798/1140/504 712/1128/504 800/1141/504
f 712/1128/505 711/1131/505 702/1142/505 701/1143/505
f 711/1131/505 710/1119/505 703/1144/505 702/1142/505
f 722/1145/506 724/1146/506 726/1147/506 723/1148/506
f 723/1149/507 726/1150/507 725/1151/507 721/1152/507
f 724/1146/508 727/1153/508 729/1154/508 726/1147/508
f 726/1150/509 729/1155/509 728/1156/509 725/1151/509
f 737/1157/510 739/1158/510 741/1159/510 738/1160/510
f 738/1161/511 741/1162/511 740/1163/511 736/1164/511
f 739/1158/512 742/1165/512 744/1166/512 741/1159/512
f 741/1162/513 744/1167/513 743/1168/513 740/1163/513
f 734/1169/514 743/1168/514 744/1167/514 735/1170/514
f 735/1171/515 744/1166/515 742/1165/515 733/1172/515
f 731/1173/516 737/1157/516 738/1160/516 732/1174/516
f 732/1175/517 738/1161/517 736/1164/517 730/1176/517
f 727/1177/518 734/1169/518 735/1170/518 729/1178/518
f 729/1155/519 735/1171/519 733/1172/519 728/1156/519
f 721/1152/520 731/1173/520 732/1174/520 723/1149/520
f 723/1148/521 732/1175/521 730/1176/521 722/1145/521
f 722/1145/522 730/1176/522 716/1179/522 713/1180/522
f 724/1146/523 722/1145/523 713/1180/523 714/1181/523
f 727/1153/524 724/1146/524 714/1181/524 715/1182/524
f 734/1169/525 727/1177/525 715/1183/525 717/1184/525
f 730/1176/526 736/1164/526 718/1185/526 716/1179/526
f 743/1168/527 734/1169/527 717/1184/527 720/1186/527
f 736/1164/528 740/1163/528 719/1187/528 718/1185/528
f 740/1163/529 743/1168/529 720/1186/529 719/1187/529
f 760/1188/530 745/1189/530 746/1190/530 761/1191/530
f 704/1122/531 794/1192/531 694/1123/531
f 778/1193/532 747/1194/532 748/1195/532 779/1196/532
f 803/1197/533 804/1135/533 706/1133/533
f 769/1198/534 751/1199/534 752/1200/534 770/1201/534
f 800/1141/535 712/1128/535 799/1202/535
f 787/1203/536 749/1204/536 750/1205/536 788/1206/536
f 747/1194/537 753/1207/537 755/1208/537 748/1195/537
f 753/1207/538 756/1209/538 758/1210/538 755/1208/538
f 755/1208/539 758/1210/539 757/1211/539 754/1212/539
f 756/1209/538 760/1188/538 761/1191/538 758/1210/538
f 758/1210/540 761/1191/540 759/1213/540 757/1211/540
f 749/1204/541 762/1214/541 764/1215/541 750/1205/541
f 790/1216/542 710/1119/542 792/1217/542
f 762/1214/543 765/1218/543 767/1219/543 764/1215/543
f 764/1215/544 767/1219/544 766/1220/544 763/1221/544
f 765/1218/543 769/1198/543 770/1201/543 767/1219/543
f 767/1219/544 770/1201/544 768/1222/544 766/1220/544
f 751/1199/545 771/1223/545 773/1224/545 752/1200/545
f 771/1223/546 774/1225/546 776/1226/546 773/1224/546
f 773/1224/547 776/1226/547 775/1227/547 772/1228/547
f 774/1225/546 778/1193/546 779/1196/546 776/1226/546
f 776/1226/548 779/1196/548 777/1229/548 775/1227/548
f 745/1189/549 780/1230/549 782/1231/549 746/1190/549
f 780/1230/550 783/1232/550 785/1233/550 782/1231/550
f 782/1231/551 785/1233/551 784/1234/551 781/1235/551
f 783/1232/550 787/1203/550 788/1206/550 785/1233/550
f 785/1233/551 788/1206/551 786/1236/551 784/1234/551
f 760/1188/153 742/1165/153 780/1230/153 745/1189/153
f 792/1217/552 710/1119/552 791/1121/552
f 795/1237/553 704/1122/553 793/1238/553
f 796/1239/554 704/1122/554 795/1237/554
f 747/1194/153 778/1193/153 728/1156/153 753/1207/153
f 794/1192/555 704/1122/555 796/1239/555
f 802/1136/556 700/1137/556 706/1133/556
f 737/1157/153 762/1214/153 749/1204/153 787/1203/153
f 706/1133/557 801/1240/557 803/1197/557
f 799/1202/558 712/1128/558 797/1241/558
f 771/1223/153 751/1199/153 769/1198/153 721/1152/153
f 797/1241/559 712/1128/559 701/1143/559
f 757/1242/560 693/1243/560 694/1244/560 754/1245/560
f 753/1207/153 728/1156/153 733/1172/153 756/1209/153
f 759/1246/560 692/1247/560 693/1243/560 757/1242/560
f 756/1209/153 733/1172/153 742/1165/153 760/1188/153
f 766/1248/561 696/1249/561 697/1250/561 763/1251/561
f 731/1173/153 765/1218/153 762/1214/153 737/1157/153
f 768/1252/561 695/1253/561 696/1249/561 766/1248/561
f 721/1152/153 769/1198/153 765/1218/153 731/1173/153
f 775/1254/562 699/1255/562 700/1256/562 772/1257/562
f 774/1225/153 771/1223/153 721/1152/153 725/1151/153
f 777/1258/562 698/1259/562 699/1255/562 775/1254/562
f 778/1193/153 774/1225/153 725/1151/153 728/1156/153
f 784/1260/563 702/1261/563 703/1262/563 781/1263/563
f 742/1165/153 739/1158/153 783/1232/153 780/1230/153
f 786/1264/563 701/1265/563 702/1261/563 784/1260/563
f 739/1158/153 737/1157/153 787/1203/153 783/1232/153
f 805/1266/564 808/1267/564 807/1268/564
f 808/1267/565 809/1269/565 807/1268/565
f 809/1269/566 806/1270/566 807/1268/566
f 810/1271/567 813/1272/567 812/1273/567
f 813/1272/568 814/1274/568 812/1273/568
f 814/1274/569 811/1275/569 812/1273/569
f 815/1276/570 818/1277/570 817/1278/570
f 818/1277/571 819/1279/571 817/1278/571
f 819/1279/572 816/1280/572 817/1278/572
f 820/1281/573 823/1282/573 822/1283/573
f 823/1282/574 824/1284/574 822/1283/574
f 824/1284/575 821/1285/575 822/1283/575
f 805/1286/576 790/1287/576 792/1288/576 808/1289/576
f 808/1289/577 792/1288/577 791/1290/577 809/1291/577
f 809/1291/578 791/1290/578 789/1292/578 806/1293/578
f 810/1294/579 794/1295/579 796/1296/579 813/1297/579
f 813/1297/580 796/1296/580 795/1298/580 814/1299/580
f 814/1299/581 795/1298/581 793/1300/581 811/1301/581
f 815/1302/582 798/1303/582 800/1304/582 818/1305/582
f 818/1305/583 800/1304/583 799/1306/583 819/1307/583
f 819/1307/584 799/1306/584 797/1308/584 816/1309/584
f 820/1310/585 802/1311/585 804/1312/585 823/1313/585
f 823/1313/586 804/1312/586 803/1314/586 824/1315/586
f 824/1315/587 803/1314/587 801/1316/587 821/1317/587
f 781/1263/588 703/1262/588 790/1287/588 805/1286/588
f 710/1119/589 790/1216/589 703/1144/589
f 806/1293/590 789/1292/590 692/1247/590 759/1246/590
f 754/1245/591 694/1244/591 794/1295/591 810/1294/591
f 698/1139/592 793/1238/592 704/1122/592
f 811/1301/593 793/1300/593 698/1259/593 777/1258/593
f 763/1251/594 697/1250/594 798/1318/594 815/1319/594
f 697/1129/595 712/1128/595 798/1140/595
f 816/1309/596 797/1308/596 701/1265/596 786/1264/596
f 772/1257/597 700/1256/597 802/1311/597 820/1310/597
f 801/1240/598 706/1133/598 695/1132/598
f 821/1317/599 801/1316/599 695/1253/599 768/1252/599
f 746/1190/600 782/1231/600 781/1235/600 805/1266/600 807/1268/600
f 761/1191/601 746/1190/601 807/1268/601 806/1270/601 759/1213/601
f 748/1195/602 755/1208/602 754/1212/602 810/1271/602 812/1273/602
f 779/1196/603 748/1195/603 812/1273/603 811/1275/603 777/1229/603
f 750/1205/604 764/1215/604 763/1221/604 815/1276/604 817/1278/604
f 788/1206/605 750/1205/605 817/1278/605 816/1280/605 786/1236/605
f 752/1200/606 773/1224/606 772/1228/606 820/1281/606 822/1283/606
f 770/1201/607 752/1200/607 822/1283/607 821/1285/607 768/1222/607
f 826/1320/608 828/1321/608 830/1322/608 827/1323/608
f 827/1323/609 830/1322/609 829/1324/609 825/1325/609
f 828/1321/610 831/1326/610 833/1327/610 830/1322/610
f 830/1322/611 833/1327/611 832/1328/611 829/1324/611
f 841/1329/612 843/1330/612 845/1331/612 842/1332/612
f 842/1332/613 845/1331/613 844/1333/613 840/1334/613
f 843/1330/614 846/1335/614 848/1336/614 845/1331/614
f 845/1331/615 848/1336/615 847/1337/615 844/1333/615
f 838/1338/616 847/1337/616 848/1336/616 839/1339/616
f 839/1339/617 848/1336/617 846/1335/617 837/1340/617
f 835/1341/618 841/1329/618 842/1332/618 836/1342/618
f 836/1342/619 842/1332/619 840/1334/619 834/1343/619
f 831/1344/620 838/1338/620 839/1339/620 833/1345/620
f 833/1345/621 839/1339/621 837/1340/621 832/1346/621
f 825/1325/622 835/1341/622 836/1342/622 827/1323/622
f 827/1323/623 836/1342/623 834/1343/623 826/1320/623
f 714/1347/624 713/1348/624 825/1325/624 829/1324/624
f 713/1348/625 716/1349/625 835/1341/625 825/1325/625
f 715/1350/626 714/1347/626 829/1324/626 832/1328/626
f 717/1351/627 715/1352/627 832/1346/627 837/1340/627
f 716/1349/628 718/1353/628 841/1329/628 835/1341/628
f 720/1354/629 717/1351/629 837/1340/629 846/1335/629
f 718/1353/630 719/1355/630 843/1330/630 841/1329/630
f 719/1355/631 720/1354/631 846/1335/631 843/1330/631
f 862/1356/153 864/1357/153 866/1358/153 863/1359/153
f 863/1359/153 866/1358/153 865/1360/153 861/1361/153
f 859/1362/153 862/1356/153 863/1359/153 860/1363/153
f 860/1363/153 863/1359/153 861/1361/153 858/1364/153
f 853/1365/153 855/1366/153 857/1367/153 854/1368/153
f 854/1368/153 857/1367/153 856/1369/153 852/1370/153
f 850/1371/153 853/1365/153 854/1368/153 851/1372/153
f 851/1372/153 854/1368/153 852/1370/153 849/1373/153
f 868/1374/153 865/1360/153 866/1358/153 869/1375/153
f 869/1375/153 866/1358/153 864/1357/153 867/1376/153
f 871/1377/153 859/1362/153 860/1363/153 872/1378/153
f 872/1378/153 860/1363/153 858/1364/153 870/1379/153
f 855/1366/153 868/1374/153 869/1375/153 857/1380/153
f 857/1380/153 869/1375/153 867/1376/153 856/1381/153
f 849/1373/153 871/1377/153 872/1378/153 851/1372/153
f 851/1372/153 872/1378/153 870/1379/153 850/1371/153
f 828/1321/523 826/1320/523 849/1382/523 852/1383/523
f 855/1366/46 853/1365/46 850/1371/46 870/1379/46 858/1364/46 861/1361/46 865/1360/46 868/1374/46
f 826/1320/522 834/1343/522 871/1384/522 849/1382/522
f 831/1326/524 828/1321/524 852/1383/524 856/1385/524
f 838/1338/525 831/1344/525 856/1386/525 867/1387/525
f 840/1334/528 844/1333/528 862/1388/528 859/1389/528
f 834/1343/526 840/1334/526 859/1389/526 871/1384/526
f 844/1333/529 847/1337/529 864/1390/529 862/1388/529
f 847/1337/527 838/1338/527 867/1387/527 864/1390/527
f 970/1391/632 891/1392/632 873/1393/632
f 972/1394/633 891/1392/633 970/1391/633
f 885/1395/634 875/1396/634 874/1397/634 888/1398/634
f 888/1398/634 874/1397/634 873/1393/634 891/1392/634
f 877/1399/635 890/1400/635 893/1401/635 878/1402/635
f 890/1400/46 889/1403/46 892/1404/46 893/1401/46
f 889/1403/46 888/1398/46 891/1392/46 892/1404/46
f 876/1405/635 887/1406/635 890/1400/635 877/1399/635
f 887/1406/46 886/1407/46 889/1403/46 890/1400/46
f 886/1407/46 885/1395/46 888/1398/46 889/1403/46
f 985/1408/636 983/1409/636 887/1406/636
f 881/1410/637 880/1411/637 886/1407/637 887/1406/637
f 880/1411/637 879/1412/637 885/1395/637 886/1407/637
f 979/1413/638 893/1401/638 981/1414/638
f 893/1401/639 892/1404/639 883/1415/639 882/1416/639
f 892/1404/639 891/1392/639 884/1417/639 883/1415/639
f 903/1418/640 905/1419/640 907/1420/640 904/1421/640
f 904/1422/641 907/1423/641 906/1424/641 902/1425/641
f 905/1419/642 908/1426/642 910/1427/642 907/1420/642
f 907/1423/643 910/1428/643 909/1429/643 906/1424/643
f 918/1430/644 920/1431/644 922/1432/644 919/1433/644
f 919/1434/645 922/1435/645 921/1436/645 917/1437/645
f 920/1431/646 923/1438/646 925/1439/646 922/1432/646
f 922/1435/647 925/1440/647 924/1441/647 921/1436/647
f 915/1442/648 924/1441/648 925/1440/648 916/1443/648
f 916/1444/649 925/1439/649 923/1438/649 914/1445/649
f 912/1446/650 918/1430/650 919/1433/650 913/1447/650
f 913/1448/651 919/1434/651 917/1437/651 911/1449/651
f 908/1450/652 915/1442/652 916/1443/652 910/1451/652
f 910/1428/653 916/1444/653 914/1445/653 909/1429/653
f 902/1425/654 912/1446/654 913/1447/654 904/1422/654
f 904/1421/655 913/1448/655 911/1449/655 903/1418/655
f 903/1418/656 911/1449/656 897/1452/656 894/1453/656
f 905/1419/657 903/1418/657 894/1453/657 895/1454/657
f 908/1426/658 905/1419/658 895/1454/658 896/1455/658
f 915/1442/659 908/1450/659 896/1456/659 898/1457/659
f 911/1449/660 917/1437/660 899/1458/660 897/1452/660
f 924/1441/661 915/1442/661 898/1457/661 901/1459/661
f 917/1437/662 921/1436/662 900/1460/662 899/1458/662
f 921/1436/663 924/1441/663 901/1459/663 900/1460/663
f 941/1461/549 926/1462/549 927/1463/549 942/1464/549
f 885/1395/664 975/1465/664 875/1396/664
f 959/1466/537 928/1467/537 929/1468/537 960/1469/537
f 984/1470/665 985/1408/665 887/1406/665
f 950/1471/545 932/1472/545 933/1473/545 951/1474/545
f 981/1414/666 893/1401/666 980/1475/666
f 968/1476/541 930/1477/541 931/1478/541 969/1479/541
f 928/1467/667 934/1480/667 936/1481/667 929/1468/667
f 934/1480/668 937/1482/668 939/1483/668 936/1481/668
f 936/1481/669 939/1483/669 938/1484/669 935/1485/669
f 937/1482/668 941/1461/668 942/1464/668 939/1483/668
f 939/1483/669 942/1464/669 940/1486/669 938/1484/669
f 930/1477/670 943/1487/670 945/1488/670 931/1478/670
f 971/1489/671 891/1392/671 973/1490/671
f 943/1487/672 946/1491/672 948/1492/672 945/1488/672
f 945/1488/673 948/1492/673 947/1493/673 944/1494/673
f 946/1491/672 950/1471/672 951/1474/672 948/1492/672
f 948/1492/673 951/1474/673 949/1495/673 947/1493/673
f 932/1472/674 952/1496/674 954/1497/674 933/1473/674
f 952/1496/675 955/1498/675 957/1499/675 954/1497/675
f 954/1497/676 957/1499/676 956/1500/676 953/1501/676
f 955/1498/675 959/1466/675 960/1469/675 957/1499/675
f 957/1499/676 960/1469/676 958/1502/676 956/1500/676
f 926/1462/677 961/1503/677 963/1504/677 927/1463/677
f 961/1503/678 964/1505/678 966/1506/678 963/1504/678
f 963/1504/679 966/1506/679 965/1507/679 962/1508/679
f 964/1505/678 968/1476/678 969/1479/678 966/1506/678
f 966/1506/679 969/1479/679 967/1509/679 965/1507/679
f 941/1461/153 923/1438/153 961/1503/153 926/1462/153
f 973/1490/680 891/1392/680 972/1394/680
f 976/1510/681 885/1395/681 974/1511/681
f 977/1512/682 885/1395/682 976/1510/682
f 928/1467/153 959/1466/153 909/1429/153 934/1480/153
f 975/1465/683 885/1395/683 977/1512/683
f 983/1409/684 881/1410/684 887/1406/684
f 918/1430/153 943/1487/153 930/1477/153 968/1476/153
f 887/1406/685 982/1513/685 984/1470/685
f 980/1475/686 893/1401/686 978/1514/686
f 952/1496/153 932/1472/153 950/1471/153 902/1425/153
f 978/1514/687 893/1401/687 882/1416/687
f 938/1515/688 874/1516/688 875/1517/688 935/1518/688
f 934/1480/153 909/1429/153 914/1445/153 937/1482/153
f 940/1519/688 873/1520/688 874/1516/688 938/1515/688
f 937/1482/153 914/1445/153 923/1438/153 941/1461/153
f 947/1521/689 877/1522/689 878/1523/689 944/1524/689
f 912/1446/153 946/1491/153 943/1487/153 918/1430/153
f 949/1525/689 876/1526/689 877/1522/689 947/1521/689
f 902/1425/153 950/1471/153 946/1491/153 912/1446/153
f 956/1527/690 880/1528/690 881/1529/690 953/1530/690
f 955/1498/153 952/1496/153 902/1425/153 906/1424/153
f 958/1531/690 879/1532/690 880/1528/690 956/1527/690
f 959/1466/153 955/1498/153 906/1424/153 909/1429/153
f 965/1533/691 883/1534/691 884/1535/691 962/1536/691
f 923/1438/153 920/1431/153 964/1505/153 961/1503/153
f 967/1537/691 882/1538/691 883/1534/691 965/1533/691
f 920/1431/153 918/1430/153 968/1476/153 964/1505/153
f 986/1539/692 989/1540/692 988/1541/692
f 989/1540/693 990/1542/693 988/1541/693
f 990/1542/694 987/1543/694 988/1541/694
f 991/1544/695 994/1545/695 993/1546/695
f 994/1545/696 995/1547/696 993/1546/696
f 995/1547/697 992/1548/697 993/1546/697
f 996/1549/698 999/1550/698 998/1551/698
f 999/1550/699 1000/1552/699 998/1551/699
f 1000/1552/700 997/1553/700 998/1551/700
f 1001/1554/701 1004/1555/701 1003/1556/701
f 1004/1555/702 1005/1557/702 1003/1556/702
f 1005/1557/703 1002/1558/703 1003/1556/703
f 986/1559/704 971/1560/704 973/1561/704 989/1562/704
f 989/1562/705 973/1561/705 972/1563/705 990/1564/705
f 990/1565/706 972/1566/706 970/1567/706 987/1568/706
f 991/1569/707 975/1570/707 977/1571/707 994/1572/707
f 994/1572/708 977/1571/708 976/1573/708 995/1574/708
f 995/1574/709 976/1573/709 974/1575/709 992/1576/709
f 996/1577/710 979/1578/710 981/1579/710 999/1580/710
f 999/1580/711 981/1579/711 980/1581/711 1000/1582/711
f 1000/1582/712 980/1581/712 978/1583/712 997/1584/712
f 1001/1585/713 983/1586/713 985/1587/713 1004/1588/713
f 1004/1588/714 985/1587/714 984/1589/714 1005/1590/714
f 1005/1590/715 984/1589/715 982/1591/715 1002/1592/715
f 962/1536/716 884/1535/716 971/1560/716 986/1559/716
f 891/1392/717 971/1489/717 884/1417/717
f 987/1568/718 970/1567/718 873/1520/718 940/1519/718
f 935/1518/719 875/1517/719 975/1570/719 991/1569/719
f 879/1412/720 974/1511/720 885/1395/720
f 992/1576/721 974/1575/721 879/1532/721 958/1531/721
f 944/1524/722 878/1523/722 979/1578/722 996/1577/722
f 878/1402/723 893/1401/723 979/1413/723
f 997/1584/724 978/1583/724 882/1538/724 967/1537/724
f 953/1530/725 881/1529/725 983/1586/725 1001/1585/725
f 982/1513/726 887/1406/726 876/1405/726
f 1002/1592/727 982/1591/727 876/1526/727 949/1525/727
f 927/1463/728 963/1504/728 962/1508/728 986/1539/728 988/1541/728
f 942/1464/729 927/1463/729 988/1541/729 987/1543/729 940/1486/729
f 929/1468/730 936/1481/730 935/1485/730 991/1544/730 993/1546/730
f 960/1469/731 929/1468/731 993/1546/731 992/1548/731 958/1502/731
f 931/1478/732 945/1488/732 944/1494/732 996/1549/732 998/1551/732
f 969/1479/733 931/1478/733 998/1551/733 997/1553/733 967/1509/733
f 933/1473/734 954/1497/734 953/1501/734 1001/1554/734 1003/1556/734
f 951/1474/735 933/1473/735 1003/1556/735 1002/1558/735 949/1495/735
f 1007/1593/736 1009/1594/736 1011/1595/736 1008/1596/736
f 1008/1596/737 1011/1595/737 1010/1597/737 1006/1598/737
f 1009/1594/738 1012/1599/738 1014/1600/738 1011/1595/738
f 1011/1595/739 1014/1600/739 1013/1601/739 1010/1597/739
f 1022/1602/740 1024/1603/740 1026/1604/740 1023/1605/740
f 1023/1605/741 1026/1604/741 1025/1606/741 1021/1607/741
f 1024/1603/742 1027/1608/742 1029/1609/742 1026/1604/742
f 1026/1604/743 1029/1609/743 1028/1610/743 1025/1606/743
f 1019/1611/744 1028/1610/744 1029/1609/744 1020/1612/744
f 1020/1612/745 1029/1609/745 1027/1608/745 1018/1613/745
f 1016/1614/746 1022/1602/746 1023/1605/746 1017/1615/746
f 1017/1615/747 1023/1605/747 1021/1607/747 1015/1616/747
f 1012/1617/748 1019/1611/748 1020/1612/748 1014/1618/748
f 1014/1618/749 1020/1612/749 1018/1613/749 1013/1619/749
f 1006/1598/750 1016/1614/750 1017/1615/750 1008/1596/750
f 1008/1596/751 1017/1615/751 1015/1616/751 1007/1593/751
f 895/1620/752 894/1621/752 1006/1598/752 1010/1597/752
f 894/1621/753 897/1622/753 1016/1614/753 1006/1598/753
f 896/1623/754 895/1620/754 1010/1597/754 1013/1601/754
f 898/1624/755 896/1625/755 1013/1619/755 1018/1613/755
f 897/1622/756 899/1626/756 1022/1602/756 1016/1614/756
f 901/1627/757 898/1624/757 1018/1613/757 1027/1608/757
f 899/1626/758 900/1628/758 1024/1603/758 1022/1602/758
f 900/1628/759 901/1627/759 1027/1608/759 1024/1603/759
f 1043/1629/153 1045/1630/153 1047/1631/153 1044/1632/153
f 1044/1632/153 1047/1631/153 1046/1633/153 1042/1634/153
f 1040/1635/153 1043/1629/153 1044/1632/153 1041/1636/153
f 1041/1636/153 1044/1632/153 1042/1634/153 1039/1637/153
f 1034/1638/153 1036/1639/153 1038/1640/153 1035/1641/153
f 1035/1641/153 1038/1640/153 1037/1642/153 1033/1643/153
f 1031/1644/153 1034/1638/153 1035/1641/153 1032/1645/153
f 1032/1645/153 1035/1641/153 1033/1643/153 1030/1646/153
f 1049/1647/153 1046/1633/153 1047/1631/153 1050/1648/153
f 1050/1648/153 1047/1631/153 1045/1630/153 1048/1649/153
f 1052/1650/153 1040/1635/153 1041/1636/153 1053/1651/153
f 1053/1651/153 1041/1636/153 1039/1637/153 1051/1652/153
f 1036/1639/153 1049/1647/153 1050/1648/153 1038/1653/153
f 1038/1653/153 1050/1648/153 1048/1649/153 1037/1654/153
f 1030/1646/153 1052/1650/153 1053/1651/153 1032/1645/153
f 1032/1645/153 1053/1651/153 1051/1652/153 1031/1644/153
f 1009/1594/657 1007/1593/657 1030/1655/657 1033/1656/657
f 1036/1639/46 1034/1638/46 1031/1644/46 1051/1652/46 1039/1637/46 1042/1634/46 1046/1633/46 1049/1647/46
f 1007/1593/656 1015/1616/656 1052/1657/656 1030/1655/656
f 1012/1599/658 1009/1594/658 1033/1656/658 1037/1658/658
f 1019/1611/659 1012/1617/659 1037/1659/659 1048/1660/659
f 1021/1607/760 1025/1606/760 1043/1661/760 1040/1662/760
f 1015/1616/660 1021/1607/660 1040/1662/660 1052/1657/660
f 1025/1606/663 1028/1610/663 1045/1663/663 1043/1661/663
f 1028/1610/761 1019/1611/761 1048/1660/761 1045/1663/761
f 1055/1664/153 1054/1665/153 1057/1666/153 1058/1667/153
f 1054/1668/762 1055/1669/762 1133/1670/762 1056/1671/762
f 1057/1666/763 1054/1665/763 1056/1672/763 1059/1673/763
f 1058/1674/764 1057/1675/764 1059/1676/764 1060/1677/764
f 1062/1678/46 1060/1677/46 1059/1676/46 1061/1679/46
f 1061/1680/46 1059/1673/46 1056/1672/46 1063/1681/46
f 1061/1679/764 1064/1682/764 1065/1683/764 1062/1678/764
f 1063/1681/763 1066/1684/763 1064/1685/763 1061/1680/763
f 1064/1682/765 1067/1686/765 1069/1687/765 1065/1683/765
f 1066/1684/766 1070/1688/766 1067/1689/766 1064/1685/766
f 1067/1686/764 1068/1690/764 1076/1691/764 1069/1687/764
f 1070/1688/763 1071/1692/763 1068/1693/763 1067/1689/763
f 1072/1694/762 1074/1695/762 1071/1696/762 1070/1697/762
f 1073/1698/767 1072/1694/767 1070/1697/767 1066/1699/767
f 1065/1700/768 1069/1701/768 1072/1702/768 1073/1703/768
f 1069/1701/769 1076/1704/769 1074/1705/769 1072/1702/769
f 1085/1706/770 1071/1696/770 1074/1695/770 1075/1707/770
f 1075/1708/771 1074/1705/771 1076/1704/771 1077/1709/771
f 1077/1710/772 1076/1691/772 1068/1690/772 1078/1711/772
f 1081/1712/769 1075/1708/769 1077/1709/769 1079/1713/769
f 1079/1714/773 1077/1710/773 1078/1711/773 1082/1715/773
f 1080/1716/774 1079/1714/774 1082/1715/774 1083/1717/774
f 1088/1718/769 1081/1712/769 1079/1713/769 1080/1719/769
f 1082/1720/763 1078/1721/763 1085/1722/763 1084/1723/763
f 1083/1724/763 1082/1720/763 1084/1723/763 1086/1725/763
f 1084/1726/775 1085/1706/775 1075/1707/775 1081/1727/775
f 1086/1728/776 1084/1726/776 1081/1727/776 1088/1729/776
f 1087/1730/777 1086/1728/777 1088/1729/777 1089/1731/777
f 1093/1732/763 1083/1724/763 1086/1725/763 1087/1733/763
f 1089/1734/769 1088/1718/769 1080/1719/769 1091/1735/769
f 1096/1736/153 1087/1730/153 1089/1731/153 1090/1737/153
f 1090/1738/769 1089/1734/769 1091/1735/769 1092/1739/769
f 1091/1740/778 1080/1716/778 1083/1717/778 1093/1741/778
f 1092/1742/46 1091/1740/46 1093/1741/46 1094/1743/46
f 1094/1744/763 1093/1732/763 1087/1733/763 1096/1745/763
f 1095/1746/763 1094/1744/763 1096/1745/763 1097/1747/763
f 1101/1748/779 1092/1742/779 1094/1743/779 1095/1749/779
f 1097/1750/780 1096/1736/780 1090/1737/780 1099/1751/780
f 1098/1752/781 1097/1750/781 1099/1751/781 1100/1753/781
f 1104/1754/763 1095/1746/763 1097/1747/763 1098/1755/763
f 1100/1756/769 1099/1757/769 1101/1758/769 1102/1759/769
f 1099/1757/769 1090/1738/769 1092/1739/769 1101/1758/769
f 1102/1760/782 1101/1748/782 1095/1749/782 1104/1761/782
f 1122/1762/769 1100/1756/769 1102/1759/769 1103/1763/769
f 1103/1764/783 1102/1760/783 1104/1761/783 1105/1765/783
f 1105/1766/763 1104/1754/763 1098/1755/763 1106/1767/763
f 1105/1765/784 1107/1768/784 1108/1769/784 1103/1764/784
f 1106/1767/785 1109/1770/785 1107/1771/785 1105/1766/785
f 1111/1772/762 1108/1769/762 1107/1768/762 1110/1773/762
f 1110/1774/763 1107/1771/763 1109/1770/763 1112/1775/763
f 1115/1776/786 1111/1772/786 1110/1773/786 1113/1777/786
f 1113/1778/787 1110/1774/787 1112/1775/787 1116/1779/787
f 1114/1780/763 1113/1778/763 1116/1779/763 1117/1781/763
f 1123/1782/762 1115/1776/762 1113/1777/762 1114/1783/762
f 1116/1784/788 1112/1785/788 1120/1786/788 1118/1787/788
f 1117/1788/764 1116/1784/764 1118/1787/764 1119/1789/764
f 1119/1790/769 1118/1791/769 1115/1792/769 1123/1793/769
f 1118/1791/789 1120/1794/789 1111/1795/789 1115/1792/789
f 1112/1785/764 1109/1796/764 1121/1797/764 1120/1786/764
f 1120/1794/769 1121/1798/769 1108/1799/769 1111/1795/769
f 1103/1763/790 1108/1799/790 1121/1798/790 1122/1762/790
f 1122/1800/791 1121/1797/791 1109/1796/791 1106/1801/791
f 1106/1801/792 1098/1752/792 1100/1753/792 1122/1800/792
f 1123/1793/46 1125/1802/46 1124/1803/46 1119/1790/46
f 1119/1789/46 1124/1804/46 1127/1805/46 1117/1788/46
f 1131/1806/769 1126/1807/769 1124/1803/769 1125/1802/769
f 1126/1808/764 1128/1809/764 1127/1805/764 1124/1804/764
f 1128/1810/763 1130/1811/763 1129/1812/763 1127/1813/763
f 1117/1781/46 1127/1813/46 1129/1812/46 1114/1780/46
f 1130/1814/762 1131/1815/762 1125/1816/762 1129/1817/762
f 1114/1783/46 1129/1817/46 1125/1816/46 1123/1782/46
f 1131/1806/153 1130/1811/153 1128/1810/153 1126/1807/153
f 1078/1721/793 1068/1693/793 1071/1692/793 1085/1722/793
f 1062/1818/769 1065/1700/769 1073/1703/769 1132/1819/769
f 1132/1820/762 1073/1698/762 1066/1699/762 1063/1821/762
f 1063/1821/46 1056/1671/46 1133/1670/46 1132/1820/46
f 1132/1819/46 1133/1822/46 1060/1823/46 1062/1818/46
f 1055/1664/769 1058/1667/769 1060/1823/769 1133/1822/769
f 1134/1824/794 1142/1825/794 1143/1826/794 1136/1827/794
f 1136/1828/795 1143/1829/795 1144/1830/795 1140/1831/795
f 1140/1832/796 1144/1833/796 1145/1834/796 1138/1835/796
f 1138/1836/797 1145/1837/797 1142/1838/797 1134/1839/797
f 1136/1828/153 1140/1831/153 1138/1836/153 1134/1839/153
f 1195/1840/798 1194/1841/798 1208/1842/798 1212/1843/798
f 1135/1844/46 1137/1845/46 1143/1826/46 1142/1825/46
f 1137/1846/46 1141/1847/46 1144/1830/46 1143/1829/46
f 1141/1848/46 1139/1849/46 1145/1834/46 1144/1833/46
f 1139/1850/46 1135/1851/46 1142/1838/46 1145/1837/46
f 1163/1852/799 1162/1853/799 1183/1854/799 1177/1855/799
f 1149/1856/800 1146/1857/800 1198/1858/800 1201/1859/800
f 1191/1860/801 1190/1861/801 1202/1862/801 1210/1863/801
f 1197/1864/802 1196/1865/802 1209/1866/802 1213/1867/802
f 1150/1868/794 1158/1869/794 1159/1870/794 1152/1871/794
f 1152/1872/795 1159/1873/795 1160/1874/795 1156/1875/795
f 1156/1876/796 1160/1877/796 1161/1878/796 1154/1879/796
f 1154/1880/797 1161/1881/797 1158/1882/797 1150/1883/797
f 1152/1872/153 1156/1875/153 1154/1880/153 1150/1883/153
f 1148/1884/803 1149/1885/803 1201/1886/803 1200/1887/803
f 1151/1888/46 1153/1889/46 1159/1870/46 1158/1869/46
f 1153/1890/46 1157/1891/46 1160/1874/46 1159/1873/46
f 1157/1892/46 1155/1893/46 1161/1878/46 1160/1877/46
f 1155/1894/46 1151/1895/46 1158/1882/46 1161/1881/46
f 1164/1896/795 1163/1897/795 1177/1898/795 1166/1899/795
f 1193/1900/804 1192/1901/804 1203/1902/804 1211/1903/804
f 1194/1904/805 1197/1905/805 1213/1906/805 1208/1907/805
f 1147/1908/806 1148/1909/806 1200/1910/806 1199/1911/806
f 1162/1912/797 1165/1913/797 1189/1914/797 1183/1915/797
f 1165/1916/807 1164/1917/807 1166/1918/807 1189/1919/807
f 1166/1899/795 1177/1898/795 1176/1920/795 1167/1921/795
f 1167/1921/795 1176/1920/795 1175/1922/795 1168/1923/795
f 1168/1923/795 1175/1922/795 1174/1924/795 1169/1925/795
f 1169/1925/795 1174/1924/795 1173/1926/795 1170/1927/795
f 1170/1927/795 1173/1926/795 1172/1928/795 1171/1929/795
f 1171/1929/795 1172/1928/795 1148/1909/795 1147/1908/795
f 1177/1855/808 1183/1854/808 1182/1930/808 1176/1931/808
f 1176/1931/809 1182/1930/809 1181/1932/809 1175/1933/809
f 1175/1933/46 1181/1932/46 1180/1934/46 1174/1935/46
f 1174/1935/810 1180/1934/810 1179/1936/810 1173/1937/810
f 1173/1937/811 1179/1936/811 1178/1938/811 1172/1939/811
f 1172/1939/812 1178/1938/812 1149/1885/812 1148/1884/812
f 1183/1915/797 1189/1914/797 1188/1940/797 1182/1941/797
f 1182/1941/797 1188/1940/797 1187/1942/797 1181/1943/797
f 1181/1943/797 1187/1942/797 1186/1944/797 1180/1945/797
f 1180/1945/797 1186/1944/797 1185/1946/797 1179/1947/797
f 1179/1947/797 1185/1946/797 1184/1948/797 1178/1949/797
f 1178/1949/797 1184/1948/797 1146/1857/797 1149/1856/797
f 1189/1919/813 1166/1918/813 1167/1950/813 1188/1951/813
f 1188/1951/814 1167/1950/814 1168/1952/814 1187/1953/814
f 1187/1953/153 1168/1952/153 1169/1954/153 1186/1955/153
f 1186/1955/815 1169/1954/815 1170/1956/815 1185/1957/815
f 1185/1957/816 1170/1956/816 1171/1958/816 1184/1959/816
f 1184/1959/817 1171/1958/817 1147/1960/817 1146/1961/817
f 1137/1845/794 1135/1844/794 1191/1962/794 1192/1963/794
f 1139/1849/796 1141/1848/796 1193/1964/796 1190/1965/796
f 1141/1847/795 1137/1846/795 1192/1901/795 1193/1900/795
f 1135/1851/797 1139/1850/797 1190/1861/797 1191/1860/797
f 1153/1889/794 1151/1888/794 1195/1966/794 1196/1967/794
f 1155/1893/796 1157/1892/796 1197/1905/796 1194/1904/796
f 1157/1891/795 1153/1890/795 1196/1865/795 1197/1864/795
f 1151/1895/797 1155/1894/797 1194/1841/797 1195/1840/797
f 1210/1863/797 1202/1862/797 1201/1859/797 1198/1858/797
f 1211/1903/795 1203/1902/795 1199/1911/795 1200/1910/795
f 1202/1968/796 1211/1969/796 1200/1887/796 1201/1886/796
f 1203/1970/794 1210/1971/794 1198/1972/794 1199/1973/794
f 1212/1843/797 1208/1842/797 1207/1974/797 1204/1975/797
f 1213/1867/795 1209/1866/795 1205/1976/795 1206/1977/795
f 1208/1907/796 1213/1906/796 1206/1978/796 1207/1979/796
f 1209/1980/794 1212/1981/794 1204/1982/794 1205/1983/794
f 1162/1853/818 1163/1852/818 1205/1983/818 1204/1982/818
f 1163/1897/819 1164/1896/819 1206/1977/819 1205/1976/819
f 1164/1917/820 1165/1916/820 1207/1979/820 1206/1978/820
f 1192/1963/821 1191/1962/821 1210/1971/821 1203/1970/821
f 1146/1961/822 1147/1960/822 1199/1973/822 1198/1972/822
f 1196/1967/823 1195/1966/823 1212/1981/823 1209/1980/823
f 1190/1965/824 1193/1964/824 1211/1969/824 1202/1968/824
f 1165/1913/825 1162/1912/825 1204/1975/825 1207/1974/825
f 1215/1984/153 1214/1985/153 1217/1986/153 1218/1987/153
f 1214/1988/826 1215/1989/826 1293/1990/826 1216/1991/826
f 1217/1986/827 1214/1985/827 1216/1992/827 1219/1993/827
f 1218/1994/828 1217/1995/828 1219/1996/828 1220/1997/828
f 1222/1998/46 1220/1997/46 1219/1996/46 1221/1999/46
f 1221/2000/46 1219/1993/46 1216/1992/46 1223/2001/46
f 1221/1999/828 1224/2002/828 1225/2003/828 1222/1998/828
f 1223/2001/827 1226/2004/827 1224/2005/827 1221/2000/827
f 1224/2002/829 1227/2006/829 1229/2007/829 1225/2003/829
f 1226/2004/830 1230/2008/830 1227/2009/830 1224/2005/830
f 1227/2006/828 1228/2010/828 1236/2011/828 1229/2007/828
f 1230/2008/827 1231/2012/827 1228/2013/827 1227/2009/827
f 1232/2014/826 1234/2015/826 1231/2016/826 1230/2017/826
f 1233/2018/831 1232/2014/831 1230/2017/831 1226/2019/831
f 1225/2020/832 1229/2021/832 1232/2022/832 1233/2023/832
f 1229/2021/833 1236/2024/833 1234/2025/833 1232/2022/833
f 1245/2026/834 1231/2016/834 1234/2015/834 1235/2027/834
f 1235/2028/835 1234/2025/835 1236/2024/835 1237/2029/835
f 1237/2030/836 1236/2011/836 1228/2010/836 1238/2031/836
f 1241/2032/833 1235/2028/833 1237/2029/833 1239/2033/833
f 1239/2034/837 1237/2030/837 1238/2031/837 1242/2035/837
f 1240/2036/838 1239/2034/838 1242/2035/838 1243/2037/838
f 1248/2038/833 1241/2032/833 1239/2033/833 1240/2039/833
f 1242/2040/827 1238/2041/827 1245/2042/827 1244/2043/827
f 1243/2044/827 1242/2040/827 1244/2043/827 1246/2045/827
f 1244/2046/839 1245/2026/839 1235/2027/839 1241/2047/839
f 1246/2048/840 1244/2046/840 1241/2047/840 1248/2049/840
f 1247/2050/841 1246/2048/841 1248/2049/841 1249/2051/841
f 1253/2052/827 1243/2044/827 1246/2045/827 1247/2053/827
f 1249/2054/833 1248/2038/833 1240/2039/833 1251/2055/833
f 1256/2056/153 1247/2050/153 1249/2051/153 1250/2057/153
f 1250/2058/833 1249/2054/833 1251/2055/833 1252/2059/833
f 1251/2060/842 1240/2036/842 1243/2037/842 1253/2061/842
f 1252/2062/46 1251/2060/46 1253/2061/46 1254/2063/46
f 1254/2064/827 1253/2052/827 1247/2053/827 1256/2065/827
f 1255/2066/827 1254/2064/827 1256/2065/827 1257/2067/827
f 1261/2068/843 1252/2062/843 1254/2063/843 1255/2069/843
f 1257/2070/844 1256/2056/844 1250/2057/844 1259/2071/844
f 1258/2072/845 1257/2070/845 1259/2071/845 1260/2073/845
f 1264/2074/827 1255/2066/827 1257/2067/827 1258/2075/827
f 1260/2076/833 1259/2077/833 1261/2078/833 1262/2079/833
f 1259/2077/833 1250/2058/833 1252/2059/833 1261/2078/833
f 1262/2080/846 1261/2068/846 1255/2069/846 1264/2081/846
f 1282/2082/833 1260/2076/833 1262/2079/833 1263/2083/833
f 1263/2084/847 1262/2080/847 1264/2081/847 1265/2085/847
f 1265/2086/827 1264/2074/827 1258/2075/827 1266/2087/827
f 1265/2085/848 1267/2088/848 1268/2089/848 1263/2084/848
f 1266/2087/849 1269/2090/849 1267/2091/849 1265/2086/849
f 1271/2092/826 1268/2089/826 1267/2088/826 1270/2093/826
f 1270/2094/827 1267/2091/827 1269/2090/827 1272/2095/827
f 1275/2096/850 1271/2092/850 1270/2093/850 1273/2097/850
f 1273/2098/851 1270/2094/851 1272/2095/851 1276/2099/851
f 1274/2100/827 1273/2098/827 1276/2099/827 1277/2101/827
f 1283/2102/826 1275/2096/826 1273/2097/826 1274/2103/826
f 1276/2104/852 1272/2105/852 1280/2106/852 1278/2107/852
f 1277/2108/828 1276/2104/828 1278/2107/828 1279/2109/828
f 1279/2110/833 1278/2111/833 1275/2112/833 1283/2113/833
f 1278/2111/853 1280/2114/853 1271/2115/853 1275/2112/853
f 1272/2105/828 1269/2116/828 1281/2117/828 1280/2106/828
f 1280/2114/833 1281/2118/833 1268/2119/833 1271/2115/833
f 1263/2083/854 1268/2119/854 1281/2118/854 1282/2082/854
f 1282/2120/855 1281/2117/855 1269/2116/855 1266/2121/855
f 1266/2121/856 1258/2072/856 1260/2073/856 1282/2120/856
f 1283/2113/46 1285/2122/46 1284/2123/46 1279/2110/46
f 1279/2109/46 1284/2124/46 1287/2125/46 1277/2108/46
f 1291/2126/833 1286/2127/833 1284/2123/833 1285/2122/833
f 1286/2128/828 1288/2129/828 1287/2125/828 1284/2124/828
f 1288/2130/827 1290/2131/827 1289/2132/827 1287/2133/827
f 1277/2101/46 1287/2133/46 1289/2132/46 1274/2100/46
f 1290/2134/826 1291/2135/826 1285/2136/826 1289/2137/826
f 1274/2103/46 1289/2137/46 1285/2136/46 1283/2102/46
f 1291/2126/153 1290/2131/153 1288/2130/153 1286/2127/153
f 1238/2041/857 1228/2013/857 1231/2012/857 1245/2042/857
f 1222/2138/833 1225/2020/833 1233/2023/833 1292/2139/833
f 1292/2140/826 1233/2018/826 1226/2019/826 1223/2141/826
f 1223/2141/46 1216/1991/46 1293/1990/46 1292/2140/46
f 1292/2139/46 1293/2142/46 1220/2143/46 1222/2138/46
f 1215/1984/833 1218/1987/833 1220/2143/833 1293/2142/833
f 1295/2144/153 1298/2145/153 1297/2146/153 1294/2147/153
f 1294/2148/858 1296/2149/858 1373/2150/858 1295/2151/858
f 1297/2146/859 1299/2152/859 1296/2153/859 1294/2147/859
f 1298/2154/860 1300/2155/860 1299/2156/860 1297/2157/860
f 1302/2158/46 1301/2159/46 1299/2156/46 1300/2155/46
f 1301/2160/46 1303/2161/46 1296/2153/46 1299/2152/46
f 1301/2159/860 1302/2158/860 1305/2162/860 1304/2163/860
f 1303/2161/859 1301/2160/859 1304/2164/859 1306/2165/859
f 1304/2163/861 1305/2162/861 1309/2166/861 1307/2167/861
f 1306/2165/862 1304/2164/862 1307/2168/862 1310/2169/862
f 1307/2167/860 1309/2166/860 1316/2170/860 1308/2171/860
f 1310/2169/859 1307/2168/859 1308/2172/859 1311/2173/859
f 1312/2174/858 1310/2175/858 1311/2176/858 1314/2177/858
f 1313/2178/863 1306/2179/863 1310/2175/863 1312/2174/863
f 1305/2180/864 1313/2181/864 1312/2182/864 1309/2183/864
f 1309/2183/865 1312/2182/865 1314/2184/865 1316/2185/865
f 1325/2186/866 1315/2187/866 1314/2177/866 1311/2176/866
f 1315/2188/867 1317/2189/867 1316/2185/867 1314/2184/867
f 1317/2190/868 1318/2191/868 1308/2171/868 1316/2170/868
f 1321/2192/865 1319/2193/865 1317/2189/865 1315/2188/865
f 1319/2194/869 1322/2195/869 1318/2191/869 1317/2190/869
f 1320/2196/870 1323/2197/870 1322/2195/870 1319/2194/870
f 1328/2198/865 1320/2199/865 1319/2193/865 1321/2192/865
f 1322/2200/859 1324/2201/859 1325/2202/859 1318/2203/859
f 1323/2204/859 1326/2205/859 1324/2201/859 1322/2200/859
f 1324/2206/871 1321/2207/871 1315/2187/871 1325/2186/871
f 1326/2208/872 1328/2209/872 1321/2207/872 1324/2206/872
f 1327/2210/873 1329/2211/873 1328/2209/873 1326/2208/873
f 1333/2212/859 1327/2213/859 1326/2205/859 1323/2204/859
f 1329/2214/865 1331/2215/865 1320/2199/865 1328/2198/865
f 1336/2216/153 1330/2217/153 1329/2211/153 1327/2210/153
f 1330/2218/865 1332/2219/865 1331/2215/865 1329/2214/865
f 1331/2220/874 1333/2221/874 1323/2197/874 1320/2196/874
f 1332/2222/46 1334/2223/46 1333/2221/46 1331/2220/46
f 1334/2224/859 1336/2225/859 1327/2213/859 1333/2212/859
f 1335/2226/859 1337/2227/859 1336/2225/859 1334/2224/859
f 1341/2228/875 1335/2229/875 1334/2223/875 1332/2222/875
f 1337/2230/876 1339/2231/876 1330/2217/876 1336/2216/876
f 1338/2232/877 1340/2233/877 1339/2231/877 1337/2230/877
f 1344/2234/859 1338/2235/859 1337/2227/859 1335/2226/859
f 1340/2236/865 1342/2237/865 1341/2238/865 1339/2239/865
f 1339/2239/865 1341/2238/865 1332/2219/865 1330/2218/865
f 1342/2240/878 1344/2241/878 1335/2229/878 1341/2228/878
f 1362/2242/865 1343/2243/865 1342/2237/865 1340/2236/865
f 1343/2244/879 1345/2245/879 1344/2241/879 1342/2240/879
f 1345/2246/859 1346/2247/859 1338/2235/859 1344/2234/859
f 1345/2245/880 1343/2244/880 1348/2248/880 1347/2249/880
f 1346/2247/881 1345/2246/881 1347/2250/881 1349/2251/881
f 1351/2252/858 1350/2253/858 1347/2249/858 1348/2248/858
f 1350/2254/859 1352/2255/859 1349/2251/859 1347/2250/859
f 1355/2256/882 1353/2257/882 1350/2253/882 1351/2252/882
f 1353/2258/883 1356/2259/883 1352/2255/883 1350/2254/883
f 1354/2260/859 1357/2261/859 1356/2259/859 1353/2258/859
f 1363/2262/858 1354/2263/858 1353/2257/858 1355/2256/858
f 1356/2264/884 1358/2265/884 1360/2266/884 1352/2267/884
f 1357/2268/860 1359/2269/860 1358/2265/860 1356/2264/860
f 1359/2270/865 1363/2271/865 1355/2272/865 1358/2273/865
f 1358/2273/885 1355/2272/885 1351/2274/885 1360/2275/885
f 1352/2267/860 1360/2266/860 1361/2276/860 1349/2277/860
f 1360/2275/865 1351/2274/865 1348/2278/865 1361/2279/865
f 1343/2243/886 1362/2242/886 1361/2279/886 1348/2278/886
f 1362/2280/887 1346/2281/887 1349/2277/887 1361/2276/887
f 1346/2281/888 1362/2280/888 1340/2233/888 1338/2232/888
f 1363/2271/46 1359/2270/46 1364/2282/46 1365/2283/46
f 1359/2269/46 1357/2268/46 1367/2284/46 1364/2285/46
f 1371/2286/865 1365/2283/865 1364/2282/865 1366/2287/865
f 1366/2288/860 1364/2285/860 1367/2284/860 1368/2289/860
f 1368/2290/859 1367/2291/859 1369/2292/859 1370/2293/859
f 1357/2261/46 1354/2260/46 1369/2292/46 1367/2291/46
f 1370/2294/858 1369/2295/858 1365/2296/858 1371/2297/858
f 1354/2263/46 1363/2262/46 1365/2296/46 1369/2295/46
f 1371/2286/153 1366/2287/153 1368/2290/153 1370/2293/153
f 1318/2203/889 1325/2202/889 1311/2173/889 1308/2172/889
f 1302/2298/865 1372/2299/865 1313/2181/865 1305/2180/865
f 1372/2300/858 1303/2301/858 1306/2179/858 1313/2178/858
f 1303/2301/46 1372/2300/46 1373/2150/46 1296/2149/46
f 1372/2299/46 1302/2298/46 1300/2302/46 1373/2303/46
f 1295/2144/865 1373/2303/865 1300/2302/865 1298/2145/865
f 1375/2304/153 1374/2305/153 1377/2306/153 1378/2307/153
f 1374/2308/890 1375/2309/890 1453/2310/890 1376/2311/890
f 1377/2306/891 1374/2305/891 1376/2312/891 1379/2313/891
f 1378/2314/892 1377/2315/892 1379/2316/892 1380/2317/892
f 1382/2318/46 1380/2317/46 1379/2316/46 1381/2319/46
f 1381/2320/46 1379/2313/46 1376/2312/46 1383/2321/46
f 1381/2319/892 1384/2322/892 1385/2323/892 1382/2318/892
f 1383/2321/891 1386/2324/891 1384/2325/891 1381/2320/891
f 1384/2322/893 1387/2326/893 1389/2327/893 1385/2323/893
f 1386/2324/894 1390/2328/894 1387/2329/894 1384/2325/894
f 1387/2326/892 1388/2330/892 1396/2331/892 1389/2327/892
f 1390/2328/891 1391/2332/891 1388/2333/891 1387/2329/891
f 1392/2334/890 1394/2335/890 1391/2336/890 1390/2337/890
f 1393/2338/895 1392/2334/895 1390/2337/895 1386/2339/895
f 1385/2340/896 1389/2341/896 1392/2342/896 1393/2343/896
f 1389/2341/897 1396/2344/897 1394/2345/897 1392/2342/897
f 1405/2346/898 1391/2336/898 1394/2335/898 1395/2347/898
f 1395/2348/899 1394/2345/899 1396/2344/899 1397/2349/899
f 1397/2350/900 1396/2331/900 1388/2330/900 1398/2351/900
f 1401/2352/897 1395/2348/897 1397/2349/897 1399/2353/897
f 1399/2354/901 1397/2350/901 1398/2351/901 1402/2355/901
f 1400/2356/902 1399/2354/902 1402/2355/902 1403/2357/902
f 1408/2358/897 1401/2352/897 1399/2353/897 1400/2359/897
f 1402/2360/891 1398/2361/891 1405/2362/891 1404/2363/891
f 1403/2364/891 1402/2360/891 1404/2363/891 1406/2365/891
f 1404/2366/903 1405/2346/903 1395/2347/903 1401/2367/903
f 1406/2368/904 1404/2366/904 1401/2367/904 1408/2369/904
f 1407/2370/905 1406/2368/905 1408/2369/905 1409/2371/905
f 1413/2372/891 1403/2364/891 1406/2365/891 1407/2373/891
f 1409/2374/897 1408/2358/897 1400/2359/897 1411/2375/897
f 1416/2376/153 1407/2370/153 1409/2371/153 1410/2377/153
f 1410/2378/897 1409/2374/897 1411/2375/897 1412/2379/897
f 1411/2380/906 1400/2356/906 1403/2357/906 1413/2381/906
f 1412/2382/46 1411/2380/46 1413/2381/46 1414/2383/46
f 1414/2384/891 1413/2372/891 1407/2373/891 1416/2385/891
f 1415/2386/891 1414/2384/891 1416/2385/891 1417/2387/891
f 1421/2388/907 1412/2382/907 1414/2383/907 1415/2389/907
f 1417/2390/908 1416/2376/908 1410/2377/908 1419/2391/908
f 1418/2392/909 1417/2390/909 1419/2391/909 1420/2393/909
f 1424/2394/891 1415/2386/891 1417/2387/891 1418/2395/891
f 1420/2396/897 1419/2397/897 1421/2398/897 1422/2399/897
f 1419/2397/897 1410/2378/897 1412/2379/897 1421/2398/897
f 1422/2400/910 1421/2388/910 1415/2389/910 1424/2401/910
f 1442/2402/897 1420/2396/897 1422/2399/897 1423/2403/897
f 1423/2404/911 1422/2400/911 1424/2401/911 1425/2405/911
f 1425/2406/891 1424/2394/891 1418/2395/891 1426/2407/891
f 1425/2405/912 1427/2408/912 1428/2409/912 1423/2404/912
f 1426/2407/913 1429/2410/913 1427/2411/913 1425/2406/913
f 1431/2412/890 1428/2409/890 1427/2408/890 1430/2413/890
f 1430/2414/891 1427/2411/891 1429/2410/891 1432/2415/891
f 1435/2416/914 1431/2412/914 1430/2413/914 1433/2417/914
f 1433/2418/915 1430/2414/915 1432/2415/915 1436/2419/915
f 1434/2420/891 1433/2418/891 1436/2419/891 1437/2421/891
f 1443/2422/890 1435/2416/890 1433/2417/890 1434/2423/890
f 1436/2424/916 1432/2425/916 1440/2426/916 1438/2427/916
f 1437/2428/892 1436/2424/892 1438/2427/892 1439/2429/892
f 1439/2430/897 1438/2431/897 1435/2432/897 1443/2433/897
f 1438/2431/917 1440/2434/917 1431/2435/917 1435/2432/917
f 1432/2425/892 1429/2436/892 1441/2437/892 1440/2426/892
f 1440/2434/897 1441/2438/897 1428/2439/897 1431/2435/897
f 1423/2403/918 1428/2439/918 1441/2438/918 1442/2402/918
f 1442/2440/919 1441/2437/919 1429/2436/919 1426/2441/919
f 1426/2441/920 1418/2392/920 1420/2393/920 1442/2440/920
f 1443/2433/46 1445/2442/46 1444/2443/46 1439/2430/46
f 1439/2429/46 1444/2444/46 1447/2445/46 1437/2428/46
f 1451/2446/897 1446/2447/897 1444/2443/897 1445/2442/897
f 1446/2448/892 1448/2449/892 1447/2445/892 1444/2444/892
f 1448/2450/891 1450/2451/891 1449/2452/891 1447/2453/891
f 1437/2421/46 1447/2453/46 1449/2452/46 1434/2420/46
f 1450/2454/890 1451/2455/890 1445/2456/890 1449/2457/890
f 1434/2423/46 1449/2457/46 1445/2456/46 1443/2422/46
f 1451/2446/153 1450/2451/153 1448/2450/153 1446/2447/153
f 1398/2361/921 1388/2333/921 1391/2332/921 1405/2362/921
f 1382/2458/897 1385/2340/897 1393/2343/897 1452/2459/897
f 1452/2460/890 1393/2338/890 1386/2339/890 1383/2461/890
f 1383/2461/46 1376/2311/46 1453/2310/46 1452/2460/46
f 1452/2459/46 1453/2462/46 1380/2463/46 1382/2458/46
f 1375/2304/897 1378/2307/897 1380/2463/897 1453/2462/897
f 1455/2464/153 1458/2465/153 1457/2466/153 1454/2467/153
f 1454/2468/922 1456/2469/922 1533/2470/922 1455/2471/922
f 1457/2466/923 1459/2472/923 1456/2473/923 1454/2467/923
f 1458/2474/924 1460/2475/924 1459/2476/924 1457/2477/924
f 1462/2478/46 1461/2479/46 1459/2476/46 1460/2475/46
f 1461/2480/46 1463/2481/46 1456/2473/46 1459/2472/46
f 1461/2479/924 1462/2478/924 1465/2482/924 1464/2483/924
f 1463/2481/923 1461/2480/923 1464/2484/923 1466/2485/923
f 1464/2483/925 1465/2482/925 1469/2486/925 1467/2487/925
f 1466/2485/926 1464/2484/926 1467/2488/926 1470/2489/926
f 1467/2487/924 1469/2486/924 1476/2490/924 1468/2491/924
f 1470/2489/923 1467/2488/923 1468/2492/923 1471/2493/923
f 1472/2494/922 1470/2495/922 1471/2496/922 1474/2497/922
f 1473/2498/927 1466/2499/927 1470/2495/927 1472/2494/927
f 1465/2500/928 1473/2501/928 1472/2502/928 1469/2503/928
f 1469/2503/929 1472/2502/929 1474/2504/929 1476/2505/929
f 1485/2506/930 1475/2507/930 1474/2497/930 1471/2496/930
f 1475/2508/931 1477/2509/931 1476/2505/931 1474/2504/931
f 1477/2510/932 1478/2511/932 1468/2491/932 1476/2490/932
f 1481/2512/929 1479/2513/929 1477/2509/929 1475/2508/929
f 1479/2514/933 1482/2515/933 1478/2511/933 1477/2510/933
f 1480/2516/934 1483/2517/934 1482/2515/934 1479/2514/934
f 1488/2518/929 1480/2519/929 1479/2513/929 1481/2512/929
f 1482/2520/923 1484/2521/923 1485/2522/923 1478/2523/923
f 1483/2524/923 1486/2525/923 1484/2521/923 1482/2520/923
f 1484/2526/935 1481/2527/935 1475/2507/935 1485/2506/935
f 1486/2528/936 1488/2529/936 1481/2527/936 1484/2526/936
f 1487/2530/937 1489/2531/937 1488/2529/937 1486/2528/937
f 1493/2532/923 1487/2533/923 1486/2525/923 1483/2524/923
f 1489/2534/929 1491/2535/929 1480/2519/929 1488/2518/929
f 1496/2536/153 1490/2537/153 1489/2531/153 1487/2530/153
f 1490/2538/929 1492/2539/929 1491/2535/929 1489/2534/929
f 1491/2540/938 1493/2541/938 1483/2517/938 1480/2516/938
f 1492/2542/46 1494/2543/46 1493/2541/46 1491/2540/46
f 1494/2544/923 1496/2545/923 1487/2533/923 1493/2532/923
f 1495/2546/923 1497/2547/923 1496/2545/923 1494/2544/923
f 1501/2548/939 1495/2549/939 1494/2543/939 1492/2542/939
f 1497/2550/940 1499/2551/940 1490/2537/940 1496/2536/940
f 1498/2552/941 1500/2553/941 1499/2551/941 1497/2550/941
f 1504/2554/923 1498/2555/923 1497/2547/923 1495/2546/923
f 1500/2556/929 1502/2557/929 1501/2558/929 1499/2559/929
f 1499/2559/929 1501/2558/929 1492/2539/929 1490/2538/929
f 1502/2560/942 1504/2561/942 1495/2549/942 1501/2548/942
f 1522/2562/929 1503/2563/929 1502/2557/929 1500/2556/929
f 1503/2564/943 1505/2565/943 1504/2561/943 1502/2560/943
f 1505/2566/923 1506/2567/923 1498/2555/923 1504/2554/923
f 1505/2565/944 1503/2564/944 1508/2568/944 1507/2569/944
f 1506/2567/945 1505/2566/945 1507/2570/945 1509/2571/945
f 1511/2572/922 1510/2573/922 1507/2569/922 1508/2568/922
f 1510/2574/923 1512/2575/923 1509/2571/923 1507/2570/923
f 1515/2576/946 1513/2577/946 1510/2573/946 1511/2572/946
f 1513/2578/947 1516/2579/947 1512/2575/947 1510/2574/947
f 1514/2580/923 1517/2581/923 1516/2579/923 1513/2578/923
f 1523/2582/922 1514/2583/922 1513/2577/922 1515/2576/922
f 1516/2584/948 1518/2585/948 1520/2586/948 1512/2587/948
f 1517/2588/924 1519/2589/924 1518/2585/924 1516/2584/924
f 1519/2590/929 1523/2591/929 1515/2592/929 1518/2593/929
f 1518/2593/949 1515/2592/949 1511/2594/949 1520/2595/949
f 1512/2587/924 1520/2586/924 1521/2596/924 1509/2597/924
f 1520/2595/929 1511/2594/929 1508/2598/929 1521/2599/929
f 1503/2563/950 1522/2562/950 1521/2599/950 1508/2598/950
f 1522/2600/951 1506/2601/951 1509/2597/951 1521/2596/951
f 1506/2601/952 1522/2600/952 1500/2553/952 1498/2552/952
f 1523/2591/46 1519/2590/46 1524/2602/46 1525/2603/46
f 1519/2589/46 1517/2588/46 1527/2604/46 1524/2605/46
f 1531/2606/929 1525/2603/929 1524/2602/929 1526/2607/929
f 1526/2608/924 1524/2605/924 1527/2604/924 1528/2609/924
f 1528/2610/923 1527/2611/923 1529/2612/923 1530/2613/923
f 1517/2581/46 1514/2580/46 1529/2612/46 1527/2611/46
f 1530/2614/922 1529/2615/922 1525/2616/922 1531/2617/922
f 1514/2583/46 1523/2582/46 1525/2616/46 1529/2615/46
f 1531/2606/153 1526/2607/153 1528/2610/153 1530/2613/153
f 1478/2523/953 1485/2522/953 1471/2493/953 1468/2492/953
f 1462/2618/929 1532/2619/929 1473/2501/929 1465/2500/929
f 1532/2620/922 1463/2621/922 1466/2499/922 1473/2498/922
f 1463/2621/46 1532/2620/46 1533/2470/46 1456/2469/46
f 1532/2619/46 1462/2618/46 1460/2622/46 1533/2623/46
f 1455/2464/929 1533/2623/929 1460/2622/929 1458/2465/929
f 1535/2624/153 1534/2625/153 1537/2626/153 1538/2627/153
f 1534/2628/762 1535/2629/762 1613/2630/762 1536/2631/762
f 1537/2626/763 1534/2625/763 1536/2632/763 1539/2633/763
f 1538/2634/764 1537/2635/764 1539/2636/764 1540/2637/764
f 1542/2638/46 1540/2637/46 1539/2636/46 1541/2639/46
f 1541/2640/46 1539/2633/46 1536/2632/46 1543/2641/46
f 1541/2639/764 1544/2642/764 1545/2643/764 1542/2638/764
f 1543/2641/763 1546/2644/763 1544/2645/763 1541/2640/763
f 1544/2642/765 1547/2646/765 1549/2647/765 1545/2643/765
f 1546/2644/766 1550/2648/766 1547/2649/766 1544/2645/766
f 1547/2646/764 1548/2650/764 1556/2651/764 1549/2647/764
f 1550/2648/763 1551/2652/763 1548/2653/763 1547/2649/763
f 1552/2654/762 1554/2655/762 1551/2656/762 1550/2657/762
f 1553/2658/767 1552/2654/767 1550/2657/767 1546/2659/767
f 1545/2660/768 1549/2661/768 1552/2662/768 1553/2663/768
f 1549/2661/769 1556/2664/769 1554/2665/769 1552/2662/769
f 1565/2666/770 1551/2656/770 1554/2655/770 1555/2667/770
f 1555/2668/771 1554/2665/771 1556/2664/771 1557/2669/771
f 1557/2670/772 1556/2651/772 1548/2650/772 1558/2671/772
f 1561/2672/769 1555/2668/769 1557/2669/769 1559/2673/769
f 1559/2674/773 1557/2670/773 1558/2671/773 1562/2675/773
f 1560/2676/774 1559/2674/774 1562/2675/774 1563/2677/774
f 1568/2678/769 1561/2672/769 1559/2673/769 1560/2679/769
f 1562/2680/763 1558/2681/763 1565/2682/763 1564/2683/763
f 1563/2684/763 1562/2680/763 1564/2683/763 1566/2685/763
f 1564/2686/954 1565/2666/954 1555/2667/954 1561/2687/954
f 1566/2688/776 1564/2686/776 1561/2687/776 1568/2689/776
f 1567/2690/777 1566/2688/777 1568/2689/777 1569/2691/777
f 1573/2692/763 1563/2684/763 1566/2685/763 1567/2693/763
f 1569/2694/769 1568/2678/769 1560/2679/769 1571/2695/769
f 1576/2696/153 1567/2690/153 1569/2691/153 1570/2697/153
f 1570/2698/769 1569/2694/769 1571/2695/769 1572/2699/769
f 1571/2700/778 1560/2676/778 1563/2677/778 1573/2701/778
f 1572/2702/46 1571/2700/46 1573/2701/46 1574/2703/46
f 1574/2704/763 1573/2692/763 1567/2693/763 1576/2705/763
f 1575/2706/763 1574/2704/763 1576/2705/763 1577/2707/763
f 1581/2708/779 1572/2702/779 1574/2703/779 1575/2709/779
f 1577/2710/780 1576/2696/780 1570/2697/780 1579/2711/780
f 1578/2712/781 1577/2710/781 1579/2711/781 1580/2713/781
f 1584/2714/763 1575/2706/763 1577/2707/763 1578/2715/763
f 1580/2716/769 1579/2717/769 1581/2718/769 1582/2719/769
f 1579/2717/769 1570/2698/769 1572/2699/769 1581/2718/769
f 1582/2720/782 1581/2708/782 1575/2709/782 1584/2721/782
f 1602/2722/769 1580/2716/769 1582/2719/769 1583/2723/769
f 1583/2724/783 1582/2720/783 1584/2721/783 1585/2725/783
f 1585/2726/763 1584/2714/763 1578/2715/763 1586/2727/763
f 1585/2725/784 1587/2728/784 1588/2729/784 1583/2724/784
f 1586/2727/785 1589/2730/785 1587/2731/785 1585/2726/785
f 1591/2732/762 1588/2729/762 1587/2728/762 1590/2733/762
f 1590/2734/763 1587/2731/763 1589/2730/763 1592/2735/763
f 1595/2736/786 1591/2732/786 1590/2733/786 1593/2737/786
f 1593/2738/787 1590/2734/787 1592/2735/787 1596/2739/787
f 1594/2740/763 1593/2738/763 1596/2739/763 1597/2741/763
f 1603/2742/762 1595/2736/762 1593/2737/762 1594/2743/762
f 1596/2744/788 1592/2745/788 1600/2746/788 1598/2747/788
f 1597/2748/764 1596/2744/764 1598/2747/764 1599/2749/764
f 1599/2750/769 1598/2751/769 1595/2752/769 1603/2753/769
f 1598/2751/789 1600/2754/789 1591/2755/789 1595/2752/789
f 1592/2745/764 1589/2756/764 1601/2757/764 1600/2746/764
f 1600/2754/769 1601/2758/769 1588/2759/769 1591/2755/769
f 1583/2723/790 1588/2759/790 1601/2758/790 1602/2722/790
f 1602/2760/791 1601/2757/791 1589/2756/791 1586/2761/791
f 1586/2761/792 1578/2712/792 1580/2713/792 1602/2760/792
f 1603/2753/46 1605/2762/46 1604/2763/46 1599/2750/46
f 1599/2749/46 1604/2764/46 1607/2765/46 1597/2748/46
f 1611/2766/769 1606/2767/769 1604/2763/769 1605/2762/769
f 1606/2768/764 1608/2769/764 1607/2765/764 1604/2764/764
f 1608/2770/763 1610/2771/763 1609/2772/763 1607/2773/763
f 1597/2741/46 1607/2773/46 1609/2772/46 1594/2740/46
f 1610/2774/762 1611/2775/762 1605/2776/762 1609/2777/762
f 1594/2743/46 1609/2777/46 1605/2776/46 1603/2742/46
f 1611/2766/153 1610/2771/153 1608/2770/153 1606/2767/153
f 1558/2681/793 1548/2653/793 1551/2652/793 1565/2682/793
f 1542/2778/769 1545/2660/769 1553/2663/769 1612/2779/769
f 1612/2780/762 1553/2658/762 1546/2659/762 1543/2781/762
f 1543/2781/46 1536/2631/46 1613/2630/46 1612/2780/46
f 1612/2779/46 1613/2782/46 1540/2783/46 1542/2778/46
f 1535/2624/769 1538/2627/769 1540/2783/769 1613/2782/769
