# Blender 5.1.2
# www.blender.org
mtllib Cañon hefesto.mtl
o Cylinder
v 0.000000 3.359495 -1.164873
v 0.000000 5.648514 -0.331738
v -0.237613 5.626523 -0.339743
v -0.466094 5.561393 -0.363448
v -0.676663 5.455629 -0.401942
v -0.861229 5.313295 -0.453748
v -1.012698 5.139860 -0.516873
v -1.125250 4.941989 -0.588892
v -1.194559 4.727287 -0.667037
v -1.217962 4.504004 -0.748306
v -1.194559 4.280722 -0.829574
v -1.125250 4.066020 -0.907719
v -1.012698 3.868149 -0.979738
v -0.861229 3.694714 -1.042863
v -0.676663 3.552380 -1.094669
v -0.466094 3.446615 -1.133164
v -0.237613 3.381486 -1.156869
v 0.000000 4.690485 -7.717804
v 0.000000 4.517393 -7.667285
v 0.000000 4.570431 -7.732028
v 0.000000 4.534918 -7.707502
v 0.000000 5.685606 -7.502141
v 0.000000 5.841403 -7.380924
v 0.000000 5.803342 -7.464909
v 0.000000 5.832524 -7.426574
v -0.099323 5.676045 -7.504213
v -0.132186 5.828685 -7.383669
v -0.123061 5.791498 -7.467474
v -0.129532 5.820059 -7.429271
v -0.194828 5.647730 -7.510348
v -0.259294 5.791021 -7.391798
v -0.241394 5.756419 -7.475071
v -0.254087 5.783143 -7.437254
v -0.282847 5.601751 -7.520315
v -0.376441 5.729857 -7.405000
v -0.350450 5.699453 -7.487410
v -0.368880 5.723192 -7.450219
v -0.359996 5.539873 -7.533724
v -0.479128 5.647542 -7.422772
v -0.446040 5.622791 -7.504015
v -0.469500 5.642512 -7.467670
v -0.423310 5.464474 -7.550063
v -0.563408 5.547237 -7.444433
v -0.524489 5.529377 -7.524249
v -0.552080 5.544202 -7.488938
v -0.470357 5.378453 -7.568708
v -0.626041 5.432796 -7.469154
v -0.582783 5.422802 -7.547337
v -0.613446 5.432037 -7.513207
v -0.499329 5.285114 -7.588934
v -0.664620 5.308615 -7.495992
v -0.618681 5.307159 -7.572387
v -0.651240 5.310329 -7.539544
v -0.509111 5.188045 -7.609972
v -0.677659 5.179466 -7.523915
v -0.630805 5.186895 -7.598442
v -0.664008 5.183755 -7.566942
v -0.499329 5.090975 -7.631009
v -0.664656 5.050311 -7.551851
v -0.618686 5.066630 -7.624499
v -0.651258 5.057178 -7.594348
v -0.470357 4.997637 -7.651238
v -0.626108 4.926115 -7.578730
v -0.582792 4.950986 -7.649557
v -0.613479 4.935463 -7.620708
v -0.423310 4.911614 -7.669879
v -0.563495 4.811651 -7.603514
v -0.524501 4.844407 -7.672650
v -0.552123 4.823287 -7.645007
v -0.359995 4.836216 -7.686221
v -0.479223 4.711321 -7.625248
v -0.446052 4.750990 -7.692895
v -0.469547 4.724964 -7.666311
v -0.282847 4.774339 -7.699629
v -0.376529 4.628980 -7.643093
v -0.350462 4.674325 -7.709509
v -0.368924 4.644271 -7.683798
v -0.194829 4.728359 -7.709596
v -0.259360 4.567794 -7.656357
v -0.241403 4.617357 -7.721857
v -0.254121 4.584310 -7.696795
v -0.099323 4.700045 -7.715729
v -0.132222 4.530115 -7.664527
v -0.123067 4.582275 -7.729459
v -0.129550 4.547386 -7.704799
v 0.000000 4.529574 -6.678476
v 0.000000 4.965689 -6.583961
v 0.000000 5.401803 -6.489447
v -0.087057 5.393423 -6.491262
v -0.170768 5.368605 -6.496639
v -0.247917 5.328304 -6.505375
v -0.315538 5.274068 -6.517128
v -0.371034 5.207980 -6.531450
v -0.412270 5.132583 -6.547792
v -0.437664 5.050770 -6.565521
v -0.446238 4.965688 -6.583961
v -0.437664 4.880607 -6.602399
v -0.412270 4.798794 -6.620130
v -0.371034 4.723395 -6.636468
v -0.315538 4.657309 -6.650793
v -0.247917 4.603072 -6.662546
v -0.170768 4.562771 -6.671281
v -0.087057 4.537953 -6.676658
v 0.000000 4.402249 -6.872712
v -0.139817 4.415616 -6.869493
v 0.000000 5.793355 -6.538307
v -0.139785 5.779993 -6.541514
v -0.274201 5.740419 -6.551012
v -0.398082 5.676154 -6.566438
v -0.506671 5.589665 -6.587201
v -0.595793 5.484274 -6.612506
v -0.662024 5.364032 -6.641385
v -0.702816 5.233557 -6.672732
v -0.716602 5.097862 -6.705342
v -0.702848 4.962163 -6.737965
v -0.662083 4.831675 -6.769347
v -0.595870 4.711412 -6.798281
v -0.506754 4.605999 -6.823651
v -0.398159 4.519488 -6.844478
v -0.274259 4.455203 -6.859958
v 0.000000 5.780340 -6.310057
v -0.141844 5.766803 -6.313389
v -0.278239 5.726712 -6.323258
v -0.403944 5.661606 -6.339287
v -0.514131 5.573987 -6.360860
v -0.604565 5.467219 -6.387152
v -0.671771 5.345405 -6.417158
v -0.713163 5.213225 -6.449726
v -0.727151 5.075757 -6.483606
v -0.713194 4.938285 -6.517498
v -0.671827 4.806092 -6.550100
v -0.604639 4.684259 -6.580158
v -0.514211 4.577470 -6.606513
v -0.404018 4.489829 -6.628149
v -0.278295 4.424705 -6.644228
v 0.000000 4.371059 -6.657476
v -0.141874 4.384600 -6.654132
v 0.000000 4.086301 -5.111293
v -0.175930 4.027779 -4.698678
v 0.000000 4.011231 -4.703679
v -0.345098 4.076784 -4.683865
v -0.501002 4.156364 -4.659811
v -0.637650 4.263461 -4.627443
v 0.000000 3.860925 3.662294
v 0.000000 3.156376 3.231910
v 0.000000 2.875133 2.753610
v 0.000000 2.798337 2.204090
v -0.749792 4.393957 -4.588009
v -0.833116 4.542838 -4.543025
v -0.884422 4.704381 -4.494223
v -0.901739 4.872376 -4.443478
v 0.000000 4.399793 -6.873710
v 0.000000 4.321270 -6.829350
v 0.000000 4.364351 -6.877893
v 0.000000 4.335610 -6.861656
v -0.140315 4.413224 -6.870472
v -0.154914 4.336076 -6.825780
v -0.147363 4.378448 -6.874496
v -0.152706 4.350209 -6.858138
v -0.303871 4.379925 -6.815211
v -0.275217 4.452997 -6.860885
v -0.299538 4.393446 -6.847719
v -0.289050 4.420192 -6.864438
v -0.441145 4.451131 -6.798053
v -0.399503 4.517573 -6.845321
v -0.434850 4.463655 -6.830806
v -0.419608 4.487975 -6.848107
v -0.561458 4.546957 -6.774976
v -0.508382 4.604455 -6.824387
v -0.553439 4.558136 -6.808053
v -0.534012 4.579182 -6.826139
v -0.660186 4.663718 -6.746878
v -0.597666 4.710281 -6.798895
v -0.650744 4.673255 -6.780346
v -0.627860 4.690298 -6.799386
v -0.733534 4.796925 -6.714846
v -0.663925 4.830964 -6.769833
v -0.723029 4.804582 -6.748755
v -0.697550 4.817041 -6.768881
v -0.778686 4.941456 -6.680121
v -0.704625 4.961848 -6.738327
v -0.767516 4.947066 -6.714501
v -0.740408 4.954531 -6.735806
v -0.793908 5.091755 -6.644041
v -0.718218 5.097887 -6.705592
v -0.782501 5.095230 -6.678905
v -0.754797 5.097474 -6.701433
v -0.778620 5.242045 -6.607993
v -0.704205 5.233847 -6.672886
v -0.767414 5.243376 -6.643331
v -0.740177 5.240376 -6.667084
v -0.733413 5.386551 -6.573357
v -0.663151 5.364504 -6.641465
v -0.722841 5.385812 -6.609149
v -0.697123 5.377743 -6.634078
v -0.660028 5.519720 -6.541461
v -0.596654 5.484849 -6.612532
v -0.650499 5.517067 -6.577664
v -0.627302 5.504304 -6.603678
v -0.561287 5.636436 -6.513523
v -0.507286 5.590276 -6.587192
v -0.553173 5.632101 -6.550083
v -0.533407 5.615205 -6.577048
v -0.440987 5.732218 -6.490605
v -0.398490 5.676757 -6.566410
v -0.434605 5.726498 -6.527457
v -0.419050 5.706197 -6.555203
v -0.303751 5.803387 -6.473582
v -0.274442 5.740993 -6.550973
v -0.299351 5.796635 -6.510649
v -0.288623 5.773797 -6.538976
v -0.154849 5.847212 -6.463102
v -0.139896 5.780540 -6.541472
v -0.152604 5.839823 -6.500301
v -0.147131 5.815420 -6.528987
v 0.000000 5.862010 -6.459564
v 0.000000 5.793892 -6.538264
v 0.000000 5.854406 -6.496808
v 0.000000 5.829473 -6.525615
v 0.000000 4.370498 -6.657526
v 0.000000 4.307885 -6.736982
v 0.000000 4.335318 -6.670526
v 0.000000 4.312400 -6.699609
v -0.141990 4.384028 -6.654181
v -0.155797 4.322759 -6.733314
v -0.149149 4.349543 -6.667012
v -0.154203 4.327117 -6.695977
v 0.000000 5.856030 -6.354706
v 0.000000 5.782888 -6.309012
v 0.000000 5.844687 -6.321511
v 0.000000 5.817916 -6.304786
v -0.155794 5.841157 -6.358381
v -0.142361 5.769285 -6.312363
v -0.154238 5.829963 -6.325143
v -0.149322 5.803656 -6.308299
v -0.305600 5.797109 -6.369266
v -0.279234 5.729001 -6.322288
v -0.302548 5.786355 -6.335899
v -0.292897 5.761425 -6.318704
v -0.443663 5.725580 -6.386941
v -0.405341 5.663594 -6.338404
v -0.439227 5.715541 -6.353367
v -0.425201 5.692853 -6.335601
v -0.564676 5.629316 -6.410727
v -0.515826 5.575593 -6.360090
v -0.559023 5.620244 -6.376875
v -0.541143 5.600580 -6.358342
v -0.663989 5.512019 -6.439705
v -0.606436 5.468396 -6.386511
v -0.657332 5.504126 -6.405519
v -0.636266 5.488159 -6.386048
v -0.737786 5.378194 -6.472763
v -0.673691 5.346144 -6.416650
v -0.730374 5.371654 -6.438200
v -0.706914 5.359922 -6.417663
v -0.783230 5.232986 -6.508629
v -0.715016 5.213553 -6.449349
v -0.775345 5.227919 -6.473663
v -0.750377 5.220806 -6.451966
v -0.798576 5.081973 -6.545921
v -0.728838 5.075731 -6.483348
v -0.790517 5.078446 -6.510545
v -0.764991 5.076161 -6.487641
v -0.783234 4.930959 -6.583209
v -0.714646 4.937983 -6.517341
v -0.775310 4.928980 -6.547425
v -0.750205 4.931551 -6.523316
v -0.737792 4.785748 -6.619057
v -0.673006 4.805600 -6.550022
v -0.730308 4.785266 -6.582891
v -0.706595 4.792533 -6.557623
v -0.663997 4.651918 -6.652090
v -0.605540 4.683660 -6.580136
v -0.657246 4.652826 -6.615578
v -0.635849 4.664444 -6.589241
v -0.564684 4.534615 -6.681039
v -0.514856 4.576831 -6.606528
v -0.558930 4.536746 -6.644229
v -0.540692 4.552198 -6.616956
v -0.443671 4.438345 -6.704795
v -0.404445 4.489198 -6.628184
v -0.439141 4.441486 -6.667743
v -0.424783 4.460099 -6.639701
v -0.305606 4.366811 -6.722445
v -0.278548 4.424104 -6.644274
v -0.302482 4.370704 -6.685216
v -0.292578 4.391675 -6.656604
v -0.884402 5.040370 -4.392741
v -0.833080 5.201904 -4.343961
v -0.749744 5.350773 -4.299011
v -0.637599 5.481255 -4.259616
v -0.500954 5.588337 -4.227289
v -0.345061 5.667906 -4.203269
v -0.175910 5.716903 -4.188478
v 0.000000 5.733448 -4.183484
v -1.632832 4.139127 3.364709
v -1.581570 3.517741 3.358308
v -1.120320 3.650316 3.159405
v -1.383947 3.700581 2.636088
v -1.211219 3.541690 3.002553
v -1.335736 3.577159 2.757610
v -1.124106 3.758122 3.251536
v -1.469955 3.862408 2.600796
v -1.472051 3.411965 3.493434
v -1.609344 3.247897 3.256526
v -1.142044 3.934412 3.297273
v -1.493436 4.093171 2.660666
v -1.797413 3.301469 2.886569
v -1.870230 3.487883 2.703023
v -1.163203 4.071754 3.268744
v -1.437910 4.230924 2.773681
v -1.280552 4.223081 3.179335
v -1.407979 4.287148 2.941812
v -2.035600 4.080847 2.740145
v -1.951736 4.288906 2.910841
v -1.714064 4.277060 3.523536
v -1.906528 4.373827 3.164785
v 0.000000 5.594529 2.642926
v 0.000000 5.498410 2.904603
v 0.000000 5.353087 3.142501
v 0.000000 5.164145 3.347476
v 0.000000 4.938845 3.511652
v 0.000000 4.685845 3.628718
v 0.000000 4.414867 3.694179
v 0.000000 4.136326 3.705516
v -0.277430 5.568079 2.636064
v -0.272099 5.472469 2.897873
v -0.256311 5.328651 3.136161
v -0.230674 5.142154 3.341770
v -0.196172 4.920143 3.506799
v -0.154132 4.671151 3.624906
v -0.106168 4.404746 3.691553
v -0.054124 4.131166 3.704177
v -0.544198 5.489749 2.615742
v -0.533741 5.395644 2.877942
v -0.502773 5.256285 3.117386
v -0.452484 5.077024 3.324873
v -0.384806 4.864755 3.492429
v -0.302340 4.627633 3.613616
v -0.208255 4.374770 3.683776
v -0.106168 4.115885 3.700212
v -0.790053 5.362549 2.582742
v -0.774872 5.270888 2.845574
v -0.729913 5.138766 3.086897
v -0.656905 4.971261 3.297433
v -0.558652 4.774811 3.469094
v -0.438930 4.556963 3.595281
v -0.302340 4.326093 3.671146
v -0.154132 4.091069 3.693774
v -1.005546 5.191365 2.538329
v -0.986225 5.102993 2.802016
v -0.929003 4.980613 3.045865
v -0.836081 4.828927 3.260506
v -0.711028 4.653766 3.437690
v -0.558651 4.461859 3.570607
v -0.384806 4.260583 3.654151
v -0.196172 4.057673 3.685111
v -1.182397 4.982777 2.484212
v -1.159678 4.898413 2.748940
v -1.092392 4.787902 2.995868
v -0.983127 4.655492 3.215510
v -0.836081 4.506271 3.399424
v -0.656904 4.345974 3.540542
v -0.452484 4.180760 3.633442
v -0.230674 4.016979 3.674552
v -1.313809 4.744801 2.422472
v -1.288565 4.665009 2.688384
v -1.213801 4.568042 2.938827
v -1.092392 4.457623 3.164174
v -0.929003 4.337996 3.355766
v -0.729913 4.213761 3.506241
v -0.502773 4.089691 3.609814
v -0.256311 3.970552 3.662508
v -0.240967 3.338233 -0.896374
v -0.472673 3.404474 -0.872954
v -0.686215 3.512043 -0.834921
v -1.394732 4.486582 2.355479
v -1.315667 4.260050 2.709360
v -1.285736 4.316275 2.877492
v -1.158309 4.252207 3.115015
v -1.040959 4.100881 3.204423
v -0.774871 4.070303 3.469020
v -0.533741 3.990874 3.584178
v -0.272099 3.920176 3.649437
v -0.873386 3.656808 -0.783739
v -1.026993 3.833204 -0.721373
v -1.141133 4.034453 -0.650219
v -1.211421 4.252821 -0.573014
v -1.235154 4.479916 -0.492722
v -1.211421 4.707011 -0.412431
v -1.141133 4.925379 -0.335225
v -1.422056 4.218043 2.285808
v -1.371192 4.122297 2.596345
v -1.472600 3.566381 3.344762
v -1.563498 3.457755 3.187910
v -1.019800 3.963539 3.232953
v -0.790052 3.921110 3.430314
v -0.544197 3.888109 3.557515
v -0.277429 3.867787 3.635846
v -1.026993 5.126628 -0.264072
v -0.873386 5.303024 -0.201706
v -0.686215 5.447788 -0.150523
v -0.472673 5.555358 -0.112491
v -0.240967 5.621599 -0.089071
v 0.000000 5.643966 -0.081163
v -1.394731 3.949504 2.216138
v -1.347712 3.891534 2.536476
v -1.688016 3.493224 2.942968
v -1.843621 3.619910 2.858450
v -1.001862 3.787248 3.187215
v -0.774871 3.771918 3.391607
v -0.533741 3.785344 3.530854
v -0.272099 3.815398 3.622254
v -1.313808 3.691285 2.149145
v -1.261703 3.729706 2.571767
v -1.213493 3.606285 2.693290
v -1.088975 3.570817 2.938232
v -0.998076 3.679442 3.095085
v -0.729913 3.628459 3.354389
v -0.502773 3.686527 3.505217
v -0.256311 3.765022 3.609184
v -1.182396 3.453309 2.087404
v -1.159677 3.398333 2.359756
v -1.092392 3.374858 2.629265
v -0.983127 3.383786 2.885576
v -0.836081 3.424774 3.118837
v -0.656904 3.496247 3.320087
v -0.452484 3.595458 3.481590
v -0.230674 3.718595 3.597138
v 0.000000 3.315866 -0.904282
v 0.000000 2.871569 1.749449
v -0.275122 2.897759 1.756377
v -0.539671 2.975324 1.776895
v -0.783482 3.101283 1.810215
v -0.997183 3.270794 1.855055
v -1.172563 3.477345 1.909693
v -1.005545 3.244722 2.033287
v -0.986224 3.193753 2.306678
v -0.929003 3.182148 2.579268
v -0.836080 3.210351 2.840580
v -0.711028 3.277280 3.080572
v -0.558651 3.380362 3.290021
v -0.384806 3.515635 3.460881
v -0.196172 3.677901 3.586581
v 0.000000 5.760583 -5.414086
v -1.302883 3.712997 1.972030
v -0.168803 5.727314 -4.631790
v -1.383133 3.968695 2.039669
v -1.410231 4.234612 2.110011
v -1.383134 4.500528 2.180354
v -1.302883 4.756226 2.247993
v -1.172564 4.991879 2.310329
v -0.997184 5.198430 2.364967
v -0.790051 3.073538 1.988875
v -0.774871 3.025859 2.263120
v -0.729913 3.023995 2.538236
v -0.656904 3.068018 2.803652
v -0.558651 3.156235 3.049167
v -0.438929 3.285258 3.265347
v -0.302340 3.450126 3.443884
v -0.154131 3.644505 3.577917
v -0.331120 5.680174 -4.645555
v -0.783483 5.367942 2.409809
v -0.480716 5.603623 -4.667908
v -0.539672 5.493900 2.443128
v -0.275123 5.571465 2.463646
v 0.000000 5.597656 2.470573
v -0.544197 2.946338 1.955874
v -0.533741 2.901103 2.230753
v -0.502773 2.906477 2.507747
v -0.452483 2.962254 2.776212
v -0.384806 3.066290 3.025832
v -0.302339 3.214589 3.247013
v -0.208255 3.401448 3.431255
v -0.106168 3.619689 3.571479
v -0.611840 5.500601 -4.697991
v -0.719456 5.375066 -4.734653
v -0.277429 2.868008 1.935552
v -0.272098 2.824278 2.210821
v -0.256311 2.834109 2.488972
v -0.230674 2.897125 2.759315
v -0.196172 3.010902 3.011463
v -0.154131 3.171071 3.235723
v -0.106168 3.371472 3.423478
v -0.054124 3.604408 3.567514
v -0.799426 5.231842 -4.776484
v -0.848677 5.076432 -4.821882
v -0.865315 4.914807 -4.869102
v -0.848700 4.753179 -4.916331
v -0.799467 4.597759 -4.961754
v 0.000000 2.841559 1.928690
v -0.719509 4.454522 -5.003624
v 0.000000 2.809674 2.482633
v -0.611898 4.328971 -5.040330
v 0.000000 2.992200 3.006610
v -0.480769 4.225934 -5.070458
v 0.000000 3.361351 3.420852
v 0.000000 3.599248 3.566175
v -0.331161 4.149370 -5.092848
v -0.168825 4.102221 -5.106637
v 0.000000 5.842982 -5.321357
v 0.000000 5.761581 -5.414086
v 0.000000 5.832401 -5.367722
v 0.000000 5.802607 -5.401663
v -0.189937 5.822639 -4.540697
v -0.172191 5.744048 -4.631298
v -0.187042 5.812868 -4.585128
v -0.180546 5.784101 -4.618290
v -0.372550 5.769645 -4.557086
v -0.337818 5.696084 -4.645336
v -0.366891 5.760675 -4.600830
v -0.354178 5.733750 -4.633132
v -0.540842 5.683572 -4.582836
v -0.490566 5.618173 -4.668144
v -0.532653 5.675908 -4.625898
v -0.514251 5.651970 -4.657123
v -0.688357 5.567727 -4.617055
v -0.624600 5.513260 -4.698860
v -0.677969 5.561816 -4.659421
v -0.654633 5.541880 -4.689363
v -0.809432 5.426558 -4.658506
v -0.734775 5.385319 -4.736320
v -0.797259 5.422773 -4.700151
v -0.769933 5.407679 -4.728632
v -0.899417 5.265485 -4.705660
v -0.816843 5.239212 -4.779102
v -0.885937 5.264115 -4.746560
v -0.855713 5.254498 -4.773441
v -0.954851 5.090695 -4.756756
v -0.867613 5.080512 -4.825576
v -0.940589 5.091929 -4.796892
v -0.908658 5.088202 -4.822082
v -0.973597 4.908905 -4.809866
v -0.885085 4.915292 -4.873963
v -0.959105 4.912829 -4.849233
v -0.926707 4.915167 -4.872694
v -0.954930 4.727099 -4.862978
v -0.868533 4.749898 -4.922407
v -0.940761 4.733697 -4.901586
v -0.909138 4.742042 -4.923338
v -0.899560 4.552268 -4.914063
v -0.818543 4.590701 -4.969041
v -0.886253 4.561419 -4.951943
v -0.856599 4.575487 -4.972067
v -0.809611 4.391134 -4.961168
v -0.736995 4.443852 -5.012064
v -0.797668 4.402625 -4.998376
v -0.771089 4.421921 -5.017005
v -0.688538 4.249892 -5.002478
v -0.627002 4.315035 -5.049808
v -0.678405 4.263423 -5.039092
v -0.655882 4.287267 -5.056416
v -0.540993 4.133975 -5.036397
v -0.492783 4.209249 -5.080807
v -0.533048 4.149172 -5.072520
v -0.515402 4.176724 -5.088776
v -0.372649 4.047839 -5.061612
v -0.339511 4.130604 -5.103855
v -0.367184 4.064269 -5.097369
v -0.355055 4.094563 -5.112831
v 0.000000 4.065797 -5.122848
v 0.000000 3.976885 -5.082388
v 0.000000 4.026872 -5.132651
v 0.000000 3.994328 -5.117842
v -0.173105 4.082158 -5.118053
v -0.189977 3.994795 -5.077144
v -0.181018 4.043960 -5.127648
v -0.187193 4.011983 -5.112674
v -0.345809 4.075100 -4.683921
v -0.381958 3.999356 -4.788432
v -0.365148 4.030644 -4.699080
v -0.378379 4.002919 -4.737333
v -0.502204 4.154595 -4.659819
v -0.554523 4.087456 -4.761807
v -0.530196 4.114726 -4.673628
v -0.549346 4.090151 -4.710958
v -0.639466 4.261667 -4.627361
v -0.705785 4.206019 -4.725960
v -0.674952 4.227925 -4.639365
v -0.699226 4.207557 -4.675455
v -0.752329 4.392267 -4.587778
v -0.829933 4.350490 -4.682254
v -0.793858 4.365925 -4.597598
v -0.822263 4.350634 -4.632179
v -0.836435 4.541440 -4.542573
v -0.922198 4.515319 -4.632358
v -0.882333 4.523456 -4.549922
v -0.913725 4.513894 -4.582785
v -0.888507 4.703506 -4.493474
v -0.979032 4.694174 -4.578176
v -0.936957 4.694487 -4.498164
v -0.970091 4.691071 -4.529167
v -0.906486 4.872265 -4.442357
v -0.998250 4.880186 -4.521787
v -0.955600 4.872461 -4.444307
v -0.989188 4.875360 -4.473380
v -0.889614 5.041235 -4.391188
v -0.979109 5.066208 -4.465354
v -0.937513 5.050541 -4.390421
v -0.970270 5.059682 -4.417568
v -0.838481 5.203903 -4.341935
v -0.922340 5.245093 -4.411052
v -0.883360 5.221874 -4.338579
v -0.914055 5.236950 -4.363878
v -0.755004 5.353981 -4.296504
v -0.830118 5.409966 -4.360974
v -0.795200 5.379856 -4.290779
v -0.822694 5.400348 -4.314377
v -0.642364 5.485647 -4.256652
v -0.705984 5.554488 -4.317059
v -0.676406 5.518391 -4.248866
v -0.699693 5.543588 -4.270977
v -0.504883 5.593786 -4.223924
v -0.554706 5.673101 -4.281001
v -0.531540 5.632125 -4.214457
v -0.549777 5.661157 -4.235349
v -0.347861 5.674188 -4.199594
v -0.382098 5.761243 -4.254199
v -0.366177 5.716661 -4.188881
v -0.378709 5.748526 -4.208868
v -0.177366 5.723719 -4.184605
v -0.194795 5.815523 -4.237691
v -0.186690 5.768728 -4.173130
v -0.193069 5.802331 -4.192560
v 0.000000 5.740447 -4.179543
v 0.000000 5.832556 -4.232141
v 0.000000 5.786138 -4.167814
v 0.000000 5.819852 -4.187066
v -0.194719 3.945104 -4.804822
v -0.176256 4.026175 -4.698756
v -0.192891 3.949206 -4.753571
v -0.186133 3.978880 -4.714747
v 0.000000 3.926785 -4.810355
v 0.000000 4.009660 -4.703763
v 0.000000 3.931070 -4.759052
v 0.000000 3.961404 -4.720037
v -0.583393 2.863158 1.849519
v -0.540352 2.973745 1.776364
v -0.576658 2.884178 1.801408
v -0.560904 2.924656 1.774631
v -0.846968 2.999373 1.885551
v -0.784434 3.099915 1.809743
v -0.837179 3.018803 1.837019
v -0.814290 3.055604 1.809271
v -1.078009 3.182697 1.934033
v -0.998332 3.269693 1.854659
v -1.065530 3.199979 1.884939
v -1.036366 3.231821 1.855886
v -1.267636 3.406092 1.993094
v -1.173825 3.476539 1.909384
v -1.252935 3.420745 1.943323
v -1.218597 3.446530 1.912683
v -1.408561 3.660980 2.060454
v -1.304169 3.712490 1.971807
v -1.392191 3.672620 2.009919
v -1.353981 3.691474 1.977473
v -1.495364 3.937571 2.133516
v -1.384365 3.968465 2.039528
v -1.477946 3.945925 2.082165
v -1.437318 3.957233 2.047764
v -1.524704 4.225238 2.209464
v -1.411344 4.234618 2.109942
v -1.506903 4.230156 2.157279
v -1.465411 4.233590 2.120852
v -1.495449 4.512928 2.285375
v -1.384085 4.500717 2.180342
v -1.477951 4.514392 2.232373
v -1.437189 4.509923 2.193929
v -1.408717 4.789581 2.358331
v -1.303651 4.756538 2.248023
v -1.392200 4.787707 2.304562
v -1.353743 4.775613 2.264186
v -1.267840 5.044563 2.425533
v -1.173148 4.992260 2.310385
v -1.252946 5.039598 2.371071
v -1.218286 5.020454 2.328924
v -1.078228 5.268068 2.484407
v -0.997600 5.198835 2.365037
v -1.065542 5.260385 2.429350
v -1.036030 5.235044 2.385658
v -0.783757 5.368341 2.409883
v -0.837190 5.441579 2.477170
v -0.813979 5.411140 2.432214
v -0.583547 5.587809 2.568578
v -0.539835 5.494282 2.443202
v -0.576666 5.576219 2.512694
v -0.560666 5.541986 2.466803
v -0.297492 5.671748 2.590665
v -0.275197 5.571829 2.463717
v -0.293982 5.659129 2.534568
v -0.285821 5.622556 2.488102
v 0.000000 5.700091 2.598122
v 0.000000 5.598012 2.470644
v 0.000000 5.687124 2.541954
v 0.000000 5.649761 2.495294
v 0.000000 2.750958 1.819834
v 0.000000 2.869808 1.748866
v 0.000000 2.773286 1.772070
v 0.000000 2.816788 1.746094
v -0.275477 2.896045 1.755807
v -0.297408 2.779280 1.827328
v -0.285949 2.844017 1.753297
v -0.293977 2.801278 1.779476
v 0.000000 2.813493 1.923233
v 0.000000 2.749157 1.830589
v 0.000000 2.776569 1.905318
v 0.000000 2.753021 1.871408
v -0.283054 2.840468 1.930233
v -0.297544 2.777517 1.837945
v -0.290665 2.804274 1.912507
v -0.295969 2.781232 1.878727
v -0.555242 2.920358 1.950962
v -0.583651 2.861504 1.859734
v -0.570166 2.886324 1.933795
v -0.580564 2.864781 1.900404
v -0.806114 3.050101 1.984625
v -0.847320 2.997887 1.895120
v -0.827765 3.019569 1.968366
v -0.842847 3.000458 1.935605
v -1.026035 3.224719 2.029933
v -1.078418 3.181423 1.942747
v -1.053566 3.198894 2.014894
v -1.072739 3.183046 1.982982
v -1.206557 3.437513 2.085146
v -1.268062 3.405051 2.000793
v -1.238893 3.417410 2.071593
v -1.261406 3.405529 2.040717
v -1.340739 3.680317 2.148146
v -1.408967 3.660174 2.067030
v -1.376623 3.666728 2.136286
v -1.401596 3.659354 2.106595
v -1.423418 3.943810 2.216513
v -1.495719 3.936983 2.138922
v -1.461460 3.937268 2.206488
v -1.487924 3.934769 2.178088
v -1.451407 4.217872 2.287622
v -1.524990 4.224838 2.213710
v -1.490138 4.218637 2.279505
v -1.517071 4.221187 2.252451
v -1.423619 4.491972 2.358742
v -1.495657 4.512677 2.288525
v -1.461552 4.500023 2.352530
v -1.487920 4.507602 2.326828
v -1.341111 4.755575 2.427138
v -1.408853 4.789440 2.360491
v -1.376794 4.770612 2.422757
v -1.401589 4.783008 2.398363
v -1.207043 4.998545 2.490180
v -1.267913 5.044495 2.426839
v -1.239116 5.020003 2.487486
v -1.261397 5.036821 2.464302
v -1.026561 5.211534 2.545443
v -1.078258 5.268044 2.485014
v -1.053808 5.238607 2.544227
v -1.072730 5.259291 2.522109
v -0.806600 5.386346 2.590802
v -0.847172 5.451500 2.532739
v -0.827989 5.418018 2.590798
v -0.842839 5.441865 2.569558
v -0.555614 5.516254 2.624507
v -0.583539 5.587816 2.568268
v -0.570337 5.551337 2.625405
v -0.580559 5.577531 2.604820
v -0.283256 5.596255 2.645265
v -0.297485 5.671759 2.590130
v -0.290758 5.633436 2.646717
v -0.295966 5.661073 2.626536
v 0.000000 5.623269 2.652274
v 0.000000 5.700102 2.597512
v 0.000000 5.661160 2.653913
v 0.000000 5.689282 2.633869
v -0.473370 3.402869 -0.873326
v -0.539824 3.268806 -1.092681
v -0.508276 3.325083 -0.916601
v -0.532600 3.276012 -0.996891
v -0.687394 3.510359 -0.835290
v -0.783673 3.391570 -1.049374
v -0.737982 3.440625 -0.875748
v -0.773222 3.397145 -0.954108
v -0.875171 3.655101 -0.784073
v -0.997376 3.556760 -0.991055
v -0.939408 3.596156 -0.820748
v -0.984138 3.560161 -0.896509
v -1.029496 3.831598 -0.721618
v -1.172722 3.758009 -0.919931
v -1.104820 3.785732 -0.753700
v -1.157244 3.758796 -0.826288
v -1.144422 4.033134 -0.650305
v -1.302976 3.987569 -0.838698
v -1.227853 4.002097 -0.677164
v -1.285888 3.985419 -0.746120
v -1.215490 4.252017 -0.572854
v -1.383144 4.236606 -0.750439
v -1.303759 4.236962 -0.594066
v -1.365125 4.231321 -0.659066
v -1.239909 4.479870 -0.492230
v -1.410157 4.495542 -0.658517
v -1.329593 4.481317 -0.507590
v -1.391908 4.487053 -0.568455
v -1.216673 4.707943 -0.411529
v -1.382988 4.754430 -0.566447
v -1.304329 4.725776 -0.421055
v -1.365205 4.742792 -0.477759
v -1.146608 4.927458 -0.333857
v -1.302687 5.003328 -0.477772
v -1.228907 4.960939 -0.337790
v -1.286036 4.988709 -0.390467
v -1.032352 5.129940 -0.262212
v -1.172346 5.232685 -0.395920
v -1.106198 5.177750 -0.261005
v -1.157439 5.215357 -0.309945
v -0.878262 5.307553 -0.199367
v -0.996970 5.433698 -0.324113
v -0.940900 5.367851 -0.193665
v -0.984351 5.414023 -0.239310
v -0.690251 5.453410 -0.147758
v -0.783302 5.598651 -0.265038
v -0.739361 5.523909 -0.138374
v -0.773420 5.577071 -0.181301
v -0.475557 5.561846 -0.109391
v -0.539542 5.721218 -0.221129
v -0.509332 5.639897 -0.097274
v -0.532752 5.698231 -0.138173
v -0.242469 5.628644 -0.085757
v -0.275054 5.796692 -0.194073
v -0.259671 5.711333 -0.071959
v -0.271598 5.772843 -0.111605
v 0.000000 5.651203 -0.077775
v 0.000000 5.822176 -0.184934
v 0.000000 5.735456 -0.063409
v 0.000000 5.798037 -0.102632
v 0.000000 3.314368 -0.904643
v 0.000000 3.167671 -1.128338
v 0.000000 3.229928 -0.950244
v 0.000000 3.176233 -1.032122
v -0.275207 3.193201 -1.119339
v -0.241286 3.336704 -0.896739
v -0.271515 3.201420 -1.023230
v -0.259100 3.253946 -0.941753
v -0.274982 3.196095 -1.136771
v -0.254055 3.304645 -1.193983
v -0.271700 3.216807 -1.181588
v -0.264040 3.256539 -1.202529
v -0.539404 3.271494 -1.109281
v -0.498308 3.374366 -1.168596
v -0.532957 3.291304 -1.154448
v -0.517915 3.328958 -1.176159
v -0.783111 3.393942 -1.064650
v -0.723342 3.487565 -1.127377
v -0.773731 3.412282 -1.110382
v -0.751854 3.446550 -1.133342
v -0.996740 3.558743 -1.004610
v -0.920484 3.639861 -1.071922
v -0.984766 3.575091 -1.051092
v -0.956855 3.604782 -1.075730
v -1.172082 3.759573 -0.931489
v -1.082152 3.825366 -1.004375
v -1.157953 3.773475 -0.978870
v -1.125036 3.797557 -1.005548
v -1.302395 3.988724 -0.848119
v -1.202139 4.036915 -0.927344
v -1.286633 3.999811 -0.896503
v -1.249937 4.017450 -0.925501
v -1.382666 4.237398 -0.757727
v -1.275853 4.266346 -0.843801
v -1.365864 4.245399 -0.807170
v -1.326768 4.255995 -0.838676
v -1.409801 4.496040 -0.663806
v -1.300495 4.504820 -0.756965
v -1.392599 4.500801 -0.714315
v -1.352590 4.504014 -0.748414
v -1.382754 4.754711 -0.569973
v -1.275157 4.743165 -0.670176
v -1.365815 4.756199 -0.621510
v -1.326432 4.751973 -0.658187
v -1.302558 5.003463 -0.479833
v -1.200853 4.972226 -0.586768
v -1.286543 5.001777 -0.532322
v -1.249316 4.990344 -0.571462
v -1.172294 5.232733 -0.396838
v -1.080472 5.183220 -0.509937
v -1.157833 5.228097 -0.450169
v -1.124224 5.209974 -0.491566
v -0.918665 5.368071 -0.442626
v -0.984637 5.426463 -0.378196
v -0.955976 5.402441 -0.421561
v -0.783321 5.598636 -0.264545
v -0.721661 5.519712 -0.387408
v -0.773610 5.589252 -0.319155
v -0.751041 5.560364 -0.364125
v -0.539564 5.721197 -0.220277
v -0.497022 5.632356 -0.346390
v -0.532865 5.710212 -0.275297
v -0.517293 5.677693 -0.321457
v -0.275068 5.796671 -0.193028
v -0.253358 5.701706 -0.321137
v -0.271650 5.784697 -0.248295
v -0.263703 5.749937 -0.295186
v 0.000000 5.822156 -0.183829
v 0.000000 5.725120 -0.312611
v 0.000000 5.809847 -0.239179
v 0.000000 5.774329 -0.286316
v 0.000000 3.281100 -1.202556
v 0.000000 3.170637 -1.146054
v 0.000000 3.232085 -1.211434
v 0.000000 3.191652 -1.190753
v -1.790190 4.146989 2.959038
v -1.760259 4.203214 3.127170
v -1.736226 3.616645 2.821445
v -1.476386 3.674186 3.436893
v -1.515482 3.987819 3.454102
v -1.822235 3.778473 2.786154
v -1.503522 4.207621 2.460183
v -1.077265 3.374672 2.976565
v -0.939973 3.538739 3.213473
v -1.265334 3.428243 2.606607
v -1.419657 4.415681 2.630880
v -1.374450 4.500602 2.884824
v -2.000136 3.732305 2.649719
v -1.338151 3.614657 2.423061
v -0.972784 3.967834 3.421706
v -0.945691 3.701567 3.352626
v -1.004742 4.175273 3.378616
v -1.477770 3.574792 3.632587
v -1.181986 4.403835 3.243575
v -1.468057 3.859080 2.369758
v -1.536821 4.048499 3.658578
v -1.504863 3.841060 3.701668
v -2.585484 3.573245 3.238036
v -2.631928 3.504531 3.248243
v -2.128423 0.444949 2.358809
v -1.866371 0.342780 2.858667
v -2.637851 0.329924 2.602367
v -0.170504 0.374559 -3.573286
v 0.091548 0.272389 -3.073427
v -0.679933 0.259534 -3.329727
v -0.747895 0.923211 -3.158445
v -0.238467 1.038235 -3.402004
v 0.023586 0.936066 -2.902145
v -0.951746 0.930539 -2.540820
v -0.883783 0.266863 -2.712101
v -0.374355 0.381888 -2.955660
v -0.112303 0.279718 -2.455801
v -0.180265 0.943395 -2.284520
v -0.442317 0.866008 -2.784378
v -0.442317 1.045564 -2.784378
v -0.591187 3.732842 -2.842286
v -0.532774 3.718694 -3.024266
v -0.309310 3.676867 -2.948749
v -0.378927 3.721828 -3.096030
v -0.437340 3.735977 -2.914050
v -0.367724 3.691015 -2.766769
v -2.197654 3.539973 3.027713
v -2.418180 3.065017 3.099123
v -2.644064 3.240616 3.253436
v -2.466607 3.749122 3.211911
v -2.288248 3.498966 3.066826
v -2.360936 3.424027 3.089615
v -2.404652 3.326566 3.092613
v -2.198238 2.979266 3.518658
v -1.935602 3.437804 3.527571
v -2.204555 3.646953 3.711769
v -2.424122 3.154865 3.672970
v -2.142600 3.224398 3.592471
v -2.098884 3.321858 3.589474
v -2.026196 3.396797 3.566684
v -2.534438 3.648767 3.226818
v -2.260874 3.563630 3.724146
v -2.317662 3.479612 3.736626
v -2.367087 3.406489 3.747488
v 0.000000 5.695603 -2.467220
v -0.203404 5.676631 -2.473555
v -0.398991 5.620446 -2.492318
v -0.579247 5.529205 -2.522788
v -0.737244 5.406415 -2.563794
v -0.866911 5.256794 -2.613763
v -0.963265 5.086091 -2.670774
v -1.022602 4.900866 -2.732639
v -1.042642 4.708237 -2.796980
v -1.022613 4.515606 -2.861325
v -0.963285 4.330377 -2.923202
v -0.866938 4.159667 -2.980233
v -0.737273 4.010038 -3.030223
v -0.579273 3.887240 -3.071252
v -0.399011 3.795993 -3.101740
v -0.203414 3.739803 -3.120516
v 0.000000 3.720830 -3.126855
v 0.000000 5.688979 -2.166844
v -0.208215 5.669583 -2.173414
v -0.408430 5.612139 -2.192872
v -0.592949 5.518856 -2.224471
v -0.754684 5.393317 -2.266996
v -0.887417 5.240346 -2.318815
v -0.986050 5.065822 -2.377938
v -1.046790 4.876451 -2.442092
v -1.067302 4.679510 -2.508814
v -1.046799 4.482567 -2.575540
v -0.986067 4.293192 -2.639705
v -0.887440 4.118662 -2.698844
v -0.754708 3.965685 -2.750682
v -0.592972 3.840139 -2.793226
v -0.408447 3.746850 -2.824841
v -0.208225 3.689402 -2.844310
v 0.000000 3.670005 -2.850883
v -1.874342 3.921832 2.936781
v -1.797517 4.068282 3.166633
v -1.765642 4.199278 3.121392
v -1.845722 4.009250 2.846043
v -1.859607 4.041052 3.023905
v -2.470553 3.787907 3.221974
v -2.393656 3.933678 3.451654
v -2.455768 3.906646 3.308975
v -2.772882 3.152706 3.542954
v -2.689117 3.230444 3.274975
v -2.787924 3.190905 3.388974
v -2.558848 1.154134 3.046771
v -2.600938 1.185421 2.647024
v -2.658047 0.994186 2.789321
v -2.774555 3.544785 3.331364
v -2.877012 3.562856 3.628941
v -2.886612 3.573235 3.466338
v -2.668342 3.871650 3.583002
v -2.627589 3.754588 3.297493
v -2.695999 3.853029 3.423965
v -2.826686 3.759252 3.642951
v -2.740689 3.676392 3.340715
v -2.841097 3.750650 3.479001
v -1.735729 4.043835 3.284324
v -1.610843 3.805436 3.432949
v -1.494340 3.850496 3.482631
v -1.655721 3.956825 3.410579
v -2.331873 3.909232 3.569334
v -2.207082 3.671788 3.718213
v -2.251892 3.822502 3.695665
v -2.447990 3.149476 3.684382
v -2.753354 3.145092 3.580203
v -2.620477 3.129441 3.693574
v -2.174977 0.273099 3.006213
v -2.480662 0.268639 2.902202
v -2.347694 0.253011 3.015518
v -2.243477 1.154766 3.169455
v -2.416135 1.134691 3.178732
v -2.341315 3.644489 3.783010
v -2.606576 3.847212 3.700651
v -2.485449 3.770650 3.807505
v -2.815318 3.538445 3.746452
v -2.489438 3.438723 3.818319
v -2.676421 3.492046 3.850261
v -2.456161 3.566056 3.827099
v -2.764949 3.734824 3.760544
v -2.631067 3.668205 3.862780
v -2.188065 1.105520 2.494731
v -2.247727 1.231931 2.669538
v -2.225640 1.145302 2.606714
v -1.966862 1.198863 2.916083
v -2.028903 1.325643 3.091891
v -2.119416 1.182778 3.110141
v -1.997222 1.094394 3.034851
v -2.005656 1.238945 3.027606
v -2.483395 1.277519 2.783596
v -2.565782 1.177919 2.675763
v -2.502295 1.198693 2.739518
v -2.591908 1.293104 2.902880
v -2.579532 1.173284 2.872190
v -2.585720 1.233194 2.887535
v -0.437365 3.722525 -2.913401
v -0.592990 3.718831 -2.840779
v -0.307646 3.663163 -2.948516
v -0.366786 3.677277 -2.764358
v -0.533849 3.704716 -3.024937
v -0.378224 3.708410 -3.097559
v -2.432860 1.297963 3.220872
v -2.573514 1.297378 3.083743
v -2.260726 1.323003 3.212884
v -2.567443 1.238076 3.068437
v -2.251933 1.237239 3.190745
v -2.074159 1.254210 3.101016
v -2.425097 1.222182 3.201313
v 0.237613 5.626523 -0.339743
v 0.466094 5.561393 -0.363448
v 0.676663 5.455629 -0.401942
v 0.861229 5.313295 -0.453748
v 1.012698 5.139860 -0.516873
v 1.125250 4.941989 -0.588892
v 1.194559 4.727287 -0.667037
v 1.217962 4.504004 -0.748306
v 1.194559 4.280722 -0.829574
v 1.125250 4.066020 -0.907719
v 1.012698 3.868149 -0.979738
v 0.861229 3.694714 -1.042863
v 0.676663 3.552380 -1.094669
v 0.466094 3.446615 -1.133164
v 0.237613 3.381486 -1.156869
v 0.099323 5.676045 -7.504213
v 0.132186 5.828685 -7.383669
v 0.123061 5.791498 -7.467474
v 0.129532 5.820059 -7.429271
v 0.194828 5.647730 -7.510348
v 0.259294 5.791021 -7.391798
v 0.241394 5.756419 -7.475071
v 0.254087 5.783143 -7.437254
v 0.282847 5.601751 -7.520315
v 0.376441 5.729857 -7.405000
v 0.350450 5.699453 -7.487410
v 0.368880 5.723192 -7.450219
v 0.359996 5.539873 -7.533724
v 0.479128 5.647542 -7.422772
v 0.446040 5.622791 -7.504015
v 0.469500 5.642512 -7.467670
v 0.423310 5.464474 -7.550063
v 0.563408 5.547237 -7.444433
v 0.524489 5.529377 -7.524249
v 0.552080 5.544202 -7.488938
v 0.470357 5.378453 -7.568708
v 0.626041 5.432796 -7.469154
v 0.582783 5.422802 -7.547337
v 0.613446 5.432037 -7.513207
v 0.499329 5.285114 -7.588934
v 0.664620 5.308615 -7.495992
v 0.618681 5.307159 -7.572387
v 0.651240 5.310329 -7.539544
v 0.509111 5.188045 -7.609972
v 0.677659 5.179466 -7.523915
v 0.630805 5.186895 -7.598442
v 0.664008 5.183755 -7.566942
v 0.499329 5.090975 -7.631009
v 0.664656 5.050311 -7.551851
v 0.618686 5.066630 -7.624499
v 0.651258 5.057178 -7.594348
v 0.470357 4.997637 -7.651238
v 0.626108 4.926115 -7.578730
v 0.582792 4.950986 -7.649557
v 0.613479 4.935463 -7.620708
v 0.423310 4.911614 -7.669879
v 0.563495 4.811651 -7.603514
v 0.524501 4.844407 -7.672650
v 0.552123 4.823287 -7.645007
v 0.359995 4.836216 -7.686221
v 0.479223 4.711321 -7.625248
v 0.446052 4.750990 -7.692895
v 0.469547 4.724964 -7.666311
v 0.282847 4.774339 -7.699629
v 0.376529 4.628980 -7.643093
v 0.350462 4.674325 -7.709509
v 0.368924 4.644271 -7.683798
v 0.194829 4.728359 -7.709596
v 0.259360 4.567794 -7.656357
v 0.241403 4.617357 -7.721857
v 0.254121 4.584310 -7.696795
v 0.099323 4.700045 -7.715729
v 0.132222 4.530115 -7.664527
v 0.123067 4.582275 -7.729459
v 0.129550 4.547386 -7.704799
v 0.087057 5.393423 -6.491262
v 0.170768 5.368605 -6.496639
v 0.247917 5.328304 -6.505375
v 0.315538 5.274068 -6.517128
v 0.371034 5.207980 -6.531450
v 0.412270 5.132583 -6.547792
v 0.437664 5.050770 -6.565521
v 0.446238 4.965688 -6.583961
v 0.437664 4.880607 -6.602399
v 0.412270 4.798794 -6.620130
v 0.371034 4.723395 -6.636468
v 0.315538 4.657309 -6.650793
v 0.247917 4.603072 -6.662546
v 0.170768 4.562771 -6.671281
v 0.087057 4.537953 -6.676658
v 0.139817 4.415616 -6.869493
v 0.139785 5.779993 -6.541514
v 0.274201 5.740419 -6.551012
v 0.398082 5.676154 -6.566438
v 0.506671 5.589665 -6.587201
v 0.595793 5.484274 -6.612506
v 0.662024 5.364032 -6.641385
v 0.702816 5.233557 -6.672732
v 0.716602 5.097862 -6.705342
v 0.702848 4.962163 -6.737965
v 0.662083 4.831675 -6.769347
v 0.595870 4.711412 -6.798281
v 0.506754 4.605999 -6.823651
v 0.398159 4.519488 -6.844478
v 0.274259 4.455203 -6.859958
v 0.141844 5.766803 -6.313389
v 0.278239 5.726712 -6.323258
v 0.403944 5.661606 -6.339287
v 0.514131 5.573987 -6.360860
v 0.604565 5.467219 -6.387152
v 0.671771 5.345405 -6.417158
v 0.713163 5.213225 -6.449726
v 0.727151 5.075757 -6.483606
v 0.713194 4.938285 -6.517498
v 0.671827 4.806092 -6.550100
v 0.604639 4.684259 -6.580158
v 0.514211 4.577470 -6.606513
v 0.404018 4.489829 -6.628149
v 0.278295 4.424705 -6.644228
v 0.141874 4.384600 -6.654132
v 0.175930 4.027779 -4.698678
v 0.345098 4.076784 -4.683865
v 0.501002 4.156364 -4.659811
v 0.637650 4.263461 -4.627443
v 0.749792 4.393957 -4.588009
v 0.833116 4.542838 -4.543025
v 0.884422 4.704381 -4.494223
v 0.901739 4.872376 -4.443478
v 0.140315 4.413224 -6.870472
v 0.154914 4.336076 -6.825780
v 0.147363 4.378448 -6.874496
v 0.152706 4.350209 -6.858138
v 0.303871 4.379925 -6.815211
v 0.275217 4.452997 -6.860885
v 0.299538 4.393446 -6.847719
v 0.289050 4.420192 -6.864438
v 0.441145 4.451131 -6.798053
v 0.399503 4.517573 -6.845321
v 0.434850 4.463655 -6.830806
v 0.419608 4.487975 -6.848107
v 0.561458 4.546957 -6.774976
v 0.508382 4.604455 -6.824387
v 0.553439 4.558136 -6.808053
v 0.534012 4.579182 -6.826139
v 0.660186 4.663718 -6.746878
v 0.597666 4.710281 -6.798895
v 0.650744 4.673255 -6.780346
v 0.627860 4.690298 -6.799386
v 0.733534 4.796925 -6.714846
v 0.663925 4.830964 -6.769833
v 0.723029 4.804582 -6.748755
v 0.697550 4.817041 -6.768881
v 0.778686 4.941456 -6.680121
v 0.704625 4.961848 -6.738327
v 0.767516 4.947066 -6.714501
v 0.740408 4.954531 -6.735806
v 0.793908 5.091755 -6.644041
v 0.718218 5.097887 -6.705592
v 0.782501 5.095230 -6.678905
v 0.754797 5.097474 -6.701433
v 0.778620 5.242045 -6.607993
v 0.704205 5.233847 -6.672886
v 0.767414 5.243376 -6.643331
v 0.740177 5.240376 -6.667084
v 0.733413 5.386551 -6.573357
v 0.663151 5.364504 -6.641465
v 0.722841 5.385812 -6.609149
v 0.697123 5.377743 -6.634078
v 0.660028 5.519720 -6.541461
v 0.596654 5.484849 -6.612532
v 0.650499 5.517067 -6.577664
v 0.627302 5.504304 -6.603678
v 0.561287 5.636436 -6.513523
v 0.507286 5.590276 -6.587192
v 0.553173 5.632101 -6.550083
v 0.533407 5.615205 -6.577048
v 0.440987 5.732218 -6.490605
v 0.398490 5.676757 -6.566410
v 0.434605 5.726498 -6.527457
v 0.419050 5.706197 -6.555203
v 0.303751 5.803387 -6.473582
v 0.274442 5.740993 -6.550973
v 0.299351 5.796635 -6.510649
v 0.288623 5.773797 -6.538976
v 0.154849 5.847212 -6.463102
v 0.139896 5.780540 -6.541472
v 0.152604 5.839823 -6.500301
v 0.147131 5.815420 -6.528987
v 0.141990 4.384028 -6.654181
v 0.155797 4.322759 -6.733314
v 0.149149 4.349543 -6.667012
v 0.154203 4.327117 -6.695977
v 0.155794 5.841157 -6.358381
v 0.142361 5.769285 -6.312363
v 0.154238 5.829963 -6.325143
v 0.149322 5.803656 -6.308299
v 0.305600 5.797109 -6.369266
v 0.279234 5.729001 -6.322288
v 0.302548 5.786355 -6.335899
v 0.292897 5.761425 -6.318704
v 0.443663 5.725580 -6.386941
v 0.405341 5.663594 -6.338404
v 0.439227 5.715541 -6.353367
v 0.425201 5.692853 -6.335601
v 0.564676 5.629316 -6.410727
v 0.515826 5.575593 -6.360090
v 0.559023 5.620244 -6.376875
v 0.541143 5.600580 -6.358342
v 0.663989 5.512019 -6.439705
v 0.606436 5.468396 -6.386511
v 0.657332 5.504126 -6.405519
v 0.636266 5.488159 -6.386048
v 0.737786 5.378194 -6.472763
v 0.673691 5.346144 -6.416650
v 0.730374 5.371654 -6.438200
v 0.706914 5.359922 -6.417663
v 0.783230 5.232986 -6.508629
v 0.715016 5.213553 -6.449349
v 0.775345 5.227919 -6.473663
v 0.750377 5.220806 -6.451966
v 0.798576 5.081973 -6.545921
v 0.728838 5.075731 -6.483348
v 0.790517 5.078446 -6.510545
v 0.764991 5.076161 -6.487641
v 0.783234 4.930959 -6.583209
v 0.714646 4.937983 -6.517341
v 0.775310 4.928980 -6.547425
v 0.750205 4.931551 -6.523316
v 0.737792 4.785748 -6.619057
v 0.673006 4.805600 -6.550022
v 0.730308 4.785266 -6.582891
v 0.706595 4.792533 -6.557623
v 0.663997 4.651918 -6.652090
v 0.605540 4.683660 -6.580136
v 0.657246 4.652826 -6.615578
v 0.635849 4.664444 -6.589241
v 0.564684 4.534615 -6.681039
v 0.514856 4.576831 -6.606528
v 0.558930 4.536746 -6.644229
v 0.540692 4.552198 -6.616956
v 0.443671 4.438345 -6.704795
v 0.404445 4.489198 -6.628184
v 0.439141 4.441486 -6.667743
v 0.424783 4.460099 -6.639701
v 0.305606 4.366811 -6.722445
v 0.278548 4.424104 -6.644274
v 0.302482 4.370704 -6.685216
v 0.292578 4.391675 -6.656604
v 0.884402 5.040370 -4.392741
v 0.833080 5.201904 -4.343961
v 0.749744 5.350773 -4.299011
v 0.637599 5.481255 -4.259616
v 0.500954 5.588337 -4.227289
v 0.345061 5.667906 -4.203269
v 0.175910 5.716903 -4.188478
v 1.632832 4.139127 3.364709
v 1.581570 3.517741 3.358308
v 1.120320 3.650316 3.159405
v 1.383947 3.700581 2.636088
v 1.211219 3.541690 3.002553
v 1.335736 3.577159 2.757610
v 1.124106 3.758122 3.251536
v 1.469955 3.862408 2.600796
v 1.472051 3.411965 3.493434
v 1.609344 3.247897 3.256526
v 1.142044 3.934412 3.297273
v 1.493436 4.093171 2.660666
v 1.797413 3.301469 2.886569
v 1.870230 3.487883 2.703023
v 1.163203 4.071754 3.268744
v 1.437910 4.230924 2.773681
v 1.280552 4.223081 3.179335
v 1.407979 4.287148 2.941812
v 2.035600 4.080847 2.740145
v 1.951736 4.288906 2.910841
v 1.714064 4.277060 3.523536
v 1.906528 4.373827 3.164785
v 0.277430 5.568079 2.636064
v 0.272099 5.472469 2.897873
v 0.256311 5.328651 3.136161
v 0.230674 5.142154 3.341770
v 0.196172 4.920143 3.506799
v 0.154132 4.671151 3.624906
v 0.106168 4.404746 3.691553
v 0.054124 4.131166 3.704177
v 0.544198 5.489749 2.615742
v 0.533741 5.395644 2.877942
v 0.502773 5.256285 3.117386
v 0.452484 5.077024 3.324873
v 0.384806 4.864755 3.492429
v 0.302340 4.627633 3.613616
v 0.208255 4.374770 3.683776
v 0.106168 4.115885 3.700212
v 0.790053 5.362549 2.582742
v 0.774872 5.270888 2.845574
v 0.729913 5.138766 3.086897
v 0.656905 4.971261 3.297433
v 0.558652 4.774811 3.469094
v 0.438930 4.556963 3.595281
v 0.302340 4.326093 3.671146
v 0.154132 4.091069 3.693774
v 1.005546 5.191365 2.538329
v 0.986225 5.102993 2.802016
v 0.929003 4.980613 3.045865
v 0.836081 4.828927 3.260506
v 0.711028 4.653766 3.437690
v 0.558651 4.461859 3.570607
v 0.384806 4.260583 3.654151
v 0.196172 4.057673 3.685111
v 1.182397 4.982777 2.484212
v 1.159678 4.898413 2.748940
v 1.092392 4.787902 2.995868
v 0.983127 4.655492 3.215510
v 0.836081 4.506271 3.399424
v 0.656904 4.345974 3.540542
v 0.452484 4.180760 3.633442
v 0.230674 4.016979 3.674552
v 1.313809 4.744801 2.422472
v 1.288565 4.665009 2.688384
v 1.213801 4.568042 2.938827
v 1.092392 4.457623 3.164174
v 0.929003 4.337996 3.355766
v 0.729913 4.213761 3.506241
v 0.502773 4.089691 3.609814
v 0.256311 3.970552 3.662508
v 0.240967 3.338233 -0.896374
v 0.472673 3.404474 -0.872954
v 0.686215 3.512043 -0.834921
v 1.394732 4.486582 2.355479
v 1.315667 4.260050 2.709360
v 1.285736 4.316275 2.877492
v 1.158309 4.252207 3.115015
v 1.040959 4.100881 3.204423
v 0.774871 4.070303 3.469020
v 0.533741 3.990874 3.584178
v 0.272099 3.920176 3.649437
v 0.873386 3.656808 -0.783739
v 1.026993 3.833204 -0.721373
v 1.141133 4.034453 -0.650219
v 1.211421 4.252821 -0.573014
v 1.235154 4.479916 -0.492722
v 1.211421 4.707011 -0.412431
v 1.141133 4.925379 -0.335225
v 1.422056 4.218043 2.285808
v 1.371192 4.122297 2.596345
v 1.472600 3.566381 3.344762
v 1.563498 3.457755 3.187910
v 1.019800 3.963539 3.232953
v 0.790052 3.921110 3.430314
v 0.544197 3.888109 3.557515
v 0.277429 3.867787 3.635846
v 1.026993 5.126628 -0.264072
v 0.873386 5.303024 -0.201706
v 0.686215 5.447788 -0.150523
v 0.472673 5.555358 -0.112491
v 0.240967 5.621599 -0.089071
v 1.394731 3.949504 2.216138
v 1.347712 3.891534 2.536476
v 1.688016 3.493224 2.942968
v 1.843621 3.619910 2.858450
v 1.001862 3.787248 3.187215
v 0.774871 3.771918 3.391607
v 0.533741 3.785344 3.530854
v 0.272099 3.815398 3.622254
v 1.313808 3.691285 2.149145
v 1.261703 3.729706 2.571767
v 1.213493 3.606285 2.693290
v 1.088975 3.570817 2.938232
v 0.998076 3.679442 3.095085
v 0.729913 3.628459 3.354389
v 0.502773 3.686527 3.505217
v 0.256311 3.765022 3.609184
v 1.182396 3.453309 2.087404
v 1.159677 3.398333 2.359756
v 1.092392 3.374858 2.629265
v 0.983127 3.383786 2.885576
v 0.836081 3.424774 3.118837
v 0.656904 3.496247 3.320087
v 0.452484 3.595458 3.481590
v 0.230674 3.718595 3.597138
v 0.275122 2.897759 1.756377
v 0.539671 2.975324 1.776895
v 0.783482 3.101283 1.810215
v 0.997183 3.270794 1.855055
v 1.172563 3.477345 1.909693
v 1.005545 3.244722 2.033287
v 0.986224 3.193753 2.306678
v 0.929003 3.182148 2.579268
v 0.836080 3.210351 2.840580
v 0.711028 3.277280 3.080572
v 0.558651 3.380362 3.290021
v 0.384806 3.515635 3.460881
v 0.196172 3.677901 3.586581
v 1.302883 3.712997 1.972030
v 0.168803 5.727314 -4.631790
v 1.383133 3.968695 2.039669
v 1.410231 4.234612 2.110011
v 1.383134 4.500528 2.180354
v 1.302883 4.756226 2.247993
v 1.172564 4.991879 2.310329
v 0.997184 5.198430 2.364967
v 0.790051 3.073538 1.988875
v 0.774871 3.025859 2.263120
v 0.729913 3.023995 2.538236
v 0.656904 3.068018 2.803652
v 0.558651 3.156235 3.049167
v 0.438929 3.285258 3.265347
v 0.302340 3.450126 3.443884
v 0.154131 3.644505 3.577917
v 0.331120 5.680174 -4.645555
v 0.783483 5.367942 2.409809
v 0.480716 5.603623 -4.667908
v 0.539672 5.493900 2.443128
v 0.275123 5.571465 2.463646
v 0.544197 2.946338 1.955874
v 0.533741 2.901103 2.230753
v 0.502773 2.906477 2.507747
v 0.452483 2.962254 2.776212
v 0.384806 3.066290 3.025832
v 0.302339 3.214589 3.247013
v 0.208255 3.401448 3.431255
v 0.106168 3.619689 3.571479
v 0.611840 5.500601 -4.697991
v 0.719456 5.375066 -4.734653
v 0.277429 2.868008 1.935552
v 0.272098 2.824278 2.210821
v 0.256311 2.834109 2.488972
v 0.230674 2.897125 2.759315
v 0.196172 3.010902 3.011463
v 0.154131 3.171071 3.235723
v 0.106168 3.371472 3.423478
v 0.054124 3.604408 3.567514
v 0.799426 5.231842 -4.776484
v 0.848677 5.076432 -4.821882
v 0.865315 4.914807 -4.869102
v 0.848700 4.753179 -4.916331
v 0.799467 4.597759 -4.961754
v 0.719509 4.454522 -5.003624
v 0.611898 4.328971 -5.040330
v 0.480769 4.225934 -5.070458
v 0.331161 4.149370 -5.092848
v 0.168825 4.102221 -5.106637
v 0.189937 5.822639 -4.540697
v 0.172191 5.744048 -4.631298
v 0.187042 5.812868 -4.585128
v 0.180546 5.784101 -4.618290
v 0.372550 5.769645 -4.557086
v 0.337818 5.696084 -4.645336
v 0.366891 5.760675 -4.600830
v 0.354178 5.733750 -4.633132
v 0.540842 5.683572 -4.582836
v 0.490566 5.618173 -4.668144
v 0.532653 5.675908 -4.625898
v 0.514251 5.651970 -4.657123
v 0.688357 5.567727 -4.617055
v 0.624600 5.513260 -4.698860
v 0.677969 5.561816 -4.659421
v 0.654633 5.541880 -4.689363
v 0.809432 5.426558 -4.658506
v 0.734775 5.385319 -4.736320
v 0.797259 5.422773 -4.700151
v 0.769933 5.407679 -4.728632
v 0.899417 5.265485 -4.705660
v 0.816843 5.239212 -4.779102
v 0.885937 5.264115 -4.746560
v 0.855713 5.254498 -4.773441
v 0.954851 5.090695 -4.756756
v 0.867613 5.080512 -4.825576
v 0.940589 5.091929 -4.796892
v 0.908658 5.088202 -4.822082
v 0.973597 4.908905 -4.809866
v 0.885085 4.915292 -4.873963
v 0.959105 4.912829 -4.849233
v 0.926707 4.915167 -4.872694
v 0.954930 4.727099 -4.862978
v 0.868533 4.749898 -4.922407
v 0.940761 4.733697 -4.901586
v 0.909138 4.742042 -4.923338
v 0.899560 4.552268 -4.914063
v 0.818543 4.590701 -4.969041
v 0.886253 4.561419 -4.951943
v 0.856599 4.575487 -4.972067
v 0.809611 4.391134 -4.961168
v 0.736995 4.443852 -5.012064
v 0.797668 4.402625 -4.998376
v 0.771089 4.421921 -5.017005
v 0.688538 4.249892 -5.002478
v 0.627002 4.315035 -5.049808
v 0.678405 4.263423 -5.039092
v 0.655882 4.287267 -5.056416
v 0.540993 4.133975 -5.036397
v 0.492783 4.209249 -5.080807
v 0.533048 4.149172 -5.072520
v 0.515402 4.176724 -5.088776
v 0.372649 4.047839 -5.061612
v 0.339511 4.130604 -5.103855
v 0.367184 4.064269 -5.097369
v 0.355055 4.094563 -5.112831
v 0.173105 4.082158 -5.118053
v 0.189977 3.994795 -5.077144
v 0.181018 4.043960 -5.127648
v 0.187193 4.011983 -5.112674
v 0.345809 4.075100 -4.683921
v 0.381958 3.999356 -4.788432
v 0.365148 4.030644 -4.699080
v 0.378379 4.002919 -4.737333
v 0.502204 4.154595 -4.659819
v 0.554523 4.087456 -4.761807
v 0.530196 4.114726 -4.673628
v 0.549346 4.090151 -4.710958
v 0.639466 4.261667 -4.627361
v 0.705785 4.206019 -4.725960
v 0.674952 4.227925 -4.639365
v 0.699226 4.207557 -4.675455
v 0.752329 4.392267 -4.587778
v 0.829933 4.350490 -4.682254
v 0.793858 4.365925 -4.597598
v 0.822263 4.350634 -4.632179
v 0.836435 4.541440 -4.542573
v 0.922198 4.515319 -4.632358
v 0.882333 4.523456 -4.549922
v 0.913725 4.513894 -4.582785
v 0.888507 4.703506 -4.493474
v 0.979032 4.694174 -4.578176
v 0.936957 4.694487 -4.498164
v 0.970091 4.691071 -4.529167
v 0.906486 4.872265 -4.442357
v 0.998250 4.880186 -4.521787
v 0.955600 4.872461 -4.444307
v 0.989188 4.875360 -4.473380
v 0.889614 5.041235 -4.391188
v 0.979109 5.066208 -4.465354
v 0.937513 5.050541 -4.390421
v 0.970270 5.059682 -4.417568
v 0.838481 5.203903 -4.341935
v 0.922340 5.245093 -4.411052
v 0.883360 5.221874 -4.338579
v 0.914055 5.236950 -4.363878
v 0.755004 5.353981 -4.296504
v 0.830118 5.409966 -4.360974
v 0.795200 5.379856 -4.290779
v 0.822694 5.400348 -4.314377
v 0.642364 5.485647 -4.256652
v 0.705984 5.554488 -4.317059
v 0.676406 5.518391 -4.248866
v 0.699693 5.543588 -4.270977
v 0.504883 5.593786 -4.223924
v 0.554706 5.673101 -4.281001
v 0.531540 5.632125 -4.214457
v 0.549777 5.661157 -4.235349
v 0.347861 5.674188 -4.199594
v 0.382098 5.761243 -4.254199
v 0.366177 5.716661 -4.188881
v 0.378709 5.748526 -4.208868
v 0.177366 5.723719 -4.184605
v 0.194795 5.815523 -4.237691
v 0.186690 5.768728 -4.173130
v 0.193069 5.802331 -4.192560
v 0.194719 3.945104 -4.804822
v 0.176256 4.026175 -4.698756
v 0.192891 3.949206 -4.753571
v 0.186133 3.978880 -4.714747
v 0.583393 2.863158 1.849519
v 0.540352 2.973745 1.776364
v 0.576658 2.884178 1.801408
v 0.560904 2.924656 1.774631
v 0.846968 2.999373 1.885551
v 0.784434 3.099915 1.809743
v 0.837179 3.018803 1.837019
v 0.814290 3.055604 1.809271
v 1.078009 3.182697 1.934033
v 0.998332 3.269693 1.854659
v 1.065530 3.199979 1.884939
v 1.036366 3.231821 1.855886
v 1.267636 3.406092 1.993094
v 1.173825 3.476539 1.909384
v 1.252935 3.420745 1.943323
v 1.218597 3.446530 1.912683
v 1.408561 3.660980 2.060454
v 1.304169 3.712490 1.971807
v 1.392191 3.672620 2.009919
v 1.353981 3.691474 1.977473
v 1.495364 3.937571 2.133516
v 1.384365 3.968465 2.039528
v 1.477946 3.945925 2.082165
v 1.437318 3.957233 2.047764
v 1.524704 4.225238 2.209464
v 1.411344 4.234618 2.109942
v 1.506903 4.230156 2.157279
v 1.465411 4.233590 2.120852
v 1.495449 4.512928 2.285375
v 1.384085 4.500717 2.180342
v 1.477951 4.514392 2.232373
v 1.437189 4.509923 2.193929
v 1.408717 4.789581 2.358331
v 1.303651 4.756538 2.248023
v 1.392200 4.787707 2.304562
v 1.353743 4.775613 2.264186
v 1.267840 5.044563 2.425533
v 1.173148 4.992260 2.310385
v 1.252946 5.039598 2.371071
v 1.218286 5.020454 2.328924
v 1.078228 5.268068 2.484407
v 0.997600 5.198835 2.365037
v 1.065542 5.260385 2.429350
v 1.036030 5.235044 2.385658
v 0.783757 5.368341 2.409883
v 0.837190 5.441579 2.477170
v 0.813979 5.411140 2.432214
v 0.583547 5.587809 2.568578
v 0.539835 5.494282 2.443202
v 0.576666 5.576219 2.512694
v 0.560666 5.541986 2.466803
v 0.297492 5.671748 2.590665
v 0.275197 5.571829 2.463717
v 0.293982 5.659129 2.534568
v 0.285821 5.622556 2.488102
v 0.275477 2.896045 1.755807
v 0.297408 2.779280 1.827328
v 0.285949 2.844017 1.753297
v 0.293977 2.801278 1.779476
v 0.283054 2.840468 1.930233
v 0.297544 2.777517 1.837945
v 0.290665 2.804274 1.912507
v 0.295969 2.781232 1.878727
v 0.555242 2.920358 1.950962
v 0.583651 2.861504 1.859734
v 0.570166 2.886324 1.933795
v 0.580564 2.864781 1.900404
v 0.806114 3.050101 1.984625
v 0.847320 2.997887 1.895120
v 0.827765 3.019569 1.968366
v 0.842847 3.000458 1.935605
v 1.026035 3.224719 2.029933
v 1.078418 3.181423 1.942747
v 1.053566 3.198894 2.014894
v 1.072739 3.183046 1.982982
v 1.206557 3.437513 2.085146
v 1.268062 3.405051 2.000793
v 1.238893 3.417410 2.071593
v 1.261406 3.405529 2.040717
v 1.340739 3.680317 2.148146
v 1.408967 3.660174 2.067030
v 1.376623 3.666728 2.136286
v 1.401596 3.659354 2.106595
v 1.423418 3.943810 2.216513
v 1.495719 3.936983 2.138922
v 1.461460 3.937268 2.206488
v 1.487924 3.934769 2.178088
v 1.451407 4.217872 2.287622
v 1.524990 4.224838 2.213710
v 1.490138 4.218637 2.279505
v 1.517071 4.221187 2.252451
v 1.423619 4.491972 2.358742
v 1.495657 4.512677 2.288525
v 1.461552 4.500023 2.352530
v 1.487920 4.507602 2.326828
v 1.341111 4.755575 2.427138
v 1.408853 4.789440 2.360491
v 1.376794 4.770612 2.422757
v 1.401589 4.783008 2.398363
v 1.207043 4.998545 2.490180
v 1.267913 5.044495 2.426839
v 1.239116 5.020003 2.487486
v 1.261397 5.036821 2.464302
v 1.026561 5.211534 2.545443
v 1.078258 5.268044 2.485014
v 1.053808 5.238607 2.544227
v 1.072730 5.259291 2.522109
v 0.806600 5.386346 2.590802
v 0.847172 5.451500 2.532739
v 0.827989 5.418018 2.590798
v 0.842839 5.441865 2.569558
v 0.555614 5.516254 2.624507
v 0.583539 5.587816 2.568268
v 0.570337 5.551337 2.625405
v 0.580559 5.577531 2.604820
v 0.283256 5.596255 2.645265
v 0.297485 5.671759 2.590130
v 0.290758 5.633436 2.646717
v 0.295966 5.661073 2.626536
v 0.473370 3.402869 -0.873326
v 0.539824 3.268806 -1.092681
v 0.508276 3.325083 -0.916601
v 0.532600 3.276012 -0.996891
v 0.687394 3.510359 -0.835290
v 0.783673 3.391570 -1.049374
v 0.737982 3.440625 -0.875748
v 0.773222 3.397145 -0.954108
v 0.875171 3.655101 -0.784073
v 0.997376 3.556760 -0.991055
v 0.939408 3.596156 -0.820748
v 0.984138 3.560161 -0.896509
v 1.029496 3.831598 -0.721618
v 1.172722 3.758009 -0.919931
v 1.104820 3.785732 -0.753700
v 1.157244 3.758796 -0.826288
v 1.144422 4.033134 -0.650305
v 1.302976 3.987569 -0.838698
v 1.227853 4.002097 -0.677164
v 1.285888 3.985419 -0.746120
v 1.215490 4.252017 -0.572854
v 1.383144 4.236606 -0.750439
v 1.303759 4.236962 -0.594066
v 1.365125 4.231321 -0.659066
v 1.239909 4.479870 -0.492230
v 1.410157 4.495542 -0.658517
v 1.329593 4.481317 -0.507590
v 1.391908 4.487053 -0.568455
v 1.216673 4.707943 -0.411529
v 1.382988 4.754430 -0.566447
v 1.304329 4.725776 -0.421055
v 1.365205 4.742792 -0.477759
v 1.146608 4.927458 -0.333857
v 1.302687 5.003328 -0.477772
v 1.228907 4.960939 -0.337790
v 1.286036 4.988709 -0.390467
v 1.032352 5.129940 -0.262212
v 1.172346 5.232685 -0.395920
v 1.106198 5.177750 -0.261005
v 1.157439 5.215357 -0.309945
v 0.878262 5.307553 -0.199367
v 0.996970 5.433698 -0.324113
v 0.940900 5.367851 -0.193665
v 0.984351 5.414023 -0.239310
v 0.690251 5.453410 -0.147758
v 0.783302 5.598651 -0.265038
v 0.739361 5.523909 -0.138374
v 0.773420 5.577071 -0.181301
v 0.475557 5.561846 -0.109391
v 0.539542 5.721218 -0.221129
v 0.509332 5.639897 -0.097274
v 0.532752 5.698231 -0.138173
v 0.242469 5.628644 -0.085757
v 0.275054 5.796692 -0.194073
v 0.259671 5.711333 -0.071959
v 0.271598 5.772843 -0.111605
v 0.275207 3.193201 -1.119339
v 0.241286 3.336704 -0.896739
v 0.271515 3.201420 -1.023230
v 0.259100 3.253946 -0.941753
v 0.274982 3.196095 -1.136771
v 0.254055 3.304645 -1.193983
v 0.271700 3.216807 -1.181588
v 0.264040 3.256539 -1.202529
v 0.539404 3.271494 -1.109281
v 0.498308 3.374366 -1.168596
v 0.532957 3.291304 -1.154448
v 0.517915 3.328958 -1.176159
v 0.783111 3.393942 -1.064650
v 0.723342 3.487565 -1.127377
v 0.773731 3.412282 -1.110382
v 0.751854 3.446550 -1.133342
v 0.996740 3.558743 -1.004610
v 0.920484 3.639861 -1.071922
v 0.984766 3.575091 -1.051092
v 0.956855 3.604782 -1.075730
v 1.172082 3.759573 -0.931489
v 1.082152 3.825366 -1.004375
v 1.157953 3.773475 -0.978870
v 1.125036 3.797557 -1.005548
v 1.302395 3.988724 -0.848119
v 1.202139 4.036915 -0.927344
v 1.286633 3.999811 -0.896503
v 1.249937 4.017450 -0.925501
v 1.382666 4.237398 -0.757727
v 1.275853 4.266346 -0.843801
v 1.365864 4.245399 -0.807170
v 1.326768 4.255995 -0.838676
v 1.409801 4.496040 -0.663806
v 1.300495 4.504820 -0.756965
v 1.392599 4.500801 -0.714315
v 1.352590 4.504014 -0.748414
v 1.382754 4.754711 -0.569973
v 1.275157 4.743165 -0.670176
v 1.365815 4.756199 -0.621510
v 1.326432 4.751973 -0.658187
v 1.302558 5.003463 -0.479833
v 1.200853 4.972226 -0.586768
v 1.286543 5.001777 -0.532322
v 1.249316 4.990344 -0.571462
v 1.172294 5.232733 -0.396838
v 1.080472 5.183220 -0.509937
v 1.157833 5.228097 -0.450169
v 1.124224 5.209974 -0.491566
v 0.918665 5.368071 -0.442626
v 0.984637 5.426463 -0.378196
v 0.955976 5.402441 -0.421561
v 0.783321 5.598636 -0.264545
v 0.721661 5.519712 -0.387408
v 0.773610 5.589252 -0.319155
v 0.751041 5.560364 -0.364125
v 0.539564 5.721197 -0.220277
v 0.497022 5.632356 -0.346390
v 0.532865 5.710212 -0.275297
v 0.517293 5.677693 -0.321457
v 0.275068 5.796671 -0.193028
v 0.253358 5.701706 -0.321137
v 0.271650 5.784697 -0.248295
v 0.263703 5.749937 -0.295186
v 1.790190 4.146989 2.959038
v 1.760259 4.203214 3.127170
v 1.736226 3.616645 2.821445
v 1.476386 3.674186 3.436893
v 1.515482 3.987819 3.454102
v 1.822235 3.778473 2.786154
v 1.503522 4.207621 2.460183
v 1.077265 3.374672 2.976565
v 0.939973 3.538739 3.213473
v 1.265334 3.428243 2.606607
v 1.419657 4.415681 2.630880
v 1.374450 4.500602 2.884824
v 2.000136 3.732305 2.649719
v 1.338151 3.614657 2.423061
v 0.972784 3.967834 3.421706
v 0.945691 3.701567 3.352626
v 1.004742 4.175273 3.378616
v 1.477770 3.574792 3.632587
v 1.181986 4.403835 3.243575
v 1.468057 3.859080 2.369758
v 1.536821 4.048499 3.658578
v 1.504863 3.841060 3.701668
v 2.585484 3.573245 3.238036
v 2.631928 3.504531 3.248243
v 2.128423 0.444949 2.358809
v 1.866371 0.342780 2.858667
v 2.637851 0.329924 2.602367
v 0.170504 0.374559 -3.573286
v -0.091548 0.272389 -3.073427
v 0.679933 0.259534 -3.329727
v 0.747895 0.923211 -3.158445
v 0.238467 1.038235 -3.402004
v -0.023586 0.936066 -2.902145
v 0.951746 0.930539 -2.540820
v 0.883783 0.266863 -2.712101
v 0.374355 0.381888 -2.955660
v 0.112303 0.279718 -2.455801
v 0.180265 0.943395 -2.284520
v 0.442317 0.866008 -2.784378
v 0.442317 1.045564 -2.784378
v 0.591187 3.732842 -2.842286
v 0.532774 3.718694 -3.024266
v 0.309310 3.676867 -2.948749
v 0.378927 3.721828 -3.096030
v 0.437340 3.735977 -2.914050
v 0.367724 3.691015 -2.766769
v 2.197654 3.539973 3.027713
v 2.418180 3.065017 3.099123
v 2.644064 3.240616 3.253436
v 2.466607 3.749122 3.211911
v 2.288248 3.498966 3.066826
v 2.360936 3.424027 3.089615
v 2.404652 3.326566 3.092613
v 2.198238 2.979266 3.518658
v 1.935602 3.437804 3.527571
v 2.204555 3.646953 3.711769
v 2.424122 3.154865 3.672970
v 2.142600 3.224398 3.592471
v 2.098884 3.321858 3.589474
v 2.026196 3.396797 3.566684
v 2.534438 3.648767 3.226818
v 2.260874 3.563630 3.724146
v 2.317662 3.479612 3.736626
v 2.367087 3.406489 3.747488
v 0.203404 5.676631 -2.473555
v 0.398991 5.620446 -2.492318
v 0.579247 5.529205 -2.522788
v 0.737244 5.406415 -2.563794
v 0.866911 5.256794 -2.613763
v 0.963265 5.086091 -2.670774
v 1.022602 4.900866 -2.732639
v 1.042642 4.708237 -2.796980
v 1.022613 4.515606 -2.861325
v 0.963285 4.330377 -2.923202
v 0.866938 4.159667 -2.980233
v 0.737273 4.010038 -3.030223
v 0.579273 3.887240 -3.071252
v 0.399011 3.795993 -3.101740
v 0.203414 3.739803 -3.120516
v 0.208215 5.669583 -2.173414
v 0.408430 5.612139 -2.192872
v 0.592949 5.518856 -2.224471
v 0.754684 5.393317 -2.266996
v 0.887417 5.240346 -2.318815
v 0.986050 5.065822 -2.377938
v 1.046790 4.876451 -2.442092
v 1.067302 4.679510 -2.508814
v 1.046799 4.482567 -2.575540
v 0.986067 4.293192 -2.639705
v 0.887440 4.118662 -2.698844
v 0.754708 3.965685 -2.750682
v 0.592972 3.840139 -2.793226
v 0.408447 3.746850 -2.824841
v 0.208225 3.689402 -2.844310
v 1.874342 3.921832 2.936781
v 1.797517 4.068282 3.166633
v 1.765642 4.199278 3.121392
v 1.845722 4.009250 2.846043
v 1.859607 4.041052 3.023905
v 2.470553 3.787907 3.221974
v 2.393656 3.933678 3.451654
v 2.455768 3.906646 3.308975
v 2.772882 3.152706 3.542954
v 2.689117 3.230444 3.274975
v 2.787924 3.190905 3.388974
v 2.558848 1.154134 3.046771
v 2.600938 1.185421 2.647024
v 2.658047 0.994186 2.789321
v 2.774555 3.544785 3.331364
v 2.877012 3.562856 3.628941
v 2.886612 3.573235 3.466338
v 2.668342 3.871650 3.583002
v 2.627589 3.754588 3.297493
v 2.695999 3.853029 3.423965
v 2.826686 3.759252 3.642951
v 2.740689 3.676392 3.340715
v 2.841097 3.750650 3.479001
v 1.735729 4.043835 3.284324
v 1.610843 3.805436 3.432949
v 1.494340 3.850496 3.482631
v 1.655721 3.956825 3.410579
v 2.331873 3.909232 3.569334
v 2.207082 3.671788 3.718213
v 2.251892 3.822502 3.695665
v 2.447990 3.149476 3.684382
v 2.753354 3.145092 3.580203
v 2.620477 3.129441 3.693574
v 2.174977 0.273099 3.006213
v 2.480662 0.268639 2.902202
v 2.347694 0.253011 3.015518
v 2.243477 1.154766 3.169455
v 2.416135 1.134691 3.178732
v 2.341315 3.644489 3.783010
v 2.606576 3.847212 3.700651
v 2.485449 3.770650 3.807505
v 2.815318 3.538445 3.746452
v 2.489438 3.438723 3.818319
v 2.676421 3.492046 3.850261
v 2.456161 3.566056 3.827099
v 2.764949 3.734824 3.760544
v 2.631067 3.668205 3.862780
v 2.188065 1.105520 2.494731
v 2.247727 1.231931 2.669538
v 2.225640 1.145302 2.606714
v 1.966862 1.198863 2.916083
v 2.028903 1.325643 3.091891
v 2.119416 1.182778 3.110141
v 1.997222 1.094394 3.034851
v 2.005656 1.238945 3.027606
v 2.483395 1.277519 2.783596
v 2.565782 1.177919 2.675763
v 2.502295 1.198693 2.739518
v 2.591908 1.293104 2.902880
v 2.579532 1.173284 2.872190
v 2.585720 1.233194 2.887535
v 0.437365 3.722525 -2.913401
v 0.592990 3.718831 -2.840779
v 0.307646 3.663163 -2.948516
v 0.366786 3.677277 -2.764358
v 0.533849 3.704716 -3.024937
v 0.378224 3.708410 -3.097559
v 2.432860 1.297963 3.220872
v 2.573514 1.297378 3.083743
v 2.260726 1.323003 3.212884
v 2.567443 1.238076 3.068437
v 2.251933 1.237239 3.190745
v 2.074159 1.254210 3.101016
v 2.425097 1.222182 3.201313
vn -0.0901 0.9776 -0.1902
vn -0.0638 0.7941 -0.6045
vn -0.0091 0.3015 -0.9534
vn -0.2673 0.9439 -0.1941
vn -0.1895 0.7708 -0.6083
vn -0.0271 0.2981 -0.9542
vn -0.4353 0.8773 -0.2020
vn -0.3089 0.7248 -0.6158
vn -0.0440 0.2913 -0.9556
vn -0.5883 0.7800 -0.2134
vn -0.4183 0.6573 -0.6268
vn -0.0594 0.2815 -0.9577
vn -0.7207 0.6547 -0.2280
vn -0.5138 0.5703 -0.6410
vn -0.0725 0.2689 -0.9604
vn -0.8272 0.5056 -0.2451
vn -0.5917 0.4661 -0.6578
vn -0.0829 0.2541 -0.9636
vn -0.9034 0.3377 -0.2642
vn -0.6487 0.3479 -0.6768
vn -0.0902 0.2375 -0.9672
vn -0.9458 0.1570 -0.2844
vn -0.6822 0.2198 -0.6973
vn -0.0940 0.2199 -0.9710
vn -0.9519 -0.0299 -0.3050
vn -0.6900 0.0861 -0.7186
vn -0.0943 0.2017 -0.9749
vn -0.9208 -0.2154 -0.3251
vn -0.6711 -0.0480 -0.7398
vn -0.0909 0.1839 -0.9787
vn -0.8532 -0.3922 -0.3439
vn -0.6251 -0.1772 -0.7602
vn -0.0840 0.1669 -0.9824
vn -0.7512 -0.5528 -0.3608
vn -0.5532 -0.2959 -0.7787
vn -0.0738 0.1517 -0.9857
vn -0.6187 -0.6903 -0.3750
vn -0.4578 -0.3986 -0.7947
vn -0.0606 0.1386 -0.9885
vn -0.4610 -0.7990 -0.3862
vn -0.3424 -0.4805 -0.8074
vn -0.0451 0.1284 -0.9907
vn -0.2844 -0.8741 -0.3938
vn -0.2118 -0.5375 -0.8162
vn -0.0278 0.1213 -0.9922
vn -0.0961 -0.9125 -0.3977
vn -0.0717 -0.5668 -0.8207
vn -0.0094 0.1177 -0.9930
vn -0.0976 -0.9849 -0.1428
vn -0.0965 0.9937 0.0566
vn -0.2861 0.9568 0.0526
vn -0.4653 0.8840 0.0448
vn -0.6276 0.7778 0.0334
vn -0.7666 0.6419 0.0190
vn -0.8767 0.4809 0.0021
vn -0.9535 0.3010 -0.0166
vn -0.9934 0.1089 -0.0363
vn -0.9946 -0.0876 -0.0561
vn -0.9568 -0.2807 -0.0753
vn -0.8817 -0.4626 -0.0931
vn -0.7723 -0.6259 -0.1089
vn -0.6332 -0.7643 -0.1221
vn -0.4700 -0.8727 -0.1323
vn -0.2892 -0.9471 -0.1392
vn 0.2898 -0.9210 -0.2605
vn 0.6333 -0.7415 -0.2216
vn 0.0978 0.9835 0.1523
vn 0.8804 -0.4473 -0.1578
vn 0.9934 -0.0830 -0.0789
vn 0.9552 0.2958 0.0032
vn 0.7716 0.6315 0.0760
vn 0.4706 0.8730 0.1283
vn 0.0978 -0.9583 -0.2686
vn 0.4706 -0.8478 -0.2446
vn 0.7716 -0.6063 -0.1923
vn 0.9552 -0.2706 -0.1195
vn 0.9934 0.1082 -0.0374
vn 0.8804 0.4725 0.0415
vn 0.6333 0.7667 0.1053
vn 0.2898 0.9462 0.1442
vn -0.0975 -0.9788 -0.1803
vn -0.0951 0.9952 0.0219
vn -0.2816 0.9594 0.0179
vn -0.4586 0.8886 0.0100
vn -0.6197 0.7848 -0.0015
vn -0.7587 0.6512 -0.0161
vn -0.8699 0.4921 -0.0333
vn -0.9483 0.3131 -0.0524
vn -0.9900 0.1210 -0.0725
vn -0.9928 -0.0763 -0.0927
vn -0.9561 -0.2707 -0.1123
vn -0.8814 -0.4539 -0.1304
vn -0.7721 -0.6184 -0.1463
vn -0.6329 -0.7576 -0.1596
vn -0.4696 -0.8664 -0.1698
vn -0.2888 -0.9409 -0.1768
vn -0.0970 -0.9788 -0.1803
vn -0.0345 0.1219 -0.9919
vn -0.1977 -0.4629 -0.8641
vn -0.2849 -0.8711 -0.4001
vn -0.0559 0.1309 -0.9898
vn -0.3191 -0.4088 -0.8550
vn -0.4617 -0.7954 -0.3926
vn -0.0748 0.1439 -0.9868
vn -0.4257 -0.3314 -0.8420
vn -0.6196 -0.6859 -0.3817
vn -0.0905 0.1603 -0.9829
vn -0.5131 -0.2348 -0.8256
vn -0.7519 -0.5472 -0.3677
vn -0.1023 0.1793 -0.9785
vn -0.5778 -0.1238 -0.8067
vn -0.8534 -0.3854 -0.3510
vn -0.1099 0.2001 -0.9736
vn -0.6180 -0.0037 -0.7862
vn -0.9201 -0.2075 -0.3323
vn -0.1131 0.2216 -0.9685
vn -0.6329 0.1200 -0.7649
vn -0.9497 -0.0211 -0.3124
vn -0.1118 0.2432 -0.9635
vn -0.6231 0.2423 -0.7437
vn -0.9419 0.1660 -0.2920
vn -0.1062 0.2638 -0.9587
vn -0.5901 0.3585 -0.7234
vn -0.8979 0.3462 -0.2720
vn -0.0968 0.2828 -0.9543
vn -0.5360 0.4647 -0.7047
vn -0.8203 0.5128 -0.2532
vn -0.0839 0.2994 -0.9504
vn -0.4638 0.5577 -0.6884
vn -0.7132 0.6600 -0.2363
vn -0.0683 0.3133 -0.9472
vn -0.3765 0.6349 -0.6747
vn -0.5811 0.7830 -0.2220
vn -0.0503 0.3241 -0.9447
vn -0.2774 0.6943 -0.6641
vn -0.4293 0.8782 -0.2108
vn -0.0308 0.3313 -0.9430
vn -0.1698 0.7346 -0.6569
vn -0.2633 0.9431 -0.2031
vn -0.0104 0.3350 -0.9422
vn -0.0572 0.7549 -0.6533
vn -0.0887 0.9759 -0.1992
vn -0.0117 0.1172 -0.9930
vn -0.0669 -0.4907 -0.8688
vn -0.0963 -0.9097 -0.4039
vn 0.0147 0.3764 -0.9264
vn 0.0435 0.3710 -0.9276
vn 0.0708 0.3602 -0.9302
vn -0.0939 0.9953 0.0219
vn 0.0954 0.3446 -0.9339
vn 0.1167 0.3245 -0.9387
vn 0.1336 0.3007 -0.9443
vn 0.1451 0.2740 -0.9507
vn 0.1515 0.2456 -0.9575
vn -0.2786 0.9602 0.0180
vn 0.1519 0.2163 -0.9644
vn -0.4543 0.8908 0.0102
vn 0.1474 0.1873 -0.9712
vn -0.6149 0.7886 -0.0011
vn 0.1360 0.1598 -0.9777
vn 0.1198 0.1349 -0.9836
vn -0.7544 0.6562 -0.0156
vn 0.0986 0.1136 -0.9886
vn 0.0731 0.0968 -0.9926
vn -0.8667 0.4978 -0.0327
vn 0.0452 0.0852 -0.9953
vn 0.0152 0.0792 -0.9967
vn -0.9465 0.3186 -0.0518
vn -0.9895 0.1255 -0.0720
vn -0.9930 -0.0733 -0.0924
vn -0.9565 -0.2694 -0.1121
vn -0.7715 -0.6192 -0.1464
vn -0.6317 -0.7586 -0.1597
vn -0.4682 -0.8671 -0.1699
vn -0.0916 -0.9886 0.1194
vn -0.0603 -0.7841 0.6177
vn -0.0110 -0.3467 0.9379
vn -0.0975 0.9418 0.3218
vn -0.0704 0.5285 0.8460
vn -0.0119 -0.1198 0.9927
vn -0.2886 0.9032 0.3176
vn -0.2079 0.4996 0.8410
vn -0.0353 -0.1244 0.9916
vn -0.4683 0.8276 0.3094
vn -0.3359 0.4432 0.8311
vn -0.0572 -0.1335 0.9894
vn -0.6294 0.7178 0.2976
vn -0.4486 0.3623 0.8170
vn -0.0767 -0.1467 0.9862
vn -0.7654 0.5782 0.2827
vn -0.5412 0.2610 0.7993
vn -0.0931 -0.1633 0.9822
vn -0.8705 0.4146 0.2652
vn -0.6102 0.1442 0.7790
vn -0.1057 -0.1828 0.9775
vn -0.9407 0.2336 0.2460
vn -0.6533 0.0176 0.7569
vn -0.1141 -0.2042 0.9723
vn -0.9732 0.0431 0.2259
vn -0.6695 -0.1133 0.7341
vn -0.1178 -0.2266 0.9668
vn -0.9672 -0.1491 0.2057
vn -0.6593 -0.2428 0.7116
vn -0.1168 -0.2492 0.9614
vn -0.9236 -0.3351 0.1863
vn -0.6243 -0.3660 0.6901
vn -0.1113 -0.2710 0.9561
vn -0.8450 -0.5076 0.1685
vn -0.5669 -0.4784 0.6706
vn -0.1017 -0.2911 0.9513
vn -0.7353 -0.6603 0.1528
vn -0.4902 -0.5767 0.6536
vn -0.0883 -0.3088 0.9470
vn -0.5994 -0.7881 0.1397
vn -0.3975 -0.6580 0.6395
vn -0.0719 -0.3236 0.9435
vn -0.4430 -0.8871 0.1296
vn -0.2926 -0.7205 0.6287
vn -0.0530 -0.3350 0.9407
vn -0.2717 -0.9545 0.1228
vn -0.1790 -0.7627 0.6214
vn -0.0325 -0.3427 0.9389
vn -0.0000 0.2118 -0.9773
vn -0.0974 -0.9850 -0.1428
vn 0.0151 -0.0875 0.9960
vn -0.2887 -0.9472 -0.1392
vn 0.0447 -0.0935 0.9946
vn 0.0145 -0.3795 0.9251
vn -0.0962 0.9937 0.0566
vn 0.0429 -0.3741 0.9264
vn -0.2853 0.9570 0.0526
vn 0.0698 -0.3635 0.9290
vn -0.4642 0.8846 0.0448
vn 0.0941 -0.3481 0.9327
vn -0.6263 0.7788 0.0335
vn 0.1151 -0.3283 0.9375
vn -0.7655 0.6432 0.0191
vn 0.1315 -0.3050 0.9432
vn -0.8760 0.4824 0.0022
vn 0.1432 -0.2789 0.9496
vn -0.9531 0.3022 -0.0165
vn 0.1498 -0.2509 0.9563
vn -0.9933 0.1098 -0.0362
vn 0.1505 -0.2222 0.9633
vn -0.9946 -0.0872 -0.0561
vn 0.1454 -0.1938 0.9702
vn -0.9568 -0.2808 -0.0753
vn 0.1346 -0.1668 0.9768
vn -0.8814 -0.4630 -0.0931
vn 0.1181 -0.1424 0.9827
vn -0.7718 -0.6265 -0.1089
vn 0.0972 -0.1217 0.9878
vn -0.6325 -0.7649 -0.1221
vn 0.0724 -0.1051 0.9918
vn -0.4693 -0.8731 -0.1323
vn -0.2877 -0.9412 -0.1768
vn 0.1242 -0.9711 -0.2037
vn -0.5558 -0.3818 0.7385
vn 0.8830 0.4694 0.0005
vn 0.5821 -0.0287 -0.8126
vn -0.0716 0.9527 0.2954
vn -0.3593 -0.3771 -0.8536
vn -0.4654 0.6659 -0.5830
vn 0.4050 0.2454 0.8808
vn -0.6647 -0.7162 0.2126
vn -0.4905 0.1718 -0.8544
vn -0.1776 -0.7248 -0.6657
vn 0.4905 -0.1718 0.8544
vn -0.0865 0.7325 0.6752
vn -0.0096 -0.1550 0.9879
vn -0.0938 0.8496 0.5190
vn -0.0464 0.2346 0.9710
vn -0.0624 0.4191 0.9058
vn -0.0976 0.9342 0.3431
vn -0.0286 0.0407 0.9988
vn -0.0759 0.5872 0.8059
vn -0.1374 0.2170 0.9664
vn -0.1847 0.3956 0.8997
vn -0.2889 0.8974 0.3336
vn -0.0846 0.0299 0.9960
vn -0.2248 0.5586 0.7984
vn -0.2563 0.6998 0.6667
vn -0.0286 -0.1587 0.9869
vn -0.2779 0.8142 0.5098
vn -0.4162 0.6357 0.6501
vn -0.0464 -0.1658 0.9851
vn -0.4513 0.7447 0.4918
vn -0.2231 0.1827 0.9575
vn -0.2999 0.3494 0.8877
vn -0.4691 0.8251 0.3148
vn -0.1375 0.0087 0.9905
vn -0.3651 0.5023 0.7838
vn -0.4036 0.2823 0.8703
vn -0.6314 0.7202 0.2876
vn -0.1850 -0.0220 0.9825
vn -0.4913 0.4207 0.7626
vn -0.5601 0.5427 0.6260
vn -0.0625 -0.1762 0.9824
vn -0.6073 0.6437 0.4656
vn -0.3002 0.1328 0.9446
vn -0.0971 -0.9816 -0.1643
vn -0.0761 -0.1894 0.9789
vn -0.7400 0.5153 0.4323
vn -0.3658 0.0693 0.9281
vn -0.4918 0.1969 0.8481
vn -0.7693 0.5866 0.2530
vn -0.2254 -0.0612 0.9723
vn -0.5987 0.3167 0.7357
vn -0.6825 0.4242 0.5952
vn -0.5611 0.0966 0.8221
vn -0.8777 0.4296 0.2122
vn -0.2571 -0.1072 0.9604
vn -0.6831 0.1945 0.7040
vn -0.7786 0.2849 0.5591
vn -0.0869 -0.2050 0.9749
vn -0.8443 0.3642 0.3931
vn -0.4173 -0.0053 0.9088
vn -0.0942 -0.2223 0.9704
vn -0.9590 0.1291 0.2524
vn -0.4528 -0.0883 0.8872
vn -0.0942 0.9954 0.0182
vn -0.2796 0.9600 0.0154
vn -0.6786 -0.0819 0.7300
vn -0.9626 0.1407 0.2316
vn -0.2790 -0.1583 0.9472
vn -0.7193 -0.0254 0.6942
vn -0.4560 0.8899 0.0099
vn -0.6172 0.7868 0.0017
vn -0.8509 0.1338 0.5079
vn -0.7571 0.6532 -0.0093
vn -0.8695 0.4934 -0.0227
vn -0.2902 -0.2126 0.9331
vn -0.9490 0.3131 -0.0384
vn -0.9913 0.1193 -0.0558
vn -0.9940 -0.0798 -0.0742
vn -0.9568 -0.2755 -0.0928
vn -0.8813 -0.4593 -0.1108
vn -0.7712 -0.6237 -0.1272
vn -0.0980 -0.2406 0.9657
vn -0.4709 -0.1763 0.8644
vn -0.6315 -0.7624 -0.1414
vn -0.4682 -0.8703 -0.1526
vn -0.6843 -0.0401 0.7281
vn -0.9679 0.0922 0.2340
vn -0.2878 -0.9442 -0.1603
vn -0.0980 -0.2592 0.9608
vn -0.4709 -0.2661 0.8411
vn -0.6570 -0.2513 0.7108
vn -0.9840 -0.1314 0.1206
vn -0.2902 -0.2679 0.9187
vn 0.3912 -0.8470 0.3599
vn 0.2413 0.6255 0.7419
vn 0.4867 -0.5576 0.6725
vn -0.0942 -0.2776 0.9561
vn -0.4528 -0.3542 0.8182
vn -0.6430 -0.4454 0.6230
vn -0.9204 -0.3743 0.1129
vn -0.2790 -0.3221 0.9046
vn -0.0869 -0.2948 0.9516
vn -0.9038 -0.4131 0.1117
vn -0.4173 -0.4371 0.7967
vn -0.6452 -0.4095 0.6449
vn -0.9062 -0.4137 0.0877
vn -0.2571 -0.3733 0.8914
vn -0.6763 -0.4484 0.5845
vn -0.7844 -0.5198 0.3383
vn -0.6825 -0.6601 0.3139
vn -0.0761 -0.3104 0.9476
vn -0.7400 -0.6604 0.1272
vn -0.3658 -0.5118 0.7774
vn -0.4918 -0.5844 0.6454
vn -0.7693 -0.6356 -0.0641
vn -0.2254 -0.4193 0.8794
vn -0.5987 -0.6345 0.4889
vn -0.6073 -0.7889 0.0939
vn -0.3002 -0.5753 0.7609
vn -0.9007 0.2996 0.3145
vn -0.4036 -0.6698 0.6233
vn -0.6314 -0.7692 -0.0988
vn -0.1850 -0.4584 0.8693
vn -0.4913 -0.7384 0.4619
vn -0.5601 -0.7785 0.2832
vn -0.0625 -0.3236 0.9441
vn -0.4162 -0.8716 0.2590
vn -0.0465 -0.3340 0.9414
vn -0.4513 -0.8898 0.0677
vn -0.2231 -0.6252 0.7479
vn -0.2999 -0.7369 0.6059
vn -0.4691 -0.8741 -0.1260
vn -0.1374 -0.4891 0.8613
vn -0.3651 -0.8200 0.4408
vn -0.1374 -0.6595 0.7390
vn 0.6001 -0.0730 -0.7966
vn -0.1847 -0.7831 0.5939
vn -0.2889 -0.9464 -0.1447
vn -0.0846 -0.5103 0.8558
vn -0.2248 -0.8763 0.4262
vn -0.2563 -0.9357 0.2424
vn -0.0286 -0.3411 0.9396
vn -0.2779 -0.9593 0.0497
vn 0.9547 -0.2352 -0.1823
vn -0.0096 -0.3448 0.9386
vn -0.0938 -0.9948 0.0405
vn -0.0464 -0.6770 0.7345
vn -0.0624 -0.8066 0.5878
vn -0.0976 -0.9832 -0.1543
vn -0.0286 -0.5211 0.8530
vn -0.0759 -0.9049 0.4187
vn -0.0865 -0.9684 0.2339
vn -0.0110 0.2459 -0.9692
vn -0.1890 -0.3858 -0.9030
vn -0.2850 -0.8538 -0.4356
vn -0.0177 0.2491 -0.9683
vn -0.3042 -0.3328 -0.8926
vn -0.4617 -0.7769 -0.4280
vn -0.0233 0.2537 -0.9670
vn -0.4044 -0.2573 -0.8776
vn -0.6190 -0.6657 -0.4168
vn -0.0275 0.2592 -0.9654
vn -0.4850 -0.1639 -0.8590
vn -0.7500 -0.5251 -0.4022
vn -0.0302 0.2654 -0.9637
vn -0.5431 -0.0576 -0.8377
vn -0.8493 -0.3614 -0.3849
vn -0.0313 0.2717 -0.9619
vn -0.5772 0.0559 -0.8147
vn -0.9128 -0.1822 -0.3654
vn -0.0309 0.2779 -0.9601
vn -0.5873 0.1714 -0.7910
vn -0.9388 0.0044 -0.3445
vn -0.0293 0.2836 -0.9585
vn -0.5744 0.2841 -0.7677
vn -0.9271 0.1901 -0.3230
vn -0.0266 0.2886 -0.9571
vn -0.5408 0.3898 -0.7454
vn -0.8798 0.3673 -0.3018
vn -0.0234 0.2929 -0.9559
vn -0.4888 0.4855 -0.7248
vn -0.8001 0.5295 -0.2817
vn -0.0198 0.2965 -0.9548
vn -0.4214 0.5686 -0.7064
vn -0.6927 0.6714 -0.2635
vn -0.0160 0.2998 -0.9539
vn -0.3415 0.6377 -0.6904
vn -0.5623 0.7890 -0.2476
vn -0.0121 0.3029 -0.9529
vn -0.2516 0.6916 -0.6770
vn -0.4141 0.8795 -0.2346
vn -0.0077 0.3063 -0.9519
vn -0.1542 0.7298 -0.6661
vn -0.2532 0.9410 -0.2246
vn -0.9749 -0.0314 -0.2203
vn -0.9636 0.1482 -0.2226
vn -0.7557 0.6335 -0.1661
vn -0.0038 0.2443 -0.9697
vn -0.0641 -0.4132 -0.9084
vn -0.0963 -0.8931 -0.4395
vn -0.9603 -0.1775 -0.2150
vn 0.0718 0.0439 -0.9965
vn 0.1161 0.0625 -0.9913
vn 0.1556 0.0893 -0.9838
vn 0.1884 0.1230 -0.9744
vn 0.2134 0.1622 -0.9634
vn 0.2297 0.2051 -0.9514
vn 0.2370 0.2499 -0.9388
vn 0.2350 0.2948 -0.9262
vn 0.2241 0.3381 -0.9140
vn 0.2049 0.3783 -0.9027
vn 0.1783 0.4138 -0.8927
vn 0.1455 0.4437 -0.8843
vn 0.1076 0.4669 -0.8777
vn 0.0660 0.4828 -0.8732
vn 0.0223 0.4908 -0.8710
vn -0.2702 -0.9589 0.0861
vn -0.1686 -0.7691 0.6165
vn -0.0092 -0.3188 0.9478
vn -0.4413 -0.8926 0.0927
vn -0.2764 -0.7308 0.6241
vn -0.0152 -0.3172 0.9482
vn -0.5984 -0.7946 0.1025
vn -0.3770 -0.6739 0.6355
vn -0.0212 -0.3145 0.9490
vn -0.7358 -0.6674 0.1153
vn -0.4672 -0.5989 0.6504
vn -0.0267 -0.3108 0.9501
vn -0.8476 -0.5142 0.1307
vn -0.5435 -0.5072 0.6688
vn -0.0317 -0.3060 0.9515
vn -0.9286 -0.3402 0.1484
vn -0.6025 -0.4009 0.6902
vn -0.0357 -0.3001 0.9532
vn -0.9741 -0.1516 0.1677
vn -0.6406 -0.2828 0.7139
vn -0.0385 -0.2933 0.9553
vn -0.9812 0.0439 0.1878
vn -0.6549 -0.1569 0.7392
vn -0.0397 -0.2858 0.9575
vn -0.9488 0.2380 0.2079
vn -0.6432 -0.0280 0.7652
vn -0.0391 -0.2782 0.9597
vn -0.8777 0.4220 0.2270
vn -0.6044 0.0982 0.7906
vn -0.0368 -0.2706 0.9620
vn -0.7710 0.5881 0.2443
vn -0.5388 0.2158 0.8143
vn -0.0328 -0.2637 0.9641
vn -0.6334 0.7292 0.2591
vn -0.4485 0.3187 0.8350
vn -0.0272 -0.2576 0.9659
vn -0.4708 0.8397 0.2707
vn -0.3369 0.4015 0.8516
vn -0.0204 -0.2529 0.9673
vn -0.2899 0.9156 0.2786
vn -0.2090 0.4594 0.8633
vn -0.0126 -0.2496 0.9683
vn -0.0931 0.9565 0.2764
vn -0.0700 0.4920 0.8678
vn -0.0043 -0.2483 0.9687
vn -0.0910 -0.9924 0.0828
vn -0.0567 -0.7883 0.6127
vn -0.0031 -0.3196 0.9475
vn 0.1117 -0.0806 0.9905
vn 0.0690 -0.0627 0.9956
vn -0.4688 -0.8668 -0.1699
vn -0.2882 -0.9411 -0.1768
vn -0.6322 -0.7582 -0.1597
vn 0.1496 -0.1063 0.9830
vn -0.7718 -0.6188 -0.1464
vn 0.1812 -0.1386 0.9736
vn 0.2051 -0.1761 0.9628
vn -0.9563 -0.2700 -0.1122
vn 0.2207 -0.2171 0.9509
vn -0.9929 -0.0747 -0.0925
vn 0.2276 -0.2600 0.9384
vn -0.9897 0.1235 -0.0722
vn 0.2257 -0.3029 0.9259
vn 0.2152 -0.3443 0.9138
vn -0.9473 0.3161 -0.0521
vn 0.1968 -0.3827 0.9026
vn -0.8682 0.4952 -0.0330
vn 0.1713 -0.4168 0.8927
vn -0.7564 0.6539 -0.0159
vn -0.6171 0.7869 -0.0013
vn 0.1398 -0.4454 0.8844
vn 0.1034 -0.4676 0.8779
vn -0.4563 0.8898 0.0101
vn 0.0635 -0.4828 0.8734
vn -0.2799 0.9598 0.0179
vn 0.0214 -0.4905 0.8712
vn -0.0721 0.9973 0.0123
vn 0.0233 -0.0535 0.9983
vn -0.0972 -0.9788 -0.1803
vn -0.0597 0.0601 -0.9964
vn -0.2075 -0.4823 -0.8511
vn -0.2854 -0.8629 -0.4171
vn -0.0966 0.0756 -0.9924
vn -0.3349 -0.4257 -0.8406
vn -0.4625 -0.7869 -0.4084
vn -0.1295 0.0979 -0.9867
vn -0.4467 -0.3445 -0.8257
vn -0.6203 -0.6770 -0.3961
vn -0.1569 0.1260 -0.9795
vn -0.5380 -0.2432 -0.8071
vn -0.7522 -0.5379 -0.3806
vn -0.1777 0.1587 -0.9712
vn -0.6053 -0.1268 -0.7858
vn -0.8528 -0.3757 -0.3627
vn -0.1912 0.1946 -0.9621
vn -0.6465 -0.0011 -0.7629
vn -0.9183 -0.1974 -0.3433
vn -0.1970 0.2320 -0.9526
vn -0.6608 0.1282 -0.7395
vn -0.9462 -0.0111 -0.3233
vn -0.1950 0.2694 -0.9431
vn -0.6490 0.2556 -0.7165
vn -0.9365 0.1755 -0.3036
vn -0.1856 0.3054 -0.9340
vn -0.6129 0.3760 -0.6950
vn -0.8905 0.3545 -0.2851
vn -0.1693 0.3385 -0.9256
vn -0.5550 0.4854 -0.6755
vn -0.8114 0.5192 -0.2683
vn -0.1469 0.3677 -0.9183
vn -0.4787 0.5805 -0.6587
vn -0.7035 0.6639 -0.2538
vn -0.1195 0.3920 -0.9122
vn -0.3874 0.6588 -0.6449
vn -0.5716 0.7840 -0.2419
vn -0.0882 0.4108 -0.9075
vn -0.2847 0.7186 -0.6345
vn -0.4214 0.8765 -0.2329
vn -0.0541 0.4236 -0.9043
vn -0.1740 0.7590 -0.6274
vn -0.2580 0.9391 -0.2270
vn -0.0182 0.4300 -0.9026
vn -0.0585 0.7793 -0.6239
vn -0.0868 0.9707 -0.2239
vn -0.0202 0.0522 -0.9984
vn -0.0703 -0.5114 -0.8565
vn -0.0965 -0.9017 -0.4215
vn 0.0288 0.3076 -0.9511
vn 0.0178 0.3120 -0.9499
vn 0.0390 0.3012 -0.9528
vn 0.0476 0.2930 -0.9549
vn 0.0543 0.2833 -0.9575
vn 0.0592 0.2726 -0.9603
vn 0.0616 0.2611 -0.9633
vn 0.0615 0.2494 -0.9665
vn 0.0595 0.2378 -0.9695
vn 0.0547 0.2268 -0.9724
vn 0.0483 0.2170 -0.9750
vn 0.0399 0.2086 -0.9772
vn 0.0295 0.2020 -0.9789
vn 0.0182 0.1976 -0.9801
vn 0.0061 0.1950 -0.9808
vn 0.0060 0.3142 -0.9493
vn -0.0194 -0.4365 0.8995
vn -0.0641 -0.8197 0.5692
vn -0.0922 -0.9913 0.0938
vn -0.2735 -0.9569 0.0978
vn -0.1903 -0.7969 0.5734
vn -0.0574 -0.4294 0.9013
vn -0.0935 -0.4155 0.9048
vn -0.3108 -0.7517 0.5817
vn -0.4457 -0.8890 0.1056
vn -0.6028 -0.7893 0.1168
vn -0.4218 -0.6852 0.5938
vn -0.1263 -0.3951 0.9099
vn -0.1546 -0.3690 0.9165
vn -0.5196 -0.5988 0.6094
vn -0.7391 -0.6608 0.1310
vn -0.8490 -0.5073 0.1476
vn -0.6006 -0.4947 0.6281
vn -0.1774 -0.3379 0.9243
vn -0.1937 -0.3029 0.9331
vn -0.6612 -0.3758 0.6493
vn -0.9279 -0.3339 0.1659
vn -0.9717 -0.1469 0.1849
vn -0.6984 -0.2456 0.6723
vn -0.2028 -0.2653 0.9426
vn -0.2041 -0.2264 0.9524
vn -0.7096 -0.1086 0.6962
vn -0.9779 0.0466 0.2040
vn -0.9453 0.2387 0.2222
vn -0.6932 0.0303 0.7201
vn -0.1974 -0.1879 0.9622
vn -0.8749 0.4212 0.2389
vn -0.6485 0.1652 0.7431
vn -0.1829 -0.1512 0.9714
vn -0.1610 -0.1178 0.9799
vn -0.5762 0.2901 0.7641
vn -0.7692 0.5866 0.2535
vn -0.6326 0.7276 0.2654
vn -0.4783 0.3990 0.7823
vn -0.1326 -0.0893 0.9871
vn -0.0988 -0.0667 0.9929
vn -0.3587 0.4863 0.7968
vn -0.4706 0.8385 0.2746
vn -0.2900 0.9149 0.2809
vn -0.2222 0.5473 0.8069
vn -0.0610 -0.0512 0.9968
vn -0.0206 -0.0432 0.9989
vn -0.0753 0.5788 0.8120
vn -0.0979 0.9538 0.2840
vn -0.0976 -0.9816 -0.1643
vn 0.0061 -0.1908 0.9816
vn -0.2892 -0.9437 -0.1603
vn 0.0180 -0.1932 0.9810
vn -0.4701 -0.8693 -0.1525
vn 0.0292 -0.1977 0.9798
vn -0.6334 -0.7609 -0.1412
vn 0.0393 -0.2043 0.9781
vn -0.7725 -0.6221 -0.1271
vn 0.0478 -0.2127 0.9760
vn 0.0545 -0.2225 0.9734
vn -0.8819 -0.4583 -0.1107
vn 0.0590 -0.2333 0.9706
vn -0.9567 -0.2757 -0.0928
vn 0.0613 -0.2448 0.9676
vn -0.9939 -0.0817 -0.0744
vn -0.9917 0.1156 -0.0561
vn 0.0611 -0.2565 0.9646
vn -0.9505 0.3082 -0.0388
vn 0.0587 -0.2679 0.9617
vn -0.8725 0.4881 -0.0231
vn 0.0540 -0.2786 0.9589
vn -0.7611 0.6486 -0.0096
vn 0.0472 -0.2882 0.9564
vn -0.6225 0.7826 0.0020
vn 0.0387 -0.2963 0.9543
vn 0.0287 -0.3027 0.9527
vn 0.4597 -0.8880 -0.0091
vn 0.2825 -0.9591 -0.0150
vn 0.0177 -0.3071 0.9515
vn 0.0953 -0.9953 -0.0184
vn 0.0060 -0.3093 0.9509
vn -0.2649 -0.9598 0.0922
vn -0.1770 -0.8149 0.5520
vn -0.0451 -0.4700 0.8815
vn -0.4332 -0.8957 0.1000
vn -0.2903 -0.7751 0.5612
vn -0.0737 -0.4596 0.8850
vn -0.5886 -0.8008 0.1113
vn -0.3962 -0.7160 0.5748
vn -0.0999 -0.4444 0.8902
vn -0.7255 -0.6766 0.1258
vn -0.4915 -0.6381 0.5926
vn -0.1230 -0.4247 0.8969
vn -0.8383 -0.5262 0.1427
vn -0.5728 -0.5427 0.6143
vn -0.1418 -0.4009 0.9051
vn -0.9212 -0.3539 0.1615
vn -0.6365 -0.4316 0.6392
vn -0.1556 -0.3739 0.9143
vn -0.9694 -0.1656 0.1812
vn -0.6788 -0.3075 0.6668
vn -0.1636 -0.3445 0.9244
vn -0.9791 0.0312 0.2009
vn -0.6965 -0.1743 0.6961
vn -0.1653 -0.3139 0.9349
vn -0.9487 0.2276 0.2196
vn -0.6868 -0.0367 0.7259
vn -0.1604 -0.2833 0.9455
vn -0.8787 0.4147 0.2365
vn -0.6481 0.0994 0.7551
vn -0.1490 -0.2541 0.9556
vn -0.7722 0.5838 0.2509
vn -0.5801 0.2274 0.7822
vn -0.1314 -0.2275 0.9649
vn -0.6342 0.7272 0.2627
vn -0.4846 0.3403 0.8058
vn -0.1083 -0.2047 0.9728
vn -0.4710 0.8393 0.2715
vn -0.3651 0.4318 0.8247
vn -0.0807 -0.1867 0.9791
vn -0.2898 0.9160 0.2773
vn -0.2270 0.4962 0.8380
vn -0.0498 -0.1743 0.9834
vn -0.0978 0.9550 0.2802
vn -0.0770 0.5295 0.8448
vn -0.0168 -0.1680 0.9856
vn -0.0891 -0.9921 0.0883
vn -0.0595 -0.8348 0.5473
vn -0.0152 -0.4752 0.8798
vn 0.0486 -0.2459 0.9681
vn 0.0300 -0.2384 0.9707
vn 0.0652 -0.2566 0.9643
vn 0.0791 -0.2703 0.9595
vn 0.0899 -0.2863 0.9539
vn -0.7197 -0.6626 0.2073
vn 0.0972 -0.3038 0.9478
vn 0.1005 -0.3223 0.9413
vn 0.1000 -0.3409 0.9347
vn 0.0957 -0.3591 0.9284
vn 0.0878 -0.3760 0.9225
vn 0.0767 -0.3910 0.9172
vn 0.0627 -0.4038 0.9127
vn 0.0465 -0.4137 0.9092
vn 0.0286 -0.4205 0.9068
vn 0.4017 -0.7561 0.5167
vn 0.0096 -0.4240 0.9056
vn -0.2848 -0.5612 -0.7771
vn -0.3436 0.9073 -0.2422
vn -0.9948 -0.0879 -0.0516
vn -0.6760 -0.6543 0.3391
vn 0.9950 0.0995 0.0067
vn 0.0101 -0.2345 0.9721
vn -0.0167 0.1782 -0.9839
vn -0.0720 -0.4542 -0.8880
vn -0.0977 -0.9007 -0.4234
vn -0.0493 0.1847 -0.9816
vn -0.2122 -0.4232 -0.8808
vn -0.2890 -0.8608 -0.4189
vn -0.0797 0.1973 -0.9771
vn -0.3412 -0.3633 -0.8669
vn -0.4683 -0.7827 -0.4100
vn -0.1065 0.2155 -0.9707
vn -0.4527 -0.2781 -0.8472
vn -0.6279 -0.6693 -0.3972
vn -0.1286 0.2383 -0.9626
vn -0.5413 -0.1729 -0.8228
vn -0.7608 -0.5255 -0.3809
vn -0.1451 0.2648 -0.9533
vn -0.6039 -0.0537 -0.7953
vn -0.8608 -0.3577 -0.3620
vn -0.1552 0.2935 -0.9433
vn -0.6387 0.0729 -0.7660
vn -0.9237 -0.1739 -0.3414
vn -0.1589 0.3231 -0.9329
vn -0.6459 0.2005 -0.7366
vn -0.9472 0.0170 -0.3201
vn -0.1561 0.3524 -0.9227
vn -0.6273 0.3236 -0.7083
vn -0.9317 0.2062 -0.2991
vn -0.1473 0.3801 -0.9132
vn -0.5858 0.4373 -0.6823
vn -0.8796 0.3851 -0.2794
vn -0.1332 0.4051 -0.9045
vn -0.5249 0.5383 -0.6593
vn -0.7952 0.5469 -0.2617
vn -0.1146 0.4267 -0.8971
vn -0.4484 0.6242 -0.6398
vn -0.6841 0.6864 -0.2465
vn -0.0926 0.4444 -0.8910
vn -0.3599 0.6935 -0.6241
vn -0.5521 0.8002 -0.2343
vn -0.0679 0.4578 -0.8864
vn -0.2628 0.7456 -0.6124
vn -0.4045 0.8864 -0.2252
vn -0.0414 0.4668 -0.8834
vn -0.1598 0.7803 -0.6046
vn -0.2467 0.9440 -0.2192
vn -0.0139 0.4713 -0.8818
vn -0.0536 0.7977 -0.6007
vn -0.0829 0.9728 -0.2161
vn -0.0964 -0.9817 -0.1643
vn 0.0289 0.4297 -0.9025
vn 0.0097 0.4332 -0.9012
vn -0.2861 -0.9447 -0.1604
vn 0.0470 0.4229 -0.9050
vn -0.4659 -0.8716 -0.1527
vn 0.0634 0.4129 -0.9086
vn -0.6293 -0.7642 -0.1416
vn 0.0775 0.4001 -0.9132
vn -0.7697 -0.6256 -0.1274
vn 0.0888 0.3849 -0.9187
vn -0.8807 -0.4605 -0.1109
vn 0.0968 0.3679 -0.9248
vn -0.9569 -0.2752 -0.0928
vn 0.1012 0.3496 -0.9314
vn -0.9942 -0.0775 -0.0739
vn 0.1017 0.3308 -0.9382
vn -0.9908 0.1236 -0.0553
vn 0.0983 0.3122 -0.9449
vn -0.9470 0.3190 -0.0377
vn 0.0910 0.2945 -0.9513
vn -0.8659 0.4998 -0.0219
vn 0.0801 0.2784 -0.9571
vn -0.7521 0.6590 -0.0081
vn 0.0660 0.2646 -0.9621
vn 0.6113 -0.7914 -0.0017
vn 0.0492 0.2537 -0.9660
vn 0.4506 -0.8927 -0.0100
vn 0.0304 0.2461 -0.9688
vn 0.2759 -0.9611 -0.0155
vn 0.0103 0.2422 -0.9702
vn 0.0928 -0.9955 -0.0183
vn -0.8114 -0.5780 0.0869
vn 0.9177 0.3956 0.0377
vn 0.5257 0.5257 -0.6687
vn 0.9766 -0.1834 -0.1125
vn 0.5373 0.2626 -0.8014
vn 0.5357 0.5594 -0.6325
vn -0.7699 0.2690 0.5787
vn -0.9851 -0.1630 -0.0544
vn 0.8182 -0.2648 -0.5104
vn -0.5435 -0.2622 0.7974
vn 0.7275 0.6269 -0.2790
vn -0.5810 -0.1337 0.8028
vn -0.9996 -0.0203 -0.0174
vn -0.8208 0.3314 0.4652
vn -0.5598 0.0089 -0.8286
vn -0.4570 0.1787 -0.8713
vn -0.2448 -0.9671 -0.0693
vn -0.9495 -0.0164 -0.3132
vn -0.4569 0.1781 -0.8715
vn 0.8840 0.1996 -0.4227
vn 0.9495 0.0164 0.3132
vn 0.2637 -0.9596 0.0984
vn 0.9481 0.1183 0.2953
vn 0.4216 0.0430 0.9057
vn 0.4313 -0.0000 0.9022
vn -0.8857 -0.0000 0.4643
vn -0.0785 0.6906 0.7190
vn 0.1770 -0.9828 -0.0533
vn -0.4229 0.0783 -0.9028
vn -0.9464 0.0880 -0.3107
vn -0.9016 0.0184 0.4322
vn 0.9108 0.0986 -0.4009
vn -0.4571 0.1794 -0.8712
vn 0.3350 -0.3385 0.8793
vn 0.2692 -0.9061 -0.3264
vn 0.5732 -0.6903 -0.4416
vn 0.7899 -0.3693 -0.4896
vn 0.8794 -0.0572 -0.4727
vn 0.0987 -0.9635 -0.2487
vn -0.4571 0.1790 -0.8712
vn 0.4570 -0.1787 0.8713
vn 0.4571 -0.1790 0.8712
vn 0.4571 -0.1793 0.8712
vn -0.0045 -0.7903 -0.6127
vn -0.3491 -0.2893 -0.8913
vn -0.6312 -0.7590 -0.1597
vn -0.7712 -0.6195 -0.1464
vn -0.9566 -0.2689 -0.1121
vn -0.9931 -0.0723 -0.0923
vn -0.9893 0.1271 -0.0718
vn -0.9458 0.3205 -0.0516
vn -0.8655 0.4998 -0.0325
vn -0.7528 0.6580 -0.0154
vn -0.6132 0.7899 -0.0010
vn -0.4528 0.8916 0.0103
vn -0.2775 0.9606 0.0180
vn -0.0935 0.9954 0.0219
vn -0.0969 -0.9788 -0.1803
vn -0.0968 -0.9788 -0.1803
vn -0.0931 0.9954 0.0219
vn -0.2765 0.9608 0.0180
vn -0.4514 0.8923 0.0104
vn -0.6117 0.7911 -0.0008
vn -0.7514 0.6596 -0.0152
vn -0.8645 0.5016 -0.0323
vn -0.9452 0.3223 -0.0514
vn -0.9891 0.1286 -0.0717
vn -0.9932 -0.0713 -0.0922
vn -0.9568 -0.2684 -0.1120
vn -0.7710 -0.6197 -0.1465
vn -0.6309 -0.7593 -0.1598
vn -0.4673 -0.8676 -0.1700
vn -0.2870 -0.9415 -0.1768
vn -0.0038 -0.7598 0.6501
vn -0.9718 -0.1689 -0.1644
vn -0.9080 0.4190 -0.0006
vn -0.2528 0.9647 -0.0734
vn -0.4564 0.5616 -0.6901
vn -0.7237 0.2322 -0.6499
vn -0.9674 0.2428 0.0724
vn -0.5791 0.4628 -0.6712
vn -0.5762 0.8173 0.0062
vn -0.4540 0.5650 -0.6889
vn -0.2510 0.9654 -0.0714
vn -0.7592 -0.0765 -0.6464
vn -0.9663 -0.2548 0.0361
vn -0.9493 -0.0151 -0.3140
vn -0.4570 0.1795 -0.8711
vn -0.9234 0.3835 0.0161
vn -0.4570 0.1795 -0.8712
vn -0.4850 0.0159 -0.8744
vn -0.9508 0.0250 -0.3088
vn -0.4558 0.2035 0.8665
vn 0.0667 0.8413 0.5364
vn 0.3733 0.2439 0.8951
vn 0.0800 -0.2414 0.9671
vn -0.6757 -0.2484 0.6941
vn 0.0733 -0.1760 0.9817
vn -0.6665 -0.1813 0.7232
vn 0.1389 -0.1051 0.9847
vn -0.5763 0.0900 0.8123
vn 0.2731 0.1304 0.9531
vn -0.2057 0.6723 0.7112
vn 0.3750 0.2496 0.8928
vn 0.0662 0.8433 0.5334
vn 0.0679 -0.3978 0.9150
vn -0.6280 -0.3865 0.6754
vn -0.2884 -0.2678 0.9193
vn 0.4570 -0.1795 0.8711
vn -0.0974 0.9630 0.2512
vn -0.5222 0.0957 0.8474
vn -0.7738 0.3804 0.5065
vn 0.4570 -0.1795 0.8712
vn -0.8840 -0.1996 0.4227
vn 0.4135 -0.3378 0.8455
vn -0.8682 -0.3028 0.3930
vn -0.8880 -0.1494 0.4350
vn -0.4283 0.8133 0.3938
vn -0.8540 0.1841 0.4866
vn 0.7681 0.0010 0.6403
vn 0.1479 0.9463 -0.2876
vn 0.6954 0.5343 -0.4806
vn -0.7398 0.3211 -0.5913
vn -0.6588 0.7105 -0.2475
vn 0.0238 0.9441 -0.3288
vn -0.2891 0.5156 -0.8066
vn 0.8688 0.1963 -0.4546
vn -0.4346 0.1720 -0.8840
vn -0.1575 0.9825 -0.0995
vn 0.1566 0.9877 0.0041
vn 0.4512 -0.1285 0.8831
vn 0.9466 0.0577 0.3171
vn 0.4569 -0.1781 0.8715
vn -0.7490 0.0885 -0.6566
vn -0.9291 0.3392 0.1473
vn -0.9883 -0.1258 0.0859
vn 0.8945 0.0989 -0.4360
vn -0.8876 0.0220 0.4600
vn -0.9458 0.0879 -0.3126
vn -0.4394 0.0779 -0.8949
vn 0.4227 0.0429 0.9052
vn 0.9444 0.1191 0.3066
vn -0.9864 -0.1279 0.1030
vn -0.9864 -0.1280 0.1032
vn 0.0798 -0.2415 0.9671
vn -0.6611 -0.2522 0.7067
vn 0.6555 -0.3284 0.6800
vn -0.8598 0.4989 0.1086
vn 0.0901 0.9776 -0.1902
vn 0.0638 0.7941 -0.6045
vn 0.0091 0.3015 -0.9534
vn 0.2673 0.9439 -0.1942
vn 0.1895 0.7708 -0.6083
vn 0.0271 0.2981 -0.9542
vn 0.4353 0.8773 -0.2020
vn 0.3089 0.7248 -0.6158
vn 0.0440 0.2913 -0.9556
vn 0.5883 0.7800 -0.2134
vn 0.4183 0.6573 -0.6268
vn 0.0594 0.2815 -0.9577
vn 0.7207 0.6547 -0.2280
vn 0.5138 0.5703 -0.6410
vn 0.0725 0.2689 -0.9604
vn 0.8272 0.5056 -0.2451
vn 0.5917 0.4661 -0.6578
vn 0.0829 0.2541 -0.9636
vn 0.9034 0.3377 -0.2642
vn 0.6487 0.3479 -0.6768
vn 0.0902 0.2375 -0.9672
vn 0.9458 0.1570 -0.2844
vn 0.6822 0.2198 -0.6973
vn 0.0940 0.2199 -0.9710
vn 0.9519 -0.0299 -0.3050
vn 0.6900 0.0861 -0.7186
vn 0.0943 0.2017 -0.9749
vn 0.9208 -0.2154 -0.3251
vn 0.6711 -0.0480 -0.7398
vn 0.0909 0.1839 -0.9787
vn 0.8532 -0.3922 -0.3439
vn 0.6251 -0.1772 -0.7602
vn 0.0840 0.1669 -0.9824
vn 0.7512 -0.5528 -0.3608
vn 0.5532 -0.2959 -0.7787
vn 0.0738 0.1517 -0.9857
vn 0.6187 -0.6903 -0.3750
vn 0.4578 -0.3986 -0.7947
vn 0.0606 0.1386 -0.9885
vn 0.4610 -0.7990 -0.3862
vn 0.3424 -0.4805 -0.8074
vn 0.0451 0.1284 -0.9907
vn 0.2844 -0.8741 -0.3938
vn 0.2118 -0.5375 -0.8162
vn 0.0278 0.1213 -0.9922
vn 0.0961 -0.9125 -0.3977
vn 0.0717 -0.5668 -0.8207
vn 0.0094 0.1177 -0.9930
vn 0.0976 -0.9849 -0.1428
vn 0.0965 0.9937 0.0566
vn 0.2861 0.9568 0.0526
vn 0.4653 0.8840 0.0448
vn 0.6276 0.7778 0.0334
vn 0.7666 0.6419 0.0190
vn 0.8767 0.4809 0.0021
vn 0.9535 0.3010 -0.0166
vn 0.9934 0.1089 -0.0363
vn 0.9946 -0.0876 -0.0561
vn 0.9568 -0.2807 -0.0753
vn 0.8817 -0.4626 -0.0931
vn 0.7723 -0.6259 -0.1089
vn 0.6332 -0.7643 -0.1221
vn 0.4700 -0.8727 -0.1323
vn 0.2892 -0.9471 -0.1392
vn -0.2898 -0.9210 -0.2605
vn -0.6333 -0.7415 -0.2216
vn -0.0978 0.9835 0.1523
vn -0.8804 -0.4473 -0.1578
vn -0.9934 -0.0830 -0.0789
vn -0.9552 0.2958 0.0032
vn -0.7716 0.6315 0.0760
vn -0.4706 0.8730 0.1283
vn -0.0978 -0.9583 -0.2686
vn -0.4706 -0.8478 -0.2446
vn -0.7716 -0.6063 -0.1923
vn -0.9552 -0.2706 -0.1195
vn -0.9934 0.1082 -0.0374
vn -0.8804 0.4725 0.0415
vn -0.6333 0.7667 0.1053
vn -0.2898 0.9462 0.1442
vn 0.0975 -0.9788 -0.1803
vn 0.0951 0.9952 0.0219
vn 0.2816 0.9594 0.0179
vn 0.4586 0.8886 0.0100
vn 0.6197 0.7848 -0.0015
vn 0.7587 0.6512 -0.0161
vn 0.8699 0.4921 -0.0333
vn 0.9483 0.3131 -0.0524
vn 0.9900 0.1210 -0.0725
vn 0.9928 -0.0763 -0.0927
vn 0.9561 -0.2707 -0.1123
vn 0.8814 -0.4539 -0.1304
vn 0.7721 -0.6184 -0.1463
vn 0.6329 -0.7576 -0.1596
vn 0.4696 -0.8664 -0.1698
vn 0.2888 -0.9409 -0.1768
vn 0.0970 -0.9788 -0.1803
vn 0.0345 0.1219 -0.9919
vn 0.1977 -0.4629 -0.8641
vn 0.2849 -0.8711 -0.4001
vn 0.0559 0.1309 -0.9898
vn 0.3191 -0.4088 -0.8550
vn 0.4617 -0.7954 -0.3926
vn 0.0748 0.1439 -0.9868
vn 0.4257 -0.3314 -0.8420
vn 0.6196 -0.6859 -0.3817
vn 0.0905 0.1603 -0.9829
vn 0.5131 -0.2348 -0.8256
vn 0.7519 -0.5472 -0.3677
vn 0.1023 0.1793 -0.9785
vn 0.5778 -0.1238 -0.8067
vn 0.8534 -0.3854 -0.3510
vn 0.1099 0.2001 -0.9736
vn 0.6180 -0.0037 -0.7862
vn 0.9201 -0.2075 -0.3323
vn 0.1131 0.2216 -0.9685
vn 0.6329 0.1200 -0.7649
vn 0.9497 -0.0211 -0.3124
vn 0.1118 0.2432 -0.9635
vn 0.6231 0.2423 -0.7437
vn 0.9419 0.1660 -0.2920
vn 0.1062 0.2638 -0.9587
vn 0.5901 0.3585 -0.7234
vn 0.8979 0.3462 -0.2720
vn 0.0968 0.2828 -0.9543
vn 0.5360 0.4647 -0.7048
vn 0.8203 0.5128 -0.2532
vn 0.0840 0.2994 -0.9504
vn 0.4638 0.5577 -0.6884
vn 0.7132 0.6600 -0.2363
vn 0.0683 0.3133 -0.9472
vn 0.3765 0.6349 -0.6747
vn 0.5811 0.7830 -0.2220
vn 0.0503 0.3241 -0.9447
vn 0.2774 0.6943 -0.6641
vn 0.4293 0.8782 -0.2108
vn 0.0308 0.3313 -0.9430
vn 0.1698 0.7346 -0.6569
vn 0.2633 0.9431 -0.2031
vn 0.0104 0.3350 -0.9422
vn 0.0572 0.7549 -0.6533
vn 0.0887 0.9759 -0.1992
vn 0.0117 0.1172 -0.9930
vn 0.0669 -0.4907 -0.8688
vn 0.0963 -0.9097 -0.4039
vn -0.0147 0.3764 -0.9264
vn -0.0434 0.3710 -0.9276
vn -0.0708 0.3602 -0.9302
vn 0.0939 0.9953 0.0219
vn -0.0954 0.3446 -0.9339
vn -0.1166 0.3245 -0.9387
vn -0.1335 0.3007 -0.9443
vn -0.1452 0.2740 -0.9507
vn -0.1514 0.2456 -0.9575
vn 0.2786 0.9602 0.0180
vn -0.1519 0.2163 -0.9644
vn 0.4543 0.8908 0.0102
vn -0.1473 0.1873 -0.9712
vn 0.6149 0.7886 -0.0011
vn -0.1361 0.1598 -0.9777
vn -0.1197 0.1349 -0.9836
vn 0.7544 0.6562 -0.0156
vn -0.0985 0.1136 -0.9886
vn -0.0731 0.0968 -0.9926
vn 0.8667 0.4978 -0.0327
vn -0.0452 0.0852 -0.9953
vn -0.0152 0.0792 -0.9967
vn 0.9465 0.3186 -0.0518
vn 0.9895 0.1255 -0.0720
vn 0.9930 -0.0733 -0.0924
vn 0.9565 -0.2694 -0.1121
vn 0.7715 -0.6192 -0.1464
vn 0.6317 -0.7586 -0.1597
vn 0.4682 -0.8671 -0.1699
vn 0.0916 -0.9886 0.1194
vn 0.0603 -0.7841 0.6177
vn 0.0110 -0.3467 0.9379
vn 0.0975 0.9418 0.3218
vn 0.0704 0.5285 0.8460
vn 0.0119 -0.1198 0.9927
vn 0.2886 0.9032 0.3176
vn 0.2079 0.4996 0.8410
vn 0.0353 -0.1244 0.9916
vn 0.4683 0.8276 0.3094
vn 0.3359 0.4432 0.8311
vn 0.0572 -0.1335 0.9894
vn 0.6294 0.7178 0.2976
vn 0.4486 0.3623 0.8170
vn 0.0767 -0.1467 0.9862
vn 0.7654 0.5782 0.2827
vn 0.5412 0.2610 0.7993
vn 0.0931 -0.1633 0.9822
vn 0.8705 0.4146 0.2652
vn 0.6102 0.1442 0.7790
vn 0.1057 -0.1828 0.9775
vn 0.9407 0.2336 0.2460
vn 0.6533 0.0176 0.7569
vn 0.1141 -0.2042 0.9723
vn 0.9732 0.0431 0.2259
vn 0.6695 -0.1133 0.7341
vn 0.1178 -0.2266 0.9668
vn 0.9672 -0.1491 0.2057
vn 0.6593 -0.2428 0.7116
vn 0.1168 -0.2492 0.9614
vn 0.9236 -0.3351 0.1863
vn 0.6243 -0.3660 0.6902
vn 0.1113 -0.2710 0.9561
vn 0.8450 -0.5076 0.1685
vn 0.5669 -0.4784 0.6706
vn 0.1017 -0.2911 0.9513
vn 0.7353 -0.6603 0.1528
vn 0.4902 -0.5767 0.6536
vn 0.0883 -0.3088 0.9470
vn 0.5994 -0.7881 0.1397
vn 0.3975 -0.6580 0.6395
vn 0.0719 -0.3236 0.9435
vn 0.4430 -0.8871 0.1296
vn 0.2926 -0.7205 0.6287
vn 0.0530 -0.3350 0.9407
vn 0.2717 -0.9545 0.1228
vn 0.1790 -0.7627 0.6214
vn 0.0325 -0.3427 0.9389
vn 0.0974 -0.9850 -0.1428
vn -0.0151 -0.0875 0.9960
vn 0.2887 -0.9472 -0.1392
vn -0.0447 -0.0935 0.9946
vn -0.0145 -0.3795 0.9251
vn 0.0962 0.9937 0.0566
vn -0.0429 -0.3741 0.9264
vn 0.2853 0.9570 0.0526
vn -0.0699 -0.3635 0.9290
vn 0.4642 0.8846 0.0448
vn -0.0941 -0.3481 0.9327
vn 0.6263 0.7788 0.0335
vn -0.1150 -0.3283 0.9375
vn 0.7655 0.6432 0.0191
vn -0.1316 -0.3050 0.9432
vn 0.8760 0.4824 0.0022
vn -0.1433 -0.2789 0.9496
vn 0.9531 0.3022 -0.0165
vn -0.1498 -0.2509 0.9563
vn 0.9933 0.1098 -0.0362
vn -0.1505 -0.2222 0.9633
vn 0.9946 -0.0872 -0.0561
vn -0.1453 -0.1938 0.9702
vn 0.9568 -0.2808 -0.0753
vn -0.1345 -0.1668 0.9768
vn 0.8814 -0.4630 -0.0931
vn -0.1181 -0.1424 0.9827
vn 0.7718 -0.6265 -0.1089
vn -0.0972 -0.1216 0.9878
vn 0.6325 -0.7649 -0.1221
vn -0.0724 -0.1051 0.9918
vn 0.4693 -0.8731 -0.1323
vn 0.2877 -0.9412 -0.1768
vn -0.1242 -0.9711 -0.2037
vn 0.5558 -0.3818 0.7385
vn -0.8830 0.4694 0.0005
vn -0.5821 -0.0287 -0.8126
vn 0.0716 0.9527 0.2954
vn 0.3593 -0.3771 -0.8536
vn 0.4654 0.6659 -0.5830
vn -0.4050 0.2454 0.8808
vn 0.6647 -0.7162 0.2126
vn 0.4905 0.1718 -0.8544
vn 0.1776 -0.7248 -0.6657
vn -0.4905 -0.1718 0.8544
vn 0.0865 0.7325 0.6752
vn 0.0096 -0.1550 0.9879
vn 0.0938 0.8496 0.5190
vn 0.0464 0.2346 0.9710
vn 0.0624 0.4191 0.9058
vn 0.0976 0.9342 0.3431
vn 0.0286 0.0407 0.9988
vn 0.0759 0.5872 0.8059
vn 0.1374 0.2170 0.9664
vn 0.1847 0.3956 0.8997
vn 0.2889 0.8974 0.3336
vn 0.0846 0.0299 0.9960
vn 0.2248 0.5586 0.7984
vn 0.2563 0.6998 0.6667
vn 0.0286 -0.1587 0.9869
vn 0.2779 0.8142 0.5098
vn 0.4162 0.6357 0.6501
vn 0.0464 -0.1658 0.9851
vn 0.4513 0.7447 0.4918
vn 0.2231 0.1827 0.9575
vn 0.2999 0.3494 0.8877
vn 0.4691 0.8251 0.3148
vn 0.1375 0.0087 0.9905
vn 0.3651 0.5023 0.7838
vn 0.4036 0.2823 0.8703
vn 0.6314 0.7202 0.2876
vn 0.1850 -0.0220 0.9825
vn 0.4913 0.4207 0.7626
vn 0.5601 0.5427 0.6260
vn 0.0625 -0.1762 0.9824
vn 0.6073 0.6437 0.4656
vn 0.3002 0.1328 0.9446
vn 0.0971 -0.9816 -0.1643
vn 0.0761 -0.1894 0.9789
vn 0.7400 0.5153 0.4323
vn 0.3658 0.0693 0.9281
vn 0.4918 0.1969 0.8481
vn 0.7693 0.5866 0.2530
vn 0.2254 -0.0612 0.9723
vn 0.5987 0.3167 0.7357
vn 0.6825 0.4242 0.5952
vn 0.5611 0.0966 0.8221
vn 0.8777 0.4296 0.2122
vn 0.2571 -0.1072 0.9604
vn 0.6831 0.1945 0.7040
vn 0.7786 0.2849 0.5591
vn 0.0869 -0.2050 0.9749
vn 0.8443 0.3642 0.3931
vn 0.4173 -0.0053 0.9088
vn 0.0942 -0.2223 0.9704
vn 0.9590 0.1291 0.2524
vn 0.4528 -0.0883 0.8872
vn 0.0942 0.9954 0.0182
vn 0.2796 0.9600 0.0154
vn 0.6786 -0.0819 0.7300
vn 0.9626 0.1407 0.2316
vn 0.2790 -0.1583 0.9472
vn 0.7193 -0.0254 0.6942
vn 0.4560 0.8899 0.0099
vn 0.6172 0.7868 0.0017
vn 0.8509 0.1338 0.5079
vn 0.7571 0.6532 -0.0093
vn 0.8695 0.4934 -0.0227
vn 0.2902 -0.2126 0.9331
vn 0.9490 0.3131 -0.0384
vn 0.9913 0.1193 -0.0558
vn 0.9940 -0.0798 -0.0742
vn 0.9568 -0.2755 -0.0928
vn 0.8813 -0.4593 -0.1108
vn 0.7712 -0.6237 -0.1272
vn 0.0980 -0.2406 0.9657
vn 0.4709 -0.1763 0.8644
vn 0.6315 -0.7624 -0.1414
vn 0.4682 -0.8703 -0.1526
vn 0.6843 -0.0401 0.7281
vn 0.9679 0.0922 0.2340
vn 0.2878 -0.9442 -0.1603
vn 0.0980 -0.2592 0.9608
vn 0.4709 -0.2661 0.8411
vn 0.6570 -0.2513 0.7108
vn 0.9840 -0.1314 0.1206
vn 0.2902 -0.2679 0.9187
vn -0.3912 -0.8470 0.3599
vn -0.2413 0.6255 0.7419
vn -0.4867 -0.5576 0.6725
vn 0.0942 -0.2776 0.9561
vn 0.4528 -0.3542 0.8182
vn 0.6430 -0.4454 0.6230
vn 0.9204 -0.3743 0.1129
vn 0.2790 -0.3221 0.9046
vn 0.0869 -0.2948 0.9516
vn 0.9038 -0.4131 0.1117
vn 0.4173 -0.4371 0.7967
vn 0.6452 -0.4095 0.6449
vn 0.9062 -0.4137 0.0877
vn 0.2571 -0.3733 0.8914
vn 0.6763 -0.4484 0.5845
vn 0.7844 -0.5198 0.3383
vn 0.6825 -0.6601 0.3139
vn 0.0761 -0.3104 0.9476
vn 0.7400 -0.6604 0.1272
vn 0.3658 -0.5118 0.7774
vn 0.4918 -0.5844 0.6454
vn 0.7693 -0.6356 -0.0641
vn 0.2254 -0.4193 0.8794
vn 0.5987 -0.6345 0.4889
vn 0.6073 -0.7889 0.0939
vn 0.3002 -0.5753 0.7609
vn 0.9007 0.2996 0.3145
vn 0.4036 -0.6698 0.6233
vn 0.6314 -0.7692 -0.0988
vn 0.1850 -0.4584 0.8693
vn 0.4913 -0.7384 0.4619
vn 0.5601 -0.7785 0.2832
vn 0.0625 -0.3236 0.9441
vn 0.4162 -0.8716 0.2590
vn 0.0465 -0.3340 0.9414
vn 0.4513 -0.8898 0.0677
vn 0.2231 -0.6252 0.7479
vn 0.2999 -0.7369 0.6059
vn 0.4691 -0.8741 -0.1260
vn 0.1374 -0.4891 0.8613
vn 0.3651 -0.8200 0.4408
vn 0.1374 -0.6595 0.7390
vn -0.6001 -0.0730 -0.7966
vn 0.1847 -0.7831 0.5939
vn 0.2889 -0.9464 -0.1447
vn 0.0846 -0.5103 0.8558
vn 0.2248 -0.8763 0.4262
vn 0.2563 -0.9357 0.2424
vn 0.0286 -0.3411 0.9396
vn 0.2779 -0.9593 0.0497
vn -0.9547 -0.2352 -0.1823
vn 0.0096 -0.3448 0.9386
vn 0.0938 -0.9948 0.0405
vn 0.0464 -0.6770 0.7345
vn 0.0624 -0.8066 0.5878
vn 0.0976 -0.9832 -0.1543
vn 0.0286 -0.5211 0.8530
vn 0.0759 -0.9049 0.4187
vn 0.0865 -0.9684 0.2339
vn 0.0110 0.2459 -0.9692
vn 0.1890 -0.3858 -0.9030
vn 0.2850 -0.8538 -0.4356
vn 0.0177 0.2491 -0.9683
vn 0.3042 -0.3328 -0.8926
vn 0.4617 -0.7769 -0.4280
vn 0.0233 0.2537 -0.9670
vn 0.4044 -0.2573 -0.8776
vn 0.6190 -0.6657 -0.4168
vn 0.0275 0.2592 -0.9654
vn 0.4850 -0.1639 -0.8590
vn 0.7500 -0.5251 -0.4022
vn 0.0302 0.2654 -0.9637
vn 0.5431 -0.0576 -0.8377
vn 0.8493 -0.3614 -0.3849
vn 0.0313 0.2717 -0.9619
vn 0.5772 0.0559 -0.8147
vn 0.9128 -0.1822 -0.3654
vn 0.0309 0.2779 -0.9601
vn 0.5873 0.1714 -0.7910
vn 0.9388 0.0044 -0.3445
vn 0.0293 0.2836 -0.9585
vn 0.5744 0.2841 -0.7677
vn 0.9271 0.1901 -0.3230
vn 0.0266 0.2886 -0.9571
vn 0.5408 0.3898 -0.7454
vn 0.8798 0.3673 -0.3018
vn 0.0234 0.2929 -0.9559
vn 0.4888 0.4855 -0.7248
vn 0.8001 0.5295 -0.2817
vn 0.0198 0.2965 -0.9548
vn 0.4214 0.5686 -0.7064
vn 0.6926 0.6714 -0.2635
vn 0.0160 0.2998 -0.9539
vn 0.3415 0.6377 -0.6904
vn 0.5623 0.7890 -0.2476
vn 0.0121 0.3029 -0.9529
vn 0.2516 0.6916 -0.6770
vn 0.4141 0.8795 -0.2346
vn 0.0077 0.3063 -0.9519
vn 0.1542 0.7298 -0.6661
vn 0.2532 0.9410 -0.2246
vn 0.9749 -0.0314 -0.2203
vn 0.9636 0.1482 -0.2226
vn 0.7557 0.6335 -0.1661
vn 0.0038 0.2443 -0.9697
vn 0.0641 -0.4132 -0.9084
vn 0.0963 -0.8931 -0.4395
vn 0.9603 -0.1775 -0.2150
vn -0.0718 0.0439 -0.9965
vn -0.1161 0.0625 -0.9913
vn -0.1556 0.0893 -0.9838
vn -0.1884 0.1230 -0.9744
vn -0.2134 0.1622 -0.9634
vn -0.2298 0.2051 -0.9514
vn -0.2370 0.2499 -0.9388
vn -0.2350 0.2948 -0.9262
vn -0.2241 0.3381 -0.9140
vn -0.2049 0.3783 -0.9027
vn -0.1783 0.4138 -0.8927
vn -0.1455 0.4437 -0.8843
vn -0.1076 0.4669 -0.8777
vn -0.0660 0.4828 -0.8732
vn -0.0223 0.4908 -0.8710
vn 0.2702 -0.9589 0.0861
vn 0.1686 -0.7691 0.6165
vn 0.0092 -0.3188 0.9478
vn 0.4413 -0.8926 0.0927
vn 0.2764 -0.7308 0.6241
vn 0.0152 -0.3172 0.9482
vn 0.5984 -0.7946 0.1025
vn 0.3770 -0.6739 0.6355
vn 0.0212 -0.3145 0.9490
vn 0.7358 -0.6674 0.1153
vn 0.4672 -0.5989 0.6504
vn 0.0267 -0.3108 0.9501
vn 0.8476 -0.5142 0.1307
vn 0.5435 -0.5072 0.6688
vn 0.0317 -0.3060 0.9515
vn 0.9286 -0.3402 0.1484
vn 0.6025 -0.4009 0.6902
vn 0.0357 -0.3001 0.9532
vn 0.9741 -0.1516 0.1677
vn 0.6406 -0.2828 0.7139
vn 0.0385 -0.2933 0.9553
vn 0.9812 0.0439 0.1878
vn 0.6549 -0.1569 0.7392
vn 0.0397 -0.2858 0.9575
vn 0.9488 0.2380 0.2079
vn 0.6432 -0.0280 0.7652
vn 0.0391 -0.2782 0.9597
vn 0.8777 0.4220 0.2270
vn 0.6044 0.0982 0.7906
vn 0.0368 -0.2706 0.9620
vn 0.7710 0.5881 0.2443
vn 0.5388 0.2158 0.8143
vn 0.0328 -0.2637 0.9641
vn 0.6334 0.7292 0.2591
vn 0.4485 0.3187 0.8350
vn 0.0272 -0.2576 0.9659
vn 0.4708 0.8397 0.2707
vn 0.3369 0.4015 0.8516
vn 0.0204 -0.2529 0.9673
vn 0.2899 0.9156 0.2786
vn 0.2090 0.4594 0.8633
vn 0.0126 -0.2496 0.9683
vn 0.0931 0.9565 0.2764
vn 0.0700 0.4920 0.8678
vn 0.0043 -0.2483 0.9687
vn 0.0910 -0.9924 0.0828
vn 0.0567 -0.7883 0.6127
vn 0.0031 -0.3196 0.9475
vn -0.1117 -0.0806 0.9905
vn -0.0690 -0.0627 0.9956
vn 0.4688 -0.8668 -0.1699
vn 0.2882 -0.9411 -0.1768
vn 0.6322 -0.7582 -0.1597
vn -0.1496 -0.1063 0.9830
vn 0.7718 -0.6188 -0.1464
vn -0.1811 -0.1386 0.9736
vn -0.2051 -0.1761 0.9628
vn 0.9563 -0.2700 -0.1122
vn -0.2207 -0.2171 0.9509
vn 0.9929 -0.0747 -0.0925
vn -0.2276 -0.2600 0.9384
vn 0.9897 0.1235 -0.0722
vn -0.2257 -0.3029 0.9259
vn -0.2152 -0.3443 0.9138
vn 0.9473 0.3161 -0.0521
vn -0.1968 -0.3827 0.9026
vn 0.8682 0.4952 -0.0330
vn -0.1713 -0.4168 0.8927
vn 0.7564 0.6539 -0.0159
vn 0.6171 0.7869 -0.0013
vn -0.1398 -0.4454 0.8844
vn -0.1034 -0.4676 0.8779
vn 0.4563 0.8898 0.0101
vn -0.0635 -0.4828 0.8734
vn 0.2799 0.9598 0.0179
vn -0.0214 -0.4905 0.8712
vn 0.0721 0.9973 0.0123
vn -0.0233 -0.0536 0.9983
vn 0.0972 -0.9788 -0.1803
vn 0.0597 0.0601 -0.9964
vn 0.2075 -0.4823 -0.8511
vn 0.2854 -0.8629 -0.4171
vn 0.0966 0.0756 -0.9924
vn 0.3349 -0.4257 -0.8406
vn 0.4625 -0.7869 -0.4084
vn 0.1295 0.0979 -0.9867
vn 0.4467 -0.3445 -0.8257
vn 0.6203 -0.6770 -0.3961
vn 0.1569 0.1260 -0.9795
vn 0.5380 -0.2432 -0.8071
vn 0.7522 -0.5379 -0.3806
vn 0.1777 0.1587 -0.9712
vn 0.6053 -0.1268 -0.7858
vn 0.8528 -0.3757 -0.3627
vn 0.1912 0.1946 -0.9621
vn 0.6465 -0.0011 -0.7629
vn 0.9183 -0.1974 -0.3433
vn 0.1970 0.2320 -0.9526
vn 0.6608 0.1282 -0.7395
vn 0.9462 -0.0111 -0.3233
vn 0.1950 0.2694 -0.9431
vn 0.6490 0.2556 -0.7165
vn 0.9365 0.1755 -0.3036
vn 0.1856 0.3054 -0.9340
vn 0.6129 0.3760 -0.6950
vn 0.8905 0.3545 -0.2851
vn 0.1693 0.3385 -0.9256
vn 0.5550 0.4854 -0.6755
vn 0.8114 0.5192 -0.2683
vn 0.1469 0.3677 -0.9183
vn 0.4787 0.5805 -0.6587
vn 0.7035 0.6639 -0.2538
vn 0.1195 0.3920 -0.9122
vn 0.3874 0.6588 -0.6449
vn 0.5716 0.7840 -0.2419
vn 0.0882 0.4108 -0.9075
vn 0.2847 0.7186 -0.6345
vn 0.4214 0.8765 -0.2329
vn 0.0541 0.4236 -0.9043
vn 0.1740 0.7590 -0.6274
vn 0.2580 0.9391 -0.2270
vn 0.0182 0.4300 -0.9026
vn 0.0585 0.7793 -0.6239
vn 0.0868 0.9707 -0.2239
vn 0.0202 0.0522 -0.9984
vn 0.0703 -0.5114 -0.8565
vn 0.0965 -0.9017 -0.4215
vn -0.0289 0.3076 -0.9511
vn -0.0178 0.3120 -0.9499
vn -0.0390 0.3012 -0.9528
vn -0.0475 0.2930 -0.9549
vn -0.0542 0.2833 -0.9575
vn -0.0592 0.2726 -0.9603
vn -0.0615 0.2611 -0.9633
vn -0.0616 0.2494 -0.9664
vn -0.0594 0.2378 -0.9695
vn -0.0548 0.2268 -0.9724
vn -0.0484 0.2170 -0.9750
vn -0.0397 0.2086 -0.9772
vn -0.0295 0.2020 -0.9789
vn -0.0182 0.1976 -0.9801
vn -0.0061 0.1950 -0.9808
vn -0.0060 0.3142 -0.9493
vn 0.0194 -0.4365 0.8995
vn 0.0641 -0.8197 0.5692
vn 0.0922 -0.9913 0.0938
vn 0.2735 -0.9569 0.0978
vn 0.1903 -0.7969 0.5734
vn 0.0574 -0.4294 0.9013
vn 0.0935 -0.4155 0.9048
vn 0.3108 -0.7517 0.5817
vn 0.4457 -0.8890 0.1056
vn 0.6028 -0.7893 0.1168
vn 0.4218 -0.6852 0.5938
vn 0.1263 -0.3951 0.9099
vn 0.1546 -0.3690 0.9165
vn 0.5196 -0.5988 0.6094
vn 0.7391 -0.6608 0.1310
vn 0.8490 -0.5073 0.1476
vn 0.6006 -0.4947 0.6281
vn 0.1774 -0.3379 0.9243
vn 0.1937 -0.3029 0.9331
vn 0.6612 -0.3758 0.6493
vn 0.9279 -0.3339 0.1659
vn 0.9717 -0.1469 0.1849
vn 0.6984 -0.2456 0.6723
vn 0.2028 -0.2653 0.9426
vn 0.2041 -0.2264 0.9524
vn 0.7096 -0.1086 0.6961
vn 0.9779 0.0466 0.2040
vn 0.9453 0.2387 0.2222
vn 0.6932 0.0303 0.7201
vn 0.1974 -0.1879 0.9622
vn 0.8749 0.4212 0.2389
vn 0.6485 0.1652 0.7431
vn 0.1829 -0.1512 0.9714
vn 0.1610 -0.1178 0.9799
vn 0.5762 0.2901 0.7641
vn 0.7692 0.5866 0.2535
vn 0.6326 0.7276 0.2654
vn 0.4783 0.3990 0.7823
vn 0.1326 -0.0893 0.9871
vn 0.0988 -0.0667 0.9929
vn 0.3587 0.4863 0.7968
vn 0.4706 0.8385 0.2746
vn 0.2900 0.9149 0.2809
vn 0.2222 0.5473 0.8069
vn 0.0610 -0.0511 0.9968
vn 0.0206 -0.0432 0.9989
vn 0.0753 0.5788 0.8120
vn 0.0979 0.9538 0.2840
vn 0.0976 -0.9816 -0.1643
vn -0.0061 -0.1908 0.9816
vn 0.2892 -0.9437 -0.1603
vn -0.0180 -0.1932 0.9810
vn 0.4701 -0.8693 -0.1525
vn -0.0292 -0.1977 0.9798
vn 0.6334 -0.7609 -0.1412
vn -0.0393 -0.2043 0.9781
vn 0.7725 -0.6222 -0.1271
vn -0.0478 -0.2127 0.9760
vn -0.0545 -0.2225 0.9734
vn 0.8819 -0.4583 -0.1107
vn -0.0590 -0.2333 0.9706
vn 0.9567 -0.2757 -0.0928
vn -0.0613 -0.2448 0.9676
vn 0.9939 -0.0817 -0.0744
vn 0.9917 0.1156 -0.0561
vn -0.0611 -0.2565 0.9646
vn 0.9505 0.3082 -0.0388
vn -0.0587 -0.2679 0.9617
vn 0.8725 0.4881 -0.0231
vn -0.0540 -0.2786 0.9589
vn 0.7611 0.6485 -0.0096
vn -0.0472 -0.2882 0.9564
vn 0.6225 0.7826 0.0020
vn -0.0387 -0.2963 0.9543
vn -0.0287 -0.3027 0.9527
vn -0.4597 -0.8880 -0.0091
vn -0.2825 -0.9591 -0.0152
vn -0.0177 -0.3071 0.9515
vn -0.0953 -0.9953 -0.0184
vn -0.0060 -0.3093 0.9509
vn 0.2649 -0.9598 0.0922
vn 0.1770 -0.8149 0.5520
vn 0.0451 -0.4700 0.8815
vn 0.4332 -0.8957 0.1000
vn 0.2903 -0.7751 0.5612
vn 0.0737 -0.4596 0.8850
vn 0.5886 -0.8008 0.1113
vn 0.3962 -0.7160 0.5748
vn 0.0999 -0.4444 0.8902
vn 0.7255 -0.6766 0.1258
vn 0.4915 -0.6381 0.5926
vn 0.1230 -0.4247 0.8969
vn 0.8383 -0.5262 0.1427
vn 0.5728 -0.5427 0.6143
vn 0.1418 -0.4009 0.9051
vn 0.9212 -0.3539 0.1615
vn 0.6365 -0.4316 0.6392
vn 0.1556 -0.3739 0.9143
vn 0.9694 -0.1656 0.1812
vn 0.6788 -0.3075 0.6668
vn 0.1636 -0.3445 0.9244
vn 0.9791 0.0312 0.2009
vn 0.6965 -0.1743 0.6961
vn 0.1653 -0.3139 0.9349
vn 0.9487 0.2276 0.2196
vn 0.6868 -0.0367 0.7259
vn 0.1604 -0.2833 0.9455
vn 0.8787 0.4147 0.2365
vn 0.6481 0.0994 0.7551
vn 0.1490 -0.2541 0.9556
vn 0.7722 0.5838 0.2509
vn 0.5801 0.2274 0.7822
vn 0.1314 -0.2275 0.9649
vn 0.6342 0.7272 0.2627
vn 0.4846 0.3403 0.8058
vn 0.1083 -0.2047 0.9728
vn 0.4710 0.8393 0.2715
vn 0.3651 0.4318 0.8247
vn 0.0807 -0.1867 0.9791
vn 0.2898 0.9160 0.2773
vn 0.2270 0.4962 0.8380
vn 0.0498 -0.1743 0.9834
vn 0.0978 0.9550 0.2802
vn 0.0770 0.5295 0.8448
vn 0.0168 -0.1680 0.9856
vn 0.0891 -0.9921 0.0883
vn 0.0595 -0.8348 0.5473
vn 0.0152 -0.4752 0.8798
vn -0.0486 -0.2459 0.9681
vn -0.0300 -0.2384 0.9707
vn -0.0652 -0.2566 0.9643
vn -0.0792 -0.2703 0.9595
vn -0.0899 -0.2863 0.9539
vn 0.7197 -0.6626 0.2073
vn -0.0972 -0.3038 0.9478
vn -0.1005 -0.3223 0.9413
vn -0.1001 -0.3409 0.9347
vn -0.0957 -0.3591 0.9284
vn -0.0878 -0.3760 0.9225
vn -0.0767 -0.3910 0.9172
vn -0.0627 -0.4038 0.9127
vn -0.0465 -0.4137 0.9092
vn -0.0286 -0.4205 0.9068
vn -0.4017 -0.7561 0.5167
vn -0.0096 -0.4240 0.9056
vn 0.2848 -0.5612 -0.7771
vn 0.3436 0.9073 -0.2422
vn 0.9948 -0.0879 -0.0516
vn 0.6760 -0.6543 0.3391
vn -0.9950 0.0995 0.0067
vn -0.0101 -0.2345 0.9721
vn 0.0167 0.1782 -0.9839
vn 0.0720 -0.4542 -0.8880
vn 0.0977 -0.9007 -0.4234
vn 0.0493 0.1847 -0.9816
vn 0.2122 -0.4232 -0.8808
vn 0.2890 -0.8608 -0.4189
vn 0.0797 0.1973 -0.9771
vn 0.3412 -0.3633 -0.8669
vn 0.4683 -0.7827 -0.4100
vn 0.1065 0.2155 -0.9707
vn 0.4527 -0.2781 -0.8472
vn 0.6279 -0.6693 -0.3972
vn 0.1286 0.2383 -0.9626
vn 0.5413 -0.1729 -0.8228
vn 0.7608 -0.5255 -0.3809
vn 0.1451 0.2648 -0.9533
vn 0.6039 -0.0537 -0.7953
vn 0.8608 -0.3577 -0.3620
vn 0.1552 0.2935 -0.9433
vn 0.6387 0.0729 -0.7660
vn 0.9237 -0.1739 -0.3414
vn 0.1589 0.3231 -0.9329
vn 0.6459 0.2005 -0.7366
vn 0.9472 0.0170 -0.3201
vn 0.1561 0.3524 -0.9227
vn 0.6273 0.3236 -0.7083
vn 0.9317 0.2062 -0.2991
vn 0.1473 0.3801 -0.9132
vn 0.5858 0.4373 -0.6823
vn 0.8796 0.3851 -0.2794
vn 0.1332 0.4051 -0.9045
vn 0.5249 0.5383 -0.6593
vn 0.7952 0.5469 -0.2617
vn 0.1146 0.4267 -0.8971
vn 0.4484 0.6242 -0.6398
vn 0.6841 0.6864 -0.2465
vn 0.0926 0.4444 -0.8910
vn 0.3599 0.6935 -0.6241
vn 0.5521 0.8002 -0.2343
vn 0.0679 0.4578 -0.8864
vn 0.2628 0.7456 -0.6124
vn 0.4045 0.8864 -0.2252
vn 0.0414 0.4668 -0.8834
vn 0.1598 0.7803 -0.6046
vn 0.2467 0.9440 -0.2192
vn 0.0139 0.4713 -0.8818
vn 0.0536 0.7977 -0.6007
vn 0.0829 0.9728 -0.2161
vn 0.0964 -0.9817 -0.1643
vn -0.0289 0.4297 -0.9025
vn -0.0097 0.4332 -0.9012
vn 0.2861 -0.9447 -0.1604
vn -0.0470 0.4229 -0.9050
vn 0.4659 -0.8716 -0.1527
vn -0.0634 0.4129 -0.9086
vn 0.6293 -0.7642 -0.1416
vn -0.0775 0.4001 -0.9132
vn 0.7697 -0.6256 -0.1274
vn -0.0888 0.3849 -0.9187
vn 0.8807 -0.4605 -0.1109
vn -0.0968 0.3679 -0.9248
vn 0.9569 -0.2752 -0.0928
vn -0.1012 0.3496 -0.9314
vn 0.9942 -0.0775 -0.0739
vn -0.1017 0.3308 -0.9382
vn 0.9908 0.1236 -0.0553
vn -0.0983 0.3122 -0.9449
vn 0.9470 0.3190 -0.0377
vn -0.0910 0.2945 -0.9513
vn 0.8659 0.4998 -0.0219
vn -0.0801 0.2784 -0.9571
vn 0.7521 0.6590 -0.0081
vn -0.0660 0.2646 -0.9621
vn -0.6113 -0.7914 -0.0017
vn -0.0492 0.2537 -0.9660
vn -0.4506 -0.8927 -0.0100
vn -0.0304 0.2461 -0.9688
vn -0.2759 -0.9611 -0.0155
vn -0.0103 0.2422 -0.9702
vn -0.0928 -0.9955 -0.0183
vn 0.8114 -0.5780 0.0869
vn -0.9177 0.3956 0.0377
vn -0.5257 0.5257 -0.6687
vn -0.9766 -0.1834 -0.1125
vn -0.5373 0.2626 -0.8014
vn -0.5357 0.5594 -0.6325
vn 0.7699 0.2690 0.5787
vn 0.9851 -0.1630 -0.0544
vn -0.8182 -0.2648 -0.5104
vn 0.5435 -0.2622 0.7974
vn -0.7275 0.6269 -0.2790
vn 0.5810 -0.1337 0.8028
vn 0.9996 -0.0203 -0.0174
vn 0.8208 0.3314 0.4652
vn 0.5598 0.0089 -0.8286
vn 0.4570 0.1787 -0.8713
vn 0.2448 -0.9671 -0.0693
vn 0.9495 -0.0164 -0.3132
vn 0.4569 0.1781 -0.8715
vn -0.8840 0.1996 -0.4227
vn -0.9495 0.0164 0.3132
vn -0.2637 -0.9596 0.0984
vn -0.9481 0.1183 0.2953
vn -0.4216 0.0430 0.9057
vn -0.4313 -0.0000 0.9022
vn 0.8857 -0.0000 0.4643
vn 0.0785 0.6906 0.7190
vn -0.1770 -0.9828 -0.0533
vn 0.4229 0.0783 -0.9028
vn 0.9464 0.0880 -0.3107
vn 0.9016 0.0184 0.4322
vn -0.9108 0.0986 -0.4009
vn 0.4571 0.1794 -0.8712
vn -0.3350 -0.3385 0.8793
vn -0.2692 -0.9061 -0.3264
vn -0.5732 -0.6903 -0.4416
vn -0.7899 -0.3693 -0.4896
vn -0.8794 -0.0572 -0.4727
vn -0.0987 -0.9635 -0.2487
vn 0.4571 0.1790 -0.8712
vn -0.4570 -0.1787 0.8713
vn -0.4571 -0.1790 0.8712
vn -0.4571 -0.1793 0.8712
vn 0.0045 -0.7903 -0.6127
vn 0.3491 -0.2893 -0.8913
vn 0.6312 -0.7590 -0.1597
vn 0.7712 -0.6195 -0.1464
vn 0.9566 -0.2689 -0.1121
vn 0.9931 -0.0723 -0.0923
vn 0.9893 0.1271 -0.0718
vn 0.9458 0.3205 -0.0516
vn 0.8655 0.4998 -0.0325
vn 0.7528 0.6580 -0.0154
vn 0.6132 0.7899 -0.0010
vn 0.4528 0.8916 0.0103
vn 0.2775 0.9606 0.0180
vn 0.0935 0.9954 0.0219
vn 0.0969 -0.9788 -0.1803
vn 0.0968 -0.9788 -0.1803
vn 0.0931 0.9954 0.0219
vn 0.2765 0.9608 0.0180
vn 0.4514 0.8923 0.0104
vn 0.6117 0.7911 -0.0008
vn 0.7514 0.6596 -0.0152
vn 0.8645 0.5016 -0.0323
vn 0.9452 0.3223 -0.0514
vn 0.9891 0.1286 -0.0717
vn 0.9932 -0.0713 -0.0922
vn 0.9568 -0.2684 -0.1120
vn 0.7710 -0.6197 -0.1465
vn 0.6309 -0.7593 -0.1598
vn 0.4673 -0.8676 -0.1700
vn 0.2870 -0.9415 -0.1768
vn 0.0038 -0.7598 0.6501
vn 0.9718 -0.1689 -0.1644
vn 0.9080 0.4190 -0.0006
vn 0.2528 0.9647 -0.0734
vn 0.4564 0.5616 -0.6901
vn 0.7237 0.2322 -0.6499
vn 0.9674 0.2428 0.0724
vn 0.5791 0.4628 -0.6712
vn 0.5762 0.8173 0.0062
vn 0.4540 0.5650 -0.6889
vn 0.2510 0.9654 -0.0714
vn 0.7592 -0.0765 -0.6464
vn 0.9663 -0.2548 0.0361
vn 0.9493 -0.0151 -0.3140
vn 0.4570 0.1795 -0.8711
vn 0.9234 0.3835 0.0161
vn 0.4850 0.0159 -0.8744
vn 0.9508 0.0250 -0.3088
vn 0.4570 0.1795 -0.8712
vn 0.4558 0.2035 0.8665
vn -0.0667 0.8413 0.5364
vn -0.3733 0.2439 0.8951
vn -0.0800 -0.2414 0.9671
vn 0.6757 -0.2484 0.6941
vn -0.0733 -0.1760 0.9817
vn 0.6665 -0.1813 0.7232
vn -0.1389 -0.1051 0.9847
vn 0.5763 0.0900 0.8123
vn -0.2731 0.1304 0.9531
vn 0.2057 0.6723 0.7112
vn -0.3750 0.2496 0.8928
vn -0.0662 0.8433 0.5334
vn -0.0679 -0.3978 0.9150
vn 0.6280 -0.3865 0.6754
vn 0.2884 -0.2678 0.9193
vn -0.4570 -0.1795 0.8711
vn 0.0974 0.9630 0.2512
vn 0.5222 0.0957 0.8474
vn 0.7738 0.3804 0.5065
vn -0.4570 -0.1795 0.8712
vn 0.8840 -0.1996 0.4227
vn -0.4135 -0.3378 0.8455
vn 0.8682 -0.3028 0.3930
vn 0.8880 -0.1494 0.4350
vn 0.4283 0.8133 0.3938
vn 0.8540 0.1841 0.4866
vn -0.7681 0.0010 0.6403
vn -0.1479 0.9463 -0.2876
vn -0.6954 0.5343 -0.4806
vn 0.7398 0.3211 -0.5913
vn 0.6588 0.7105 -0.2475
vn -0.0238 0.9441 -0.3288
vn 0.2891 0.5156 -0.8066
vn -0.8688 0.1963 -0.4546
vn 0.4346 0.1720 -0.8840
vn 0.1575 0.9825 -0.0995
vn -0.1566 0.9877 0.0041
vn -0.4512 -0.1285 0.8831
vn -0.9466 0.0577 0.3171
vn -0.4569 -0.1781 0.8715
vn 0.7490 0.0885 -0.6566
vn 0.9291 0.3392 0.1473
vn 0.9883 -0.1258 0.0859
vn -0.8945 0.0989 -0.4360
vn 0.8876 0.0220 0.4600
vn 0.9458 0.0879 -0.3126
vn 0.4394 0.0779 -0.8949
vn -0.4227 0.0429 0.9052
vn -0.9444 0.1191 0.3066
vn 0.9864 -0.1279 0.1030
vn 0.9864 -0.1280 0.1032
vn -0.0798 -0.2415 0.9671
vn 0.6611 -0.2522 0.7067
vn -0.6555 -0.3284 0.6800
vn 0.8598 0.4989 0.1086
vt 0.248422 0.419409
vt 0.250840 0.413269
vt 0.252900 0.414191
vt 0.250583 0.420085
vt 0.255003 0.415228
vt 0.252828 0.420767
vt 0.279271 0.779810
vt 0.277016 0.785370
vt 0.271693 0.782568
vt 0.273495 0.778049
vt 0.247180 0.425954
vt 0.249426 0.426293
vt 0.251753 0.426616
vt 0.280437 0.774038
vt 0.274441 0.773188
vt 0.246849 0.432409
vt 0.249105 0.432585
vt 0.251434 0.432738
vt 0.280802 0.768335
vt 0.274767 0.768073
vt 0.246840 0.438731
vt 0.249087 0.438882
vt 0.251400 0.439003
vt 0.280747 0.762763
vt 0.274736 0.762780
vt 0.246901 0.445009
vt 0.249137 0.445178
vt 0.251432 0.445310
vt 0.280540 0.757280
vt 0.274559 0.757376
vt 0.246974 0.451282
vt 0.249198 0.451472
vt 0.251471 0.451620
vt 0.280318 0.751835
vt 0.274360 0.751919
vt 0.247046 0.457560
vt 0.249257 0.457765
vt 0.251508 0.457926
vt 0.280131 0.746401
vt 0.274189 0.746445
vt 0.247116 0.463845
vt 0.249314 0.464058
vt 0.251541 0.464225
vt 0.279986 0.740966
vt 0.274057 0.740970
vt 0.247182 0.470139
vt 0.249368 0.470351
vt 0.251571 0.470516
vt 0.279876 0.735528
vt 0.273960 0.735501
vt 0.247244 0.476441
vt 0.249419 0.476643
vt 0.251598 0.476801
vt 0.279794 0.730084
vt 0.273889 0.730037
vt 0.247300 0.482752
vt 0.249464 0.482936
vt 0.251621 0.483080
vt 0.279732 0.724637
vt 0.273837 0.724578
vt 0.247348 0.489070
vt 0.249502 0.489228
vt 0.251641 0.489352
vt 0.279683 0.719186
vt 0.273799 0.719125
vt 0.247386 0.495396
vt 0.249533 0.495521
vt 0.251656 0.495619
vt 0.279643 0.713730
vt 0.273766 0.713679
vt 0.247413 0.501727
vt 0.249555 0.501813
vt 0.251666 0.501883
vt 0.279599 0.708267
vt 0.273730 0.708245
vt 0.247432 0.508063
vt 0.249571 0.508105
vt 0.251674 0.508142
vt 0.279528 0.702797
vt 0.273682 0.702821
vt 0.247452 0.514399
vt 0.249583 0.514399
vt 0.251662 0.514399
vt 0.279334 0.697361
vt 0.273728 0.697361
vt 0.741649 0.503382
vt 0.780825 0.504024
vt 0.780866 0.510386
vt 0.741667 0.510387
vt 0.745697 0.399418
vt 0.785889 0.408513
vt 0.784491 0.414824
vt 0.744211 0.406125
vt 0.783316 0.421159
vt 0.742989 0.412929
vt 0.782356 0.427515
vt 0.742024 0.419790
vt 0.781604 0.433887
vt 0.741303 0.426691
vt 0.781044 0.440268
vt 0.740804 0.433621
vt 0.780656 0.446655
vt 0.740504 0.440568
vt 0.780417 0.453043
vt 0.740374 0.447527
vt 0.780300 0.459428
vt 0.740381 0.454493
vt 0.780279 0.465811
vt 0.740491 0.461454
vt 0.780328 0.472189
vt 0.740671 0.468439
vt 0.780422 0.478562
vt 0.740886 0.475411
vt 0.780535 0.484932
vt 0.741111 0.482406
vt 0.780651 0.491297
vt 0.741398 0.489379
vt 0.780751 0.497661
vt 0.741555 0.496378
vt 0.909749 0.270924
vt 0.910079 0.266075
vt 0.961219 0.270096
vt 0.960922 0.274354
vt 0.909257 0.280622
vt 0.909477 0.275774
vt 0.960680 0.278618
vt 0.960479 0.282889
vt 0.910478 0.338786
vt 0.910080 0.333938
vt 0.961218 0.329917
vt 0.961563 0.334168
vt 0.908963 0.290316
vt 0.909088 0.285470
vt 0.960325 0.287164
vt 0.960222 0.291442
vt 0.908866 0.300006
vt 0.908894 0.295161
vt 0.960155 0.295724
vt 0.960138 0.300006
vt 0.908963 0.309697
vt 0.908895 0.304851
vt 0.960155 0.304288
vt 0.960223 0.308569
vt 0.909257 0.319390
vt 0.909088 0.314543
vt 0.960326 0.312848
vt 0.960482 0.317123
vt 0.909754 0.329087
vt 0.909479 0.324239
vt 0.960677 0.321394
vt 0.960927 0.325658
vt 0.910478 0.261227
vt 0.961563 0.265845
vt 0.749247 0.113997
vt 0.825576 0.114112
vt 0.825627 0.121632
vt 0.749476 0.121648
vt 0.772477 0.000597
vt 0.815840 0.004757
vt 0.815924 0.011801
vt 0.733919 0.005030
vt 0.816044 0.018852
vt 0.734112 0.013210
vt 0.816375 0.025966
vt 0.734649 0.021313
vt 0.816929 0.033103
vt 0.735496 0.029333
vt 0.817644 0.040278
vt 0.736609 0.037267
vt 0.818497 0.047488
vt 0.737935 0.045115
vt 0.819449 0.054733
vt 0.739414 0.052886
vt 0.820458 0.062014
vt 0.740981 0.060593
vt 0.821479 0.069333
vt 0.742571 0.068252
vt 0.822468 0.076694
vt 0.744119 0.075879
vt 0.823383 0.084097
vt 0.745561 0.083492
vt 0.824183 0.091543
vt 0.746841 0.091104
vt 0.824835 0.099028
vt 0.747907 0.098723
vt 0.825307 0.106573
vt 0.748719 0.106354
vt 0.194834 0.747753
vt 0.156418 0.676420
vt 0.163637 0.671800
vt 0.200668 0.738249
vt 0.741430 0.496382
vt 0.741521 0.503383
vt 0.739784 0.503388
vt 0.739691 0.496395
vt 0.738175 0.503373
vt 0.738073 0.496364
vt 0.553394 0.517550
vt 0.553426 0.525043
vt 0.551702 0.525001
vt 0.551667 0.517467
vt 0.741277 0.489383
vt 0.739528 0.489413
vt 0.737896 0.489379
vt 0.553346 0.510053
vt 0.551614 0.509933
vt 0.740970 0.482393
vt 0.739221 0.482428
vt 0.737573 0.482381
vt 0.553286 0.502548
vt 0.551547 0.502395
vt 0.740744 0.475405
vt 0.738983 0.475431
vt 0.737315 0.475361
vt 0.553217 0.495033
vt 0.551469 0.494853
vt 0.740533 0.468423
vt 0.738762 0.468442
vt 0.737072 0.468355
vt 0.553143 0.487505
vt 0.551384 0.487305
vt 0.740353 0.461448
vt 0.738573 0.461454
vt 0.736860 0.461350
vt 0.553067 0.479962
vt 0.551297 0.479750
vt 0.740248 0.454477
vt 0.738457 0.454464
vt 0.736721 0.454340
vt 0.552994 0.472400
vt 0.551211 0.472185
vt 0.740242 0.447512
vt 0.738442 0.447472
vt 0.736684 0.447324
vt 0.552926 0.464821
vt 0.551131 0.464610
vt 0.740375 0.440554
vt 0.738568 0.440478
vt 0.736790 0.440301
vt 0.552872 0.457227
vt 0.551064 0.457026
vt 0.740679 0.433607
vt 0.738865 0.433486
vt 0.737071 0.433276
vt 0.552851 0.449633
vt 0.551032 0.449443
vt 0.741180 0.426676
vt 0.739363 0.426504
vt 0.737557 0.426255
vt 0.552920 0.442081
vt 0.551092 0.441885
vt 0.741904 0.419773
vt 0.740087 0.419541
vt 0.738273 0.419248
vt 0.553232 0.434662
vt 0.551403 0.434405
vt 0.742870 0.412908
vt 0.741057 0.412609
vt 0.739242 0.412268
vt 0.554111 0.427499
vt 0.552310 0.427073
vt 0.744083 0.406101
vt 0.742277 0.405702
vt 0.740460 0.405312
vt 0.555951 0.420621
vt 0.554221 0.419972
vt 0.745575 0.399386
vt 0.743848 0.398769
vt 0.742069 0.398222
vt 0.558799 0.413897
vt 0.557134 0.413087
vt 0.741538 0.510387
vt 0.739824 0.510387
vt 0.738231 0.510387
vt 0.553439 0.532535
vt 0.551720 0.532535
vt 0.053220 0.801134
vt 0.043093 0.724079
vt 0.051512 0.722350
vt 0.063038 0.800024
vt 0.059915 0.720484
vt 0.072845 0.798712
vt 0.068256 0.718458
vt 0.082608 0.797003
vt 0.076492 0.716237
vt 0.092312 0.794850
vt 0.084586 0.713793
vt 0.101953 0.792267
vt 0.092513 0.711113
vt 0.111538 0.789296
vt 0.100256 0.708189
vt 0.121078 0.785989
vt 0.107806 0.705018
vt 0.130592 0.782399
vt 0.115163 0.701602
vt 0.140094 0.778566
vt 0.122335 0.697941
vt 0.149583 0.774498
vt 0.129323 0.694061
vt 0.159023 0.770141
vt 0.136194 0.689923
vt 0.168315 0.765334
vt 0.142963 0.685584
vt 0.177265 0.759752
vt 0.149702 0.681059
vt 0.186027 0.753569
vt 0.547149 0.524891
vt 0.547161 0.532535
vt 0.545320 0.532535
vt 0.545316 0.524848
vt 0.829341 0.114048
vt 0.829431 0.121648
vt 0.827616 0.121648
vt 0.827543 0.114059
vt 0.825773 0.121648
vt 0.825723 0.114093
vt 0.552471 0.411075
vt 0.549452 0.418201
vt 0.547864 0.417569
vt 0.550914 0.410395
vt 0.819030 0.004082
vt 0.819315 0.011478
vt 0.817783 0.011609
vt 0.817545 0.004382
vt 0.816059 0.011787
vt 0.815961 0.004731
vt 0.547367 0.425805
vt 0.545701 0.425382
vt 0.819440 0.018654
vt 0.817898 0.018719
vt 0.816175 0.018841
vt 0.546387 0.433580
vt 0.544684 0.433317
vt 0.819779 0.025720
vt 0.818224 0.025801
vt 0.816500 0.025952
vt 0.546090 0.441275
vt 0.544371 0.441075
vt 0.820455 0.032805
vt 0.818886 0.032900
vt 0.817167 0.033084
vt 0.546080 0.448885
vt 0.544350 0.448693
vt 0.821195 0.039964
vt 0.819604 0.040057
vt 0.817875 0.040257
vt 0.546172 0.456458
vt 0.544432 0.456257
vt 0.822069 0.047152
vt 0.820455 0.047249
vt 0.818718 0.047466
vt 0.546299 0.464023
vt 0.544547 0.463812
vt 0.823046 0.054383
vt 0.821406 0.054483
vt 0.819660 0.054711
vt 0.546437 0.471594
vt 0.544674 0.471378
vt 0.824081 0.061663
vt 0.822414 0.061763
vt 0.820659 0.061994
vt 0.546577 0.479174
vt 0.544801 0.478962
vt 0.825129 0.068994
vt 0.823436 0.069091
vt 0.821669 0.069316
vt 0.546712 0.486767
vt 0.544923 0.486565
vt 0.826146 0.076380
vt 0.824427 0.076470
vt 0.822648 0.076680
vt 0.546836 0.494371
vt 0.545035 0.494189
vt 0.827086 0.083821
vt 0.825344 0.083900
vt 0.823554 0.084088
vt 0.546945 0.501988
vt 0.545133 0.501833
vt 0.827910 0.091315
vt 0.826147 0.091381
vt 0.824347 0.091539
vt 0.547036 0.509615
vt 0.545215 0.509493
vt 0.828580 0.098858
vt 0.826801 0.098907
vt 0.824991 0.099028
vt 0.547105 0.517250
vt 0.545277 0.517166
vt 0.829064 0.106441
vt 0.827273 0.106471
vt 0.825457 0.106549
vt 0.706511 0.833949
vt 0.709984 0.814122
vt 0.710761 0.834545
vt 0.730744 0.814122
vt 0.730229 0.809518
vt 0.042943 0.967158
vt 0.042943 0.930988
vt 0.068585 0.939715
vt 0.066242 0.957750
vt 0.900385 0.120932
vt 0.892856 0.125947
vt 0.885317 0.118385
vt 0.897145 0.110254
vt 0.231121 0.946310
vt 0.238892 0.941700
vt 0.246697 0.950046
vt 0.234476 0.957062
vt 0.214830 0.912916
vt 0.208342 0.920903
vt 0.198566 0.916976
vt 0.208515 0.904329
vt 0.950035 0.371854
vt 0.950784 0.358573
vt 0.957592 0.358060
vt 0.956242 0.374007
vt 0.927595 0.346328
vt 0.920449 0.351198
vt 0.915422 0.346544
vt 0.926208 0.339981
vt 0.126570 0.986409
vt 0.106573 0.997872
vt 0.098157 0.973839
vt 0.109436 0.968564
vt 0.137669 0.931436
vt 0.137616 0.966579
vt 0.113945 0.957680
vt 0.111876 0.939859
vt 0.937323 0.382115
vt 0.943310 0.379099
vt 0.947504 0.384510
vt 0.938354 0.388813
vt 0.445086 0.557334
vt 0.468560 0.579915
vt 0.457494 0.575583
vt 0.448733 0.566108
vt 0.915670 0.358169
vt 0.916128 0.371440
vt 0.909878 0.373465
vt 0.908866 0.357526
vt 0.939051 0.346626
vt 0.940442 0.339981
vt 0.928572 0.382140
vt 0.927242 0.388482
vt 0.327718 0.894699
vt 0.313935 0.895958
vt 0.313576 0.883493
vt 0.326956 0.883559
vt 0.393316 0.875981
vt 0.380579 0.880773
vt 0.379975 0.878184
vt 0.300161 0.896269
vt 0.300146 0.882944
vt 0.367819 0.885351
vt 0.354764 0.889301
vt 0.353541 0.881899
vt 0.366760 0.880251
vt 0.341395 0.892558
vt 0.340274 0.883003
vt 0.286570 0.896120
vt 0.286570 0.882292
vt 0.353487 0.874350
vt 0.366593 0.875036
vt 0.340464 0.873474
vt 0.287769 0.868113
vt 0.301054 0.869694
vt 0.379853 0.875520
vt 0.327443 0.872442
vt 0.314306 0.871163
vt 0.316377 0.859032
vt 0.329218 0.861425
vt 0.380208 0.872871
vt 0.303313 0.856635
vt 0.354556 0.866888
vt 0.367288 0.869876
vt 0.341905 0.864045
vt 0.290095 0.854018
vt 0.344556 0.854836
vt 0.356684 0.859668
vt 0.293817 0.840468
vt 0.306854 0.843955
vt 0.368808 0.864909
vt 0.381027 0.870333
vt 0.332265 0.850593
vt 0.319696 0.847106
vt 0.767235 0.375517
vt 0.753765 0.375656
vt 0.755435 0.244355
vt 0.767240 0.244173
vt 0.382284 0.867998
vt 0.311383 0.831638
vt 0.324055 0.835288
vt 0.359858 0.852872
vt 0.371117 0.860319
vt 0.348403 0.845932
vt 0.298517 0.827940
vt 0.336460 0.839998
vt 0.353480 0.837527
vt 0.364063 0.846804
vt 0.302854 0.816294
vt 0.316323 0.819450
vt 0.374189 0.856232
vt 0.383943 0.865950
vt 0.341711 0.829782
vt 0.329140 0.823280
vt 0.385968 0.864267
vt 0.326381 0.801148
vt 0.333525 0.810163
vt 0.369344 0.841633
vt 0.377931 0.852841
vt 0.744464 0.636895
vt 0.747618 0.623801
vt 0.868041 0.656215
vt 0.865390 0.667722
vt 0.741956 0.650116
vt 0.863438 0.679386
vt 0.360539 0.824367
vt 0.306335 0.805407
vt 0.348161 0.820328
vt 0.740025 0.663420
vt 0.862157 0.691158
vt 0.738622 0.676778
vt 0.861495 0.702993
vt 0.737689 0.690165
vt 0.861376 0.714854
vt 0.737153 0.703565
vt 0.861710 0.726715
vt 0.382294 0.850240
vt 0.388282 0.863013
vt 0.736932 0.716968
vt 0.862395 0.738559
vt 0.736942 0.730369
vt 0.863323 0.750382
vt 0.737096 0.743771
vt 0.864390 0.762192
vt 0.737316 0.757175
vt 0.865473 0.773950
vt 0.737523 0.770587
vt 0.866479 0.785703
vt 0.737647 0.784011
vt 0.867318 0.797459
vt 0.945983 0.351824
vt 0.951102 0.347173
vt 0.375637 0.837801
vt 0.737628 0.797445
vt 0.867906 0.809221
vt 0.737417 0.810901
vt 0.868136 0.820979
vt 0.368397 0.824116
vt 0.304444 0.794593
vt 0.320858 0.790313
vt 0.740291 0.375992
vt 0.743688 0.244957
vt 0.390800 0.862243
vt 0.382652 0.835174
vt 0.387142 0.848480
vt 0.377085 0.820965
vt 0.300704 0.783515
vt 0.314986 0.777240
vt 0.922768 0.378906
vt 0.918386 0.384145
vt 0.913123 0.900944
vt 0.903946 0.890848
vt 0.906087 0.889289
vt 0.894915 0.880418
vt 0.886293 0.869460
vt 0.892640 0.865437
vt 0.899196 0.877491
vt 0.877228 0.857162
vt 0.880703 0.851002
vt 0.293542 0.772624
vt 0.313534 0.768012
vt 0.908495 0.888165
vt 0.876054 0.826473
vt 0.869622 0.820109
vt 0.886601 0.810079
vt 0.888821 0.823412
vt 0.899581 0.862571
vt 0.903950 0.875388
vt 0.895384 0.849669
vt 0.871191 0.798923
vt 0.884628 0.796646
vt 0.881243 0.840027
vt 0.891716 0.836663
vt 0.901182 0.821351
vt 0.902893 0.834525
vt 0.911072 0.887515
vt 0.899675 0.808069
vt 0.906896 0.860878
vt 0.909006 0.874154
vt 0.904787 0.847679
vt 0.898113 0.794652
vt 0.912844 0.806766
vt 0.913657 0.820181
vt 0.914425 0.860325
vt 0.914204 0.873812
vt 0.916834 0.154317
vt 0.923568 0.146569
vt 0.933820 0.150561
vt 0.923040 0.162629
vt 0.914372 0.846920
vt 0.911720 0.793301
vt 0.913726 0.887361
vt 0.914162 0.833558
vt 0.060566 0.908196
vt 0.078784 0.900040
vt 0.084238 0.925541
vt 0.075292 0.927799
vt 0.926186 0.819989
vt 0.925393 0.833767
vt 0.916354 0.887709
vt 0.926186 0.806126
vt 0.921943 0.860943
vt 0.919370 0.874377
vt 0.924008 0.847421
vt 0.925290 0.792430
vt 0.819414 0.270923
vt 0.820680 0.284455
vt 0.813124 0.284475
vt 0.814214 0.270962
vt 0.221159 0.910197
vt 0.218486 0.900280
vt 0.821730 0.297981
vt 0.812121 0.297972
vt 0.823577 0.338429
vt 0.823733 0.351967
vt 0.810141 0.351967
vt 0.810255 0.338422
vt 0.817999 0.257403
vt 0.815348 0.257432
vt 0.822558 0.311480
vt 0.811262 0.311456
vt 0.823173 0.324951
vt 0.810622 0.324936
vt 0.816504 0.243893
vt 0.211619 0.941956
vt 0.219524 0.946344
vt 0.216234 0.957062
vt 0.203837 0.950211
vt 0.812738 0.256956
vt 0.796972 0.337902
vt 0.798097 0.324040
vt 0.805656 0.283298
vt 0.809084 0.270073
vt 0.802584 0.296685
vt 0.796601 0.351631
vt 0.800012 0.310268
vt 0.076183 0.999403
vt 0.082466 0.973183
vt 0.546817 0.674054
vt 0.546361 0.665306
vt 0.548301 0.665163
vt 0.548770 0.673972
vt 0.550035 0.665076
vt 0.550526 0.673971
vt 0.551958 0.665011
vt 0.552459 0.674009
vt 0.547204 0.682859
vt 0.549166 0.682789
vt 0.550942 0.682832
vt 0.552886 0.682935
vt 0.547577 0.691673
vt 0.549548 0.691608
vt 0.551350 0.691684
vt 0.553307 0.691840
vt 0.547932 0.700489
vt 0.549915 0.700428
vt 0.551748 0.700530
vt 0.553720 0.700730
vt 0.548272 0.709309
vt 0.550268 0.709250
vt 0.552136 0.709371
vt 0.554125 0.709602
vt 0.548597 0.718135
vt 0.550606 0.718077
vt 0.552511 0.718209
vt 0.554521 0.718458
vt 0.548908 0.726968
vt 0.550931 0.726910
vt 0.552874 0.727044
vt 0.554906 0.727300
vt 0.549203 0.735808
vt 0.551239 0.735751
vt 0.553219 0.735881
vt 0.555277 0.736131
vt 0.549481 0.744658
vt 0.551528 0.744602
vt 0.553546 0.744720
vt 0.555629 0.744952
vt 0.549732 0.753529
vt 0.551813 0.753462
vt 0.553863 0.753559
vt 0.555972 0.753759
vt 0.550043 0.762446
vt 0.552109 0.762340
vt 0.554189 0.762381
vt 0.556324 0.762514
vt 0.550614 0.771506
vt 0.552670 0.771259
vt 0.554760 0.771132
vt 0.556908 0.771084
vt 0.552352 0.780768
vt 0.554279 0.780203
vt 0.556266 0.779718
vt 0.558293 0.779198
vt 0.556417 0.789280
vt 0.558570 0.789082
vt 0.560490 0.787983
vt 0.561837 0.786187
vt 0.544985 0.826525
vt 0.547080 0.826535
vt 0.549011 0.825427
vt 0.550391 0.823544
vt 0.545479 0.656765
vt 0.547393 0.656374
vt 0.549113 0.656073
vt 0.551032 0.655869
vt 0.544350 0.826264
vt 0.555566 0.789199
vt 0.551563 0.781020
vt 0.549768 0.771625
vt 0.549172 0.762519
vt 0.548835 0.753597
vt 0.548556 0.744731
vt 0.548248 0.735888
vt 0.547922 0.727052
vt 0.547580 0.718221
vt 0.547226 0.709395
vt 0.546859 0.700573
vt 0.546480 0.691753
vt 0.546088 0.682935
vt 0.545686 0.674125
vt 0.545222 0.665396
vt 0.544350 0.656981
vt 0.893763 0.331033
vt 0.894228 0.340393
vt 0.891725 0.340342
vt 0.891263 0.331060
vt 0.277729 0.431594
vt 0.277582 0.422537
vt 0.279988 0.422589
vt 0.280116 0.431664
vt 0.282486 0.422595
vt 0.282588 0.431645
vt 0.892772 0.321721
vt 0.890280 0.321795
vt 0.277840 0.440607
vt 0.280201 0.440736
vt 0.282663 0.440730
vt 0.891382 0.312433
vt 0.888902 0.312518
vt 0.277917 0.449627
vt 0.280247 0.449802
vt 0.282698 0.449803
vt 0.889726 0.303163
vt 0.887259 0.303239
vt 0.277990 0.458653
vt 0.280281 0.458863
vt 0.282719 0.458869
vt 0.887902 0.293916
vt 0.885452 0.293979
vt 0.278063 0.467684
vt 0.280309 0.467919
vt 0.282732 0.467929
vt 0.885976 0.284703
vt 0.883545 0.284757
vt 0.278134 0.476719
vt 0.280333 0.476972
vt 0.282740 0.476985
vt 0.883986 0.275533
vt 0.881576 0.275592
vt 0.278204 0.485762
vt 0.280354 0.486021
vt 0.282743 0.486038
vt 0.881950 0.266419
vt 0.879561 0.266499
vt 0.278269 0.494813
vt 0.280371 0.495068
vt 0.282743 0.495089
vt 0.879863 0.257379
vt 0.877498 0.257502
vt 0.278327 0.503875
vt 0.280382 0.504117
vt 0.282738 0.504140
vt 0.877694 0.248441
vt 0.875355 0.248636
vt 0.278372 0.512947
vt 0.280386 0.513166
vt 0.282726 0.513191
vt 0.875365 0.239648
vt 0.873057 0.239958
vt 0.278401 0.522029
vt 0.280378 0.522219
vt 0.282706 0.522247
vt 0.872719 0.231061
vt 0.870467 0.231557
vt 0.278398 0.531113
vt 0.280346 0.531274
vt 0.282663 0.531312
vt 0.869475 0.222777
vt 0.867321 0.223581
vt 0.278298 0.540183
vt 0.280222 0.540332
vt 0.282529 0.540406
vt 0.865275 0.214982
vt 0.863247 0.216045
vt 0.277994 0.549269
vt 0.279901 0.549390
vt 0.282195 0.549481
vt 0.860827 0.207150
vt 0.858842 0.208302
vt 0.277877 0.558547
vt 0.279760 0.558489
vt 0.282038 0.558337
vt 0.894139 0.349855
vt 0.891627 0.349716
vt 0.277888 0.413269
vt 0.280294 0.413503
vt 0.282743 0.413789
vt 0.142801 0.685393
vt 0.149544 0.680884
vt 0.156297 0.676229
vt 0.906371 0.321568
vt 0.907279 0.331054
vt 0.907671 0.340568
vt 0.905065 0.312182
vt 0.136028 0.689709
vt 0.903502 0.302890
vt 0.129174 0.693808
vt 0.901787 0.293656
vt 0.122242 0.697791
vt 0.899982 0.284436
vt 0.115062 0.701422
vt 0.898120 0.275195
vt 0.107697 0.704807
vt 0.896206 0.265905
vt 0.100141 0.707947
vt 0.092395 0.710841
vt 0.894222 0.256538
vt 0.084465 0.713493
vt 0.892107 0.247067
vt 0.076370 0.715912
vt 0.889742 0.237465
vt 0.886916 0.227733
vt 0.068134 0.718114
vt 0.059791 0.720125
vt 0.883331 0.217959
vt 0.051391 0.721981
vt 0.878815 0.208396
vt 0.042943 0.723716
vt 0.907671 0.182473
vt 0.163516 0.671611
vt 0.907574 0.349961
vt 0.041366 0.785045
vt 0.040986 0.798693
vt 0.038411 0.798677
vt 0.038778 0.784672
vt 0.035964 0.798621
vt 0.036286 0.784320
vt 0.033422 0.798540
vt 0.033687 0.784069
vt 0.269692 0.799942
vt 0.270465 0.813627
vt 0.267896 0.814003
vt 0.267104 0.799997
vt 0.265399 0.814222
vt 0.264614 0.799945
vt 0.262789 0.814263
vt 0.262039 0.799824
vt 0.269377 0.785914
vt 0.266767 0.785894
vt 0.264240 0.785743
vt 0.261643 0.785519
vt 0.269181 0.771776
vt 0.266555 0.771732
vt 0.263995 0.771532
vt 0.261384 0.771243
vt 0.269012 0.757598
vt 0.266369 0.757542
vt 0.263773 0.757310
vt 0.261145 0.756979
vt 0.268864 0.743409
vt 0.266202 0.743339
vt 0.263564 0.743082
vt 0.260914 0.742717
vt 0.268794 0.729182
vt 0.266113 0.729110
vt 0.263436 0.728846
vt 0.260660 0.728499
vt 0.268625 0.714924
vt 0.265922 0.714862
vt 0.263196 0.714609
vt 0.260497 0.714249
vt 0.268476 0.700669
vt 0.265754 0.700610
vt 0.262988 0.700371
vt 0.260269 0.700029
vt 0.268331 0.686418
vt 0.265590 0.686356
vt 0.262784 0.686130
vt 0.260158 0.685780
vt 0.268306 0.672181
vt 0.265551 0.672107
vt 0.262713 0.671892
vt 0.260078 0.671573
vt 0.268390 0.657960
vt 0.265620 0.657857
vt 0.262749 0.657643
vt 0.259962 0.657367
vt 0.268835 0.643726
vt 0.266059 0.643605
vt 0.263179 0.643401
vt 0.260260 0.643128
vt 0.269277 0.629578
vt 0.266493 0.629397
vt 0.263597 0.629161
vt 0.260803 0.628920
vt 0.270465 0.615889
vt 0.267701 0.615375
vt 0.264798 0.614886
vt 0.261981 0.614527
vt 0.041366 0.812317
vt 0.038795 0.812663
vt 0.036315 0.812917
vt 0.033716 0.813026
vt 0.737167 0.810882
vt 0.737378 0.797419
vt 0.753759 0.375906
vt 0.740276 0.376241
vt 0.737396 0.783982
vt 0.737271 0.770559
vt 0.737064 0.757150
vt 0.736845 0.743748
vt 0.736692 0.730350
vt 0.736684 0.716951
vt 0.736907 0.703550
vt 0.737446 0.690150
vt 0.738381 0.676760
vt 0.739785 0.663397
vt 0.741719 0.650086
vt 0.744229 0.636852
vt 0.747386 0.623747
vt 0.767244 0.375766
vt 0.562901 0.606774
vt 0.561991 0.620612
vt 0.559994 0.620601
vt 0.560921 0.606478
vt 0.029136 0.812856
vt 0.028924 0.798424
vt 0.030924 0.798465
vt 0.031158 0.812988
vt 0.032903 0.798524
vt 0.033178 0.813030
vt 0.033178 0.784035
vt 0.031170 0.783967
vt 0.029166 0.784020
vt 0.560924 0.634723
vt 0.562895 0.634450
vt 0.275013 0.413623
vt 0.273815 0.427439
vt 0.271829 0.427332
vt 0.273048 0.413269
vt 0.258253 0.814022
vt 0.257604 0.799650
vt 0.259590 0.799704
vt 0.260264 0.814167
vt 0.261570 0.799801
vt 0.262279 0.814254
vt 0.261215 0.785482
vt 0.259242 0.785315
vt 0.257276 0.785202
vt 0.271697 0.441280
vt 0.273674 0.441321
vt 0.273735 0.455211
vt 0.271769 0.455169
vt 0.257105 0.770837
vt 0.259047 0.770986
vt 0.261007 0.771200
vt 0.260824 0.756937
vt 0.258879 0.756692
vt 0.256964 0.756521
vt 0.271831 0.469048
vt 0.273784 0.469100
vt 0.273807 0.482988
vt 0.271868 0.482928
vt 0.256832 0.742244
vt 0.258718 0.742423
vt 0.260651 0.742681
vt 0.260360 0.728442
vt 0.258448 0.728171
vt 0.256596 0.727982
vt 0.271887 0.496811
vt 0.273811 0.496874
vt 0.273800 0.510759
vt 0.271892 0.510694
vt 0.256526 0.713766
vt 0.258346 0.713956
vt 0.260207 0.714253
vt 0.260007 0.700041
vt 0.258144 0.699760
vt 0.256355 0.699583
vt 0.271883 0.524578
vt 0.273777 0.524642
vt 0.259882 0.685801
vt 0.258006 0.685564
vt 0.256248 0.685396
vt 0.271860 0.538463
vt 0.273740 0.538524
vt 0.273687 0.552405
vt 0.271819 0.552349
vt 0.256224 0.671213
vt 0.257954 0.671373
vt 0.259816 0.671594
vt 0.258097 0.657200
vt 0.256384 0.657081
vt 0.271756 0.566236
vt 0.273614 0.566284
vt 0.273543 0.580162
vt 0.271693 0.580134
vt 0.256198 0.642867
vt 0.257889 0.642984
vt 0.259754 0.643110
vt 0.260543 0.628884
vt 0.258675 0.628726
vt 0.257000 0.628581
vt 0.271855 0.594092
vt 0.273698 0.594033
vt 0.274935 0.607846
vt 0.273119 0.608157
vt 0.258137 0.614363
vt 0.259823 0.614374
vt 0.261714 0.614507
vt 0.564275 0.606985
vt 0.563384 0.620610
vt 0.564275 0.634233
vt 0.276387 0.413852
vt 0.275211 0.427482
vt 0.275076 0.441309
vt 0.275142 0.455191
vt 0.275198 0.469082
vt 0.275229 0.482971
vt 0.275241 0.496858
vt 0.275238 0.510745
vt 0.275222 0.524630
vt 0.275192 0.538515
vt 0.275145 0.552399
vt 0.275077 0.566282
vt 0.275011 0.580156
vt 0.275169 0.593972
vt 0.276387 0.607593
vt 0.561802 0.842100
vt 0.548446 0.842251
vt 0.548649 0.837683
vt 0.561837 0.837226
vt 0.548750 0.833021
vt 0.561405 0.832378
vt 0.548721 0.828392
vt 0.560626 0.827729
vt 0.842906 0.195991
vt 0.843347 0.182797
vt 0.848194 0.183612
vt 0.847463 0.196743
vt 0.853000 0.184677
vt 0.852073 0.197420
vt 0.857647 0.185670
vt 0.856686 0.197827
vt 0.842616 0.208887
vt 0.847174 0.209650
vt 0.851750 0.210223
vt 0.856342 0.210449
vt 0.842602 0.221677
vt 0.847145 0.222477
vt 0.851656 0.223044
vt 0.856217 0.223206
vt 0.842819 0.234447
vt 0.847319 0.235284
vt 0.851740 0.235864
vt 0.856260 0.235994
vt 0.843179 0.247216
vt 0.847628 0.248082
vt 0.851943 0.248675
vt 0.856416 0.248790
vt 0.843606 0.259992
vt 0.848004 0.260867
vt 0.852209 0.261462
vt 0.856633 0.261568
vt 0.844115 0.272748
vt 0.848432 0.273630
vt 0.852519 0.274217
vt 0.856891 0.274320
vt 0.844555 0.285526
vt 0.848834 0.286372
vt 0.852805 0.286936
vt 0.857126 0.287045
vt 0.845010 0.298318
vt 0.849166 0.299102
vt 0.853030 0.299622
vt 0.857304 0.299729
vt 0.845170 0.311189
vt 0.849422 0.311823
vt 0.853206 0.312264
vt 0.857445 0.312352
vt 0.845572 0.324028
vt 0.849762 0.324543
vt 0.853451 0.324908
vt 0.857647 0.325000
vt 0.845667 0.336864
vt 0.849831 0.337272
vt 0.853450 0.337561
vt 0.857612 0.337670
vt 0.845564 0.349803
vt 0.849684 0.350084
vt 0.853243 0.350222
vt 0.857370 0.350239
vt 0.845097 0.363046
vt 0.849474 0.363149
vt 0.853173 0.362881
vt 0.857344 0.362372
vt 0.535133 0.842168
vt 0.535420 0.837357
vt 0.536010 0.832537
vt 0.536720 0.827873
vt 0.868209 0.809188
vt 0.868428 0.820984
vt 0.743662 0.244665
vt 0.755446 0.244072
vt 0.867640 0.797413
vt 0.866824 0.785647
vt 0.865843 0.773887
vt 0.888054 0.133142
vt 0.888890 0.146600
vt 0.878672 0.150668
vt 0.877518 0.129804
vt 0.864791 0.762125
vt 0.863554 0.750356
vt 0.862657 0.738535
vt 0.862002 0.726695
vt 0.861695 0.714844
vt 0.861838 0.702996
vt 0.862519 0.691180
vt 0.863812 0.679431
vt 0.865770 0.667794
vt 0.437908 0.563441
vt 0.442672 0.562957
vt 0.868428 0.656263
vt 0.452994 0.587676
vt 0.457583 0.581679
vt 0.901859 0.157299
vt 0.910740 0.157375
vt 0.913290 0.167677
vt 0.899318 0.167679
vt 0.054984 0.987530
vt 0.071005 0.968608
vt 0.767244 0.243893
vt 0.548167 0.849948
vt 0.535707 0.850238
vt 0.535369 0.847791
vt 0.548204 0.847574
vt 0.535159 0.845536
vt 0.548292 0.845420
vt 0.535112 0.843066
vt 0.548410 0.843085
vt 0.560703 0.850264
vt 0.561095 0.847772
vt 0.561469 0.845467
vt 0.561741 0.842953
vt 0.835148 0.195274
vt 0.835159 0.182775
vt 0.837649 0.182505
vt 0.837566 0.195312
vt 0.839973 0.182473
vt 0.839793 0.195531
vt 0.842496 0.182686
vt 0.842172 0.195879
vt 0.834822 0.207966
vt 0.837270 0.208060
vt 0.839551 0.208355
vt 0.841964 0.208773
vt 0.834763 0.220741
vt 0.837244 0.220814
vt 0.839591 0.221124
vt 0.842044 0.221574
vt 0.834958 0.233527
vt 0.837467 0.233574
vt 0.839877 0.233889
vt 0.842365 0.234360
vt 0.835296 0.246309
vt 0.837833 0.246342
vt 0.840308 0.246661
vt 0.842829 0.247146
vt 0.835687 0.259094
vt 0.838254 0.259124
vt 0.840796 0.259447
vt 0.843353 0.259941
vt 0.836054 0.271902
vt 0.838649 0.271933
vt 0.841254 0.272252
vt 0.843845 0.272739
vt 0.836401 0.284746
vt 0.839024 0.284776
vt 0.841691 0.285076
vt 0.844318 0.285534
vt 0.836731 0.297622
vt 0.839379 0.297652
vt 0.842103 0.297924
vt 0.844765 0.298338
vt 0.837003 0.310516
vt 0.839679 0.310561
vt 0.842463 0.310814
vt 0.837011 0.323435
vt 0.839695 0.323492
vt 0.842501 0.323715
vt 0.845332 0.324057
vt 0.837027 0.336372
vt 0.839725 0.336440
vt 0.842561 0.336623
vt 0.845419 0.336889
vt 0.836935 0.349206
vt 0.839629 0.349368
vt 0.842465 0.349583
vt 0.845313 0.349823
vt 0.836245 0.361791
vt 0.838998 0.362289
vt 0.841953 0.362741
vt 0.844828 0.363030
vt 0.560062 0.854490
vt 0.548181 0.854135
vt 0.536299 0.854490
vt 0.830949 0.195373
vt 0.830887 0.183341
vt 0.830653 0.208021
vt 0.830626 0.220881
vt 0.830857 0.233738
vt 0.831233 0.246553
vt 0.831661 0.259342
vt 0.832065 0.272140
vt 0.832449 0.284970
vt 0.832812 0.297819
vt 0.833105 0.310651
vt 0.833142 0.323521
vt 0.833181 0.336408
vt 0.833117 0.349070
vt 0.832437 0.361105
vt 0.103532 0.901298
vt 0.096250 0.925144
vt 0.120944 0.909171
vt 0.105195 0.927902
vt 0.895784 0.154146
vt 0.889624 0.162561
vt 0.243380 0.934206
vt 0.253416 0.938212
vt 0.242653 0.920826
vt 0.236326 0.912803
vt 0.242646 0.904224
vt 0.252493 0.916989
vt 0.207538 0.934287
vt 0.197384 0.938122
vt 0.230027 0.910020
vt 0.232607 0.900040
vt 0.924311 0.133116
vt 0.919511 0.125888
vt 0.927062 0.118349
vt 0.934843 0.129741
vt 0.912017 0.120868
vt 0.915245 0.110254
vt 0.450888 0.643034
vt 0.466657 0.643617
vt 0.470381 0.663513
vt 0.456170 0.656194
vt 0.450223 0.638623
vt 0.464695 0.634390
vt 0.501988 0.698846
vt 0.522442 0.717934
vt 0.522472 0.749640
vt 0.502007 0.730567
vt 0.161754 0.282090
vt 0.195513 0.285695
vt 0.175091 0.311522
vt 0.143842 0.305589
vt 0.256198 0.815458
vt 0.284290 0.815458
vt 0.284290 0.849035
vt 0.256198 0.849035
vt 0.858842 0.351156
vt 0.886802 0.351156
vt 0.886802 0.384734
vt 0.858842 0.384734
vt 0.513992 0.286505
vt 0.547766 0.283339
vt 0.565288 0.307158
vt 0.533888 0.312731
vt 0.543139 0.698915
vt 0.543155 0.730617
vt 0.522347 0.444952
vt 0.542935 0.425873
vt 0.502002 0.425804
vt 0.427131 0.394412
vt 0.434614 0.400372
vt 0.434212 0.400877
vt 0.426785 0.395029
vt 0.654676 0.388543
vt 0.661917 0.392772
vt 0.661696 0.393330
vt 0.654424 0.389290
vt 0.708650 0.260020
vt 0.732724 0.273690
vt 0.728394 0.280188
vt 0.651583 0.672400
vt 0.675746 0.658772
vt 0.655966 0.678742
vt 0.735489 0.789940
vt 0.725735 0.790879
vt 0.721714 0.792504
vt 0.727564 0.786766
vt 0.440241 0.409200
vt 0.427779 0.403786
vt 0.521311 0.904563
vt 0.529793 0.903795
vt 0.530182 0.904298
vt 0.521681 0.905513
vt 0.273169 0.403556
vt 0.281077 0.398078
vt 0.281495 0.399003
vt 0.273476 0.404011
vt 0.721497 0.791909
vt 0.727319 0.786059
vt 0.515092 0.910266
vt 0.515487 0.910572
vt 0.463270 0.616270
vt 0.463263 0.624787
vt 0.449223 0.633858
vt 0.446946 0.627851
vt 0.448188 0.504200
vt 0.445080 0.519747
vt 0.428210 0.521281
vt 0.433649 0.509447
vt 0.472271 0.547078
vt 0.446219 0.537753
vt 0.445000 0.532106
vt 0.472924 0.539365
vt 0.444724 0.526003
vt 0.473003 0.532452
vt 0.473118 0.525870
vt 0.471353 0.510492
vt 0.427802 0.525361
vt 0.426843 0.530018
vt 0.425203 0.534570
vt 0.524866 0.908263
vt 0.521819 0.915215
vt 0.533344 0.912313
vt 0.172145 0.782297
vt 0.182306 0.780068
vt 0.162105 0.785422
vt 0.152159 0.789012
vt 0.142284 0.792781
vt 0.132450 0.796537
vt 0.122628 0.800144
vt 0.112788 0.803493
vt 0.102907 0.806488
vt 0.092970 0.809038
vt 0.082970 0.811050
vt 0.072914 0.812423
vt 0.062809 0.813007
vt 0.052655 0.812495
vt 0.221674 0.741208
vt 0.212053 0.737791
vt 0.234054 0.657652
vt 0.222614 0.656656
vt 0.042943 0.897009
vt 0.054532 0.898453
vt 0.066248 0.898845
vt 0.077963 0.898256
vt 0.089593 0.896779
vt 0.101083 0.894537
vt 0.112404 0.891673
vt 0.123554 0.888340
vt 0.134550 0.884705
vt 0.145430 0.880940
vt 0.156243 0.877232
vt 0.167049 0.873771
vt 0.177921 0.870755
vt 0.188942 0.868375
vt 0.192473 0.779159
vt 0.200219 0.866806
vt 0.245645 0.658221
vt 0.231919 0.741719
vt 0.659457 0.397027
vt 0.650201 0.393262
vt 0.285892 0.402934
vt 0.275729 0.412074
vt 0.447037 0.597375
vt 0.437469 0.596828
vt 0.429309 0.597233
vt 0.423500 0.589656
vt 0.442905 0.592824
vt 0.429606 0.624598
vt 0.437439 0.625704
vt 0.445026 0.627283
vt 0.440346 0.640718
vt 0.443328 0.645917
vt 0.435460 0.648641
vt 0.431468 0.642846
vt 0.428541 0.652711
vt 0.424034 0.644736
vt 0.441539 0.634571
vt 0.433000 0.635829
vt 0.424866 0.635551
vt 0.454166 0.657514
vt 0.447145 0.660799
vt 0.440016 0.664027
vt 0.423393 0.588767
vt 0.432916 0.589609
vt 0.242668 0.025376
vt 0.276039 0.024427
vt 0.283364 0.034340
vt 0.416944 0.572253
vt 0.424287 0.566417
vt 0.431474 0.560656
vt 0.431945 0.566462
vt 0.422866 0.575106
vt 0.407487 0.543119
vt 0.415753 0.539385
vt 0.423838 0.535244
vt 0.459537 0.414609
vt 0.458775 0.418669
vt 0.450628 0.416765
vt 0.451449 0.412492
vt 0.441481 0.414482
vt 0.442286 0.410395
vt 0.470730 0.009031
vt 0.427204 0.010728
vt 0.427378 0.002190
vt 0.470939 0.000597
vt 0.242300 0.000597
vt 0.285869 0.002804
vt 0.285892 0.012375
vt 0.242314 0.009107
vt 0.421489 0.519567
vt 0.418743 0.524703
vt 0.409018 0.523452
vt 0.412576 0.517329
vt 0.400884 0.522001
vt 0.404655 0.514108
vt 0.420226 0.530400
vt 0.410650 0.530331
vt 0.401836 0.530898
vt 0.432564 0.508785
vt 0.424593 0.504825
vt 0.416684 0.501142
vt 0.411796 0.575778
vt 0.401366 0.545530
vt 0.429305 0.571475
vt 0.395625 0.532549
vt 0.414755 0.500317
vt 0.441020 0.417285
vt 0.399214 0.510337
vt 0.514521 0.413582
vt 0.522603 0.410395
vt 0.530696 0.413728
vt 0.394511 0.521375
vt 0.476336 0.411741
vt 0.473186 0.417333
vt 0.468414 0.419486
vt 0.465755 0.416484
vt 0.469167 0.410996
vt 0.477228 0.412615
vt 0.500793 0.410656
vt 0.496759 0.415257
vt 0.494034 0.419797
vt 0.470718 0.422766
vt 0.473753 0.750819
vt 0.481671 0.751858
vt 0.482021 0.756838
vt 0.473959 0.753878
vt 0.481433 0.761285
vt 0.473712 0.756989
vt 0.500793 0.762507
vt 0.497130 0.757956
vt 0.494565 0.753404
vt 0.715003 0.410285
vt 0.735489 0.398222
vt 0.650201 0.001804
vt 0.652119 0.000597
vt 0.669989 0.011210
vt 0.432167 0.023972
vt 0.426785 0.017473
vt 0.470125 0.025497
vt 0.428456 0.031304
vt 0.458111 0.422747
vt 0.465481 0.755931
vt 0.472415 0.766801
vt 0.464865 0.750327
vt 0.394511 0.852173
vt 0.412350 0.830664
vt 0.505928 0.774038
vt 0.533344 0.767995
vt 0.465333 0.752611
vt 0.449975 0.420444
vt 0.482556 0.763165
vt 0.730229 0.818726
vt 0.715103 0.834092
vt 0.719288 0.832624
vt 0.723085 0.830215
vt 0.726286 0.826984
vt 0.728713 0.823089
vt 0.728713 0.805155
vt 0.726286 0.801260
vt 0.723085 0.798029
vt 0.719288 0.795620
vt 0.715103 0.794152
vt 0.710761 0.793699
vt 0.706511 0.794295
vt 0.248422 0.609389
vt 0.250583 0.608713
vt 0.252900 0.614607
vt 0.250840 0.615529
vt 0.252828 0.608031
vt 0.255003 0.613571
vt 0.279271 0.614911
vt 0.273495 0.616672
vt 0.271693 0.612154
vt 0.277016 0.609352
vt 0.247180 0.602844
vt 0.249426 0.602506
vt 0.251753 0.602182
vt 0.280437 0.620684
vt 0.274441 0.621534
vt 0.246849 0.596389
vt 0.249105 0.596213
vt 0.251434 0.596060
vt 0.280802 0.626386
vt 0.274767 0.626648
vt 0.246840 0.590067
vt 0.249087 0.589916
vt 0.251400 0.589795
vt 0.280747 0.631958
vt 0.274736 0.631942
vt 0.246901 0.583789
vt 0.249138 0.583620
vt 0.251432 0.583489
vt 0.280540 0.637442
vt 0.274559 0.637346
vt 0.246974 0.577516
vt 0.249198 0.577326
vt 0.251471 0.577178
vt 0.280318 0.642887
vt 0.274360 0.642802
vt 0.247046 0.571239
vt 0.249257 0.571033
vt 0.251508 0.570872
vt 0.280131 0.648321
vt 0.274189 0.648276
vt 0.247116 0.564953
vt 0.249314 0.564740
vt 0.251541 0.564573
vt 0.279986 0.653755
vt 0.274057 0.653751
vt 0.247182 0.558659
vt 0.249368 0.558447
vt 0.251571 0.558282
vt 0.279876 0.659194
vt 0.273960 0.659221
vt 0.247244 0.552357
vt 0.249419 0.552155
vt 0.251598 0.551997
vt 0.279794 0.664637
vt 0.273889 0.664685
vt 0.247300 0.546046
vt 0.249464 0.545862
vt 0.251621 0.545719
vt 0.279732 0.670084
vt 0.273837 0.670143
vt 0.247348 0.539728
vt 0.249502 0.539570
vt 0.251641 0.539446
vt 0.279683 0.675535
vt 0.273799 0.675596
vt 0.247386 0.533403
vt 0.249533 0.533278
vt 0.251656 0.533179
vt 0.279643 0.680992
vt 0.273766 0.681042
vt 0.247413 0.527071
vt 0.249555 0.526985
vt 0.251666 0.526916
vt 0.279599 0.686455
vt 0.273730 0.686477
vt 0.247432 0.520735
vt 0.249571 0.520693
vt 0.251674 0.520656
vt 0.279528 0.691925
vt 0.273682 0.691900
vt 0.741649 0.517393
vt 0.780825 0.516749
vt 0.745696 0.621353
vt 0.744210 0.614644
vt 0.784492 0.605951
vt 0.785889 0.612262
vt 0.742990 0.607849
vt 0.783316 0.599615
vt 0.742025 0.600981
vt 0.782357 0.593259
vt 0.741305 0.594088
vt 0.781606 0.586888
vt 0.740806 0.587152
vt 0.781046 0.580506
vt 0.740506 0.580205
vt 0.780658 0.574119
vt 0.740376 0.573246
vt 0.780419 0.567731
vt 0.740383 0.566281
vt 0.780302 0.561345
vt 0.740493 0.559310
vt 0.780281 0.554963
vt 0.740673 0.552334
vt 0.780330 0.548585
vt 0.740888 0.545353
vt 0.780423 0.542211
vt 0.741112 0.538368
vt 0.780537 0.535841
vt 0.741400 0.531396
vt 0.780652 0.529476
vt 0.741556 0.524396
vt 0.780752 0.523112
vt 0.960680 0.192170
vt 0.909508 0.195600
vt 0.909211 0.191342
vt 0.960350 0.187321
vt 0.961173 0.201868
vt 0.909950 0.204135
vt 0.909750 0.199865
vt 0.960952 0.197020
vt 0.959951 0.260032
vt 0.908866 0.255414
vt 0.909211 0.251163
vt 0.960350 0.255184
vt 0.961466 0.211562
vt 0.910207 0.212689
vt 0.910104 0.208410
vt 0.961342 0.206716
vt 0.961563 0.221253
vt 0.910291 0.221252
vt 0.910274 0.216970
vt 0.961535 0.216408
vt 0.961466 0.230943
vt 0.910206 0.229816
vt 0.910274 0.225534
vt 0.961535 0.226098
vt 0.961172 0.240636
vt 0.909948 0.238369
vt 0.910103 0.234094
vt 0.961342 0.235789
vt 0.960675 0.250334
vt 0.909503 0.246905
vt 0.909752 0.242640
vt 0.960950 0.245485
vt 0.908866 0.187091
vt 0.959952 0.182473
vt 0.749247 0.129298
vt 0.825576 0.129186
vt 0.772477 0.242698
vt 0.733919 0.238265
vt 0.815924 0.231495
vt 0.815840 0.238539
vt 0.734112 0.230086
vt 0.816044 0.224444
vt 0.734649 0.221983
vt 0.816375 0.217330
vt 0.735496 0.213962
vt 0.816929 0.210193
vt 0.736609 0.206029
vt 0.817644 0.203018
vt 0.737935 0.198181
vt 0.818497 0.195808
vt 0.739414 0.190410
vt 0.819449 0.188563
vt 0.740981 0.182703
vt 0.820458 0.181282
vt 0.742571 0.175044
vt 0.821478 0.173963
vt 0.744119 0.167416
vt 0.822468 0.166602
vt 0.745562 0.159803
vt 0.823385 0.159172
vt 0.746841 0.152192
vt 0.824183 0.151753
vt 0.747906 0.144573
vt 0.824836 0.144242
vt 0.748718 0.136941
vt 0.825307 0.136751
vt 0.194836 0.564363
vt 0.200670 0.573868
vt 0.163634 0.640317
vt 0.156441 0.635713
vt 0.741431 0.524393
vt 0.739691 0.524380
vt 0.739785 0.517387
vt 0.741521 0.517391
vt 0.738074 0.524411
vt 0.738175 0.517402
vt 0.553394 0.547519
vt 0.551667 0.547602
vt 0.551702 0.540068
vt 0.553426 0.540026
vt 0.741278 0.531391
vt 0.739529 0.531362
vt 0.737897 0.531396
vt 0.553346 0.555016
vt 0.551614 0.555137
vt 0.740971 0.538381
vt 0.739222 0.538347
vt 0.737575 0.538394
vt 0.553286 0.562521
vt 0.551547 0.562674
vt 0.740747 0.545370
vt 0.738986 0.545343
vt 0.737318 0.545413
vt 0.553217 0.570036
vt 0.551469 0.570216
vt 0.740532 0.552351
vt 0.738762 0.552332
vt 0.737072 0.552419
vt 0.553143 0.577564
vt 0.551384 0.577764
vt 0.740355 0.559326
vt 0.738575 0.559320
vt 0.736862 0.559424
vt 0.553067 0.585108
vt 0.551297 0.585319
vt 0.740248 0.566296
vt 0.738457 0.566309
vt 0.736721 0.566433
vt 0.552994 0.592669
vt 0.551211 0.592884
vt 0.740244 0.573260
vt 0.738444 0.573301
vt 0.736686 0.573450
vt 0.552926 0.600248
vt 0.551131 0.600460
vt 0.740377 0.580218
vt 0.738570 0.580295
vt 0.736792 0.580472
vt 0.552872 0.607842
vt 0.551064 0.608043
vt 0.740680 0.587166
vt 0.738867 0.587286
vt 0.737073 0.587497
vt 0.552851 0.615436
vt 0.551032 0.615626
vt 0.741183 0.594096
vt 0.739366 0.594268
vt 0.737559 0.594517
vt 0.552920 0.622988
vt 0.551092 0.623184
vt 0.741906 0.601000
vt 0.740089 0.601232
vt 0.738275 0.601524
vt 0.553232 0.630407
vt 0.551403 0.630665
vt 0.742871 0.607865
vt 0.741058 0.608164
vt 0.739243 0.608504
vt 0.554111 0.637571
vt 0.552310 0.637996
vt 0.744082 0.614673
vt 0.742276 0.615071
vt 0.740460 0.615461
vt 0.555951 0.644448
vt 0.554221 0.645097
vt 0.745574 0.621388
vt 0.743847 0.622005
vt 0.742068 0.622552
vt 0.558799 0.651172
vt 0.557134 0.651982
vt 0.053222 0.510978
vt 0.063040 0.512088
vt 0.051511 0.589761
vt 0.043093 0.588031
vt 0.072848 0.513401
vt 0.059915 0.591628
vt 0.082611 0.515110
vt 0.068256 0.593653
vt 0.092314 0.517263
vt 0.076492 0.595875
vt 0.101955 0.519846
vt 0.084586 0.598318
vt 0.111540 0.522818
vt 0.092513 0.600999
vt 0.121080 0.526125
vt 0.100255 0.603923
vt 0.130595 0.529714
vt 0.107805 0.607094
vt 0.140096 0.533547
vt 0.115162 0.610511
vt 0.149585 0.537616
vt 0.122334 0.614171
vt 0.159025 0.541973
vt 0.129321 0.618051
vt 0.168317 0.546780
vt 0.136167 0.622175
vt 0.177267 0.552363
vt 0.142933 0.626513
vt 0.186029 0.558546
vt 0.149697 0.631053
vt 0.547149 0.540178
vt 0.545316 0.540222
vt 0.829342 0.129248
vt 0.827544 0.129237
vt 0.825724 0.129203
vt 0.552471 0.653994
vt 0.550914 0.654674
vt 0.547864 0.647500
vt 0.549452 0.646868
vt 0.819030 0.239214
vt 0.817545 0.238914
vt 0.817783 0.231687
vt 0.819315 0.231818
vt 0.815961 0.238565
vt 0.816059 0.231509
vt 0.545701 0.639688
vt 0.547367 0.639264
vt 0.817898 0.224577
vt 0.819440 0.224642
vt 0.816175 0.224455
vt 0.544684 0.631753
vt 0.546387 0.631489
vt 0.818224 0.217495
vt 0.819779 0.217576
vt 0.816500 0.217343
vt 0.544371 0.623994
vt 0.546090 0.623794
vt 0.818886 0.210396
vt 0.820455 0.210491
vt 0.817167 0.210211
vt 0.544350 0.616376
vt 0.546080 0.616184
vt 0.819604 0.203239
vt 0.821195 0.203332
vt 0.817874 0.203039
vt 0.544432 0.608812
vt 0.546172 0.608612
vt 0.820455 0.196047
vt 0.822069 0.196144
vt 0.818718 0.195830
vt 0.544547 0.601257
vt 0.546299 0.601046
vt 0.821406 0.188813
vt 0.823045 0.188913
vt 0.819660 0.188585
vt 0.544674 0.593691
vt 0.546437 0.593475
vt 0.822414 0.181533
vt 0.824081 0.181633
vt 0.820658 0.181302
vt 0.544801 0.586107
vt 0.546577 0.585895
vt 0.823436 0.174205
vt 0.825129 0.174301
vt 0.821669 0.173980
vt 0.544923 0.578504
vt 0.546712 0.578302
vt 0.824427 0.166826
vt 0.826145 0.166915
vt 0.822648 0.166615
vt 0.545035 0.570880
vt 0.546836 0.570698
vt 0.825344 0.159395
vt 0.827085 0.159475
vt 0.823554 0.159207
vt 0.545133 0.563236
vt 0.546945 0.563081
vt 0.826147 0.151915
vt 0.827910 0.151981
vt 0.824347 0.151757
vt 0.545215 0.555576
vt 0.547036 0.555454
vt 0.826800 0.144389
vt 0.828579 0.144438
vt 0.824991 0.144268
vt 0.545277 0.547903
vt 0.547105 0.547819
vt 0.827275 0.136825
vt 0.829065 0.136855
vt 0.825458 0.136746
vt 0.796601 0.353757
vt 0.800851 0.353162
vt 0.800074 0.373585
vt 0.820834 0.373585
vt 0.820319 0.378189
vt 0.286570 0.929708
vt 0.309869 0.939116
vt 0.312212 0.957151
vt 0.286570 0.965878
vt 0.161731 0.946787
vt 0.158491 0.957464
vt 0.146663 0.949334
vt 0.154202 0.941772
vt 0.891917 0.948409
vt 0.888562 0.959161
vt 0.876341 0.952145
vt 0.884146 0.943799
vt 0.908208 0.915015
vt 0.914523 0.906428
vt 0.924472 0.919075
vt 0.914696 0.923002
vt 0.394603 0.931999
vt 0.401278 0.934142
vt 0.400721 0.947193
vt 0.394511 0.949490
vt 0.425888 0.964912
vt 0.423919 0.958213
vt 0.431688 0.953978
vt 0.436254 0.958731
vt 0.370197 0.910457
vt 0.353063 0.928302
vt 0.341784 0.923027
vt 0.350199 0.898994
vt 0.381296 0.965430
vt 0.355503 0.957007
vt 0.357572 0.939186
vt 0.381243 0.930288
vt 0.410969 0.917134
vt 0.412989 0.923385
vt 0.406774 0.925871
vt 0.402475 0.920927
vt 0.342752 0.557345
vt 0.339106 0.566120
vt 0.330350 0.575599
vt 0.319287 0.579934
vt 0.441589 0.948271
vt 0.435272 0.946294
vt 0.433952 0.933213
vt 0.440496 0.930692
vt 0.410631 0.964912
vt 0.412592 0.958586
vt 0.422989 0.916410
vt 0.421655 0.923180
vt 0.802230 0.948895
vt 0.802997 0.937706
vt 0.816360 0.937629
vt 0.816010 0.950100
vt 0.736684 0.930403
vt 0.750032 0.932553
vt 0.749440 0.935144
vt 0.829788 0.937061
vt 0.829777 0.950388
vt 0.762211 0.939649
vt 0.763244 0.934544
vt 0.776447 0.936110
vt 0.775249 0.943559
vt 0.789693 0.937188
vt 0.788615 0.946641
vt 0.843364 0.936406
vt 0.843364 0.950239
vt 0.763390 0.929328
vt 0.776475 0.928569
vt 0.789474 0.927670
vt 0.828871 0.923810
vt 0.842157 0.922219
vt 0.750144 0.929889
vt 0.802487 0.926580
vt 0.815600 0.925295
vt 0.800690 0.915585
vt 0.813518 0.913166
vt 0.749780 0.927243
vt 0.826528 0.910771
vt 0.762678 0.924174
vt 0.775383 0.921112
vt 0.788002 0.918227
vt 0.839838 0.908092
vt 0.773228 0.913900
vt 0.785326 0.909002
vt 0.823022 0.898081
vt 0.835959 0.894612
vt 0.748953 0.924711
vt 0.761144 0.919217
vt 0.797623 0.904781
vt 0.810167 0.901221
vt 0.795398 0.244618
vt 0.795406 0.375962
vt 0.783643 0.375782
vt 0.781927 0.244479
vt 0.747690 0.922383
vt 0.805757 0.889371
vt 0.818459 0.885772
vt 0.758821 0.914642
vt 0.770035 0.907115
vt 0.781455 0.900137
vt 0.831314 0.882093
vt 0.793375 0.894195
vt 0.765805 0.901066
vt 0.776338 0.891694
vt 0.813522 0.873603
vt 0.827001 0.870474
vt 0.746025 0.920344
vt 0.755737 0.910576
vt 0.788084 0.883859
vt 0.800710 0.877458
vt 0.743996 0.918674
vt 0.796350 0.864306
vt 0.803533 0.855272
vt 0.751983 0.907218
vt 0.760500 0.895931
vt 0.794860 0.582310
vt 0.915788 0.551486
vt 0.918438 0.562994
vt 0.798013 0.595404
vt 0.792353 0.569089
vt 0.913836 0.539822
vt 0.769142 0.878543
vt 0.823552 0.859599
vt 0.781616 0.874419
vt 0.790422 0.555785
vt 0.912556 0.528050
vt 0.789021 0.542428
vt 0.911894 0.516214
vt 0.788088 0.529041
vt 0.911776 0.504353
vt 0.787552 0.515641
vt 0.912110 0.492492
vt 0.741678 0.917432
vt 0.747608 0.904659
vt 0.787332 0.502239
vt 0.912796 0.480647
vt 0.787341 0.488838
vt 0.913723 0.468824
vt 0.787496 0.475437
vt 0.914786 0.457058
vt 0.787715 0.462033
vt 0.915868 0.445303
vt 0.787922 0.448621
vt 0.916874 0.433550
vt 0.788046 0.435198
vt 0.917713 0.421793
vt 0.400273 0.959575
vt 0.404644 0.954652
vt 0.754166 0.892206
vt 0.788025 0.421761
vt 0.918301 0.410031
vt 0.787814 0.408309
vt 0.918532 0.398227
vt 0.761212 0.878339
vt 0.809121 0.844440
vt 0.825509 0.848812
vt 0.771850 0.375178
vt 0.768458 0.244143
vt 0.739158 0.916668
vt 0.742753 0.902941
vt 0.747158 0.889654
vt 0.752309 0.875527
vt 0.815078 0.831396
vt 0.829317 0.837762
vt 0.427983 0.925231
vt 0.431940 0.919995
vt 0.921307 0.000598
vt 0.914210 0.012216
vt 0.912078 0.010646
vt 0.902980 0.021026
vt 0.907262 0.023988
vt 0.900642 0.036012
vt 0.894325 0.031979
vt 0.888665 0.050425
vt 0.885210 0.044251
vt 0.816592 0.822179
vt 0.836551 0.826921
vt 0.916612 0.013353
vt 0.883951 0.074992
vt 0.896715 0.078062
vt 0.894492 0.091402
vt 0.877517 0.081363
vt 0.912006 0.026111
vt 0.907571 0.038907
vt 0.903344 0.051798
vt 0.892521 0.104837
vt 0.879084 0.102558
vt 0.899632 0.064806
vt 0.889165 0.061417
vt 0.910805 0.066966
vt 0.909069 0.080141
vt 0.919187 0.014015
vt 0.907567 0.093420
vt 0.917059 0.027364
vt 0.914899 0.040625
vt 0.912720 0.053818
vt 0.906008 0.106837
vt 0.921554 0.081321
vt 0.920738 0.094730
vt 0.922256 0.027728
vt 0.922421 0.041209
vt 0.178180 0.913401
vt 0.184386 0.905090
vt 0.195166 0.917158
vt 0.184914 0.921149
vt 0.922305 0.054603
vt 0.919619 0.108193
vt 0.921840 0.014182
vt 0.922058 0.067956
vt 0.304193 0.988670
vt 0.318918 0.969067
vt 0.327865 0.971325
vt 0.322411 0.996826
vt 0.933293 0.067762
vt 0.934080 0.081516
vt 0.924469 0.013846
vt 0.934080 0.095367
vt 0.927425 0.027186
vt 0.929942 0.040625
vt 0.931940 0.054135
vt 0.933191 0.109059
vt 0.023410 0.834753
vt 0.018210 0.834714
vt 0.017120 0.821201
vt 0.024676 0.821222
vt 0.901879 0.912296
vt 0.904552 0.902379
vt 0.016117 0.807704
vt 0.025727 0.807695
vt 0.027574 0.767247
vt 0.014251 0.767254
vt 0.014138 0.753710
vt 0.027729 0.753710
vt 0.021995 0.848273
vt 0.019344 0.848244
vt 0.015259 0.794220
vt 0.026555 0.794196
vt 0.014619 0.780740
vt 0.027169 0.780726
vt 0.020501 0.861783
vt 0.911420 0.944055
vt 0.919201 0.952310
vt 0.906804 0.959161
vt 0.903514 0.948443
vt 0.016735 0.848720
vt 0.002094 0.781637
vt 0.000969 0.767774
vt 0.013081 0.835603
vt 0.009652 0.822378
vt 0.006580 0.808992
vt 0.000597 0.754045
vt 0.004009 0.795408
vt 0.326093 0.923683
vt 0.319810 0.897464
vt 0.861302 0.153078
vt 0.863256 0.153160
vt 0.862786 0.161969
vt 0.860846 0.161825
vt 0.865011 0.153161
vt 0.864520 0.162056
vt 0.866944 0.153123
vt 0.866443 0.162121
vt 0.861689 0.144273
vt 0.863652 0.144343
vt 0.865428 0.144300
vt 0.867371 0.144197
vt 0.862062 0.135459
vt 0.864034 0.135524
vt 0.865836 0.135448
vt 0.867792 0.135292
vt 0.862418 0.126643
vt 0.864401 0.126704
vt 0.866234 0.126602
vt 0.868205 0.126402
vt 0.862757 0.117823
vt 0.864753 0.117882
vt 0.866621 0.117761
vt 0.868610 0.117530
vt 0.863082 0.108997
vt 0.865092 0.109055
vt 0.866996 0.108923
vt 0.869007 0.108674
vt 0.863393 0.100164
vt 0.865416 0.100222
vt 0.867359 0.100088
vt 0.869392 0.099832
vt 0.863689 0.091324
vt 0.865724 0.091381
vt 0.867705 0.091251
vt 0.869762 0.091001
vt 0.863966 0.082474
vt 0.866013 0.082530
vt 0.868031 0.082412
vt 0.870114 0.082180
vt 0.864217 0.073603
vt 0.866298 0.073670
vt 0.868348 0.073573
vt 0.870457 0.073373
vt 0.864528 0.064686
vt 0.866594 0.064792
vt 0.868674 0.064751
vt 0.870809 0.064618
vt 0.865099 0.055626
vt 0.867156 0.055873
vt 0.869245 0.056000
vt 0.871393 0.056048
vt 0.866838 0.046364
vt 0.868764 0.046929
vt 0.870751 0.047414
vt 0.872778 0.047934
vt 0.870902 0.037852
vt 0.873055 0.038050
vt 0.874976 0.039149
vt 0.876323 0.040945
vt 0.859470 0.000607
vt 0.861565 0.000597
vt 0.863496 0.001705
vt 0.864876 0.003588
vt 0.861878 0.170758
vt 0.859964 0.170367
vt 0.863598 0.171059
vt 0.865517 0.171263
vt 0.858836 0.000868
vt 0.870051 0.037933
vt 0.866049 0.046112
vt 0.864254 0.055507
vt 0.863657 0.064613
vt 0.863321 0.073535
vt 0.863041 0.082401
vt 0.862734 0.091244
vt 0.862407 0.100080
vt 0.862066 0.108911
vt 0.861711 0.117737
vt 0.861344 0.126559
vt 0.860965 0.135379
vt 0.860574 0.144197
vt 0.860171 0.153007
vt 0.859707 0.161736
vt 0.858836 0.170151
vt 0.883531 0.772306
vt 0.886031 0.772334
vt 0.885568 0.781616
vt 0.883065 0.781667
vt 0.738933 0.262218
vt 0.736546 0.262288
vt 0.736674 0.253213
vt 0.739081 0.253161
vt 0.734075 0.262269
vt 0.734176 0.253219
vt 0.884522 0.762995
vt 0.887014 0.763069
vt 0.738823 0.271231
vt 0.736461 0.271360
vt 0.734000 0.271354
vt 0.885911 0.753707
vt 0.888392 0.753792
vt 0.738745 0.280252
vt 0.736415 0.280426
vt 0.733964 0.280427
vt 0.887568 0.744436
vt 0.890034 0.744513
vt 0.738672 0.289278
vt 0.736381 0.289487
vt 0.733943 0.289493
vt 0.889391 0.735190
vt 0.891842 0.735252
vt 0.738600 0.298308
vt 0.736353 0.298544
vt 0.733930 0.298553
vt 0.891317 0.725977
vt 0.893749 0.726031
vt 0.738528 0.307343
vt 0.736329 0.307596
vt 0.733922 0.307609
vt 0.893307 0.716807
vt 0.895718 0.716865
vt 0.738458 0.316386
vt 0.736309 0.316645
vt 0.733919 0.316662
vt 0.895344 0.707693
vt 0.897732 0.707773
vt 0.738393 0.325437
vt 0.736292 0.325693
vt 0.733919 0.325713
vt 0.897431 0.698653
vt 0.899796 0.698776
vt 0.738336 0.334499
vt 0.736280 0.334741
vt 0.733925 0.334764
vt 0.899600 0.689715
vt 0.901939 0.689910
vt 0.738290 0.343571
vt 0.736277 0.343791
vt 0.733936 0.343816
vt 0.901929 0.680922
vt 0.904236 0.681232
vt 0.738261 0.352653
vt 0.736284 0.352843
vt 0.733957 0.352871
vt 0.904574 0.672335
vt 0.906827 0.672831
vt 0.738264 0.361737
vt 0.736317 0.361899
vt 0.734000 0.361936
vt 0.907819 0.664051
vt 0.909973 0.664854
vt 0.738365 0.370807
vt 0.736441 0.370956
vt 0.734133 0.371030
vt 0.912019 0.656256
vt 0.914047 0.657319
vt 0.738669 0.379893
vt 0.736761 0.380015
vt 0.734468 0.380105
vt 0.916467 0.648424
vt 0.918452 0.649576
vt 0.738785 0.389171
vt 0.736902 0.389113
vt 0.734624 0.388961
vt 0.885667 0.790990
vt 0.883155 0.791129
vt 0.736368 0.244127
vt 0.738774 0.243893
vt 0.733919 0.244413
vt 0.149540 0.631231
vt 0.142797 0.626722
vt 0.156293 0.635885
vt 0.870014 0.772328
vt 0.870923 0.762842
vt 0.869623 0.781842
vt 0.872228 0.753455
vt 0.136025 0.622405
vt 0.873792 0.744164
vt 0.129173 0.618305
vt 0.875507 0.734930
vt 0.122240 0.614321
vt 0.877312 0.725710
vt 0.115061 0.610690
vt 0.879174 0.716469
vt 0.107696 0.607305
vt 0.881088 0.707179
vt 0.100141 0.604165
vt 0.092394 0.601271
vt 0.883072 0.697812
vt 0.084465 0.598619
vt 0.885187 0.688340
vt 0.076369 0.596199
vt 0.887552 0.678739
vt 0.890378 0.669007
vt 0.068133 0.593998
vt 0.059791 0.591986
vt 0.893962 0.659233
vt 0.051391 0.590130
vt 0.898479 0.649669
vt 0.042943 0.588395
vt 0.869623 0.623747
vt 0.163511 0.640504
vt 0.869719 0.791235
vt 0.041366 0.781695
vt 0.038778 0.782068
vt 0.038411 0.768062
vt 0.040986 0.768047
vt 0.036286 0.782420
vt 0.035964 0.768119
vt 0.033688 0.782671
vt 0.033422 0.768199
vt 0.269723 0.427592
vt 0.267134 0.427536
vt 0.267929 0.413530
vt 0.270498 0.413907
vt 0.264644 0.427588
vt 0.265432 0.413311
vt 0.262070 0.427708
vt 0.262822 0.413269
vt 0.269404 0.441619
vt 0.266794 0.441640
vt 0.264267 0.441789
vt 0.261671 0.442012
vt 0.269204 0.455759
vt 0.266579 0.455801
vt 0.264018 0.456001
vt 0.261407 0.456289
vt 0.269030 0.469938
vt 0.266387 0.469992
vt 0.263790 0.470222
vt 0.261162 0.470552
vt 0.268870 0.484129
vt 0.266208 0.484197
vt 0.263570 0.484451
vt 0.260920 0.484812
vt 0.268777 0.498357
vt 0.266095 0.498428
vt 0.263416 0.498690
vt 0.260639 0.499035
vt 0.268621 0.512628
vt 0.265918 0.512685
vt 0.263194 0.512933
vt 0.260377 0.513260
vt 0.268407 0.526885
vt 0.265685 0.526939
vt 0.262917 0.527174
vt 0.260208 0.527534
vt 0.268277 0.541114
vt 0.265537 0.541181
vt 0.262731 0.541412
vt 0.260108 0.541763
vt 0.268288 0.555349
vt 0.265533 0.555430
vt 0.262696 0.555651
vt 0.260061 0.555974
vt 0.268396 0.569579
vt 0.265627 0.569683
vt 0.262756 0.569898
vt 0.259971 0.570176
vt 0.268825 0.583809
vt 0.266049 0.583932
vt 0.263167 0.584137
vt 0.260387 0.584384
vt 0.269303 0.597947
vt 0.266519 0.598132
vt 0.263624 0.598372
vt 0.260833 0.598617
vt 0.270498 0.611639
vt 0.267734 0.612154
vt 0.264831 0.612645
vt 0.262013 0.613005
vt 0.038795 0.754077
vt 0.041366 0.754423
vt 0.036315 0.753823
vt 0.033716 0.753713
vt 0.787775 0.421790
vt 0.787564 0.408327
vt 0.768438 0.243893
vt 0.781921 0.244229
vt 0.787794 0.435227
vt 0.787670 0.448649
vt 0.787463 0.462058
vt 0.787245 0.475459
vt 0.787092 0.488857
vt 0.787084 0.502255
vt 0.787306 0.515656
vt 0.787845 0.529056
vt 0.788779 0.542445
vt 0.790183 0.555808
vt 0.792116 0.569119
vt 0.794625 0.582353
vt 0.797781 0.595459
vt 0.795406 0.244369
vt 0.278956 0.560038
vt 0.280936 0.559742
vt 0.281863 0.573866
vt 0.279865 0.573877
vt 0.029136 0.753883
vt 0.031158 0.753751
vt 0.030924 0.768274
vt 0.028924 0.768316
vt 0.033178 0.753710
vt 0.032903 0.768215
vt 0.033179 0.782705
vt 0.031170 0.782772
vt 0.029166 0.782720
vt 0.280933 0.587987
vt 0.278962 0.587715
vt 0.561367 0.410749
vt 0.563332 0.410395
vt 0.564551 0.424458
vt 0.562565 0.424564
vt 0.258286 0.413510
vt 0.260297 0.413365
vt 0.259621 0.427827
vt 0.257635 0.427881
vt 0.262312 0.413278
vt 0.261600 0.427731
vt 0.261243 0.442050
vt 0.259269 0.442216
vt 0.257303 0.442329
vt 0.564683 0.438405
vt 0.562706 0.438447
vt 0.564611 0.452294
vt 0.562646 0.452337
vt 0.259070 0.456545
vt 0.257128 0.456693
vt 0.261031 0.456331
vt 0.260841 0.470594
vt 0.258896 0.470838
vt 0.256982 0.471008
vt 0.564549 0.466174
vt 0.562597 0.466226
vt 0.564512 0.480054
vt 0.562573 0.480114
vt 0.258724 0.485104
vt 0.256838 0.485280
vt 0.260657 0.484849
vt 0.260338 0.499088
vt 0.258422 0.499348
vt 0.256568 0.499528
vt 0.564493 0.493936
vt 0.562569 0.494000
vt 0.564489 0.507820
vt 0.562580 0.507885
vt 0.258210 0.513576
vt 0.256390 0.513762
vt 0.260111 0.513310
vt 0.259950 0.527528
vt 0.258062 0.527786
vt 0.256274 0.527968
vt 0.564498 0.521704
vt 0.562603 0.521768
vt 0.259831 0.541745
vt 0.257956 0.541987
vt 0.256198 0.542159
vt 0.564521 0.535589
vt 0.562640 0.535650
vt 0.564562 0.549475
vt 0.562694 0.549530
vt 0.257937 0.556179
vt 0.256208 0.556343
vt 0.259798 0.555954
vt 0.258108 0.570351
vt 0.256396 0.570474
vt 0.564624 0.563361
vt 0.562767 0.563410
vt 0.564687 0.577260
vt 0.562837 0.577288
vt 0.257956 0.584555
vt 0.256265 0.584673
vt 0.259881 0.584393
vt 0.260574 0.598654
vt 0.258706 0.598805
vt 0.257031 0.598948
vt 0.564526 0.591218
vt 0.562682 0.591159
vt 0.563261 0.605283
vt 0.561446 0.604971
vt 0.259855 0.613157
vt 0.258169 0.613168
vt 0.261746 0.613025
vt 0.277582 0.560250
vt 0.278472 0.573874
vt 0.277582 0.587498
vt 0.559994 0.410977
vt 0.561170 0.424608
vt 0.561304 0.438434
vt 0.561238 0.452317
vt 0.561182 0.466207
vt 0.561151 0.480097
vt 0.561140 0.493984
vt 0.561142 0.507870
vt 0.561158 0.521756
vt 0.561188 0.535640
vt 0.561236 0.549525
vt 0.561303 0.563408
vt 0.561370 0.577282
vt 0.561212 0.591098
vt 0.559994 0.604719
vt 0.848719 0.379637
vt 0.848755 0.384511
vt 0.835567 0.384054
vt 0.835363 0.379486
vt 0.848323 0.389360
vt 0.835667 0.388716
vt 0.847544 0.394008
vt 0.835638 0.393345
vt 0.842900 0.167760
vt 0.847458 0.167009
vt 0.848187 0.180139
vt 0.843340 0.180954
vt 0.852067 0.166332
vt 0.852994 0.179075
vt 0.856680 0.165925
vt 0.857641 0.178083
vt 0.842612 0.154864
vt 0.847170 0.154102
vt 0.851746 0.153530
vt 0.856338 0.153306
vt 0.842603 0.142073
vt 0.847145 0.141276
vt 0.851657 0.140712
vt 0.856217 0.140552
vt 0.842828 0.129303
vt 0.847329 0.128470
vt 0.851750 0.127895
vt 0.856269 0.127770
vt 0.843203 0.116533
vt 0.847653 0.115673
vt 0.851969 0.115090
vt 0.856442 0.114987
vt 0.843655 0.103745
vt 0.848063 0.102890
vt 0.852273 0.102312
vt 0.856699 0.102228
vt 0.844222 0.090953
vt 0.848579 0.090122
vt 0.852672 0.089555
vt 0.857046 0.089475
vt 0.844813 0.078225
vt 0.849074 0.077371
vt 0.853035 0.076802
vt 0.857352 0.076689
vt 0.845029 0.065410
vt 0.849288 0.064632
vt 0.853155 0.064094
vt 0.857430 0.063964
vt 0.845260 0.052555
vt 0.849501 0.051900
vt 0.853280 0.051441
vt 0.857517 0.051330
vt 0.845556 0.039691
vt 0.849757 0.039180
vt 0.853444 0.038800
vt 0.857641 0.038689
vt 0.845606 0.026857
vt 0.849784 0.026460
vt 0.853402 0.026162
vt 0.857564 0.026042
vt 0.845469 0.013921
vt 0.849614 0.013659
vt 0.853174 0.013516
vt 0.857301 0.013497
vt 0.845043 0.000703
vt 0.849416 0.000597
vt 0.853113 0.000864
vt 0.857284 0.001374
vt 0.822337 0.384380
vt 0.822050 0.379569
vt 0.822928 0.389200
vt 0.823638 0.393864
vt 0.918824 0.398222
vt 0.918608 0.410017
vt 0.783608 0.376062
vt 0.771825 0.375469
vt 0.918039 0.421793
vt 0.917224 0.433559
vt 0.916244 0.445318
vt 0.149400 0.934577
vt 0.138864 0.937915
vt 0.140018 0.917050
vt 0.150236 0.921118
vt 0.915192 0.457081
vt 0.913954 0.468850
vt 0.913057 0.480671
vt 0.912402 0.492512
vt 0.912095 0.504363
vt 0.912237 0.516211
vt 0.912918 0.528028
vt 0.914210 0.539777
vt 0.916167 0.551415
vt 0.349928 0.563451
vt 0.345165 0.562967
vt 0.918824 0.562946
vt 0.330263 0.581694
vt 0.334855 0.587690
vt 0.163205 0.910420
vt 0.160664 0.900040
vt 0.174636 0.900042
vt 0.172086 0.910343
vt 0.298611 0.909336
vt 0.314632 0.928258
vt 0.795406 0.376241
vt 0.835085 0.371790
vt 0.835122 0.374163
vt 0.822287 0.373946
vt 0.822624 0.371499
vt 0.835209 0.376317
vt 0.822076 0.376201
vt 0.835328 0.378652
vt 0.822029 0.378671
vt 0.847620 0.371473
vt 0.848013 0.373965
vt 0.848386 0.376270
vt 0.848658 0.378784
vt 0.835142 0.168476
vt 0.837560 0.168438
vt 0.837642 0.181246
vt 0.835152 0.180975
vt 0.839787 0.168219
vt 0.839967 0.181278
vt 0.842167 0.167872
vt 0.842489 0.181065
vt 0.834818 0.155783
vt 0.837266 0.155689
vt 0.839547 0.155395
vt 0.841959 0.154977
vt 0.834763 0.143006
vt 0.837244 0.142934
vt 0.839591 0.142624
vt 0.842045 0.142176
vt 0.834966 0.130216
vt 0.837476 0.130171
vt 0.839886 0.129858
vt 0.842374 0.129390
vt 0.835320 0.117431
vt 0.837858 0.117401
vt 0.840332 0.117084
vt 0.842853 0.116602
vt 0.835729 0.104645
vt 0.838297 0.104614
vt 0.840841 0.104290
vt 0.843400 0.103796
vt 0.836063 0.091835
vt 0.838659 0.091799
vt 0.841264 0.091475
vt 0.843951 0.091004
vt 0.836360 0.078979
vt 0.838976 0.078954
vt 0.841635 0.078660
vt 0.844357 0.078236
vt 0.836817 0.066100
vt 0.839469 0.066080
vt 0.842202 0.065820
vt 0.844782 0.065390
vt 0.837102 0.053227
vt 0.839777 0.053184
vt 0.842558 0.052933
vt 0.837114 0.040319
vt 0.839799 0.040258
vt 0.842606 0.040032
vt 0.845316 0.039709
vt 0.837099 0.027394
vt 0.839795 0.027319
vt 0.842630 0.027128
vt 0.845358 0.026877
vt 0.836968 0.014567
vt 0.839662 0.014395
vt 0.842499 0.014169
vt 0.845219 0.013947
vt 0.836209 0.001993
vt 0.838957 0.001483
vt 0.841908 0.001017
vt 0.844775 0.000714
vt 0.846979 0.367247
vt 0.835099 0.367602
vt 0.823217 0.367247
vt 0.830943 0.168377
vt 0.830881 0.180409
vt 0.830649 0.155726
vt 0.830626 0.142864
vt 0.830866 0.130002
vt 0.831258 0.117183
vt 0.831701 0.104400
vt 0.832071 0.091605
vt 0.832412 0.078740
vt 0.832897 0.065888
vt 0.833204 0.053090
vt 0.833244 0.040239
vt 0.833252 0.027368
vt 0.833150 0.014719
vt 0.832405 0.002697
vt 0.339877 0.971722
vt 0.347159 0.995568
vt 0.348822 0.968964
vt 0.364571 0.987695
vt 0.150970 0.905158
vt 0.157130 0.913572
vt 0.869623 0.940311
vt 0.879658 0.936305
vt 0.880385 0.922925
vt 0.870546 0.919088
vt 0.880392 0.906323
vt 0.886713 0.914902
vt 0.915500 0.936386
vt 0.925654 0.940221
vt 0.893011 0.912119
vt 0.890431 0.902139
vt 0.185657 0.934602
vt 0.196189 0.937978
vt 0.188408 0.949370
vt 0.180857 0.941831
vt 0.173362 0.946850
vt 0.176591 0.957464
vt 0.336971 0.643046
vt 0.331691 0.656207
vt 0.317481 0.663528
vt 0.321202 0.643632
vt 0.337635 0.638634
vt 0.323162 0.634404
vt 0.041748 0.701708
vt 0.041748 0.733429
vt 0.021295 0.752515
vt 0.021306 0.720808
vt 0.124735 0.282090
vt 0.142647 0.305589
vt 0.111399 0.311522
vt 0.090976 0.285695
vt 0.734603 0.835740
vt 0.734603 0.869317
vt 0.706511 0.869317
vt 0.706511 0.835740
vt 0.256198 0.883808
vt 0.256198 0.850230
vt 0.284158 0.850230
vt 0.284158 0.883808
vt 0.374294 0.123292
vt 0.394190 0.097066
vt 0.425590 0.102639
vt 0.408068 0.126458
vt 0.000600 0.733504
vt 0.000597 0.701802
vt 0.021235 0.447826
vt 0.000635 0.428759
vt 0.041568 0.428665
vt 0.287433 0.015385
vt 0.287087 0.014768
vt 0.294514 0.008920
vt 0.294916 0.009425
vt 0.570958 0.009082
vt 0.570706 0.008335
vt 0.577978 0.004294
vt 0.578199 0.004852
vt 0.624932 0.137604
vt 0.644676 0.117437
vt 0.649006 0.123934
vt 0.650388 0.672400
vt 0.646005 0.678742
vt 0.626225 0.658772
vt 0.566483 0.789940
vt 0.574408 0.786766
vt 0.580257 0.792504
vt 0.576237 0.790879
vt 0.300544 0.000597
vt 0.288081 0.006011
vt 0.693283 0.804351
vt 0.693653 0.803400
vt 0.702154 0.804616
vt 0.701765 0.805119
vt 0.013321 0.403556
vt 0.013013 0.404011
vt 0.004994 0.399003
vt 0.005412 0.398078
vt 0.580475 0.791909
vt 0.574653 0.786059
vt 0.687064 0.798648
vt 0.687459 0.798342
vt 0.324585 0.616284
vt 0.340911 0.627862
vt 0.338634 0.633870
vt 0.324593 0.624801
vt 0.339656 0.504214
vt 0.354185 0.509457
vt 0.359606 0.521285
vt 0.342691 0.519728
vt 0.315600 0.547105
vt 0.314970 0.539399
vt 0.342821 0.532103
vt 0.341618 0.537755
vt 0.314917 0.532488
vt 0.343078 0.525994
vt 0.314838 0.525908
vt 0.316409 0.510467
vt 0.360015 0.525364
vt 0.360975 0.530021
vt 0.362619 0.534574
vt 0.696837 0.800651
vt 0.693791 0.793699
vt 0.705316 0.796600
vt 0.172147 0.529816
vt 0.182309 0.532045
vt 0.162108 0.526691
vt 0.152162 0.523101
vt 0.142286 0.519332
vt 0.132452 0.515577
vt 0.122630 0.511970
vt 0.112791 0.508620
vt 0.102910 0.505625
vt 0.092972 0.503075
vt 0.082973 0.501063
vt 0.072916 0.499690
vt 0.062811 0.499106
vt 0.052657 0.499619
vt 0.221677 0.570908
vt 0.212056 0.574324
vt 0.234054 0.654465
vt 0.222613 0.655461
vt 0.042943 0.415106
vt 0.054532 0.413661
vt 0.066247 0.413269
vt 0.077963 0.413858
vt 0.089593 0.415335
vt 0.101083 0.417576
vt 0.112404 0.420440
vt 0.123554 0.423773
vt 0.134550 0.427408
vt 0.145430 0.431172
vt 0.156243 0.434881
vt 0.167049 0.438341
vt 0.177921 0.441357
vt 0.188942 0.443737
vt 0.200219 0.445305
vt 0.192476 0.532954
vt 0.245645 0.653896
vt 0.231923 0.570397
vt 0.575739 0.000597
vt 0.566483 0.004362
vt 0.000597 0.402934
vt 0.010760 0.412074
vt 0.340816 0.597386
vt 0.344946 0.592836
vt 0.364347 0.589660
vt 0.358542 0.597239
vt 0.350383 0.596837
vt 0.358251 0.624607
vt 0.350418 0.625713
vt 0.342830 0.627293
vt 0.347512 0.640728
vt 0.356390 0.642855
vt 0.352400 0.648650
vt 0.344531 0.645927
vt 0.363824 0.644744
vt 0.359320 0.652720
vt 0.346319 0.634581
vt 0.354858 0.635838
vt 0.362992 0.635559
vt 0.340716 0.660810
vt 0.333695 0.657526
vt 0.347846 0.664037
vt 0.364454 0.588771
vt 0.354936 0.589620
vt 0.043821 0.025376
vt 0.003125 0.034340
vt 0.010450 0.024427
vt 0.370896 0.572256
vt 0.364979 0.575110
vt 0.355891 0.566472
vt 0.356362 0.560666
vt 0.363552 0.566423
vt 0.372069 0.539391
vt 0.380336 0.543125
vt 0.363984 0.535248
vt 0.328335 0.414609
vt 0.336421 0.412493
vt 0.337243 0.416767
vt 0.329097 0.418669
vt 0.345582 0.410395
vt 0.346390 0.414482
vt 0.331032 0.400766
vt 0.331241 0.409200
vt 0.287680 0.407608
vt 0.287506 0.399070
vt 0.044189 0.000597
vt 0.044175 0.009107
vt 0.000598 0.012375
vt 0.000620 0.002804
vt 0.366334 0.519574
vt 0.375251 0.517340
vt 0.378806 0.523464
vt 0.369078 0.524710
vt 0.383176 0.514125
vt 0.386941 0.522018
vt 0.377171 0.530340
vt 0.367595 0.530405
vt 0.385986 0.530912
vt 0.355272 0.508795
vt 0.363245 0.504836
vt 0.371155 0.501155
vt 0.386457 0.545537
vt 0.376044 0.575778
vt 0.358535 0.571483
vt 0.392196 0.532566
vt 0.346853 0.417286
vt 0.373084 0.500330
vt 0.388621 0.510359
vt 0.012867 0.416608
vt 0.020958 0.413269
vt 0.029042 0.416451
vt 0.393316 0.521397
vt 0.311542 0.411733
vt 0.318712 0.410991
vt 0.322118 0.416482
vt 0.319459 0.419483
vt 0.314689 0.417327
vt 0.310649 0.412605
vt 0.291118 0.415232
vt 0.287087 0.410628
vt 0.317155 0.422763
vt 0.293841 0.419773
vt 0.314124 0.750836
vt 0.313919 0.753896
vt 0.305858 0.756857
vt 0.306207 0.751877
vt 0.314167 0.757006
vt 0.306447 0.761304
vt 0.287087 0.762530
vt 0.290749 0.757978
vt 0.293313 0.753425
vt 0.586969 0.410285
vt 0.566483 0.398222
vt 0.566483 0.395820
vt 0.586271 0.386414
vt 0.568401 0.397027
vt 0.292469 0.385826
vt 0.330427 0.384301
vt 0.287087 0.392324
vt 0.288758 0.378493
vt 0.329761 0.422747
vt 0.322397 0.755947
vt 0.315466 0.766817
vt 0.323012 0.750342
vt 0.566483 0.856741
vt 0.584322 0.878249
vt 0.677900 0.934876
vt 0.705316 0.940918
vt 0.322545 0.752626
vt 0.337897 0.420445
vt 0.305324 0.763185
vt 0.820319 0.368980
vt 0.805193 0.353615
vt 0.809378 0.355083
vt 0.813175 0.357492
vt 0.816376 0.360723
vt 0.818803 0.364618
vt 0.818803 0.382551
vt 0.816376 0.386446
vt 0.813175 0.389678
vt 0.809378 0.392086
vt 0.805193 0.393555
vt 0.800851 0.394008
vt 0.796601 0.393412
s 0
f 27/1/1 23/2/1 25/3/1 29/4/1
f 29/4/2 25/3/2 24/5/2 28/6/2
f 28/7/3 24/8/3 22/9/3 26/10/3
f 31/11/4 27/1/4 29/4/4 33/12/4
f 33/12/5 29/4/5 28/6/5 32/13/5
f 32/14/6 28/7/6 26/10/6 30/15/6
f 35/16/7 31/11/7 33/12/7 37/17/7
f 37/17/8 33/12/8 32/13/8 36/18/8
f 36/19/9 32/14/9 30/15/9 34/20/9
f 39/21/10 35/16/10 37/17/10 41/22/10
f 41/22/11 37/17/11 36/18/11 40/23/11
f 40/24/12 36/19/12 34/20/12 38/25/12
f 43/26/13 39/21/13 41/22/13 45/27/13
f 45/27/14 41/22/14 40/23/14 44/28/14
f 44/29/15 40/24/15 38/25/15 42/30/15
f 47/31/16 43/26/16 45/27/16 49/32/16
f 49/32/17 45/27/17 44/28/17 48/33/17
f 48/34/18 44/29/18 42/30/18 46/35/18
f 51/36/19 47/31/19 49/32/19 53/37/19
f 53/37/20 49/32/20 48/33/20 52/38/20
f 52/39/21 48/34/21 46/35/21 50/40/21
f 55/41/22 51/36/22 53/37/22 57/42/22
f 57/42/23 53/37/23 52/38/23 56/43/23
f 56/44/24 52/39/24 50/40/24 54/45/24
f 59/46/25 55/41/25 57/42/25 61/47/25
f 61/47/26 57/42/26 56/43/26 60/48/26
f 60/49/27 56/44/27 54/45/27 58/50/27
f 63/51/28 59/46/28 61/47/28 65/52/28
f 65/52/29 61/47/29 60/48/29 64/53/29
f 64/54/30 60/49/30 58/50/30 62/55/30
f 67/56/31 63/51/31 65/52/31 69/57/31
f 69/57/32 65/52/32 64/53/32 68/58/32
f 68/59/33 64/54/33 62/55/33 66/60/33
f 71/61/34 67/56/34 69/57/34 73/62/34
f 73/62/35 69/57/35 68/58/35 72/63/35
f 72/64/36 68/59/36 66/60/36 70/65/36
f 75/66/37 71/61/37 73/62/37 77/67/37
f 77/67/38 73/62/38 72/63/38 76/68/38
f 76/69/39 72/64/39 70/65/39 74/70/39
f 79/71/40 75/66/40 77/67/40 81/72/40
f 81/72/41 77/67/41 76/68/41 80/73/41
f 80/74/42 76/69/42 74/70/42 78/75/42
f 83/76/43 79/71/43 81/72/43 85/77/43
f 85/77/44 81/72/44 80/73/44 84/78/44
f 84/79/45 80/74/45 78/75/45 82/80/45
f 19/81/46 83/76/46 85/77/46 21/82/46
f 21/82/47 85/77/47 84/78/47 20/83/47
f 20/84/48 84/79/48 82/80/48 18/85/48
f 105/86/49 83/87/49 19/88/49 104/89/49
f 106/90/50 23/91/50 27/92/50 107/93/50
f 107/93/51 27/92/51 31/94/51 108/95/51
f 108/95/52 31/94/52 35/96/52 109/97/52
f 109/97/53 35/96/53 39/98/53 110/99/53
f 110/99/54 39/98/54 43/100/54 111/101/54
f 111/101/55 43/100/55 47/102/55 112/103/55
f 112/103/56 47/102/56 51/104/56 113/105/56
f 113/105/57 51/104/57 55/106/57 114/107/57
f 114/107/58 55/106/58 59/108/58 115/109/58
f 115/109/59 59/108/59 63/110/59 116/111/59
f 116/111/60 63/110/60 67/112/60 117/113/60
f 117/113/61 67/112/61 71/114/61 118/115/61
f 118/115/62 71/114/62 75/116/62 119/117/62
f 119/117/63 75/116/63 79/118/63 120/119/63
f 120/119/64 79/118/64 83/87/64 105/86/64
f 30/120/65 26/121/65 89/122/65 90/123/65
f 38/124/66 34/125/66 91/126/66 92/127/66
f 18/128/67 82/129/67 103/130/67 86/131/67
f 46/132/68 42/133/68 93/134/68 94/135/68
f 54/136/69 50/137/69 95/138/69 96/139/69
f 62/140/70 58/141/70 97/142/70 98/143/70
f 70/144/71 66/145/71 99/146/71 100/147/71
f 78/148/72 74/149/72 101/150/72 102/151/72
f 26/121/73 22/152/73 88/153/73 89/122/73
f 34/125/74 30/120/74 90/123/74 91/126/74
f 42/133/75 38/124/75 92/127/75 93/134/75
f 50/137/76 46/132/76 94/135/76 95/138/76
f 58/141/77 54/136/77 96/139/77 97/142/77
f 66/145/78 62/140/78 98/143/78 99/146/78
f 74/149/79 70/144/79 100/147/79 101/150/79
f 82/129/80 78/148/80 102/151/80 103/130/80
f 500/154/81 137/155/81 136/156/81 138/157/81
f 445/158/82 121/159/82 122/160/82 447/161/82
f 447/161/83 122/160/83 123/162/83 462/163/83
f 462/163/84 123/162/84 124/164/84 464/165/84
f 464/165/85 124/164/85 125/166/85 476/167/85
f 476/167/86 125/166/86 126/168/86 477/169/86
f 477/169/87 126/168/87 127/170/87 486/171/87
f 486/171/88 127/170/88 128/172/88 487/173/88
f 487/173/89 128/172/89 129/174/89 488/175/89
f 488/175/90 129/174/90 130/176/90 489/177/90
f 489/177/91 130/176/91 131/178/91 490/179/91
f 490/179/92 131/178/92 132/180/92 492/181/92
f 492/181/93 132/180/93 133/182/93 494/183/93
f 494/183/94 133/182/94 134/184/94 496/185/94
f 496/185/95 134/184/95 135/186/95 499/187/95
f 499/187/96 135/186/96 137/155/96 500/154/96
f 986/188/97 139/189/97 140/190/97 987/191/97
f 161/192/98 156/193/98 158/194/98 163/195/98
f 163/195/99 158/194/99 159/196/99 162/197/99
f 162/198/100 159/199/100 157/200/100 160/201/100
f 165/202/101 161/192/101 163/195/101 167/203/101
f 167/203/102 163/195/102 162/197/102 166/204/102
f 166/205/103 162/198/103 160/201/103 164/206/103
f 169/207/104 165/202/104 167/203/104 171/208/104
f 171/208/105 167/203/105 166/204/105 170/209/105
f 170/210/106 166/205/106 164/206/106 168/211/106
f 173/212/107 169/207/107 171/208/107 175/213/107
f 175/213/108 171/208/108 170/209/108 174/214/108
f 174/215/109 170/210/109 168/211/109 172/216/109
f 177/217/110 173/212/110 175/213/110 179/218/110
f 179/218/111 175/213/111 174/214/111 178/219/111
f 178/220/112 174/215/112 172/216/112 176/221/112
f 181/222/113 177/217/113 179/218/113 183/223/113
f 183/223/114 179/218/114 178/219/114 182/224/114
f 182/225/115 178/220/115 176/221/115 180/226/115
f 185/227/116 181/222/116 183/223/116 187/228/116
f 187/228/117 183/223/117 182/224/117 186/229/117
f 186/230/118 182/225/118 180/226/118 184/231/118
f 189/232/119 185/227/119 187/228/119 191/233/119
f 191/233/120 187/228/120 186/229/120 190/234/120
f 190/235/121 186/230/121 184/231/121 188/236/121
f 193/237/122 189/232/122 191/233/122 195/238/122
f 195/238/123 191/233/123 190/234/123 194/239/123
f 194/240/124 190/235/124 188/236/124 192/241/124
f 197/242/125 193/237/125 195/238/125 199/243/125
f 199/243/126 195/238/126 194/239/126 198/244/126
f 198/245/127 194/240/127 192/241/127 196/246/127
f 201/247/128 197/242/128 199/243/128 203/248/128
f 203/248/129 199/243/129 198/244/129 202/249/129
f 202/250/130 198/245/130 196/246/130 200/251/130
f 205/252/131 201/247/131 203/248/131 207/253/131
f 207/253/132 203/248/132 202/249/132 206/254/132
f 206/255/133 202/250/133 200/251/133 204/256/133
f 209/257/134 205/252/134 207/253/134 211/258/134
f 211/258/135 207/253/135 206/254/135 210/259/135
f 210/260/136 206/255/136 204/256/136 208/261/136
f 213/262/137 209/257/137 211/258/137 215/263/137
f 215/263/138 211/258/138 210/259/138 214/264/138
f 214/265/139 210/260/139 208/261/139 212/266/139
f 217/267/140 213/262/140 215/263/140 219/268/140
f 219/268/141 215/263/141 214/264/141 218/269/141
f 218/270/142 214/265/142 212/266/142 216/271/142
f 156/193/143 152/272/143 154/273/143 158/194/143
f 158/194/144 154/273/144 155/274/144 159/196/144
f 159/199/145 155/275/145 153/276/145 157/200/145
f 105/86/146 104/89/146 152/272/146 156/193/146
f 120/119/147 105/86/147 156/193/147 161/192/147
f 119/117/148 120/119/148 161/192/148 165/202/148
f 971/277/149 295/278/149 294/279/149 972/280/149
f 118/115/150 119/117/150 165/202/150 169/207/150
f 117/113/151 118/115/151 169/207/151 173/212/151
f 116/111/152 117/113/152 173/212/152 177/217/152
f 115/109/153 116/111/153 177/217/153 181/222/153
f 114/107/154 115/109/154 181/222/154 185/227/154
f 972/280/155 294/279/155 293/281/155 973/282/155
f 113/105/156 114/107/156 185/227/156 189/232/156
f 973/282/157 293/281/157 292/283/157 974/284/157
f 112/103/158 113/105/158 189/232/158 193/237/158
f 974/284/159 292/283/159 291/285/159 975/286/159
f 111/101/160 112/103/160 193/237/160 197/242/160
f 110/99/161 111/101/161 197/242/161 201/247/161
f 975/286/162 291/285/162 290/287/162 976/288/162
f 109/97/163 110/99/163 201/247/163 205/252/163
f 108/95/164 109/97/164 205/252/164 209/257/164
f 976/288/165 290/287/165 289/289/165 977/290/165
f 107/93/166 108/95/166 209/257/166 213/262/166
f 106/90/167 107/93/167 213/262/167 217/267/167
f 977/290/168 289/289/168 288/291/168 978/292/168
f 978/292/169 288/291/169 151/293/169 979/294/169
f 979/294/170 151/293/170 150/295/170 980/296/170
f 980/296/171 150/295/171 149/297/171 981/298/171
f 981/298/92 149/297/92 148/299/92 982/300/92
f 982/300/172 148/299/172 143/301/172 983/302/172
f 983/302/173 143/301/173 142/303/173 984/304/173
f 984/304/174 142/303/174 141/305/174 985/306/174
f 225/307/175 221/308/175 223/309/175 227/310/175
f 227/311/176 223/312/176 222/313/176 226/314/176
f 226/314/177 222/313/177 220/315/177 224/316/177
f 228/317/178 232/318/178 234/319/178 230/320/178
f 230/321/179 234/322/179 235/323/179 231/324/179
f 231/324/180 235/323/180 233/325/180 229/326/180
f 232/318/181 236/327/181 238/328/181 234/319/181
f 234/322/182 238/329/182 239/330/182 235/323/182
f 235/323/183 239/330/183 237/331/183 233/325/183
f 236/327/184 240/332/184 242/333/184 238/328/184
f 238/329/185 242/334/185 243/335/185 239/330/185
f 239/330/186 243/335/186 241/336/186 237/331/186
f 240/332/187 244/337/187 246/338/187 242/333/187
f 242/334/188 246/339/188 247/340/188 243/335/188
f 243/335/189 247/340/189 245/341/189 241/336/189
f 244/337/190 248/342/190 250/343/190 246/338/190
f 246/339/191 250/344/191 251/345/191 247/340/191
f 247/340/192 251/345/192 249/346/192 245/341/192
f 248/342/193 252/347/193 254/348/193 250/343/193
f 250/344/194 254/349/194 255/350/194 251/345/194
f 251/345/195 255/350/195 253/351/195 249/346/195
f 252/347/196 256/352/196 258/353/196 254/348/196
f 254/349/197 258/354/197 259/355/197 255/350/197
f 255/350/198 259/355/198 257/356/198 253/351/198
f 256/352/199 260/357/199 262/358/199 258/353/199
f 258/354/200 262/359/200 263/360/200 259/355/200
f 259/355/201 263/360/201 261/361/201 257/356/201
f 260/357/202 264/362/202 266/363/202 262/358/202
f 262/359/203 266/364/203 267/365/203 263/360/203
f 263/360/204 267/365/204 265/366/204 261/361/204
f 264/362/205 268/367/205 270/368/205 266/363/205
f 266/364/206 270/369/206 271/370/206 267/365/206
f 267/365/207 271/370/207 269/371/207 265/366/207
f 268/367/208 272/372/208 274/373/208 270/368/208
f 270/369/209 274/374/209 275/375/209 271/370/209
f 271/370/210 275/375/210 273/376/210 269/371/210
f 272/372/211 276/377/211 278/378/211 274/373/211
f 274/374/212 278/379/212 279/380/212 275/375/212
f 275/375/213 279/380/213 277/381/213 273/376/213
f 276/377/214 280/382/214 282/383/214 278/378/214
f 278/379/215 282/384/215 283/385/215 279/380/215
f 279/380/216 283/385/216 281/386/216 277/381/216
f 280/382/217 284/387/217 286/388/217 282/383/217
f 282/384/218 286/389/218 287/390/218 283/385/218
f 283/385/219 287/390/219 285/391/219 281/386/219
f 284/387/220 225/307/220 227/310/220 286/388/220
f 286/389/221 227/311/221 226/314/221 287/390/221
f 287/390/222 226/314/222 224/316/222 285/391/222
f 88/392/223 87/393/223 89/394/223
f 96/395/223 87/393/223 97/396/223
f 225/307/224 157/200/224 153/276/224 221/308/224
f 136/156/225 137/155/225 224/316/225 220/315/225
f 284/387/226 160/201/226 157/200/226 225/307/226
f 137/155/227 135/186/227 285/391/227 224/316/227
f 122/160/228 121/159/228 229/326/228 233/325/228
f 228/317/229 216/271/229 212/266/229 232/318/229
f 123/162/230 122/160/230 233/325/230 237/331/230
f 232/318/231 212/266/231 208/261/231 236/327/231
f 124/164/232 123/162/232 237/331/232 241/336/232
f 236/327/233 208/261/233 204/256/233 240/332/233
f 125/166/234 124/164/234 241/336/234 245/341/234
f 240/332/235 204/256/235 200/251/235 244/337/235
f 126/168/236 125/166/236 245/341/236 249/346/236
f 244/337/237 200/251/237 196/246/237 248/342/237
f 127/170/238 126/168/238 249/346/238 253/351/238
f 248/342/239 196/246/239 192/241/239 252/347/239
f 128/172/240 127/170/240 253/351/240 257/356/240
f 252/347/241 192/241/241 188/236/241 256/352/241
f 129/174/242 128/172/242 257/356/242 261/361/242
f 256/352/243 188/236/243 184/231/243 260/357/243
f 130/176/244 129/174/244 261/361/244 265/366/244
f 260/357/245 184/231/245 180/226/245 264/362/245
f 131/178/246 130/176/246 265/366/246 269/371/246
f 264/362/247 180/226/247 176/221/247 268/367/247
f 132/180/248 131/178/248 269/371/248 273/376/248
f 268/367/249 176/221/249 172/216/249 272/372/249
f 133/182/250 132/180/250 273/376/250 277/381/250
f 272/372/251 172/216/251 168/211/251 276/377/251
f 134/184/252 133/182/252 277/381/252 281/386/252
f 276/377/253 168/211/253 164/206/253 280/382/253
f 135/186/254 134/184/254 281/386/254 285/391/254
f 280/382/255 164/206/255 160/201/255 284/387/255
f 985/306/256 141/305/256 139/189/256 986/188/256
f 916/397/257 914/398/257 305/399/257 308/400/257
f 1008/401/258 907/402/258 315/403/258 314/404/258
f 303/405/259 299/406/259 920/407/259 926/408/259
f 310/409/260 312/410/260 925/411/260 923/412/260
f 380/413/261 379/414/261 313/415/261 312/416/261
f 407/417/262 415/418/262 299/419/262 303/420/262
f 917/421/263 913/422/263 314/423/263 315/424/263
f 925/425/261 918/426/261 317/427/261 316/428/261
f 396/429/264 381/430/264 310/431/264 306/432/264
f 297/433/265 409/434/265 408/435/265 395/436/265
f 416/437/257 417/438/257 300/439/257 301/440/257
f 393/441/266 407/417/266 303/420/266 307/442/266
f 415/418/267 416/437/267 301/440/267 299/419/267
f 410/443/268 396/429/268 306/432/268 302/444/268
f 321/445/269 320/446/269 328/447/269 329/448/269
f 144/449/270 325/450/270 333/451/270
f 320/446/271 319/452/271 327/453/271 328/447/271
f 324/454/272 323/455/272 331/456/272 332/457/272
f 323/455/273 322/458/273 330/459/273 331/456/273
f 319/452/274 318/460/274 326/461/274 327/453/274
f 325/450/275 324/454/275 332/457/275 333/451/275
f 322/458/276 321/445/276 329/448/276 330/459/276
f 332/457/277 331/456/277 339/462/277 340/463/277
f 331/456/278 330/459/278 338/464/278 339/462/278
f 327/453/279 326/461/279 334/465/279 335/466/279
f 333/451/280 332/457/280 340/463/280 341/467/280
f 330/459/281 329/448/281 337/468/281 338/464/281
f 329/448/282 328/447/282 336/469/282 337/468/282
f 144/449/283 333/451/283 341/467/283
f 328/447/284 327/453/284 335/466/284 336/469/284
f 337/468/285 336/469/285 344/470/285 345/471/285
f 144/449/286 341/467/286 349/472/286
f 336/469/287 335/466/287 343/473/287 344/470/287
f 340/463/288 339/462/288 347/474/288 348/475/288
f 339/462/289 338/464/289 346/476/289 347/474/289
f 335/466/290 334/465/290 342/477/290 343/473/290
f 341/467/291 340/463/291 348/475/291 349/472/291
f 338/464/292 337/468/292 345/471/292 346/476/292
f 347/474/293 346/476/293 354/478/293 355/479/293
f 343/473/294 342/477/294 350/480/294 351/481/294
f 349/472/295 348/475/295 356/482/295 357/483/295
f 346/476/296 345/471/296 353/484/296 354/478/296
f 345/471/297 344/470/297 352/485/297 353/484/297
f 144/449/298 349/472/298 357/483/298
f 344/470/299 343/473/299 351/481/299 352/485/299
f 348/475/300 347/474/300 355/479/300 356/482/300
f 431/486/301 432/487/301 374/488/301 430/489/301
f 144/449/302 357/483/302 365/490/302
f 352/485/303 351/481/303 359/491/303 360/492/303
f 356/482/304 355/479/304 363/493/304 364/494/304
f 355/479/305 354/478/305 362/495/305 363/493/305
f 351/481/306 350/480/306 358/496/306 359/491/306
f 357/483/307 356/482/307 364/494/307 365/490/307
f 354/478/308 353/484/308 361/497/308 362/495/308
f 353/484/309 352/485/309 360/492/309 361/497/309
f 363/493/310 362/495/310 370/498/310 371/499/310
f 359/491/311 358/496/311 366/500/311 367/501/311
f 365/490/312 364/494/312 372/502/312 373/503/312
f 362/495/313 361/497/313 369/504/313 370/498/313
f 361/497/314 360/492/314 368/505/314 369/504/314
f 144/449/315 365/490/315 373/503/315
f 360/492/316 359/491/316 367/501/316 368/505/316
f 364/494/317 363/493/317 371/499/317 372/502/317
f 144/449/318 373/503/318 384/506/318
f 368/505/319 367/501/319 378/507/319 379/508/319
f 372/502/320 371/499/320 382/509/320 383/510/320
f 466/511/321 467/512/321 405/513/321 404/514/321
f 465/515/322 466/511/322 404/514/322 403/516/322
f 371/499/323 370/498/323 381/517/323 382/509/323
f 367/501/324 366/500/324 377/518/324 378/507/324
f 373/503/325 372/502/325 383/510/325 384/506/325
f 370/498/326 369/504/326 380/519/326 381/517/326
f 463/520/327 465/515/327 403/516/327 402/521/327
f 453/522/328 463/520/328 402/521/328 401/523/328
f 369/504/329 368/505/329 379/508/329 380/519/329
f 452/524/330 453/522/330 401/523/330 400/525/330
f 451/526/331 452/524/331 400/525/331 391/527/331
f 384/506/332 383/510/332 398/528/332 399/529/332
f 450/530/333 451/526/333 391/527/333 390/531/333
f 449/532/334 450/530/334 390/531/334 389/533/334
f 448/534/335 449/532/335 389/533/335 388/535/335
f 446/536/336 448/534/336 388/535/336 387/537/336
f 436/538/337 446/536/337 387/537/337 386/539/337
f 435/540/338 436/538/338 386/539/338 385/541/338
f 144/449/339 384/506/339 399/529/339
f 378/542/263 393/441/263 307/442/263 311/543/263
f 383/510/340 382/509/340 397/544/340 398/528/340
f 434/545/341 435/540/341 385/541/341 376/546/341
f 433/547/342 434/545/342 376/546/342 375/548/342
f 382/509/343 381/517/343 396/549/343 397/544/343
f 378/507/344 377/518/344 392/550/344 393/551/344
f 432/487/345 433/552/345 375/553/345 374/488/345
f 144/449/346 399/529/346 413/554/346
f 398/528/347 397/544/347 411/555/347 412/556/347
f 397/544/348 396/549/348 410/557/348 411/555/348
f 393/551/349 392/550/349 406/558/349 407/559/349
f 399/529/350 398/528/350 412/556/350 413/554/350
f 417/438/351 418/560/351 298/561/351 300/439/351
f 381/430/352 380/413/352 312/416/352 310/431/352
f 418/560/353 410/443/353 302/444/353 298/561/353
f 144/562/354 413/563/354 421/564/354
f 412/565/355 411/566/355 419/567/355 420/568/355
f 411/566/356 410/569/356 418/570/356 419/567/356
f 407/559/357 406/558/357 414/571/357 415/572/357
f 413/563/358 412/565/358 420/568/358 421/564/358
f 144/562/359 421/564/359 429/573/359
f 416/574/360 415/575/360 423/576/360 424/577/360
f 420/568/361 419/567/361 427/578/361 428/579/361
f 419/567/362 418/570/362 426/580/362 427/578/362
f 415/575/363 414/581/363 422/582/363 423/576/363
f 421/564/364 420/568/364 428/579/364 429/573/364
f 418/570/365 417/583/365 425/584/365 426/580/365
f 417/583/366 416/574/366 424/577/366 425/584/366
f 425/584/367 424/577/367 439/585/367 440/586/367
f 144/562/368 429/573/368 444/587/368
f 424/577/369 423/576/369 438/588/369 439/585/369
f 428/579/370 427/578/370 442/589/370 443/590/370
f 427/578/371 426/580/371 441/591/371 442/589/371
f 423/576/372 422/582/372 437/592/372 438/588/372
f 429/573/373 428/579/373 443/590/373 444/587/373
f 426/580/374 425/584/374 440/586/374 441/591/374
f 439/585/375 438/588/375 455/593/375 456/594/375
f 443/590/376 442/589/376 459/595/376 460/596/376
f 394/597/377 395/598/377 305/599/377 304/600/377
f 442/589/378 441/591/378 458/601/378 459/595/378
f 438/588/379 437/592/379 454/602/379 455/593/379
f 444/587/380 443/590/380 460/596/380 461/603/380
f 441/591/381 440/586/381 457/604/381 458/601/381
f 915/605/353 922/606/353 924/607/353 304/608/353
f 440/586/382 439/585/382 456/594/382 457/604/382
f 144/562/383 444/587/383 461/603/383
f 457/604/384 456/594/384 470/609/384 471/610/384
f 144/562/385 461/603/385 475/611/385
f 456/594/386 455/593/386 469/612/386 470/609/386
f 460/596/387 459/595/387 473/613/387 474/614/387
f 459/595/388 458/601/388 472/615/388 473/613/388
f 455/593/389 454/602/389 468/616/389 469/612/389
f 461/603/390 460/596/390 474/614/390 475/611/390
f 458/601/391 457/604/391 471/610/391 472/615/391
f 474/617/392 473/618/392 483/619/392 484/620/392
f 306/621/393 310/409/393 923/412/393 921/622/393
f 473/618/394 472/623/394 482/624/394 483/619/394
f 469/625/395 468/626/395 478/627/395 479/628/395
f 475/629/396 474/617/396 484/620/396 485/630/396
f 472/623/397 471/631/397 481/632/397 482/624/397
f 471/631/398 470/633/398 480/634/398 481/632/398
f 144/635/399 475/629/399 485/630/399
f 470/633/400 469/625/400 479/628/400 480/634/400
f 311/636/401 307/637/401 913/638/401 917/639/401
f 144/635/402 485/630/402 498/640/402
f 480/634/403 479/628/403 147/641/403 493/642/403
f 484/620/404 483/619/404 145/643/404 497/644/404
f 483/619/405 482/624/405 495/645/405 145/643/405
f 479/628/406 478/627/406 491/646/406 147/641/406
f 485/630/407 484/620/407 497/644/407 498/640/407
f 482/624/408 481/632/408 146/647/408 495/645/408
f 913/422/266 926/648/266 919/649/266 314/423/266
f 481/632/409 480/634/409 493/642/409 146/647/409
f 558/650/410 565/651/410 567/652/410 560/653/410
f 560/653/411 567/652/411 568/654/411 559/655/411
f 559/655/412 568/654/412 566/656/412 557/657/412
f 554/658/413 558/650/413 560/653/413 556/659/413
f 556/659/414 560/653/414 559/655/414 555/660/414
f 555/660/415 559/655/415 557/657/415 553/661/415
f 550/662/416 554/658/416 556/659/416 552/663/416
f 552/663/417 556/659/417 555/660/417 551/664/417
f 551/664/418 555/660/418 553/661/418 549/665/418
f 546/666/419 550/662/419 552/663/419 548/667/419
f 548/667/420 552/663/420 551/664/420 547/668/420
f 547/668/421 551/664/421 549/665/421 545/669/421
f 542/670/422 546/666/422 548/667/422 544/671/422
f 544/671/423 548/667/423 547/668/423 543/672/423
f 543/672/424 547/668/424 545/669/424 541/673/424
f 538/674/425 542/670/425 544/671/425 540/675/425
f 540/675/426 544/671/426 543/672/426 539/676/426
f 539/676/427 543/672/427 541/673/427 537/677/427
f 534/678/428 538/674/428 540/675/428 536/679/428
f 536/679/429 540/675/429 539/676/429 535/680/429
f 535/680/430 539/676/430 537/677/430 533/681/430
f 530/682/431 534/678/431 536/679/431 532/683/431
f 532/683/432 536/679/432 535/680/432 531/684/432
f 531/684/433 535/680/433 533/681/433 529/685/433
f 526/686/434 530/682/434 532/683/434 528/687/434
f 528/687/435 532/683/435 531/684/435 527/688/435
f 527/688/436 531/684/436 529/685/436 525/689/436
f 522/690/437 526/686/437 528/687/437 524/691/437
f 524/691/438 528/687/438 527/688/438 523/692/438
f 523/692/439 527/688/439 525/689/439 521/693/439
f 518/694/440 522/690/440 524/691/440 520/695/440
f 520/695/441 524/691/441 523/692/441 519/696/441
f 519/696/442 523/692/442 521/693/442 517/697/442
f 514/698/443 518/694/443 520/695/443 516/699/443
f 516/699/444 520/695/444 519/696/444 515/700/444
f 515/700/445 519/696/445 517/697/445 513/701/445
f 510/702/446 514/698/446 516/699/446 512/703/446
f 512/703/447 516/699/447 515/700/447 511/704/447
f 511/704/448 515/700/448 513/701/448 509/705/448
f 506/706/449 510/702/449 512/703/449 508/707/449
f 508/707/450 512/703/450 511/704/450 507/708/450
f 507/708/451 511/704/451 509/705/451 505/709/451
f 502/710/452 506/706/452 508/707/452 504/711/452
f 504/711/453 508/707/453 507/708/453 503/712/453
f 503/712/454 507/708/454 505/709/454 501/713/454
f 565/651/455 561/714/455 563/715/455 567/652/455
f 567/652/456 563/715/456 564/716/456 568/654/456
f 568/654/457 564/716/457 562/717/457 566/656/457
f 445/718/458 447/719/458 506/706/458 502/710/458
f 447/719/459 462/720/459 510/702/459 506/706/459
f 462/720/460 464/721/460 514/698/460 510/702/460
f 464/721/461 476/722/461 518/694/461 514/698/461
f 476/722/462 477/723/462 522/690/462 518/694/462
f 477/723/463 486/724/463 526/686/463 522/690/463
f 486/724/464 487/725/464 530/682/464 526/686/464
f 487/725/465 488/726/465 534/678/465 530/682/465
f 488/726/466 489/727/466 538/674/466 534/678/466
f 489/727/467 490/728/467 542/670/467 538/674/467
f 490/728/468 492/729/468 546/666/468 542/670/468
f 492/729/469 494/730/469 550/662/469 546/666/469
f 494/730/470 496/731/470 554/658/470 550/662/470
f 496/731/471 499/732/471 558/650/471 554/658/471
f 499/732/472 500/733/472 565/651/472 558/650/472
f 500/733/473 138/734/473 561/714/473 565/651/473
f 570/735/474 629/736/474 631/737/474 572/738/474
f 572/739/475 631/740/475 632/741/475 571/742/475
f 571/742/476 632/741/476 630/743/476 569/744/476
f 574/745/477 570/735/477 572/738/477 576/746/477
f 576/747/478 572/739/478 571/742/478 575/748/478
f 575/748/479 571/742/479 569/744/479 573/749/479
f 578/750/480 574/745/480 576/746/480 580/751/480
f 580/752/481 576/747/481 575/748/481 579/753/481
f 579/753/482 575/748/482 573/749/482 577/754/482
f 582/755/483 578/750/483 580/751/483 584/756/483
f 584/757/484 580/752/484 579/753/484 583/758/484
f 583/758/485 579/753/485 577/754/485 581/759/485
f 586/760/486 582/755/486 584/756/486 588/761/486
f 588/762/487 584/757/487 583/758/487 587/763/487
f 587/763/488 583/758/488 581/759/488 585/764/488
f 590/765/489 586/760/489 588/761/489 592/766/489
f 592/767/490 588/762/490 587/763/490 591/768/490
f 591/768/491 587/763/491 585/764/491 589/769/491
f 594/770/492 590/765/492 592/766/492 596/771/492
f 596/772/493 592/767/493 591/768/493 595/773/493
f 595/773/494 591/768/494 589/769/494 593/774/494
f 598/775/495 594/770/495 596/771/495 600/776/495
f 600/777/496 596/772/496 595/773/496 599/778/496
f 599/778/497 595/773/497 593/774/497 597/779/497
f 602/780/498 598/775/498 600/776/498 604/781/498
f 604/782/499 600/777/499 599/778/499 603/783/499
f 603/783/500 599/778/500 597/779/500 601/784/500
f 606/785/501 602/780/501 604/781/501 608/786/501
f 608/787/502 604/782/502 603/783/502 607/788/502
f 607/788/503 603/783/503 601/784/503 605/789/503
f 610/790/504 606/785/504 608/786/504 612/791/504
f 612/792/505 608/787/505 607/788/505 611/793/505
f 611/793/506 607/788/506 605/789/506 609/794/506
f 614/795/507 610/790/507 612/791/507 616/796/507
f 616/797/508 612/792/508 611/793/508 615/798/508
f 615/798/509 611/793/509 609/794/509 613/799/509
f 618/800/510 614/795/510 616/796/510 620/801/510
f 620/802/511 616/797/511 615/798/511 619/803/511
f 619/803/512 615/798/512 613/799/512 617/804/512
f 622/805/513 618/800/513 620/801/513 624/806/513
f 624/807/514 620/802/514 619/803/514 623/808/514
f 623/808/515 619/803/515 617/804/515 621/809/515
f 626/810/516 622/805/516 624/806/516 628/811/516
f 628/812/517 624/807/517 623/808/517 627/813/517
f 627/813/518 623/808/518 621/809/518 625/814/518
f 629/736/519 633/815/519 635/816/519 631/737/519
f 631/740/520 635/817/520 636/818/520 632/741/520
f 632/741/521 636/818/521 634/819/521 630/743/521
f 141/305/522 142/303/522 573/820/522 569/821/522
f 139/189/523 141/305/523 569/821/523 630/822/523
f 574/745/524 553/823/524 557/824/524 570/735/524
f 570/735/525 557/824/525 566/825/525 629/736/525
f 578/750/526 549/826/526 553/823/526 574/745/526
f 142/303/527 143/301/527 577/827/527 573/820/527
f 582/755/528 545/828/528 549/826/528 578/750/528
f 143/301/529 148/299/529 581/829/529 577/827/529
f 586/760/92 541/830/92 545/828/92 582/755/92
f 148/299/530 149/297/530 585/831/530 581/829/530
f 590/765/531 537/832/531 541/830/531 586/760/531
f 149/297/532 150/295/532 589/833/532 585/831/532
f 594/770/533 533/834/533 537/832/533 590/765/533
f 150/295/534 151/293/534 593/835/534 589/833/534
f 598/775/535 529/836/535 533/834/535 594/770/535
f 151/293/536 288/291/536 597/837/536 593/835/536
f 288/291/537 289/289/537 601/838/537 597/837/537
f 602/780/538 525/839/538 529/836/538 598/775/538
f 289/289/539 290/287/539 605/840/539 601/838/539
f 606/785/540 521/841/540 525/839/540 602/780/540
f 290/287/541 291/285/541 609/842/541 605/840/541
f 610/790/542 517/843/542 521/841/542 606/785/542
f 614/795/543 513/844/543 517/843/543 610/790/543
f 291/285/544 292/283/544 613/845/544 609/842/544
f 292/283/545 293/281/545 617/846/545 613/845/545
f 618/800/546 509/847/546 513/844/546 614/795/546
f 293/281/547 294/279/547 621/848/547 617/846/547
f 622/805/548 505/849/548 509/847/548 618/800/548
f 294/279/549 295/278/549 625/850/549 621/848/549
f 626/810/550 501/851/550 505/849/550 622/805/550
f 140/190/551 139/189/551 630/822/551 634/852/551
f 629/736/552 566/825/552 562/853/552 633/815/552
f 638/854/553 700/855/553 702/856/553 640/857/553
f 640/857/554 702/856/554 703/858/554 639/859/554
f 639/859/555 703/858/555 701/860/555 637/861/555
f 642/862/556 638/863/556 640/864/556 644/865/556
f 644/865/557 640/864/557 639/866/557 643/867/557
f 643/867/558 639/866/558 637/868/558 641/869/558
f 646/870/559 642/862/559 644/865/559 648/871/559
f 648/871/560 644/865/560 643/867/560 647/872/560
f 647/872/561 643/867/561 641/869/561 645/873/561
f 650/874/562 646/870/562 648/871/562 652/875/562
f 652/875/563 648/871/563 647/872/563 651/876/563
f 651/876/564 647/872/564 645/873/564 649/877/564
f 654/878/565 650/874/565 652/875/565 656/879/565
f 656/879/566 652/875/566 651/876/566 655/880/566
f 655/880/567 651/876/567 649/877/567 653/881/567
f 658/882/568 654/878/568 656/879/568 660/883/568
f 660/883/569 656/879/569 655/880/569 659/884/569
f 659/884/570 655/880/570 653/881/570 657/885/570
f 662/886/571 658/882/571 660/883/571 664/887/571
f 664/887/572 660/883/572 659/884/572 663/888/572
f 663/888/573 659/884/573 657/885/573 661/889/573
f 666/890/574 662/886/574 664/887/574 668/891/574
f 668/891/575 664/887/575 663/888/575 667/892/575
f 667/892/576 663/888/576 661/889/576 665/893/576
f 670/894/577 666/890/577 668/891/577 672/895/577
f 672/895/578 668/891/578 667/892/578 671/896/578
f 671/896/579 667/892/579 665/893/579 669/897/579
f 674/898/580 670/894/580 672/895/580 676/899/580
f 676/899/581 672/895/581 671/896/581 675/900/581
f 675/900/582 671/896/582 669/897/582 673/901/582
f 678/902/583 674/898/583 676/899/583 680/903/583
f 680/903/584 676/899/584 675/900/584 679/904/584
f 679/904/585 675/900/585 673/901/585 677/905/585
f 681/906/586 678/902/586 680/903/586 683/907/586
f 683/907/587 680/903/587 679/904/587 682/908/587
f 682/908/588 679/904/588 677/905/588 757/909/588
f 685/910/589 681/906/589 683/907/589 687/911/589
f 687/911/590 683/907/590 682/908/590 686/912/590
f 686/912/591 682/908/591 757/909/591 684/913/591
f 689/914/592 685/910/592 687/911/592 691/915/592
f 691/915/593 687/911/593 686/912/593 690/916/593
f 690/916/594 686/912/594 684/913/594 688/917/594
f 693/918/595 689/914/595 691/915/595 695/919/595
f 695/919/596 691/915/596 690/916/596 694/920/596
f 694/920/597 690/916/597 688/917/597 692/921/597
f 700/855/598 697/922/598 699/923/598 702/856/598
f 702/856/599 699/923/599 698/924/599 703/858/599
f 703/858/600 698/924/600 696/925/600 701/860/600
f 434/545/601 433/547/601 638/926/601 642/927/601
f 433/552/602 432/487/602 700/928/602 638/929/602
f 435/540/603 434/545/603 642/927/603 646/930/603
f 436/538/604 435/540/604 646/930/604 650/931/604
f 446/536/605 436/538/605 650/931/605 654/932/605
f 448/534/606 446/536/606 654/932/606 658/933/606
f 449/532/607 448/534/607 658/933/607 662/934/607
f 450/530/608 449/532/608 662/934/608 666/935/608
f 451/526/609 450/530/609 666/935/609 670/936/609
f 452/524/610 451/526/610 670/936/610 674/937/610
f 453/522/611 452/524/611 674/937/611 678/938/611
f 463/520/612 453/522/612 678/938/612 681/939/612
f 465/515/613 463/520/613 681/939/613 685/940/613
f 466/511/614 465/515/614 685/940/614 689/941/614
f 467/512/615 466/511/615 689/941/615 693/942/615
f 432/487/616 431/486/616 697/943/616 700/928/616
f 704/944/617 708/945/617 710/946/617 706/947/617
f 706/948/618 710/949/618 711/950/618 707/951/618
f 707/951/619 711/950/619 709/952/619 705/953/619
f 713/954/620 709/952/620 711/950/620 715/955/620
f 715/955/621 711/950/621 710/949/621 714/956/621
f 714/957/622 710/946/622 708/945/622 712/958/622
f 712/959/623 716/960/623 718/961/623 714/962/623
f 714/963/624 718/964/624 719/965/624 715/966/624
f 715/966/625 719/965/625 717/967/625 713/968/625
f 721/969/626 717/967/626 719/965/626 723/970/626
f 723/970/627 719/965/627 718/964/627 722/971/627
f 722/972/628 718/961/628 716/960/628 720/973/628
f 720/973/629 724/974/629 726/975/629 722/972/629
f 722/971/630 726/976/630 727/977/630 723/970/630
f 723/970/631 727/977/631 725/978/631 721/969/631
f 729/979/632 725/978/632 727/977/632 731/980/632
f 731/980/633 727/977/633 726/976/633 730/981/633
f 730/982/634 726/975/634 724/974/634 728/983/634
f 728/983/635 732/984/635 734/985/635 730/982/635
f 730/981/636 734/986/636 735/987/636 731/980/636
f 731/980/637 735/987/637 733/988/637 729/979/637
f 737/989/638 733/988/638 735/987/638 739/990/638
f 739/990/639 735/987/639 734/986/639 738/991/639
f 738/992/640 734/985/640 732/984/640 736/993/640
f 736/993/641 740/994/641 742/995/641 738/992/641
f 738/991/642 742/996/642 743/997/642 739/990/642
f 739/990/643 743/997/643 741/998/643 737/989/643
f 745/999/644 741/998/644 743/997/644 747/1000/644
f 747/1000/645 743/997/645 742/996/645 746/1001/645
f 746/1002/646 742/995/646 740/994/646 744/1003/646
f 749/1004/647 745/999/647 747/1000/647 751/1005/647
f 751/1005/648 747/1000/648 746/1001/648 750/1006/648
f 750/1007/649 746/1002/649 744/1003/649 748/1008/649
f 748/1008/650 752/1009/650 754/1010/650 750/1007/650
f 750/1006/651 754/1011/651 755/1012/651 751/1005/651
f 751/1005/652 755/1012/652 753/1013/652 749/1004/652
f 757/909/653 753/1013/653 755/1012/653 759/1014/653
f 759/1014/654 755/1012/654 754/1011/654 758/1015/654
f 758/1016/655 754/1010/655 752/1009/655 756/1017/655
f 756/1017/656 760/1018/656 762/1019/656 758/1016/656
f 758/1015/657 762/1020/657 763/1021/657 759/1014/657
f 759/1014/658 763/1021/658 761/1022/658 757/909/658
f 765/1023/659 761/1022/659 763/1021/659 767/1024/659
f 767/1024/660 763/1021/660 762/1020/660 766/1025/660
f 766/1026/661 762/1019/661 760/1018/661 764/1027/661
f 764/1027/662 768/1028/662 770/1029/662 766/1026/662
f 766/1025/663 770/1030/663 771/1031/663 767/1024/663
f 767/1024/664 771/1031/664 769/1032/664 765/1023/664
f 705/953/665 709/952/665 701/860/665 696/925/665
f 491/1033/666 478/1034/666 708/945/666 704/944/666
f 709/952/667 713/954/667 637/861/667 701/860/667
f 478/1034/668 468/1035/668 712/958/668 708/945/668
f 713/968/669 717/967/669 641/869/669 637/868/669
f 468/1036/670 454/1037/670 716/960/670 712/959/670
f 717/967/671 721/969/671 645/873/671 641/869/671
f 454/1037/672 437/1038/672 720/973/672 716/960/672
f 721/969/673 725/978/673 649/877/673 645/873/673
f 437/1038/674 422/1039/674 724/974/674 720/973/674
f 422/1039/675 414/1040/675 728/983/675 724/974/675
f 725/978/676 729/979/676 653/881/676 649/877/676
f 414/1040/677 406/1041/677 732/984/677 728/983/677
f 729/979/678 733/988/678 657/885/678 653/881/678
f 406/1041/679 392/1042/679 736/993/679 732/984/679
f 733/988/680 737/989/680 661/889/680 657/885/680
f 737/989/681 741/998/681 665/893/681 661/889/681
f 392/1042/682 377/1043/682 740/994/682 736/993/682
f 741/998/683 745/999/683 669/897/683 665/893/683
f 377/1043/684 366/1044/684 744/1003/684 740/994/684
f 745/999/685 749/1004/685 673/901/685 669/897/685
f 366/1044/686 358/1045/686 748/1008/686 744/1003/686
f 749/1004/687 753/1013/687 677/905/687 673/901/687
f 358/1045/688 350/1046/688 752/1009/688 748/1008/688
f 753/1013/689 757/909/689 677/905/689
f 350/1046/690 342/1047/690 756/1017/690 752/1009/690
f 342/1047/691 334/1048/691 760/1018/691 756/1017/691
f 757/909/692 761/1022/692 684/913/692
f 761/1022/693 765/1023/693 688/917/693 684/913/693
f 334/1048/694 326/1049/694 764/1027/694 760/1018/694
f 765/1023/695 769/1032/695 692/921/695 688/917/695
f 326/1049/696 318/1050/696 768/1028/696 764/1027/696
f 773/1051/697 836/1052/697 838/1053/697 775/1054/697
f 775/1054/698 838/1053/698 839/1055/698 774/1056/698
f 774/1056/699 839/1055/699 837/1057/699 772/1058/699
f 777/1059/700 773/1060/700 775/1061/700 779/1062/700
f 779/1062/701 775/1061/701 774/1063/701 778/1064/701
f 778/1064/702 774/1063/702 772/1065/702 776/1066/702
f 781/1067/703 777/1059/703 779/1062/703 783/1068/703
f 783/1068/704 779/1062/704 778/1064/704 782/1069/704
f 782/1069/705 778/1064/705 776/1066/705 780/1070/705
f 785/1071/706 781/1067/706 783/1068/706 787/1072/706
f 787/1072/707 783/1068/707 782/1069/707 786/1073/707
f 786/1073/708 782/1069/708 780/1070/708 784/1074/708
f 789/1075/709 785/1071/709 787/1072/709 791/1076/709
f 791/1076/710 787/1072/710 786/1073/710 790/1077/710
f 790/1077/711 786/1073/711 784/1074/711 788/1078/711
f 793/1079/712 789/1075/712 791/1076/712 795/1080/712
f 795/1080/713 791/1076/713 790/1077/713 794/1081/713
f 794/1081/714 790/1077/714 788/1078/714 792/1082/714
f 797/1083/715 793/1079/715 795/1080/715 799/1084/715
f 799/1084/716 795/1080/716 794/1081/716 798/1085/716
f 798/1085/717 794/1081/717 792/1082/717 796/1086/717
f 801/1087/718 797/1083/718 799/1084/718 803/1088/718
f 803/1088/719 799/1084/719 798/1085/719 802/1089/719
f 802/1089/720 798/1085/720 796/1086/720 800/1090/720
f 805/1091/721 801/1087/721 803/1088/721 807/1092/721
f 807/1092/722 803/1088/722 802/1089/722 806/1093/722
f 806/1093/723 802/1089/723 800/1090/723 804/1094/723
f 809/1095/724 805/1091/724 807/1092/724 811/1096/724
f 811/1096/725 807/1092/725 806/1093/725 810/1097/725
f 810/1097/726 806/1093/726 804/1094/726 808/1098/726
f 813/1099/727 809/1095/727 811/1096/727 815/1100/727
f 815/1100/728 811/1096/728 810/1097/728 814/1101/728
f 814/1101/729 810/1097/729 808/1098/729 812/1102/729
f 817/1103/730 813/1099/730 815/1100/730 819/1104/730
f 819/1104/731 815/1100/731 814/1101/731 818/1105/731
f 818/1105/732 814/1101/732 812/1102/732 816/1106/732
f 821/1107/733 817/1103/733 819/1104/733 823/1108/733
f 823/1108/734 819/1104/734 818/1105/734 822/1109/734
f 822/1109/735 818/1105/735 816/1106/735 820/1110/735
f 825/1111/736 821/1107/736 823/1108/736 827/1112/736
f 827/1112/737 823/1108/737 822/1109/737 826/1113/737
f 826/1113/738 822/1109/738 820/1110/738 824/1114/738
f 829/1115/739 825/1111/739 827/1112/739 831/1116/739
f 831/1116/740 827/1112/740 826/1113/740 830/1117/740
f 830/1117/741 826/1113/741 824/1114/741 828/1118/741
f 836/1052/742 833/1119/742 835/1120/742 838/1053/742
f 838/1053/743 835/1120/743 834/1121/743 839/1055/743
f 839/1055/744 834/1121/744 832/1122/744 837/1057/744
f 375/548/745 376/546/745 776/1123/745 772/1124/745
f 374/488/746 375/553/746 772/1125/746 837/1126/746
f 376/546/747 385/541/747 780/1127/747 776/1123/747
f 385/541/748 386/539/748 784/1128/748 780/1127/748
f 386/539/749 387/537/749 788/1129/749 784/1128/749
f 908/1130/750 296/1131/750 316/1132/750 317/1133/750
f 387/537/751 388/535/751 792/1134/751 788/1129/751
f 388/535/752 389/533/752 796/1135/752 792/1134/752
f 389/533/753 390/531/753 800/1136/753 796/1135/753
f 390/531/754 391/527/754 804/1137/754 800/1136/754
f 914/398/351 915/605/351 304/608/351 305/399/351
f 391/527/755 400/525/755 808/1138/755 804/1137/755
f 400/525/756 401/523/756 812/1139/756 808/1138/756
f 401/523/757 402/521/757 816/1140/757 812/1139/757
f 402/521/758 403/516/758 820/1141/758 816/1140/758
f 403/516/759 404/514/759 824/1142/759 820/1141/759
f 910/1143/760 297/433/760 395/436/760 394/1144/760
f 404/514/761 405/513/761 828/1145/761 824/1142/761
f 409/434/762 912/1146/762 909/1147/762 408/435/762
f 379/414/763 378/542/763 311/543/763 313/415/763
f 1030/1148/764 910/1149/764 924/1150/764 928/1151/764
f 907/402/765 908/1130/765 317/1133/765 315/403/765
f 307/637/766 303/405/766 926/408/766 913/638/766
f 920/1152/267 916/397/267 308/400/267 309/1153/267
f 430/489/767 374/488/767 837/1126/767 832/1154/767
f 841/1155/768 903/1156/768 905/1157/768 843/1158/768
f 843/1158/769 905/1157/769 906/1159/769 842/1160/769
f 842/1160/770 906/1159/770 904/1161/770 840/1162/770
f 845/1163/771 841/1155/771 843/1158/771 847/1164/771
f 847/1164/772 843/1158/772 842/1160/772 846/1165/772
f 846/1165/773 842/1160/773 840/1162/773 844/1166/773
f 849/1167/774 845/1168/774 847/1169/774 851/1170/774
f 851/1170/775 847/1169/775 846/1171/775 850/1172/775
f 850/1172/776 846/1171/776 844/1173/776 848/1174/776
f 853/1175/777 849/1167/777 851/1170/777 855/1176/777
f 855/1176/778 851/1170/778 850/1172/778 854/1177/778
f 854/1177/779 850/1172/779 848/1174/779 852/1178/779
f 857/1179/780 853/1175/780 855/1176/780 859/1180/780
f 859/1180/781 855/1176/781 854/1177/781 858/1181/781
f 858/1181/782 854/1177/782 852/1178/782 856/1182/782
f 861/1183/783 857/1179/783 859/1180/783 863/1184/783
f 863/1184/784 859/1180/784 858/1181/784 862/1185/784
f 862/1185/785 858/1181/785 856/1182/785 860/1186/785
f 865/1187/786 861/1183/786 863/1184/786 867/1188/786
f 867/1188/787 863/1184/787 862/1185/787 866/1189/787
f 866/1189/788 862/1185/788 860/1186/788 864/1190/788
f 869/1191/789 865/1187/789 867/1188/789 871/1192/789
f 871/1192/790 867/1188/790 866/1189/790 870/1193/790
f 870/1193/791 866/1189/791 864/1190/791 868/1194/791
f 873/1195/792 869/1191/792 871/1192/792 875/1196/792
f 875/1196/793 871/1192/793 870/1193/793 874/1197/793
f 874/1197/794 870/1193/794 868/1194/794 872/1198/794
f 877/1199/795 873/1195/795 875/1196/795 879/1200/795
f 879/1200/796 875/1196/796 874/1197/796 878/1201/796
f 878/1201/797 874/1197/797 872/1198/797 876/1202/797
f 881/1203/798 877/1199/798 879/1200/798 883/1204/798
f 883/1204/799 879/1200/799 878/1201/799 882/1205/799
f 882/1205/800 878/1201/800 876/1202/800 880/1206/800
f 884/1207/801 881/1203/801 883/1204/801 886/1208/801
f 886/1208/802 883/1204/802 882/1205/802 885/1209/802
f 885/1209/803 882/1205/803 880/1206/803 813/1099/803
f 888/1210/804 884/1207/804 886/1208/804 890/1211/804
f 890/1211/805 886/1208/805 885/1209/805 889/1212/805
f 889/1212/806 885/1209/806 813/1099/806 887/1213/806
f 892/1214/807 888/1210/807 890/1211/807 894/1215/807
f 894/1215/808 890/1211/808 889/1212/808 893/1216/808
f 893/1216/809 889/1212/809 887/1213/809 891/1217/809
f 896/1218/810 892/1214/810 894/1215/810 898/1219/810
f 898/1219/811 894/1215/811 893/1216/811 897/1220/811
f 897/1220/812 893/1216/812 891/1217/812 895/1221/812
f 900/1222/813 896/1218/813 898/1219/813 902/1223/813
f 902/1223/814 898/1219/814 897/1220/814 901/1224/814
f 901/1224/815 897/1220/815 895/1221/815 899/1225/815
f 833/1119/816 836/1052/816 840/1162/816 904/1161/816
f 16/1226/817 17/1227/817 841/1155/817 845/1163/817
f 17/1227/818 1/1228/818 903/1156/818 841/1155/818
f 836/1052/819 773/1051/819 844/1166/819 840/1162/819
f 15/1229/820 16/1230/820 845/1168/820 849/1167/820
f 773/1060/821 777/1059/821 848/1174/821 844/1173/821
f 14/1231/822 15/1229/822 849/1167/822 853/1175/822
f 777/1059/823 781/1067/823 852/1178/823 848/1174/823
f 13/1232/824 14/1231/824 853/1175/824 857/1179/824
f 781/1067/825 785/1071/825 856/1182/825 852/1178/825
f 12/1233/826 13/1232/826 857/1179/826 861/1183/826
f 785/1071/827 789/1075/827 860/1186/827 856/1182/827
f 11/1234/828 12/1233/828 861/1183/828 865/1187/828
f 789/1075/829 793/1079/829 864/1190/829 860/1186/829
f 10/1235/830 11/1234/830 865/1187/830 869/1191/830
f 793/1079/831 797/1083/831 868/1194/831 864/1190/831
f 9/1236/832 10/1235/832 869/1191/832 873/1195/832
f 797/1083/833 801/1087/833 872/1198/833 868/1194/833
f 8/1237/834 9/1236/834 873/1195/834 877/1199/834
f 801/1087/835 805/1091/835 876/1202/835 872/1198/835
f 7/1238/836 8/1237/836 877/1199/836 881/1203/836
f 805/1091/837 809/1095/837 880/1206/837 876/1202/837
f 6/1239/838 7/1238/838 881/1203/838 884/1207/838
f 809/1095/839 813/1099/839 880/1206/839
f 5/1240/840 6/1239/840 884/1207/840 888/1210/840
f 813/1099/841 817/1103/841 887/1213/841
f 4/1241/842 5/1240/842 888/1210/842 892/1214/842
f 817/1103/843 821/1107/843 891/1217/843 887/1213/843
f 3/1242/844 4/1241/844 892/1214/844 896/1218/844
f 821/1107/845 825/1111/845 895/1221/845 891/1217/845
f 2/1243/846 3/1242/846 896/1218/846 900/1222/846
f 825/1111/847 829/1115/847 899/1225/847 895/1221/847
f 918/426/763 917/421/763 315/424/763 317/427/763
f 926/648/262 920/1152/262 309/1153/262 919/649/262
f 922/606/268 921/1244/268 928/1245/268 924/607/268
f 921/1244/264 923/1246/264 927/1247/264 928/1245/264
f 923/1246/352 925/425/352 316/428/352 927/1247/352
f 296/1131/848 911/1248/848 927/1249/848 316/1132/848
f 299/406/849 301/1250/849 916/1251/849 920/407/849
f 300/1252/850 298/1253/850 915/1254/850 914/1255/850
f 313/1256/851 311/636/851 917/639/851 918/1257/851
f 302/1258/852 306/621/852 921/622/852 922/1259/852
f 298/1253/853 302/1258/853 922/1259/853 915/1254/853
f 408/1260/854 909/1261/854 309/1262/854 308/1263/854
f 911/1248/855 1030/1148/855 928/1151/855 927/1249/855
f 312/410/856 313/1256/856 918/1257/856 925/411/856
f 912/1264/857 1008/401/857 314/404/857 919/1265/857
f 301/1250/858 300/1252/858 914/1255/858 916/1251/858
f 909/1261/859 912/1264/859 919/1265/859 309/1262/859
f 910/1149/860 394/597/860 304/600/860 924/1150/860
f 395/598/861 408/1260/861 308/1263/861 305/599/861
f 930/1266/862 959/1267/862 954/1268/862 955/1269/862
f 929/1270/863 958/1271/863 959/1267/863 930/1266/863
f 943/1272/864 942/1273/864 934/1274/864 935/1275/864
f 941/1276/865 940/1277/865 937/1278/865 936/1279/865
f 937/1280/866 938/1281/866 934/1282/866 936/1283/866
f 938/1284/867 939/1285/867 935/1286/867 934/1287/867
f 944/1288/868 943/1289/868 935/1290/868 939/1291/868
f 942/1273/869 941/1292/869 936/1293/869 934/1274/869
f 931/1294/869 933/1295/869 941/1292/869 942/1273/869
f 932/1296/864 931/1294/864 942/1273/864 943/1272/864
f 1069/1297/870 1068/1298/870 949/1299/870 952/1300/870
f 1067/1301/871 1066/1302/871 951/1303/871 947/1304/871
f 940/1305/872 945/1306/872 946/1307/872
f 945/1308/873 944/1309/873 946/1310/873
f 1003/1311/874 1002/1312/874 951/1313/874 952/1314/874
f 986/1315/875 1003/1316/875 952/1300/875 949/1299/875
f 1071/1317/876 1070/1318/876 948/1319/876 950/1320/876
f 1070/1321/877 1067/1322/877 947/1323/877 948/1324/877
f 1066/1325/878 1069/1326/878 952/1314/878 951/1313/878
f 1068/1327/879 1071/1317/879 950/1320/879 949/1328/879
f 953/1329/880 957/1330/880 967/1331/880 956/1332/880
f 960/1333/881 964/1334/881 970/1335/881 963/1336/881
f 953/1337/882 961/1338/882 966/1339/882 957/1340/882
f 957/1340/883 966/1339/883 965/1341/883 958/1342/883
f 958/1342/884 965/1341/884 964/1334/884 959/1343/884
f 959/1343/885 964/1334/885 960/1333/885 954/1344/885
f 409/434/886 297/433/886 961/1338/886 953/1337/886
f 967/1331/887 957/1330/887 958/1271/887 929/1270/887
f 970/1335/888 964/1334/888 965/1341/888 969/1345/888
f 969/1345/889 965/1341/889 966/1339/889 968/1346/889
f 968/1346/890 966/1339/890 961/1338/890 962/1347/890
f 985/1348/891 986/1349/891 949/1328/891 950/1320/891
f 984/1350/892 985/1348/892 950/1320/892 948/1319/892
f 1000/1351/893 983/302/893 984/304/893 1001/1352/893
f 999/1353/894 982/300/894 983/302/894 1000/1351/894
f 998/1354/92 981/298/92 982/300/92 999/1353/92
f 997/1355/895 980/296/895 981/298/895 998/1354/895
f 996/1356/896 979/294/896 980/296/896 997/1355/896
f 995/1357/897 978/292/897 979/294/897 996/1356/897
f 994/1358/898 977/290/898 978/292/898 995/1357/898
f 993/1359/899 976/288/899 977/290/899 994/1358/899
f 992/1360/900 975/286/900 976/288/900 993/1359/900
f 991/1361/901 974/284/901 975/286/901 992/1360/901
f 990/1362/902 973/282/902 974/284/902 991/1361/902
f 989/1363/903 972/280/903 973/282/903 990/1362/903
f 988/1364/904 971/277/904 972/280/904 989/1363/904
f 1003/1365/905 986/188/905 987/191/905 1004/1366/905
f 17/1367/906 1003/1365/906 1004/1366/906 1/1368/906
f 2/1369/907 988/1364/907 989/1363/907 3/1370/907
f 3/1370/908 989/1363/908 990/1362/908 4/1371/908
f 4/1371/909 990/1362/909 991/1361/909 5/1372/909
f 5/1372/910 991/1361/910 992/1360/910 6/1373/910
f 6/1373/911 992/1360/911 993/1359/911 7/1374/911
f 7/1374/912 993/1359/912 994/1358/912 8/1375/912
f 8/1375/913 994/1358/913 995/1357/913 9/1376/913
f 9/1376/914 995/1357/914 996/1356/914 10/1377/914
f 10/1377/915 996/1356/915 997/1355/915 11/1378/915
f 11/1378/916 997/1355/916 998/1354/916 12/1379/916
f 12/1379/92 998/1354/92 999/1353/92 13/1380/92
f 13/1380/917 999/1353/917 1000/1351/917 14/1381/917
f 14/1381/918 1000/1351/918 1001/1352/918 15/1382/918
f 15/1382/919 1001/1352/919 1002/1383/919 16/1384/919
f 16/1385/920 1002/1386/920 1003/1365/920 17/1367/920
f 1002/1387/921 1001/1388/921 947/1304/921 951/1303/921
f 1001/1389/922 984/1390/922 948/1324/922 947/1323/922
f 1005/1391/923 1009/1392/923 1006/1393/923 1007/1394/923 1008/1395/923
f 1011/1396/924 1006/1393/924 1009/1392/924 1012/1397/924
f 1012/1397/925 1009/1392/925 1005/1391/925 1010/1398/925
f 1026/1399/926 1019/1400/926 1021/1401/926 1027/1402/926
f 1027/1402/927 1021/1401/927 1020/1403/927 1025/1404/927
f 1023/1405/928 1026/1399/928 1027/1402/928 1024/1406/928
f 1024/1406/929 1027/1402/929 1025/1404/929 1022/1407/929
f 1010/1398/930 1023/1405/930 1024/1406/930 1012/1397/930
f 1012/1397/931 1024/1406/931 1022/1407/931 1011/1396/931
f 1019/1400/932 1014/1408/932 1015/1409/932 1021/1401/932
f 1021/1401/933 1015/1409/933 1013/1410/933 1020/1403/933
f 1005/1391/934 1008/1395/934 912/1146/934 409/434/934
f 1005/1391/935 409/434/935 953/1329/935 956/1332/935 1010/1398/935
f 908/1411/936 907/1412/936 1008/1395/936 1007/1394/936
f 1010/1398/937 956/1332/937 967/1331/937 1023/1405/937
f 1019/1400/938 930/1266/938 955/1269/938 1014/1408/938
f 933/1413/939 1018/1414/939 1017/1415/939 940/1277/939 941/1276/939
f 1026/1399/937 929/1270/937 930/1266/937 1019/1400/937
f 1023/1405/935 967/1331/935 929/1270/935 1026/1399/935
f 1028/1416/940 1031/1417/940 1029/1418/940 1030/1419/940 296/1420/940
f 1028/1416/941 1032/1421/941 1034/1422/941 1031/1417/941
f 1031/1417/942 1034/1422/942 1033/1423/942 1029/1418/942
f 1041/1424/943 1076/1425/943 1078/1426/943 1042/1427/943
f 1042/1427/944 1078/1426/944 1075/1428/944 1016/1429/944
f 1038/1430/945 1041/1431/945 1042/1432/945 1040/1433/945
f 1040/1434/946 1042/1435/946 1016/1436/946 1039/1437/946
f 1047/1438/947 1049/1439/947 1051/1440/947 1048/1441/947
f 1048/1441/948 1051/1440/948 1050/1442/948 1046/1443/948
f 1049/1439/949 1043/1444/949 1045/1445/949 1051/1440/949
f 1051/1440/950 1045/1445/950 1044/1446/950 1050/1442/950
f 1043/1444/951 1033/1423/951 1034/1422/951 1045/1445/951
f 1045/1445/952 1034/1422/952 1032/1421/952 1044/1446/952
f 1035/1447/953 1047/1438/953 1048/1441/953 1037/1448/953
f 1037/1448/954 1048/1441/954 1046/1443/954 1036/1449/954
f 1030/1419/955 1029/1418/955 297/433/955 910/1143/955
f 297/433/956 1029/1418/956 1033/1423/956 962/1347/956 961/1338/956
f 1028/1416/957 1006/1450/957 1011/1451/957 1032/1421/957
f 911/1452/958 296/1420/958 1030/1419/958
f 296/1420/959 908/1411/959 1007/1394/959 1006/1450/959 1028/1416/959
f 1043/1444/960 968/1346/960 962/1347/960 1033/1423/960
f 1032/1421/957 1011/1451/957 1022/1453/957 1044/1446/957
f 1036/1449/961 1013/1454/961 1073/1455/961
f 963/1336/962 970/1335/962 1047/1438/962 1035/1447/962
f 1046/1443/963 1020/1456/963 1013/1454/963 1036/1449/963
f 1016/1436/964 1018/1414/964 933/1413/964 1039/1437/964
f 931/1294/886 932/1296/886 1038/1457/886 1040/1458/886 1039/1459/886 933/1295/886
f 1025/1460/965 1050/1442/965 1044/1446/965 1022/1453/965
f 1049/1439/960 969/1345/960 968/1346/960 1043/1444/960
f 1020/1456/966 1046/1443/966 1050/1442/966 1025/1460/966
f 1047/1438/956 970/1335/956 969/1345/956 1049/1439/956
f 1055/1461/967 1059/1462/967 1077/1463/967 1057/1464/967 1058/1465/967
f 1055/1466/968 1052/1467/968 1054/1468/968 1059/1462/968
f 1059/1462/969 1054/1468/969 1053/1469/969 1056/1470/969
f 1063/1471/970 1060/1472/970 1062/1473/970 1065/1474/970
f 1065/1474/971 1062/1473/971 1061/1475/971 1064/1476/971
f 1052/1477/972 1061/1475/972 1062/1473/972 1054/1478/972
f 1054/1478/973 1062/1473/973 1060/1472/973 1053/1479/973
f 954/1344/974 960/1333/974 1056/1470/974 1053/1469/974
f 1014/1408/975 955/1269/975 954/1268/975 1053/1479/975 1060/1472/975
f 1052/1480/976 1055/1481/976 944/1309/976 945/1308/976
f 1017/1482/977 1061/1483/977 1052/1484/977 945/1306/977 940/1305/977
f 1058/1485/978 1057/1486/978 1041/1431/978 1038/1430/978 932/1487/978
f 1055/1488/979 1058/1485/979 932/1487/979 943/1289/979 944/1288/979
f 960/1333/980 963/1336/980 1035/1447/980 1074/1489/980 1056/1470/980
f 1014/1408/981 1060/1472/981 1063/1471/981 1015/1409/981
f 1016/1490/982 1064/1476/982 1018/1491/982
f 1015/1409/983 1063/1471/983 1073/1492/983 1013/1410/983
f 939/1493/984 938/1494/984 1071/1317/984 1068/1327/984
f 946/1310/985 944/1309/985 1069/1326/985 1066/1325/985
f 937/1278/986 940/1277/986 1067/1322/986 1070/1321/986
f 938/1495/987 937/1496/987 1070/1318/987 1071/1317/987
f 940/1305/988 946/1307/988 1066/1302/988 1067/1301/988
f 944/1288/989 939/1291/989 1068/1298/989 1069/1297/989
f 1075/1497/990 1065/1474/990 1064/1476/990 1016/1490/990
f 1056/1470/980 1074/1489/980 1076/1425/980 1077/1463/980
f 1073/1492/991 1063/1471/991 1065/1474/991 1075/1497/991
f 1072/1498/992 1074/1489/992 1035/1447/992 1037/1448/992
f 1073/1455/993 1072/1498/993 1037/1448/993 1036/1449/993
f 1078/1426/943 1076/1425/943 1074/1489/943 1072/1498/943
f 1077/1463/994 1059/1462/994 1056/1470/994
f 1075/1428/944 1078/1426/944 1072/1498/944 1073/1455/944
f 1077/1463/980 1076/1425/980 1041/1424/980 1057/1464/980
f 1018/1491/995 1064/1476/995 1061/1475/995 1017/1499/995
f 95/1500/223 87/393/223 96/395/223
f 89/394/223 87/393/223 90/1501/223
f 90/1501/223 87/393/223 91/1502/223
f 91/1502/223 87/393/223 92/1503/223
f 92/1503/223 87/393/223 93/1504/223
f 93/1504/223 87/393/223 94/1505/223
f 94/1505/223 87/393/223 95/1500/223
f 97/396/223 87/393/223 98/1506/223
f 98/1506/223 87/393/223 99/1507/223
f 99/1507/223 87/393/223 100/1508/223
f 100/1508/223 87/393/223 101/1509/223
f 101/1509/223 87/393/223 102/1510/223
f 102/1510/223 87/393/223 103/1511/223
f 103/1511/223 87/393/223 86/1512/223
f 1095/1513/996 1097/1514/996 25/1515/996 23/1516/996
f 1097/1514/997 1096/1517/997 24/1518/997 25/1515/997
f 1096/1519/998 1094/1520/998 22/1521/998 24/1522/998
f 1099/1523/999 1101/1524/999 1097/1514/999 1095/1513/999
f 1101/1524/1000 1100/1525/1000 1096/1517/1000 1097/1514/1000
f 1100/1526/1001 1098/1527/1001 1094/1520/1001 1096/1519/1001
f 1103/1528/1002 1105/1529/1002 1101/1524/1002 1099/1523/1002
f 1105/1529/1003 1104/1530/1003 1100/1525/1003 1101/1524/1003
f 1104/1531/1004 1102/1532/1004 1098/1527/1004 1100/1526/1004
f 1107/1533/1005 1109/1534/1005 1105/1529/1005 1103/1528/1005
f 1109/1534/1006 1108/1535/1006 1104/1530/1006 1105/1529/1006
f 1108/1536/1007 1106/1537/1007 1102/1532/1007 1104/1531/1007
f 1111/1538/1008 1113/1539/1008 1109/1534/1008 1107/1533/1008
f 1113/1539/1009 1112/1540/1009 1108/1535/1009 1109/1534/1009
f 1112/1541/1010 1110/1542/1010 1106/1537/1010 1108/1536/1010
f 1115/1543/1011 1117/1544/1011 1113/1539/1011 1111/1538/1011
f 1117/1544/1012 1116/1545/1012 1112/1540/1012 1113/1539/1012
f 1116/1546/1013 1114/1547/1013 1110/1542/1013 1112/1541/1013
f 1119/1548/1014 1121/1549/1014 1117/1544/1014 1115/1543/1014
f 1121/1549/1015 1120/1550/1015 1116/1545/1015 1117/1544/1015
f 1120/1551/1016 1118/1552/1016 1114/1547/1016 1116/1546/1016
f 1123/1553/1017 1125/1554/1017 1121/1549/1017 1119/1548/1017
f 1125/1554/1018 1124/1555/1018 1120/1550/1018 1121/1549/1018
f 1124/1556/1019 1122/1557/1019 1118/1552/1019 1120/1551/1019
f 1127/1558/1020 1129/1559/1020 1125/1554/1020 1123/1553/1020
f 1129/1559/1021 1128/1560/1021 1124/1555/1021 1125/1554/1021
f 1128/1561/1022 1126/1562/1022 1122/1557/1022 1124/1556/1022
f 1131/1563/1023 1133/1564/1023 1129/1559/1023 1127/1558/1023
f 1133/1564/1024 1132/1565/1024 1128/1560/1024 1129/1559/1024
f 1132/1566/1025 1130/1567/1025 1126/1562/1025 1128/1561/1025
f 1135/1568/1026 1137/1569/1026 1133/1564/1026 1131/1563/1026
f 1137/1569/1027 1136/1570/1027 1132/1565/1027 1133/1564/1027
f 1136/1571/1028 1134/1572/1028 1130/1567/1028 1132/1566/1028
f 1139/1573/1029 1141/1574/1029 1137/1569/1029 1135/1568/1029
f 1141/1574/1030 1140/1575/1030 1136/1570/1030 1137/1569/1030
f 1140/1576/1031 1138/1577/1031 1134/1572/1031 1136/1571/1031
f 1143/1578/1032 1145/1579/1032 1141/1574/1032 1139/1573/1032
f 1145/1579/1033 1144/1580/1033 1140/1575/1033 1141/1574/1033
f 1144/1581/1034 1142/1582/1034 1138/1577/1034 1140/1576/1034
f 1147/1583/1035 1149/1584/1035 1145/1579/1035 1143/1578/1035
f 1149/1584/1036 1148/1585/1036 1144/1580/1036 1145/1579/1036
f 1148/1586/1037 1146/1587/1037 1142/1582/1037 1144/1581/1037
f 1151/1588/1038 1153/1589/1038 1149/1584/1038 1147/1583/1038
f 1153/1589/1039 1152/1590/1039 1148/1585/1039 1149/1584/1039
f 1152/1591/1040 1150/1592/1040 1146/1587/1040 1148/1586/1040
f 19/81/1041 21/82/1041 1153/1589/1041 1151/1588/1041
f 21/82/1042 20/83/1042 1152/1590/1042 1153/1589/1042
f 20/84/1043 18/85/1043 1150/1592/1043 1152/1591/1043
f 1169/1593/1044 104/89/1044 19/88/1044 1151/1594/1044
f 106/1595/1045 1170/1596/1045 1095/1597/1045 23/1598/1045
f 1170/1596/1046 1171/1599/1046 1099/1600/1046 1095/1597/1046
f 1171/1599/1047 1172/1601/1047 1103/1602/1047 1099/1600/1047
f 1172/1601/1048 1173/1603/1048 1107/1604/1048 1103/1602/1048
f 1173/1603/1049 1174/1605/1049 1111/1606/1049 1107/1604/1049
f 1174/1605/1050 1175/1607/1050 1115/1608/1050 1111/1606/1050
f 1175/1607/1051 1176/1609/1051 1119/1610/1051 1115/1608/1051
f 1176/1609/1052 1177/1611/1052 1123/1612/1052 1119/1610/1052
f 1177/1611/1053 1178/1613/1053 1127/1614/1053 1123/1612/1053
f 1178/1613/1054 1179/1615/1054 1131/1616/1054 1127/1614/1054
f 1179/1615/1055 1180/1617/1055 1135/1618/1055 1131/1616/1055
f 1180/1617/1056 1181/1619/1056 1139/1620/1056 1135/1618/1056
f 1181/1619/1057 1182/1621/1057 1143/1622/1057 1139/1620/1057
f 1182/1621/1058 1183/1623/1058 1147/1624/1058 1143/1622/1058
f 1183/1623/1059 1169/1593/1059 1151/1594/1059 1147/1624/1059
f 1098/1625/1060 1155/1626/1060 1154/1627/1060 1094/1628/1060
f 1106/1629/1061 1157/1630/1061 1156/1631/1061 1102/1632/1061
f 18/1633/1062 86/1634/1062 1168/1635/1062 1150/1636/1062
f 1114/1637/1063 1159/1638/1063 1158/1639/1063 1110/1640/1063
f 1122/1641/1064 1161/1642/1064 1160/1643/1064 1118/1644/1064
f 1130/1645/1065 1163/1646/1065 1162/1647/1065 1126/1648/1065
f 1138/1649/1066 1165/1650/1066 1164/1651/1066 1134/1652/1066
f 1146/1653/1067 1167/1654/1067 1166/1655/1067 1142/1656/1067
f 1094/1628/1068 1154/1627/1068 88/1657/1068 22/1658/1068
f 1102/1632/1069 1156/1631/1069 1155/1626/1069 1098/1625/1069
f 1110/1640/1070 1158/1639/1070 1157/1630/1070 1106/1629/1070
f 1118/1644/1071 1160/1643/1071 1159/1638/1071 1114/1637/1071
f 1126/1648/1072 1162/1647/1072 1161/1642/1072 1122/1641/1072
f 1134/1652/1073 1164/1651/1073 1163/1646/1073 1130/1645/1073
f 1142/1656/1074 1166/1655/1074 1165/1650/1074 1138/1649/1074
f 1150/1636/1075 1168/1635/1075 1167/1654/1075 1146/1653/1075
f 1520/1659/1076 138/157/1076 136/156/1076 1198/1660/1076
f 445/1661/1077 1473/1662/1077 1184/1663/1077 121/1664/1077
f 1473/1662/1078 1488/1665/1078 1185/1666/1078 1184/1663/1078
f 1488/1665/1079 1490/1667/1079 1186/1668/1079 1185/1666/1079
f 1490/1667/1080 1501/1669/1080 1187/1670/1080 1186/1668/1080
f 1501/1669/1081 1502/1671/1081 1188/1672/1081 1187/1670/1081
f 1502/1671/1082 1511/1673/1082 1189/1674/1082 1188/1672/1082
f 1511/1673/1083 1512/1675/1083 1190/1676/1083 1189/1674/1083
f 1512/1675/1084 1513/1677/1084 1191/1678/1084 1190/1676/1084
f 1513/1677/1085 1514/1679/1085 1192/1680/1085 1191/1678/1085
f 1514/1679/1086 1515/1681/1086 1193/1682/1086 1192/1680/1086
f 1515/1681/1087 1516/1683/1087 1194/1684/1087 1193/1682/1087
f 1516/1683/1088 1517/1685/1088 1195/1686/1088 1194/1684/1088
f 1517/1685/1089 1518/1687/1089 1196/1688/1089 1195/1686/1089
f 1518/1687/1090 1519/1689/1090 1197/1690/1090 1196/1688/1090
f 1519/1689/1091 1520/1659/1091 1198/1660/1091 1197/1690/1091
f 1957/1691/1092 987/1692/1092 140/1693/1092 1199/1694/1092
f 1212/1695/1093 1214/1696/1093 1209/1697/1093 1207/1698/1093
f 1214/1696/1094 1213/1699/1094 1210/1700/1094 1209/1697/1094
f 1213/1701/1095 1211/1702/1095 1208/1703/1095 1210/1704/1095
f 1216/1705/1096 1218/1706/1096 1214/1696/1096 1212/1695/1096
f 1218/1706/1097 1217/1707/1097 1213/1699/1097 1214/1696/1097
f 1217/1708/1098 1215/1709/1098 1211/1702/1098 1213/1701/1098
f 1220/1710/1099 1222/1711/1099 1218/1706/1099 1216/1705/1099
f 1222/1711/1100 1221/1712/1100 1217/1707/1100 1218/1706/1100
f 1221/1713/1101 1219/1714/1101 1215/1709/1101 1217/1708/1101
f 1224/1715/1102 1226/1716/1102 1222/1711/1102 1220/1710/1102
f 1226/1716/1103 1225/1717/1103 1221/1712/1103 1222/1711/1103
f 1225/1718/1104 1223/1719/1104 1219/1714/1104 1221/1713/1104
f 1228/1720/1105 1230/1721/1105 1226/1716/1105 1224/1715/1105
f 1230/1721/1106 1229/1722/1106 1225/1717/1106 1226/1716/1106
f 1229/1723/1107 1227/1724/1107 1223/1719/1107 1225/1718/1107
f 1232/1725/1108 1234/1726/1108 1230/1721/1108 1228/1720/1108
f 1234/1726/1109 1233/1727/1109 1229/1722/1109 1230/1721/1109
f 1233/1728/1110 1231/1729/1110 1227/1724/1110 1229/1723/1110
f 1236/1730/1111 1238/1731/1111 1234/1726/1111 1232/1725/1111
f 1238/1731/1112 1237/1732/1112 1233/1727/1112 1234/1726/1112
f 1237/1733/1113 1235/1734/1113 1231/1729/1113 1233/1728/1113
f 1240/1735/1114 1242/1736/1114 1238/1731/1114 1236/1730/1114
f 1242/1736/1115 1241/1737/1115 1237/1732/1115 1238/1731/1115
f 1241/1738/1116 1239/1739/1116 1235/1734/1116 1237/1733/1116
f 1244/1740/1117 1246/1741/1117 1242/1736/1117 1240/1735/1117
f 1246/1741/1118 1245/1742/1118 1241/1737/1118 1242/1736/1118
f 1245/1743/1119 1243/1744/1119 1239/1739/1119 1241/1738/1119
f 1248/1745/1120 1250/1746/1120 1246/1741/1120 1244/1740/1120
f 1250/1746/1121 1249/1747/1121 1245/1742/1121 1246/1741/1121
f 1249/1748/1122 1247/1749/1122 1243/1744/1122 1245/1743/1122
f 1252/1750/1123 1254/1751/1123 1250/1746/1123 1248/1745/1123
f 1254/1751/1124 1253/1752/1124 1249/1747/1124 1250/1746/1124
f 1253/1753/1125 1251/1754/1125 1247/1749/1125 1249/1748/1125
f 1256/1755/1126 1258/1756/1126 1254/1751/1126 1252/1750/1126
f 1258/1756/1127 1257/1757/1127 1253/1752/1127 1254/1751/1127
f 1257/1758/1128 1255/1759/1128 1251/1754/1128 1253/1753/1128
f 1260/1760/1129 1262/1761/1129 1258/1756/1129 1256/1755/1129
f 1262/1761/1130 1261/1762/1130 1257/1757/1130 1258/1756/1130
f 1261/1763/1131 1259/1764/1131 1255/1759/1131 1257/1758/1131
f 1264/1765/1132 1266/1766/1132 1262/1761/1132 1260/1760/1132
f 1266/1766/1133 1265/1767/1133 1261/1762/1133 1262/1761/1133
f 1265/1768/1134 1263/1769/1134 1259/1764/1134 1261/1763/1134
f 217/1770/1135 219/1771/1135 1266/1766/1135 1264/1765/1135
f 219/1771/1136 218/1772/1136 1265/1767/1136 1266/1766/1136
f 218/1773/1137 216/1774/1137 1263/1769/1137 1265/1768/1137
f 1207/1698/1138 1209/1697/1138 154/273/1138 152/272/1138
f 1209/1697/1139 1210/1700/1139 155/274/1139 154/273/1139
f 1210/1704/1140 1208/1703/1140 153/276/1140 155/275/1140
f 1169/1593/1141 1207/1698/1141 152/272/1141 104/89/1141
f 1183/1623/1142 1212/1695/1142 1207/1698/1142 1169/1593/1142
f 1182/1621/1143 1216/1705/1143 1212/1695/1143 1183/1623/1143
f 971/1775/1144 1943/1776/1144 1333/1777/1144 295/1778/1144
f 1181/1619/1145 1220/1710/1145 1216/1705/1145 1182/1621/1145
f 1180/1617/1146 1224/1715/1146 1220/1710/1146 1181/1619/1146
f 1179/1615/1147 1228/1720/1147 1224/1715/1147 1180/1617/1147
f 1178/1613/1148 1232/1725/1148 1228/1720/1148 1179/1615/1148
f 1177/1611/1149 1236/1730/1149 1232/1725/1149 1178/1613/1149
f 1943/1776/1150 1944/1779/1150 1332/1780/1150 1333/1777/1150
f 1176/1609/1151 1240/1735/1151 1236/1730/1151 1177/1611/1151
f 1944/1779/1152 1945/1781/1152 1331/1782/1152 1332/1780/1152
f 1175/1607/1153 1244/1740/1153 1240/1735/1153 1176/1609/1153
f 1945/1781/1154 1946/1783/1154 1330/1784/1154 1331/1782/1154
f 1174/1605/1155 1248/1745/1155 1244/1740/1155 1175/1607/1155
f 1173/1603/1156 1252/1750/1156 1248/1745/1156 1174/1605/1156
f 1946/1783/1157 1947/1785/1157 1329/1786/1157 1330/1784/1157
f 1172/1601/1158 1256/1755/1158 1252/1750/1158 1173/1603/1158
f 1171/1599/1159 1260/1760/1159 1256/1755/1159 1172/1601/1159
f 1947/1785/1160 1948/1787/1160 1328/1788/1160 1329/1786/1160
f 1170/1596/1161 1264/1765/1161 1260/1760/1161 1171/1599/1161
f 106/1595/1162 217/1770/1162 1264/1765/1162 1170/1596/1162
f 1948/1787/1163 1949/1789/1163 1327/1790/1163 1328/1788/1163
f 1949/1789/1164 1950/1791/1164 1206/1792/1164 1327/1790/1164
f 1950/1791/1165 1951/1793/1165 1205/1794/1165 1206/1792/1165
f 1951/1793/1166 1952/1795/1166 1204/1796/1166 1205/1794/1166
f 1952/1795/1087 1953/1797/1087 1203/1798/1087 1204/1796/1087
f 1953/1797/1167 1954/1799/1167 1202/1800/1167 1203/1798/1167
f 1954/1799/1168 1955/1801/1168 1201/1802/1168 1202/1800/1168
f 1955/1801/1169 1956/1803/1169 1200/1804/1169 1201/1802/1169
f 1268/1805/1170 1270/1806/1170 223/309/1170 221/308/1170
f 1270/1807/1171 1269/1808/1171 222/313/1171 223/312/1171
f 1269/1808/1172 1267/1809/1172 220/315/1172 222/313/1172
f 228/1810/1173 230/1811/1173 1273/1812/1173 1271/1813/1173
f 230/1814/1174 231/1815/1174 1274/1816/1174 1273/1817/1174
f 231/1815/1175 229/1818/1175 1272/1819/1175 1274/1816/1175
f 1271/1813/1176 1273/1812/1176 1277/1820/1176 1275/1821/1176
f 1273/1817/1177 1274/1816/1177 1278/1822/1177 1277/1823/1177
f 1274/1816/1178 1272/1819/1178 1276/1824/1178 1278/1822/1178
f 1275/1821/1179 1277/1820/1179 1281/1825/1179 1279/1826/1179
f 1277/1823/1180 1278/1822/1180 1282/1827/1180 1281/1828/1180
f 1278/1822/1181 1276/1824/1181 1280/1829/1181 1282/1827/1181
f 1279/1826/1182 1281/1825/1182 1285/1830/1182 1283/1831/1182
f 1281/1828/1183 1282/1827/1183 1286/1832/1183 1285/1833/1183
f 1282/1827/1184 1280/1829/1184 1284/1834/1184 1286/1832/1184
f 1283/1831/1185 1285/1830/1185 1289/1835/1185 1287/1836/1185
f 1285/1833/1186 1286/1832/1186 1290/1837/1186 1289/1838/1186
f 1286/1832/1187 1284/1834/1187 1288/1839/1187 1290/1837/1187
f 1287/1836/1188 1289/1835/1188 1293/1840/1188 1291/1841/1188
f 1289/1838/1189 1290/1837/1189 1294/1842/1189 1293/1843/1189
f 1290/1837/1190 1288/1839/1190 1292/1844/1190 1294/1842/1190
f 1291/1841/1191 1293/1840/1191 1297/1845/1191 1295/1846/1191
f 1293/1843/1192 1294/1842/1192 1298/1847/1192 1297/1848/1192
f 1294/1842/1193 1292/1844/1193 1296/1849/1193 1298/1847/1193
f 1295/1846/1194 1297/1845/1194 1301/1850/1194 1299/1851/1194
f 1297/1848/1195 1298/1847/1195 1302/1852/1195 1301/1853/1195
f 1298/1847/1196 1296/1849/1196 1300/1854/1196 1302/1852/1196
f 1299/1851/1197 1301/1850/1197 1305/1855/1197 1303/1856/1197
f 1301/1853/1198 1302/1852/1198 1306/1857/1198 1305/1858/1198
f 1302/1852/1199 1300/1854/1199 1304/1859/1199 1306/1857/1199
f 1303/1856/1200 1305/1855/1200 1309/1860/1200 1307/1861/1200
f 1305/1858/1201 1306/1857/1201 1310/1862/1201 1309/1863/1201
f 1306/1857/1202 1304/1859/1202 1308/1864/1202 1310/1862/1202
f 1307/1861/1203 1309/1860/1203 1313/1865/1203 1311/1866/1203
f 1309/1863/1204 1310/1862/1204 1314/1867/1204 1313/1868/1204
f 1310/1862/1205 1308/1864/1205 1312/1869/1205 1314/1867/1205
f 1311/1866/1206 1313/1865/1206 1317/1870/1206 1315/1871/1206
f 1313/1868/1207 1314/1867/1207 1318/1872/1207 1317/1873/1207
f 1314/1867/1208 1312/1869/1208 1316/1874/1208 1318/1872/1208
f 1315/1871/1209 1317/1870/1209 1321/1875/1209 1319/1876/1209
f 1317/1873/1210 1318/1872/1210 1322/1877/1210 1321/1878/1210
f 1318/1872/1211 1316/1874/1211 1320/1879/1211 1322/1877/1211
f 1319/1876/1212 1321/1875/1212 1325/1880/1212 1323/1881/1212
f 1321/1878/1213 1322/1877/1213 1326/1882/1213 1325/1883/1213
f 1322/1877/1214 1320/1879/1214 1324/1884/1214 1326/1882/1214
f 1323/1881/1215 1325/1880/1215 1270/1806/1215 1268/1805/1215
f 1325/1883/1216 1326/1882/1216 1269/1808/1216 1270/1807/1216
f 1326/1882/1217 1324/1884/1217 1267/1809/1217 1269/1808/1217
f 88/1885/223 1154/1886/223 87/1887/223
f 1161/1888/223 1162/1889/223 87/1887/223
f 1268/1805/1218 221/308/1218 153/276/1218 1208/1703/1218
f 136/156/1219 220/315/1219 1267/1809/1219 1198/1660/1219
f 1323/1881/1220 1268/1805/1220 1208/1703/1220 1211/1702/1220
f 1198/1660/1221 1267/1809/1221 1324/1884/1221 1197/1690/1221
f 1184/1663/1222 1272/1819/1222 229/1818/1222 121/1664/1222
f 228/1810/1223 1271/1813/1223 1263/1769/1223 216/1774/1223
f 1185/1666/1224 1276/1824/1224 1272/1819/1224 1184/1663/1224
f 1271/1813/1225 1275/1821/1225 1259/1764/1225 1263/1769/1225
f 1186/1668/1226 1280/1829/1226 1276/1824/1226 1185/1666/1226
f 1275/1821/1227 1279/1826/1227 1255/1759/1227 1259/1764/1227
f 1187/1670/1228 1284/1834/1228 1280/1829/1228 1186/1668/1228
f 1279/1826/1229 1283/1831/1229 1251/1754/1229 1255/1759/1229
f 1188/1672/1230 1288/1839/1230 1284/1834/1230 1187/1670/1230
f 1283/1831/1231 1287/1836/1231 1247/1749/1231 1251/1754/1231
f 1189/1674/1232 1292/1844/1232 1288/1839/1232 1188/1672/1232
f 1287/1836/1233 1291/1841/1233 1243/1744/1233 1247/1749/1233
f 1190/1676/1234 1296/1849/1234 1292/1844/1234 1189/1674/1234
f 1291/1841/1235 1295/1846/1235 1239/1739/1235 1243/1744/1235
f 1191/1678/1236 1300/1854/1236 1296/1849/1236 1190/1676/1236
f 1295/1846/1237 1299/1851/1237 1235/1734/1237 1239/1739/1237
f 1192/1680/1238 1304/1859/1238 1300/1854/1238 1191/1678/1238
f 1299/1851/1239 1303/1856/1239 1231/1729/1239 1235/1734/1239
f 1193/1682/1240 1308/1864/1240 1304/1859/1240 1192/1680/1240
f 1303/1856/1241 1307/1861/1241 1227/1724/1241 1231/1729/1241
f 1194/1684/1242 1312/1869/1242 1308/1864/1242 1193/1682/1242
f 1307/1861/1243 1311/1866/1243 1223/1719/1243 1227/1724/1243
f 1195/1686/1244 1316/1874/1244 1312/1869/1244 1194/1684/1244
f 1311/1866/1245 1315/1871/1245 1219/1714/1245 1223/1719/1245
f 1196/1688/1246 1320/1879/1246 1316/1874/1246 1195/1686/1246
f 1315/1871/1247 1319/1876/1247 1215/1709/1247 1219/1714/1247
f 1197/1690/1248 1324/1884/1248 1320/1879/1248 1196/1688/1248
f 1319/1876/1249 1323/1881/1249 1211/1702/1249 1215/1709/1249
f 1956/1803/1250 1957/1691/1250 1199/1694/1250 1200/1804/1250
f 1888/1890/1251 1346/1891/1251 1343/1892/1251 1886/1893/1251
f 1976/1894/1252 1352/1895/1252 1353/1896/1252 1879/1897/1252
f 1341/1898/1253 1898/1899/1253 1892/1900/1253 1337/1901/1253
f 1348/1902/1254 1895/1903/1254 1897/1904/1254 1350/1905/1254
f 1410/1906/1255 1350/1907/1255 1351/1908/1255 1409/1909/1255
f 1436/1910/1256 1341/1911/1256 1337/1912/1256 1444/1913/1256
f 1889/1914/1257 1353/1915/1257 1352/1916/1257 1885/1917/1257
f 1897/1918/1255 1354/1919/1255 1355/1920/1255 1890/1921/1255
f 1426/1922/1258 1344/1923/1258 1348/1924/1258 1411/1925/1258
f 1335/1926/1259 1425/1927/1259 1437/1928/1259 1438/1929/1259
f 1445/1930/1251 1339/1931/1251 1338/1932/1251 1446/1933/1251
f 1423/1934/1260 1345/1935/1260 1341/1911/1260 1436/1910/1260
f 1444/1913/1261 1337/1912/1261 1339/1931/1261 1445/1930/1261
f 1439/1936/1262 1340/1937/1262 1344/1923/1262 1426/1922/1262
f 321/1938/1263 1359/1939/1263 1358/1940/1263 320/1941/1263
f 144/1942/1264 1363/1943/1264 325/1944/1264
f 320/1941/1265 1358/1940/1265 1357/1945/1265 319/1946/1265
f 324/1947/1266 1362/1948/1266 1361/1949/1266 323/1950/1266
f 323/1950/1267 1361/1949/1267 1360/1951/1267 322/1952/1267
f 319/1946/1268 1357/1945/1268 1356/1953/1268 318/1954/1268
f 325/1944/1269 1363/1943/1269 1362/1948/1269 324/1947/1269
f 322/1952/1270 1360/1951/1270 1359/1939/1270 321/1938/1270
f 1362/1948/1271 1370/1955/1271 1369/1956/1271 1361/1949/1271
f 1361/1949/1272 1369/1956/1272 1368/1957/1272 1360/1951/1272
f 1357/1945/1273 1365/1958/1273 1364/1959/1273 1356/1953/1273
f 1363/1943/1274 1371/1960/1274 1370/1955/1274 1362/1948/1274
f 1360/1951/1275 1368/1957/1275 1367/1961/1275 1359/1939/1275
f 1359/1939/1276 1367/1961/1276 1366/1962/1276 1358/1940/1276
f 144/1942/1277 1371/1960/1277 1363/1943/1277
f 1358/1940/1278 1366/1962/1278 1365/1958/1278 1357/1945/1278
f 1367/1961/1279 1375/1963/1279 1374/1964/1279 1366/1962/1279
f 144/1942/1280 1379/1965/1280 1371/1960/1280
f 1366/1962/1281 1374/1964/1281 1373/1966/1281 1365/1958/1281
f 1370/1955/1282 1378/1967/1282 1377/1968/1282 1369/1956/1282
f 1369/1956/1283 1377/1968/1283 1376/1969/1283 1368/1957/1283
f 1365/1958/1284 1373/1966/1284 1372/1970/1284 1364/1959/1284
f 1371/1960/1285 1379/1965/1285 1378/1967/1285 1370/1955/1285
f 1368/1957/1286 1376/1969/1286 1375/1963/1286 1367/1961/1286
f 1377/1968/1287 1385/1971/1287 1384/1972/1287 1376/1969/1287
f 1373/1966/1288 1381/1973/1288 1380/1974/1288 1372/1970/1288
f 1379/1965/1289 1387/1975/1289 1386/1976/1289 1378/1967/1289
f 1376/1969/1290 1384/1972/1290 1383/1977/1290 1375/1963/1290
f 1375/1963/1291 1383/1977/1291 1382/1978/1291 1374/1964/1291
f 144/1942/1292 1387/1975/1292 1379/1965/1292
f 1374/1964/1293 1382/1978/1293 1381/1973/1293 1373/1966/1293
f 1378/1967/1294 1386/1976/1294 1385/1971/1294 1377/1968/1294
f 431/1979/1295 430/1980/1295 1404/1981/1295 1459/1982/1295
f 144/1942/1296 1395/1983/1296 1387/1975/1296
f 1382/1978/1297 1390/1984/1297 1389/1985/1297 1381/1973/1297
f 1386/1976/1298 1394/1986/1298 1393/1987/1298 1385/1971/1298
f 1385/1971/1299 1393/1987/1299 1392/1988/1299 1384/1972/1299
f 1381/1973/1300 1389/1985/1300 1388/1989/1300 1380/1974/1300
f 1387/1975/1301 1395/1983/1301 1394/1986/1301 1386/1976/1301
f 1384/1972/1302 1392/1988/1302 1391/1990/1302 1383/1977/1302
f 1383/1977/1303 1391/1990/1303 1390/1984/1303 1382/1978/1303
f 1393/1987/1304 1401/1991/1304 1400/1992/1304 1392/1988/1304
f 1389/1985/1305 1397/1993/1305 1396/1994/1305 1388/1989/1305
f 1395/1983/1306 1403/1995/1306 1402/1996/1306 1394/1986/1306
f 1392/1988/1307 1400/1992/1307 1399/1997/1307 1391/1990/1307
f 1391/1990/1308 1399/1997/1308 1398/1998/1308 1390/1984/1308
f 144/1942/1309 1403/1995/1309 1395/1983/1309
f 1390/1984/1310 1398/1998/1310 1397/1993/1310 1389/1985/1310
f 1394/1986/1311 1402/1996/1311 1401/1991/1311 1393/1987/1311
f 144/1942/1312 1414/1999/1312 1403/1995/1312
f 1398/1998/1313 1409/2000/1313 1408/2001/1313 1397/1993/1313
f 1402/1996/1314 1413/2002/1314 1412/2003/1314 1401/1991/1314
f 1492/2004/1315 1434/2005/1315 405/2006/1315 467/2007/1315
f 1491/2008/1316 1433/2009/1316 1434/2005/1316 1492/2004/1316
f 1401/1991/1317 1412/2003/1317 1411/2010/1317 1400/1992/1317
f 1397/1993/1318 1408/2001/1318 1407/2011/1318 1396/1994/1318
f 1403/1995/1319 1414/1999/1319 1413/2002/1319 1402/1996/1319
f 1400/1992/1320 1411/2010/1320 1410/2012/1320 1399/1997/1320
f 1489/2013/1321 1432/2014/1321 1433/2009/1321 1491/2008/1321
f 1479/2015/1322 1431/2016/1322 1432/2014/1322 1489/2013/1322
f 1399/1997/1323 1410/2012/1323 1409/2000/1323 1398/1998/1323
f 1478/2017/1324 1430/2018/1324 1431/2016/1324 1479/2015/1324
f 1477/2019/1325 1421/2020/1325 1430/2018/1325 1478/2017/1325
f 1414/1999/1326 1429/2021/1326 1428/2022/1326 1413/2002/1326
f 1476/2023/1327 1420/2024/1327 1421/2020/1327 1477/2019/1327
f 1475/2025/1328 1419/2026/1328 1420/2024/1328 1476/2023/1328
f 1474/2027/1329 1418/2028/1329 1419/2026/1329 1475/2025/1329
f 1472/2029/1330 1417/2030/1330 1418/2028/1330 1474/2027/1330
f 1463/2031/1331 1416/2032/1331 1417/2030/1331 1472/2029/1331
f 1462/2033/1332 1415/2034/1332 1416/2032/1332 1463/2031/1332
f 144/1942/1333 1429/2021/1333 1414/1999/1333
f 1408/2035/1257 1349/2036/1257 1345/1935/1257 1423/1934/1257
f 1413/2002/1334 1428/2022/1334 1427/2037/1334 1412/2003/1334
f 1461/2038/1335 1406/2039/1335 1415/2034/1335 1462/2033/1335
f 1460/2040/1336 1405/2041/1336 1406/2039/1336 1461/2038/1336
f 1412/2003/1337 1427/2037/1337 1426/2042/1337 1411/2010/1337
f 1408/2001/1338 1423/2043/1338 1422/2044/1338 1407/2011/1338
f 1459/1982/1339 1404/1981/1339 1405/2045/1339 1460/2046/1339
f 144/1942/1340 1442/2047/1340 1429/2021/1340
f 1428/2022/1341 1441/2048/1341 1440/2049/1341 1427/2037/1341
f 1427/2037/1342 1440/2049/1342 1439/2050/1342 1426/2042/1342
f 1423/2043/1343 1436/2051/1343 1435/2052/1343 1422/2044/1343
f 1429/2021/1344 1442/2047/1344 1441/2048/1344 1428/2022/1344
f 1446/1933/1345 1338/1932/1345 1336/2053/1345 1447/2054/1345
f 1411/1925/1346 1348/1924/1346 1350/1907/1346 1410/1906/1346
f 1447/2054/1347 1336/2053/1347 1340/1937/1347 1439/1936/1347
f 144/2055/1348 1450/2056/1348 1442/2057/1348
f 1441/2058/1349 1449/2059/1349 1448/2060/1349 1440/2061/1349
f 1440/2061/1350 1448/2060/1350 1447/2062/1350 1439/2063/1350
f 1436/2051/1351 1444/2064/1351 1443/2065/1351 1435/2052/1351
f 1442/2057/1352 1450/2056/1352 1449/2059/1352 1441/2058/1352
f 144/2055/1353 1458/2066/1353 1450/2056/1353
f 1445/2067/1354 1453/2068/1354 1452/2069/1354 1444/2070/1354
f 1449/2059/1355 1457/2071/1355 1456/2072/1355 1448/2060/1355
f 1448/2060/1356 1456/2072/1356 1455/2073/1356 1447/2062/1356
f 1444/2070/1357 1452/2069/1357 1451/2074/1357 1443/2075/1357
f 1450/2056/1358 1458/2066/1358 1457/2071/1358 1449/2059/1358
f 1447/2062/1359 1455/2073/1359 1454/2076/1359 1446/2077/1359
f 1446/2077/1360 1454/2076/1360 1453/2068/1360 1445/2067/1360
f 1454/2076/1361 1467/2078/1361 1466/2079/1361 1453/2068/1361
f 144/2055/1362 1471/2080/1362 1458/2066/1362
f 1453/2068/1363 1466/2079/1363 1465/2081/1363 1452/2069/1363
f 1457/2071/1364 1470/2082/1364 1469/2083/1364 1456/2072/1364
f 1456/2072/1365 1469/2083/1365 1468/2084/1365 1455/2073/1365
f 1452/2069/1366 1465/2081/1366 1464/2085/1366 1451/2074/1366
f 1458/2066/1367 1471/2080/1367 1470/2082/1367 1457/2071/1367
f 1455/2073/1368 1468/2084/1368 1467/2078/1368 1454/2076/1368
f 1466/2079/1369 1482/2086/1369 1481/2087/1369 1465/2081/1369
f 1470/2082/1370 1486/2088/1370 1485/2089/1370 1469/2083/1370
f 1424/2090/1371 1342/2091/1371 1343/2092/1371 1425/2093/1371
f 1469/2083/1372 1485/2089/1372 1484/2094/1372 1468/2084/1372
f 1465/2081/1373 1481/2087/1373 1480/2095/1373 1464/2085/1373
f 1471/2080/1374 1487/2096/1374 1486/2088/1374 1470/2082/1374
f 1468/2084/1375 1484/2094/1375 1483/2097/1375 1467/2078/1375
f 1887/2098/1347 1342/2099/1347 1896/2100/1347 1894/2101/1347
f 1467/2078/1376 1483/2097/1376 1482/2086/1376 1466/2079/1376
f 144/2055/1377 1487/2096/1377 1471/2080/1377
f 1483/2097/1378 1496/2102/1378 1495/2103/1378 1482/2086/1378
f 144/2055/1379 1500/2104/1379 1487/2096/1379
f 1482/2086/1380 1495/2103/1380 1494/2105/1380 1481/2087/1380
f 1486/2088/1381 1499/2106/1381 1498/2107/1381 1485/2089/1381
f 1485/2089/1382 1498/2107/1382 1497/2108/1382 1484/2094/1382
f 1481/2087/1383 1494/2105/1383 1493/2109/1383 1480/2095/1383
f 1487/2096/1384 1500/2104/1384 1499/2106/1384 1486/2088/1384
f 1484/2094/1385 1497/2108/1385 1496/2102/1385 1483/2097/1385
f 1499/2110/1386 1509/2111/1386 1508/2112/1386 1498/2113/1386
f 1344/2114/1387 1893/2115/1387 1895/1903/1387 1348/1902/1387
f 1498/2113/1388 1508/2112/1388 1507/2116/1388 1497/2117/1388
f 1494/2118/1389 1504/2119/1389 1503/2120/1389 1493/2121/1389
f 1500/2122/1390 1510/2123/1390 1509/2111/1390 1499/2110/1390
f 1497/2117/1391 1507/2116/1391 1506/2124/1391 1496/2125/1391
f 1496/2125/1392 1506/2124/1392 1505/2126/1392 1495/2127/1392
f 144/2128/1393 1510/2123/1393 1500/2122/1393
f 1495/2127/1394 1505/2126/1394 1504/2119/1394 1494/2118/1394
f 1349/2129/1395 1889/2130/1395 1885/2131/1395 1345/2132/1395
f 144/2128/1396 498/2133/1396 1510/2123/1396
f 1505/2126/1397 493/2134/1397 147/2135/1397 1504/2119/1397
f 1509/2111/1398 497/2136/1398 145/2137/1398 1508/2112/1398
f 1508/2112/1399 145/2137/1399 495/2138/1399 1507/2116/1399
f 1504/2119/1400 147/2135/1400 491/2139/1400 1503/2120/1400
f 1510/2123/1401 498/2133/1401 497/2136/1401 1509/2111/1401
f 1507/2116/1402 495/2138/1402 146/2140/1402 1506/2124/1402
f 1885/1917/1260 1352/1916/1260 1891/2141/1260 1898/2142/1260
f 1506/2124/1403 146/2140/1403 493/2134/1403 1505/2126/1403
f 1574/2143/1404 1576/2144/1404 1579/2145/1404 1577/2146/1404
f 1576/2144/1405 1575/2147/1405 1580/2148/1405 1579/2145/1405
f 1575/2147/1406 1573/2149/1406 1578/2150/1406 1580/2148/1406
f 1570/2151/1407 1572/2152/1407 1576/2144/1407 1574/2143/1407
f 1572/2152/1408 1571/2153/1408 1575/2147/1408 1576/2144/1408
f 1571/2153/1409 1569/2154/1409 1573/2149/1409 1575/2147/1409
f 1566/2155/1410 1568/2156/1410 1572/2152/1410 1570/2151/1410
f 1568/2156/1411 1567/2157/1411 1571/2153/1411 1572/2152/1411
f 1567/2157/1412 1565/2158/1412 1569/2154/1412 1571/2153/1412
f 1562/2159/1413 1564/2160/1413 1568/2156/1413 1566/2155/1413
f 1564/2160/1414 1563/2161/1414 1567/2157/1414 1568/2156/1414
f 1563/2161/1415 1561/2162/1415 1565/2158/1415 1567/2157/1415
f 1558/2163/1416 1560/2164/1416 1564/2160/1416 1562/2159/1416
f 1560/2164/1417 1559/2165/1417 1563/2161/1417 1564/2160/1417
f 1559/2165/1418 1557/2166/1418 1561/2162/1418 1563/2161/1418
f 1554/2167/1419 1556/2168/1419 1560/2164/1419 1558/2163/1419
f 1556/2168/1420 1555/2169/1420 1559/2165/1420 1560/2164/1420
f 1555/2169/1421 1553/2170/1421 1557/2166/1421 1559/2165/1421
f 1550/2171/1422 1552/2172/1422 1556/2168/1422 1554/2167/1422
f 1552/2172/1423 1551/2173/1423 1555/2169/1423 1556/2168/1423
f 1551/2173/1424 1549/2174/1424 1553/2170/1424 1555/2169/1424
f 1546/2175/1425 1548/2176/1425 1552/2172/1425 1550/2171/1425
f 1548/2176/1426 1547/2177/1426 1551/2173/1426 1552/2172/1426
f 1547/2177/1427 1545/2178/1427 1549/2174/1427 1551/2173/1427
f 1542/2179/1428 1544/2180/1428 1548/2176/1428 1546/2175/1428
f 1544/2180/1429 1543/2181/1429 1547/2177/1429 1548/2176/1429
f 1543/2181/1430 1541/2182/1430 1545/2178/1430 1547/2177/1430
f 1538/2183/1431 1540/2184/1431 1544/2180/1431 1542/2179/1431
f 1540/2184/1432 1539/2185/1432 1543/2181/1432 1544/2180/1432
f 1539/2185/1433 1537/2186/1433 1541/2182/1433 1543/2181/1433
f 1534/2187/1434 1536/2188/1434 1540/2184/1434 1538/2183/1434
f 1536/2188/1435 1535/2189/1435 1539/2185/1435 1540/2184/1435
f 1535/2189/1436 1533/2190/1436 1537/2186/1436 1539/2185/1436
f 1530/2191/1437 1532/2192/1437 1536/2188/1437 1534/2187/1437
f 1532/2192/1438 1531/2193/1438 1535/2189/1438 1536/2188/1438
f 1531/2193/1439 1529/2194/1439 1533/2190/1439 1535/2189/1439
f 1526/2195/1440 1528/2196/1440 1532/2192/1440 1530/2191/1440
f 1528/2196/1441 1527/2197/1441 1531/2193/1441 1532/2192/1441
f 1527/2197/1442 1525/2198/1442 1529/2194/1442 1531/2193/1442
f 1522/2199/1443 1524/2200/1443 1528/2196/1443 1526/2195/1443
f 1524/2200/1444 1523/2201/1444 1527/2197/1444 1528/2196/1444
f 1523/2201/1445 1521/2202/1445 1525/2198/1445 1527/2197/1445
f 502/2203/1446 504/2204/1446 1524/2200/1446 1522/2199/1446
f 504/2204/1447 503/2205/1447 1523/2201/1447 1524/2200/1447
f 503/2205/1448 501/2206/1448 1521/2202/1448 1523/2201/1448
f 1577/2146/1449 1579/2145/1449 563/2207/1449 561/2208/1449
f 1579/2145/1450 1580/2148/1450 564/2209/1450 563/2207/1450
f 1580/2148/1451 1578/2150/1451 562/2210/1451 564/2209/1451
f 445/2211/1452 502/2203/1452 1522/2199/1452 1473/2212/1452
f 1473/2212/1453 1522/2199/1453 1526/2195/1453 1488/2213/1453
f 1488/2213/1454 1526/2195/1454 1530/2191/1454 1490/2214/1454
f 1490/2214/1455 1530/2191/1455 1534/2187/1455 1501/2215/1455
f 1501/2215/1456 1534/2187/1456 1538/2183/1456 1502/2216/1456
f 1502/2216/1457 1538/2183/1457 1542/2179/1457 1511/2217/1457
f 1511/2217/1458 1542/2179/1458 1546/2175/1458 1512/2218/1458
f 1512/2218/1459 1546/2175/1459 1550/2171/1459 1513/2219/1459
f 1513/2219/1460 1550/2171/1460 1554/2167/1460 1514/2220/1460
f 1514/2220/1461 1554/2167/1461 1558/2163/1461 1515/2221/1461
f 1515/2221/1462 1558/2163/1462 1562/2159/1462 1516/2222/1462
f 1516/2222/1463 1562/2159/1463 1566/2155/1463 1517/2223/1463
f 1517/2223/1464 1566/2155/1464 1570/2151/1464 1518/2224/1464
f 1518/2224/1465 1570/2151/1465 1574/2143/1465 1519/2225/1465
f 1519/2225/1466 1574/2143/1466 1577/2146/1466 1520/2226/1466
f 1520/2226/1467 1577/2146/1467 561/2208/1467 138/2227/1467
f 1582/2228/1468 1584/2229/1468 1639/2230/1468 1637/2231/1468
f 1584/2232/1469 1583/2233/1469 1640/2234/1469 1639/2235/1469
f 1583/2233/1470 1581/2236/1470 1638/2237/1470 1640/2234/1470
f 1586/2238/1471 1588/2239/1471 1584/2229/1471 1582/2228/1471
f 1588/2240/1472 1587/2241/1472 1583/2233/1472 1584/2232/1472
f 1587/2241/1473 1585/2242/1473 1581/2236/1473 1583/2233/1473
f 1590/2243/1474 1592/2244/1474 1588/2239/1474 1586/2238/1474
f 1592/2245/1475 1591/2246/1475 1587/2241/1475 1588/2240/1475
f 1591/2246/1476 1589/2247/1476 1585/2242/1476 1587/2241/1476
f 1594/2248/1477 1596/2249/1477 1592/2244/1477 1590/2243/1477
f 1596/2250/1478 1595/2251/1478 1591/2246/1478 1592/2245/1478
f 1595/2251/1479 1593/2252/1479 1589/2247/1479 1591/2246/1479
f 1598/2253/1480 1600/2254/1480 1596/2249/1480 1594/2248/1480
f 1600/2255/1481 1599/2256/1481 1595/2251/1481 1596/2250/1481
f 1599/2256/1482 1597/2257/1482 1593/2252/1482 1595/2251/1482
f 1602/2258/1483 1604/2259/1483 1600/2254/1483 1598/2253/1483
f 1604/2260/1484 1603/2261/1484 1599/2256/1484 1600/2255/1484
f 1603/2261/1485 1601/2262/1485 1597/2257/1485 1599/2256/1485
f 1606/2263/1486 1608/2264/1486 1604/2259/1486 1602/2258/1486
f 1608/2265/1487 1607/2266/1487 1603/2261/1487 1604/2260/1487
f 1607/2266/1488 1605/2267/1488 1601/2262/1488 1603/2261/1488
f 1610/2268/1489 1612/2269/1489 1608/2264/1489 1606/2263/1489
f 1612/2270/1490 1611/2271/1490 1607/2266/1490 1608/2265/1490
f 1611/2271/1491 1609/2272/1491 1605/2267/1491 1607/2266/1491
f 1614/2273/1492 1616/2274/1492 1612/2269/1492 1610/2268/1492
f 1616/2275/1493 1615/2276/1493 1611/2271/1493 1612/2270/1493
f 1615/2276/1494 1613/2277/1494 1609/2272/1494 1611/2271/1494
f 1618/2278/1495 1620/2279/1495 1616/2274/1495 1614/2273/1495
f 1620/2280/1496 1619/2281/1496 1615/2276/1496 1616/2275/1496
f 1619/2281/1497 1617/2282/1497 1613/2277/1497 1615/2276/1497
f 1622/2283/1498 1624/2284/1498 1620/2279/1498 1618/2278/1498
f 1624/2285/1499 1623/2286/1499 1619/2281/1499 1620/2280/1499
f 1623/2286/1500 1621/2287/1500 1617/2282/1500 1619/2281/1500
f 1626/2288/1501 1628/2289/1501 1624/2284/1501 1622/2283/1501
f 1628/2290/1502 1627/2291/1502 1623/2286/1502 1624/2285/1502
f 1627/2291/1503 1625/2292/1503 1621/2287/1503 1623/2286/1503
f 1630/2293/1504 1632/2294/1504 1628/2289/1504 1626/2288/1504
f 1632/2295/1505 1631/2296/1505 1627/2291/1505 1628/2290/1505
f 1631/2296/1506 1629/2297/1506 1625/2292/1506 1627/2291/1506
f 1634/2298/1507 1636/2299/1507 1632/2294/1507 1630/2293/1507
f 1636/2300/1508 1635/2301/1508 1631/2296/1508 1632/2295/1508
f 1635/2301/1509 1633/2302/1509 1629/2297/1509 1631/2296/1509
f 626/2303/1510 628/2304/1510 1636/2299/1510 1634/2298/1510
f 628/2305/1511 627/2306/1511 1635/2301/1511 1636/2300/1511
f 627/2306/1512 625/2307/1512 1633/2302/1512 1635/2301/1512
f 1637/2231/1513 1639/2230/1513 635/2308/1513 633/2309/1513
f 1639/2235/1514 1640/2234/1514 636/2310/1514 635/2311/1514
f 1640/2234/1515 1638/2237/1515 634/2312/1515 636/2310/1515
f 1200/1804/1516 1581/2313/1516 1585/2314/1516 1201/1802/1516
f 1199/1694/1517 1638/2315/1517 1581/2313/1517 1200/1804/1517
f 1586/2238/1518 1582/2228/1518 1573/2316/1518 1569/2317/1518
f 1582/2228/1519 1637/2231/1519 1578/2318/1519 1573/2316/1519
f 1590/2243/1520 1586/2238/1520 1569/2317/1520 1565/2319/1520
f 1201/1802/1521 1585/2314/1521 1589/2320/1521 1202/1800/1521
f 1594/2248/1522 1590/2243/1522 1565/2319/1522 1561/2321/1522
f 1202/1800/1523 1589/2320/1523 1593/2322/1523 1203/1798/1523
f 1598/2253/1087 1594/2248/1087 1561/2321/1087 1557/2323/1087
f 1203/1798/1524 1593/2322/1524 1597/2324/1524 1204/1796/1524
f 1602/2258/1525 1598/2253/1525 1557/2323/1525 1553/2325/1525
f 1204/1796/1526 1597/2324/1526 1601/2326/1526 1205/1794/1526
f 1606/2263/1527 1602/2258/1527 1553/2325/1527 1549/2327/1527
f 1205/1794/1528 1601/2326/1528 1605/2328/1528 1206/1792/1528
f 1610/2268/1529 1606/2263/1529 1549/2327/1529 1545/2329/1529
f 1206/1792/1530 1605/2328/1530 1609/2330/1530 1327/1790/1530
f 1327/1790/1531 1609/2330/1531 1613/2331/1531 1328/1788/1531
f 1614/2273/1532 1610/2268/1532 1545/2329/1532 1541/2332/1532
f 1328/1788/1533 1613/2331/1533 1617/2333/1533 1329/1786/1533
f 1618/2278/1534 1614/2273/1534 1541/2332/1534 1537/2334/1534
f 1329/1786/1535 1617/2333/1535 1621/2335/1535 1330/1784/1535
f 1622/2283/1536 1618/2278/1536 1537/2334/1536 1533/2336/1536
f 1626/2288/1537 1622/2283/1537 1533/2336/1537 1529/2337/1537
f 1330/1784/1538 1621/2335/1538 1625/2338/1538 1331/1782/1538
f 1331/1782/1539 1625/2338/1539 1629/2339/1539 1332/1780/1539
f 1630/2293/1540 1626/2288/1540 1529/2337/1540 1525/2340/1540
f 1332/1780/1541 1629/2339/1541 1633/2341/1541 1333/1777/1541
f 1634/2298/1542 1630/2293/1542 1525/2340/1542 1521/2342/1542
f 1333/1777/1543 1633/2341/1543 625/2343/1543 295/1778/1543
f 626/2303/1544 1634/2298/1544 1521/2342/1544 501/2344/1544
f 140/1693/1545 634/2345/1545 1638/2315/1545 1199/1694/1545
f 1637/2231/1546 633/2309/1546 562/2346/1546 1578/2318/1546
f 1642/2347/1547 1644/2348/1547 1698/2349/1547 1696/2350/1547
f 1644/2348/1548 1643/2351/1548 1699/2352/1548 1698/2349/1548
f 1643/2351/1549 1641/2353/1549 1697/2354/1549 1699/2352/1549
f 1646/2355/1550 1648/2356/1550 1644/2357/1550 1642/2358/1550
f 1648/2356/1551 1647/2359/1551 1643/2360/1551 1644/2357/1551
f 1647/2359/1552 1645/2361/1552 1641/2362/1552 1643/2360/1552
f 1650/2363/1553 1652/2364/1553 1648/2356/1553 1646/2355/1553
f 1652/2364/1554 1651/2365/1554 1647/2359/1554 1648/2356/1554
f 1651/2365/1555 1649/2366/1555 1645/2361/1555 1647/2359/1555
f 1654/2367/1556 1656/2368/1556 1652/2364/1556 1650/2363/1556
f 1656/2368/1557 1655/2369/1557 1651/2365/1557 1652/2364/1557
f 1655/2369/1558 1653/2370/1558 1649/2366/1558 1651/2365/1558
f 1658/2371/1559 1660/2372/1559 1656/2368/1559 1654/2367/1559
f 1660/2372/1560 1659/2373/1560 1655/2369/1560 1656/2368/1560
f 1659/2373/1561 1657/2374/1561 1653/2370/1561 1655/2369/1561
f 1662/2375/1562 1664/2376/1562 1660/2372/1562 1658/2371/1562
f 1664/2376/1563 1663/2377/1563 1659/2373/1563 1660/2372/1563
f 1663/2377/1564 1661/2378/1564 1657/2374/1564 1659/2373/1564
f 1666/2379/1565 1668/2380/1565 1664/2376/1565 1662/2375/1565
f 1668/2380/1566 1667/2381/1566 1663/2377/1566 1664/2376/1566
f 1667/2381/1567 1665/2382/1567 1661/2378/1567 1663/2377/1567
f 1670/2383/1568 1672/2384/1568 1668/2380/1568 1666/2379/1568
f 1672/2384/1569 1671/2385/1569 1667/2381/1569 1668/2380/1569
f 1671/2385/1570 1669/2386/1570 1665/2382/1570 1667/2381/1570
f 1674/2387/1571 1676/2388/1571 1672/2384/1571 1670/2383/1571
f 1676/2388/1572 1675/2389/1572 1671/2385/1572 1672/2384/1572
f 1675/2389/1573 1673/2390/1573 1669/2386/1573 1671/2385/1573
f 1678/2391/1574 1680/2392/1574 1676/2388/1574 1674/2387/1574
f 1680/2392/1575 1679/2393/1575 1675/2389/1575 1676/2388/1575
f 1679/2393/1576 1677/2394/1576 1673/2390/1576 1675/2389/1576
f 1682/2395/1577 1684/2396/1577 1680/2392/1577 1678/2391/1577
f 1684/2396/1578 1683/2397/1578 1679/2393/1578 1680/2392/1578
f 1683/2397/1579 1681/2398/1579 1677/2394/1579 1679/2393/1579
f 1685/2399/1580 1687/2400/1580 1684/2396/1580 1682/2395/1580
f 1687/2400/1581 1686/2401/1581 1683/2397/1581 1684/2396/1581
f 1686/2401/1582 1749/2402/1582 1681/2398/1582 1683/2397/1582
f 1689/2403/1583 1691/2404/1583 1687/2400/1583 1685/2399/1583
f 1691/2404/1584 1690/2405/1584 1686/2401/1584 1687/2400/1584
f 1690/2405/1585 1688/2406/1585 1749/2402/1585 1686/2401/1585
f 1693/2407/1586 1695/2408/1586 1691/2404/1586 1689/2403/1586
f 1695/2408/1587 1694/2409/1587 1690/2405/1587 1691/2404/1587
f 1694/2409/1588 1692/2410/1588 1688/2406/1588 1690/2405/1588
f 693/2411/1589 695/2412/1589 1695/2408/1589 1693/2407/1589
f 695/2412/1590 694/2413/1590 1694/2409/1590 1695/2408/1590
f 694/2413/1591 692/2414/1591 1692/2410/1591 1694/2409/1591
f 1696/2350/1592 1698/2349/1592 699/2415/1592 697/2416/1592
f 1698/2349/1593 1699/2352/1593 698/2417/1593 699/2415/1593
f 1699/2352/1594 1697/2354/1594 696/2418/1594 698/2417/1594
f 1461/2038/1595 1646/2419/1595 1642/2420/1595 1460/2040/1595
f 1460/2046/1596 1642/2421/1596 1696/2422/1596 1459/1982/1596
f 1462/2033/1597 1650/2423/1597 1646/2419/1597 1461/2038/1597
f 1463/2031/1598 1654/2424/1598 1650/2423/1598 1462/2033/1598
f 1472/2029/1599 1658/2425/1599 1654/2424/1599 1463/2031/1599
f 1474/2027/1600 1662/2426/1600 1658/2425/1600 1472/2029/1600
f 1475/2025/1601 1666/2427/1601 1662/2426/1601 1474/2027/1601
f 1476/2023/1602 1670/2428/1602 1666/2427/1602 1475/2025/1602
f 1477/2019/1603 1674/2429/1603 1670/2428/1603 1476/2023/1603
f 1478/2017/1604 1678/2430/1604 1674/2429/1604 1477/2019/1604
f 1479/2015/1605 1682/2431/1605 1678/2430/1605 1478/2017/1605
f 1489/2013/1606 1685/2432/1606 1682/2431/1606 1479/2015/1606
f 1491/2008/1607 1689/2433/1607 1685/2432/1607 1489/2013/1607
f 1492/2004/1608 1693/2434/1608 1689/2433/1608 1491/2008/1608
f 467/2007/1609 693/2435/1609 1693/2434/1609 1492/2004/1609
f 1459/1982/1610 1696/2422/1610 697/2436/1610 431/1979/1610
f 704/2437/1611 706/2438/1611 1702/2439/1611 1700/2440/1611
f 706/2441/1612 707/2442/1612 1703/2443/1612 1702/2444/1612
f 707/2442/1613 705/2445/1613 1701/2446/1613 1703/2443/1613
f 1705/2447/1614 1707/2448/1614 1703/2443/1614 1701/2446/1614
f 1707/2448/1615 1706/2449/1615 1702/2444/1615 1703/2443/1615
f 1706/2450/1616 1704/2451/1616 1700/2440/1616 1702/2439/1616
f 1704/2452/1617 1706/2453/1617 1710/2454/1617 1708/2455/1617
f 1706/2456/1618 1707/2457/1618 1711/2458/1618 1710/2459/1618
f 1707/2457/1619 1705/2460/1619 1709/2461/1619 1711/2458/1619
f 1713/2462/1620 1715/2463/1620 1711/2458/1620 1709/2461/1620
f 1715/2463/1621 1714/2464/1621 1710/2459/1621 1711/2458/1621
f 1714/2465/1622 1712/2466/1622 1708/2455/1622 1710/2454/1622
f 1712/2466/1623 1714/2465/1623 1718/2467/1623 1716/2468/1623
f 1714/2464/1624 1715/2463/1624 1719/2469/1624 1718/2470/1624
f 1715/2463/1625 1713/2462/1625 1717/2471/1625 1719/2469/1625
f 1721/2472/1626 1723/2473/1626 1719/2469/1626 1717/2471/1626
f 1723/2473/1627 1722/2474/1627 1718/2470/1627 1719/2469/1627
f 1722/2475/1628 1720/2476/1628 1716/2468/1628 1718/2467/1628
f 1720/2476/1629 1722/2475/1629 1726/2477/1629 1724/2478/1629
f 1722/2474/1630 1723/2473/1630 1727/2479/1630 1726/2480/1630
f 1723/2473/1631 1721/2472/1631 1725/2481/1631 1727/2479/1631
f 1729/2482/1632 1731/2483/1632 1727/2479/1632 1725/2481/1632
f 1731/2483/1633 1730/2484/1633 1726/2480/1633 1727/2479/1633
f 1730/2485/1634 1728/2486/1634 1724/2478/1634 1726/2477/1634
f 1728/2486/1635 1730/2485/1635 1734/2487/1635 1732/2488/1635
f 1730/2484/1636 1731/2483/1636 1735/2489/1636 1734/2490/1636
f 1731/2483/1637 1729/2482/1637 1733/2491/1637 1735/2489/1637
f 1737/2492/1638 1739/2493/1638 1735/2489/1638 1733/2491/1638
f 1739/2493/1639 1738/2494/1639 1734/2490/1639 1735/2489/1639
f 1738/2495/1640 1736/2496/1640 1732/2488/1640 1734/2487/1640
f 1741/2497/1641 1743/2498/1641 1739/2493/1641 1737/2492/1641
f 1743/2498/1642 1742/2499/1642 1738/2494/1642 1739/2493/1642
f 1742/2500/1643 1740/2501/1643 1736/2496/1643 1738/2495/1643
f 1740/2501/1644 1742/2500/1644 1746/2502/1644 1744/2503/1644
f 1742/2499/1645 1743/2498/1645 1747/2504/1645 1746/2505/1645
f 1743/2498/1646 1741/2497/1646 1745/2506/1646 1747/2504/1646
f 1749/2402/1647 1751/2507/1647 1747/2504/1647 1745/2506/1647
f 1751/2507/1648 1750/2508/1648 1746/2505/1648 1747/2504/1648
f 1750/2509/1649 1748/2510/1649 1744/2503/1649 1746/2502/1649
f 1748/2510/1650 1750/2509/1650 1754/2511/1650 1752/2512/1650
f 1750/2508/1651 1751/2507/1651 1755/2513/1651 1754/2514/1651
f 1751/2507/1652 1749/2402/1652 1753/2515/1652 1755/2513/1652
f 1757/2516/1653 1759/2517/1653 1755/2513/1653 1753/2515/1653
f 1759/2517/1654 1758/2518/1654 1754/2514/1654 1755/2513/1654
f 1758/2519/1655 1756/2520/1655 1752/2512/1655 1754/2511/1655
f 1756/2520/1656 1758/2519/1656 770/2521/1656 768/2522/1656
f 1758/2518/1657 1759/2517/1657 771/2523/1657 770/2524/1657
f 1759/2517/1658 1757/2516/1658 769/2525/1658 771/2523/1658
f 705/2445/1659 696/2418/1659 1697/2354/1659 1701/2446/1659
f 491/2526/1660 704/2437/1660 1700/2440/1660 1503/2527/1660
f 1701/2446/1661 1697/2354/1661 1641/2353/1661 1705/2447/1661
f 1503/2527/1662 1700/2440/1662 1704/2451/1662 1493/2528/1662
f 1705/2460/1663 1641/2362/1663 1645/2361/1663 1709/2461/1663
f 1493/2529/1664 1704/2452/1664 1708/2455/1664 1480/2530/1664
f 1709/2461/1665 1645/2361/1665 1649/2366/1665 1713/2462/1665
f 1480/2530/1666 1708/2455/1666 1712/2466/1666 1464/2531/1666
f 1713/2462/1667 1649/2366/1667 1653/2370/1667 1717/2471/1667
f 1464/2531/1668 1712/2466/1668 1716/2468/1668 1451/2532/1668
f 1451/2532/1669 1716/2468/1669 1720/2476/1669 1443/2533/1669
f 1717/2471/1670 1653/2370/1670 1657/2374/1670 1721/2472/1670
f 1443/2533/1671 1720/2476/1671 1724/2478/1671 1435/2534/1671
f 1721/2472/1672 1657/2374/1672 1661/2378/1672 1725/2481/1672
f 1435/2534/1673 1724/2478/1673 1728/2486/1673 1422/2535/1673
f 1725/2481/1674 1661/2378/1674 1665/2382/1674 1729/2482/1674
f 1729/2482/1675 1665/2382/1675 1669/2386/1675 1733/2491/1675
f 1422/2535/1676 1728/2486/1676 1732/2488/1676 1407/2536/1676
f 1733/2491/1677 1669/2386/1677 1673/2390/1677 1737/2492/1677
f 1407/2536/1678 1732/2488/1678 1736/2496/1678 1396/2537/1678
f 1737/2492/1679 1673/2390/1679 1677/2394/1679 1741/2497/1679
f 1396/2537/1680 1736/2496/1680 1740/2501/1680 1388/2538/1680
f 1741/2497/1681 1677/2394/1681 1681/2398/1681 1745/2506/1681
f 1388/2538/1682 1740/2501/1682 1744/2503/1682 1380/2539/1682
f 1745/2506/1683 1681/2398/1683 1749/2402/1683
f 1380/2539/1684 1744/2503/1684 1748/2510/1684 1372/2540/1684
f 1372/2540/1685 1748/2510/1685 1752/2512/1685 1364/2541/1685
f 1749/2402/1686 1688/2406/1686 1753/2515/1686
f 1753/2515/1687 1688/2406/1687 1692/2410/1687 1757/2516/1687
f 1364/2541/1688 1752/2512/1688 1756/2520/1688 1356/2542/1688
f 1757/2516/1689 1692/2410/1689 692/2414/1689 769/2525/1689
f 1356/2542/1690 1756/2520/1690 768/2522/1690 318/2543/1690
f 1761/2544/1691 1763/2545/1691 1818/2546/1691 1816/2547/1691
f 1763/2545/1692 1762/2548/1692 1819/2549/1692 1818/2546/1692
f 1762/2548/1693 1760/2550/1693 1817/2551/1693 1819/2549/1693
f 1765/2552/1694 1767/2553/1694 1763/2554/1694 1761/2555/1694
f 1767/2553/1695 1766/2556/1695 1762/2557/1695 1763/2554/1695
f 1766/2556/1696 1764/2558/1696 1760/2559/1696 1762/2557/1696
f 1769/2560/1697 1771/2561/1697 1767/2553/1697 1765/2552/1697
f 1771/2561/1698 1770/2562/1698 1766/2556/1698 1767/2553/1698
f 1770/2562/1699 1768/2563/1699 1764/2558/1699 1766/2556/1699
f 1773/2564/1700 1775/2565/1700 1771/2561/1700 1769/2560/1700
f 1775/2565/1701 1774/2566/1701 1770/2562/1701 1771/2561/1701
f 1774/2566/1702 1772/2567/1702 1768/2563/1702 1770/2562/1702
f 1777/2568/1703 1779/2569/1703 1775/2565/1703 1773/2564/1703
f 1779/2569/1704 1778/2570/1704 1774/2566/1704 1775/2565/1704
f 1778/2570/1705 1776/2571/1705 1772/2567/1705 1774/2566/1705
f 1781/2572/1706 1783/2573/1706 1779/2569/1706 1777/2568/1706
f 1783/2573/1707 1782/2574/1707 1778/2570/1707 1779/2569/1707
f 1782/2574/1708 1780/2575/1708 1776/2571/1708 1778/2570/1708
f 1785/2576/1709 1787/2577/1709 1783/2573/1709 1781/2572/1709
f 1787/2577/1710 1786/2578/1710 1782/2574/1710 1783/2573/1710
f 1786/2578/1711 1784/2579/1711 1780/2575/1711 1782/2574/1711
f 1789/2580/1712 1791/2581/1712 1787/2577/1712 1785/2576/1712
f 1791/2581/1713 1790/2582/1713 1786/2578/1713 1787/2577/1713
f 1790/2582/1714 1788/2583/1714 1784/2579/1714 1786/2578/1714
f 1793/2584/1715 1795/2585/1715 1791/2581/1715 1789/2580/1715
f 1795/2585/1716 1794/2586/1716 1790/2582/1716 1791/2581/1716
f 1794/2586/1717 1792/2587/1717 1788/2583/1717 1790/2582/1717
f 1797/2588/1718 1799/2589/1718 1795/2585/1718 1793/2584/1718
f 1799/2589/1719 1798/2590/1719 1794/2586/1719 1795/2585/1719
f 1798/2590/1720 1796/2591/1720 1792/2587/1720 1794/2586/1720
f 1801/2592/1721 1803/2593/1721 1799/2589/1721 1797/2588/1721
f 1803/2593/1722 1802/2594/1722 1798/2590/1722 1799/2589/1722
f 1802/2594/1723 1800/2595/1723 1796/2591/1723 1798/2590/1723
f 1805/2596/1724 1807/2597/1724 1803/2593/1724 1801/2592/1724
f 1807/2597/1725 1806/2598/1725 1802/2594/1725 1803/2593/1725
f 1806/2598/1726 1804/2599/1726 1800/2595/1726 1802/2594/1726
f 1809/2600/1727 1811/2601/1727 1807/2597/1727 1805/2596/1727
f 1811/2601/1728 1810/2602/1728 1806/2598/1728 1807/2597/1728
f 1810/2602/1729 1808/2603/1729 1804/2599/1729 1806/2598/1729
f 1813/2604/1730 1815/2605/1730 1811/2601/1730 1809/2600/1730
f 1815/2605/1731 1814/2606/1731 1810/2602/1731 1811/2601/1731
f 1814/2606/1732 1812/2607/1732 1808/2603/1732 1810/2602/1732
f 829/2608/1733 831/2609/1733 1815/2605/1733 1813/2604/1733
f 831/2609/1734 830/2610/1734 1814/2606/1734 1815/2605/1734
f 830/2610/1735 828/2611/1735 1812/2607/1735 1814/2606/1735
f 1816/2547/1736 1818/2546/1736 835/2612/1736 833/2613/1736
f 1818/2546/1737 1819/2549/1737 834/2614/1737 835/2612/1737
f 1819/2549/1738 1817/2551/1738 832/2615/1738 834/2614/1738
f 1405/2041/1739 1760/2616/1739 1764/2617/1739 1406/2039/1739
f 1404/1981/1740 1817/2618/1740 1760/2619/1740 1405/2045/1740
f 1406/2039/1741 1764/2617/1741 1768/2620/1741 1415/2034/1741
f 1415/2034/1742 1768/2620/1742 1772/2621/1742 1416/2032/1742
f 1416/2032/1743 1772/2621/1743 1776/2622/1743 1417/2030/1743
f 1880/2623/1744 1355/2624/1744 1354/2625/1744 1334/2626/1744
f 1417/2030/1745 1776/2622/1745 1780/2627/1745 1418/2028/1745
f 1418/2028/1746 1780/2627/1746 1784/2628/1746 1419/2026/1746
f 1419/2026/1747 1784/2628/1747 1788/2629/1747 1420/2024/1747
f 1420/2024/1748 1788/2629/1748 1792/2630/1748 1421/2020/1748
f 1886/1893/1345 1343/1892/1345 1342/2099/1345 1887/2098/1345
f 1421/2020/1749 1792/2630/1749 1796/2631/1749 1430/2018/1749
f 1430/2018/1750 1796/2631/1750 1800/2632/1750 1431/2016/1750
f 1431/2016/1751 1800/2632/1751 1804/2633/1751 1432/2014/1751
f 1432/2014/1752 1804/2633/1752 1808/2634/1752 1433/2009/1752
f 1433/2009/1753 1808/2634/1753 1812/2635/1753 1434/2005/1753
f 1882/2636/1754 1424/2637/1754 1425/1927/1754 1335/1926/1754
f 1434/2005/1755 1812/2635/1755 828/2638/1755 405/2006/1755
f 1438/1929/1756 1437/1928/1756 1881/2639/1756 1884/2640/1756
f 1409/1909/1757 1351/1908/1757 1349/2036/1757 1408/2035/1757
f 1998/2641/1758 1900/2642/1758 1896/2643/1758 1882/2644/1758
f 1879/1897/1759 1353/1896/1759 1355/2624/1759 1880/2623/1759
f 1345/2132/1760 1885/2131/1760 1898/1899/1760 1341/1898/1760
f 1892/2645/1261 1347/2646/1261 1346/1891/1261 1888/1890/1261
f 430/1980/1761 832/2647/1761 1817/2618/1761 1404/1981/1761
f 1821/2648/1762 1823/2649/1762 905/2650/1762 903/2651/1762
f 1823/2649/1763 1822/2652/1763 906/2653/1763 905/2650/1763
f 1822/2652/1764 1820/2654/1764 904/2655/1764 906/2653/1764
f 1825/2656/1765 1827/2657/1765 1823/2649/1765 1821/2648/1765
f 1827/2657/1766 1826/2658/1766 1822/2652/1766 1823/2649/1766
f 1826/2658/1767 1824/2659/1767 1820/2654/1767 1822/2652/1767
f 1829/2660/1768 1831/2661/1768 1827/2662/1768 1825/2663/1768
f 1831/2661/1769 1830/2664/1769 1826/2665/1769 1827/2662/1769
f 1830/2664/1770 1828/2666/1770 1824/2667/1770 1826/2665/1770
f 1833/2668/1771 1835/2669/1771 1831/2661/1771 1829/2660/1771
f 1835/2669/1772 1834/2670/1772 1830/2664/1772 1831/2661/1772
f 1834/2670/1773 1832/2671/1773 1828/2666/1773 1830/2664/1773
f 1837/2672/1774 1839/2673/1774 1835/2669/1774 1833/2668/1774
f 1839/2673/1775 1838/2674/1775 1834/2670/1775 1835/2669/1775
f 1838/2674/1776 1836/2675/1776 1832/2671/1776 1834/2670/1776
f 1841/2676/1777 1843/2677/1777 1839/2673/1777 1837/2672/1777
f 1843/2677/1778 1842/2678/1778 1838/2674/1778 1839/2673/1778
f 1842/2678/1779 1840/2679/1779 1836/2675/1779 1838/2674/1779
f 1845/2680/1780 1847/2681/1780 1843/2677/1780 1841/2676/1780
f 1847/2681/1781 1846/2682/1781 1842/2678/1781 1843/2677/1781
f 1846/2682/1782 1844/2683/1782 1840/2679/1782 1842/2678/1782
f 1849/2684/1783 1851/2685/1783 1847/2681/1783 1845/2680/1783
f 1851/2685/1784 1850/2686/1784 1846/2682/1784 1847/2681/1784
f 1850/2686/1785 1848/2687/1785 1844/2683/1785 1846/2682/1785
f 1853/2688/1786 1855/2689/1786 1851/2685/1786 1849/2684/1786
f 1855/2689/1787 1854/2690/1787 1850/2686/1787 1851/2685/1787
f 1854/2690/1788 1852/2691/1788 1848/2687/1788 1850/2686/1788
f 1857/2692/1789 1859/2693/1789 1855/2689/1789 1853/2688/1789
f 1859/2693/1790 1858/2694/1790 1854/2690/1790 1855/2689/1790
f 1858/2694/1791 1856/2695/1791 1852/2691/1791 1854/2690/1791
f 1861/2696/1792 1863/2697/1792 1859/2693/1792 1857/2692/1792
f 1863/2697/1793 1862/2698/1793 1858/2694/1793 1859/2693/1793
f 1862/2698/1794 1860/2699/1794 1856/2695/1794 1858/2694/1794
f 1864/2700/1795 1866/2701/1795 1863/2697/1795 1861/2696/1795
f 1866/2701/1796 1865/2702/1796 1862/2698/1796 1863/2697/1796
f 1865/2702/1797 1801/2592/1797 1860/2699/1797 1862/2698/1797
f 1868/2703/1798 1870/2704/1798 1866/2701/1798 1864/2700/1798
f 1870/2704/1799 1869/2705/1799 1865/2702/1799 1866/2701/1799
f 1869/2705/1800 1867/2706/1800 1801/2592/1800 1865/2702/1800
f 1872/2707/1801 1874/2708/1801 1870/2704/1801 1868/2703/1801
f 1874/2708/1802 1873/2709/1802 1869/2705/1802 1870/2704/1802
f 1873/2709/1803 1871/2710/1803 1867/2706/1803 1869/2705/1803
f 1876/2711/1804 1878/2712/1804 1874/2708/1804 1872/2707/1804
f 1878/2712/1805 1877/2713/1805 1873/2709/1805 1874/2708/1805
f 1877/2713/1806 1875/2714/1806 1871/2710/1806 1873/2709/1806
f 900/2715/1807 902/2716/1807 1878/2712/1807 1876/2711/1807
f 902/2716/1808 901/2717/1808 1877/2713/1808 1878/2712/1808
f 901/2717/1809 899/2718/1809 1875/2714/1809 1877/2713/1809
f 833/2613/1810 904/2655/1810 1820/2654/1810 1816/2547/1810
f 1092/2719/1811 1825/2656/1811 1821/2648/1811 1093/2720/1811
f 1093/2720/1812 1821/2648/1812 903/2651/1812 1/2721/1812
f 1816/2547/1813 1820/2654/1813 1824/2659/1813 1761/2544/1813
f 1091/2722/1814 1829/2660/1814 1825/2663/1814 1092/2723/1814
f 1761/2555/1815 1824/2667/1815 1828/2666/1815 1765/2552/1815
f 1090/2724/1816 1833/2668/1816 1829/2660/1816 1091/2722/1816
f 1765/2552/1817 1828/2666/1817 1832/2671/1817 1769/2560/1817
f 1089/2725/1818 1837/2672/1818 1833/2668/1818 1090/2724/1818
f 1769/2560/1819 1832/2671/1819 1836/2675/1819 1773/2564/1819
f 1088/2726/1820 1841/2676/1820 1837/2672/1820 1089/2725/1820
f 1773/2564/1821 1836/2675/1821 1840/2679/1821 1777/2568/1821
f 1087/2727/1822 1845/2680/1822 1841/2676/1822 1088/2726/1822
f 1777/2568/1823 1840/2679/1823 1844/2683/1823 1781/2572/1823
f 1086/2728/1824 1849/2684/1824 1845/2680/1824 1087/2727/1824
f 1781/2572/1825 1844/2683/1825 1848/2687/1825 1785/2576/1825
f 1085/2729/1826 1853/2688/1826 1849/2684/1826 1086/2728/1826
f 1785/2576/1827 1848/2687/1827 1852/2691/1827 1789/2580/1827
f 1084/2730/1828 1857/2692/1828 1853/2688/1828 1085/2729/1828
f 1789/2580/1829 1852/2691/1829 1856/2695/1829 1793/2584/1829
f 1083/2731/1830 1861/2696/1830 1857/2692/1830 1084/2730/1830
f 1793/2584/1831 1856/2695/1831 1860/2699/1831 1797/2588/1831
f 1082/2732/1832 1864/2700/1832 1861/2696/1832 1083/2731/1832
f 1797/2588/1833 1860/2699/1833 1801/2592/1833
f 1081/2733/1834 1868/2703/1834 1864/2700/1834 1082/2732/1834
f 1801/2592/1835 1867/2706/1835 1805/2596/1835
f 1080/2734/1836 1872/2707/1836 1868/2703/1836 1081/2733/1836
f 1805/2596/1837 1867/2706/1837 1871/2710/1837 1809/2600/1837
f 1079/2735/1838 1876/2711/1838 1872/2707/1838 1080/2734/1838
f 1809/2600/1839 1871/2710/1839 1875/2714/1839 1813/2604/1839
f 2/2736/1840 900/2715/1840 1876/2711/1840 1079/2735/1840
f 1813/2604/1841 1875/2714/1841 899/2718/1841 829/2608/1841
f 1890/1921/1757 1355/1920/1757 1353/1915/1757 1889/1914/1757
f 1898/2142/1256 1891/2141/1256 1347/2646/1256 1892/2645/1256
f 1894/2101/1262 1896/2100/1262 1900/2737/1262 1893/2738/1262
f 1893/2738/1258 1900/2737/1258 1899/2739/1258 1895/2740/1258
f 1895/2740/1346 1899/2739/1346 1354/1919/1346 1897/1918/1346
f 1334/2626/1842 1354/2625/1842 1899/2741/1842 1883/2742/1842
f 1337/1901/1843 1892/1900/1843 1888/2743/1843 1339/2744/1843
f 1338/2745/1844 1886/2746/1844 1887/2747/1844 1336/2748/1844
f 1351/2749/1845 1890/2750/1845 1889/2130/1845 1349/2129/1845
f 1340/2751/1846 1894/2752/1846 1893/2115/1846 1344/2114/1846
f 1336/2748/1847 1887/2747/1847 1894/2752/1847 1340/2751/1847
f 1437/2753/1848 1346/2754/1848 1347/2755/1848 1881/2756/1848
f 1883/2742/1849 1899/2741/1849 1900/2642/1849 1998/2641/1849
f 1350/1905/1850 1897/1904/1850 1890/2750/1850 1351/2749/1850
f 1884/2757/1851 1891/2758/1851 1352/1895/1851 1976/1894/1851
f 1339/2744/1852 1888/2743/1852 1886/2746/1852 1338/2745/1852
f 1881/2756/1853 1347/2755/1853 1891/2758/1853 1884/2757/1853
f 1882/2644/1854 1896/2643/1854 1342/2091/1854 1424/2090/1854
f 1425/2093/1855 1343/2092/1855 1346/2754/1855 1437/2753/1855
f 1902/2759/1856 1927/2760/1856 1926/2761/1856 1931/2762/1856
f 1901/2763/1857 1902/2759/1857 1931/2762/1857 1930/2764/1857
f 1915/2765/1858 1907/2766/1858 1906/2767/1858 1914/2768/1858
f 1913/2769/1859 1908/2770/1859 1909/2771/1859 1912/2772/1859
f 1909/2773/1860 1908/2774/1860 1906/2775/1860 1910/2776/1860
f 1910/2777/1861 1906/2778/1861 1907/2779/1861 1911/2780/1861
f 1916/2781/1862 1911/2782/1862 1907/2783/1862 1915/2784/1862
f 1914/2768/1863 1906/2767/1863 1908/2785/1863 1913/2786/1863
f 1903/2787/1863 1914/2768/1863 1913/2786/1863 1905/2788/1863
f 1904/2789/1858 1915/2765/1858 1914/2768/1858 1903/2787/1858
f 2037/2790/1864 1924/2791/1864 1921/2792/1864 2036/2793/1864
f 2035/2794/1865 1919/2795/1865 1923/2796/1865 2034/2797/1865
f 1912/2798/1866 1918/2799/1866 1917/2800/1866
f 1917/2801/1867 1918/2802/1867 1916/2803/1867
f 1972/2804/1868 1924/2805/1868 1923/2806/1868 1971/2807/1868
f 1957/2808/1869 1921/2792/1869 1924/2791/1869 1972/2809/1869
f 2039/2810/1870 1922/2811/1870 1920/2812/1870 2038/2813/1870
f 2038/2814/1871 1920/2815/1871 1919/2816/1871 2035/2817/1871
f 2034/2818/1872 1923/2806/1872 1924/2805/1872 2037/2819/1872
f 2036/2820/1873 1921/2821/1873 1922/2811/1873 2039/2810/1873
f 1925/2822/1874 1928/2823/1874 1939/2824/1874 1929/2825/1874
f 1932/2826/1875 1935/2827/1875 1942/2828/1875 1936/2829/1875
f 1925/2830/1876 1929/2831/1876 1938/2832/1876 1933/2833/1876
f 1929/2831/1877 1930/2834/1877 1937/2835/1877 1938/2832/1877
f 1930/2834/1878 1931/2836/1878 1936/2829/1878 1937/2835/1878
f 1931/2836/1879 1926/2837/1879 1932/2826/1879 1936/2829/1879
f 1438/1929/1880 1925/2830/1880 1933/2833/1880 1335/1926/1880
f 1939/2824/1881 1901/2763/1881 1930/2764/1881 1929/2825/1881
f 1942/2828/1882 1941/2838/1882 1937/2835/1882 1936/2829/1882
f 1941/2838/1883 1940/2839/1883 1938/2832/1883 1937/2835/1883
f 1940/2839/1884 1934/2840/1884 1933/2833/1884 1938/2832/1884
f 1956/2841/1885 1922/2811/1885 1921/2821/1885 1957/2842/1885
f 1955/2843/1886 1920/2812/1886 1922/2811/1886 1956/2841/1886
f 1969/2844/1887 1970/2845/1887 1955/1801/1887 1954/1799/1887
f 1968/2846/1888 1969/2844/1888 1954/1799/1888 1953/1797/1888
f 1967/2847/1087 1968/2846/1087 1953/1797/1087 1952/1795/1087
f 1966/2848/1889 1967/2847/1889 1952/1795/1889 1951/1793/1889
f 1965/2849/1890 1966/2848/1890 1951/1793/1890 1950/1791/1890
f 1964/2850/1891 1965/2849/1891 1950/1791/1891 1949/1789/1891
f 1963/2851/1892 1964/2850/1892 1949/1789/1892 1948/1787/1892
f 1962/2852/1893 1963/2851/1893 1948/1787/1893 1947/1785/1893
f 1961/2853/1894 1962/2852/1894 1947/1785/1894 1946/1783/1894
f 1960/2854/1895 1961/2853/1895 1946/1783/1895 1945/1781/1895
f 1959/2855/1896 1960/2854/1896 1945/1781/1896 1944/1779/1896
f 1958/2856/1897 1959/2855/1897 1944/1779/1897 1943/1776/1897
f 988/2857/1898 1958/2856/1898 1943/1776/1898 971/1775/1898
f 1972/2858/1899 1004/2859/1899 987/1692/1899 1957/1691/1899
f 1093/2860/1900 1/2861/1900 1004/2859/1900 1972/2858/1900
f 2/2862/1901 1079/2863/1901 1958/2856/1901 988/2857/1901
f 1079/2863/1902 1080/2864/1902 1959/2855/1902 1958/2856/1902
f 1080/2864/1903 1081/2865/1903 1960/2854/1903 1959/2855/1903
f 1081/2865/1904 1082/2866/1904 1961/2853/1904 1960/2854/1904
f 1082/2866/1905 1083/2867/1905 1962/2852/1905 1961/2853/1905
f 1083/2867/1906 1084/2868/1906 1963/2851/1906 1962/2852/1906
f 1084/2868/1907 1085/2869/1907 1964/2850/1907 1963/2851/1907
f 1085/2869/1908 1086/2870/1908 1965/2849/1908 1964/2850/1908
f 1086/2870/1909 1087/2871/1909 1966/2848/1909 1965/2849/1909
f 1087/2871/1910 1088/2872/1910 1967/2847/1910 1966/2848/1910
f 1088/2872/1087 1089/2873/1087 1968/2846/1087 1967/2847/1087
f 1089/2873/1911 1090/2874/1911 1969/2844/1911 1968/2846/1911
f 1090/2874/1912 1091/2875/1912 1970/2845/1912 1969/2844/1912
f 1091/2875/1913 1092/2876/1913 1971/2877/1913 1970/2845/1913
f 1092/2878/1914 1093/2860/1914 1972/2858/1914 1971/2879/1914
f 1971/2880/1915 1923/2796/1915 1919/2795/1915 1970/2881/1915
f 1970/2882/1916 1919/2816/1916 1920/2815/1916 1955/2883/1916
f 1973/2884/1917 1976/2885/1917 1975/2886/1917 1974/2887/1917 1977/2888/1917
f 1979/2889/1918 1980/2890/1918 1977/2888/1918 1974/2887/1918
f 1980/2890/1919 1978/2891/1919 1973/2884/1919 1977/2888/1919
f 1994/2892/1920 1995/2893/1920 1989/2894/1920 1987/2895/1920
f 1995/2893/1921 1993/2896/1921 1988/2897/1921 1989/2894/1921
f 1991/2898/1922 1992/2899/1922 1995/2893/1922 1994/2892/1922
f 1992/2899/1923 1990/2900/1923 1993/2896/1923 1995/2893/1923
f 1978/2891/1924 1980/2890/1924 1992/2899/1924 1991/2898/1924
f 1980/2890/1925 1979/2889/1925 1990/2900/1925 1992/2899/1925
f 1987/2895/1926 1989/2894/1926 1983/2901/1926 1982/2902/1926
f 1989/2894/1927 1988/2897/1927 1981/2903/1927 1983/2901/1927
f 1973/2884/1928 1438/1929/1928 1884/2640/1928 1976/2885/1928
f 1973/2884/1929 1978/2891/1929 1928/2823/1929 1925/2822/1929 1438/1929/1929
f 1880/2904/1930 1975/2886/1930 1976/2885/1930 1879/2905/1930
f 1978/2891/1929 1991/2898/1929 1939/2824/1929 1928/2823/1929
f 1987/2895/1931 1982/2902/1931 1927/2760/1931 1902/2759/1931
f 1905/2906/1932 1913/2769/1932 1912/2772/1932 1985/2907/1932 1986/2908/1932
f 1994/2892/1933 1987/2895/1933 1902/2759/1933 1901/2763/1933
f 1991/2898/1929 1994/2892/1929 1901/2763/1929 1939/2824/1929
f 1996/2909/1934 1334/2910/1934 1998/2911/1934 1997/2912/1934 1999/2913/1934
f 1996/2909/1935 1999/2913/1935 2002/2914/1935 2000/2915/1935
f 1999/2913/1936 1997/2912/1936 2001/2916/1936 2002/2914/1936
f 2009/2917/1937 2010/2918/1937 2046/2919/1937 2044/2920/1937
f 2010/2918/1938 1984/2921/1938 2043/2922/1938 2046/2919/1938
f 2006/2923/1939 2008/2924/1939 2010/2925/1939 2009/2926/1939
f 2008/2927/1940 2007/2928/1940 1984/2929/1940 2010/2930/1940
f 2015/2931/1941 2016/2932/1941 2019/2933/1941 2017/2934/1941
f 2016/2932/1942 2014/2935/1942 2018/2936/1942 2019/2933/1942
f 2017/2934/1943 2019/2933/1943 2013/2937/1943 2011/2938/1943
f 2019/2933/1944 2018/2936/1944 2012/2939/1944 2013/2937/1944
f 2011/2938/1945 2013/2937/1945 2002/2914/1945 2001/2916/1945
f 2013/2937/1946 2012/2939/1946 2000/2915/1946 2002/2914/1946
f 2003/2940/1947 2005/2941/1947 2016/2932/1947 2015/2931/1947
f 2005/2941/1948 2004/2942/1948 2014/2935/1948 2016/2932/1948
f 1998/2911/1949 1882/2636/1949 1335/1926/1949 1997/2912/1949
f 1335/1926/1950 1933/2833/1950 1934/2840/1950 2001/2916/1950 1997/2912/1950
f 1996/2909/1951 2000/2915/1951 1979/2943/1951 1974/2944/1951
f 1883/2945/1952 1998/2911/1952 1334/2910/1952
f 1334/2910/1953 1996/2909/1953 1974/2944/1953 1975/2886/1953 1880/2904/1953
f 2011/2938/1954 2001/2916/1954 1934/2840/1954 1940/2839/1954
f 2000/2915/1951 2012/2939/1951 1990/2946/1951 1979/2943/1951
f 2004/2942/1955 2041/2947/1955 1981/2948/1955
f 1935/2827/1956 2003/2940/1956 2015/2931/1956 1942/2828/1956
f 2014/2935/1957 2004/2942/1957 1981/2948/1957 1988/2949/1957
f 1984/2929/1958 2007/2928/1958 1905/2906/1958 1986/2908/1958
f 1903/2787/1880 1905/2788/1880 2007/2950/1880 2008/2951/1880 2006/2952/1880 1904/2789/1880
f 1993/2953/1959 1990/2946/1959 2012/2939/1959 2018/2936/1959
f 2017/2934/1954 2011/2938/1954 1940/2839/1954 1941/2838/1954
f 1988/2949/1960 1993/2953/1960 2018/2936/1960 2014/2935/1960
f 2015/2931/1950 2017/2934/1950 1941/2838/1950 1942/2828/1950
f 2023/2954/1961 2026/2955/1961 2025/2956/1961 2045/2957/1961 2027/2958/1961
f 2023/2959/1962 2027/2958/1962 2022/2960/1962 2020/2961/1962
f 2027/2958/1963 2024/2962/1963 2021/2963/1963 2022/2960/1963
f 2031/2964/1964 2033/2965/1964 2030/2966/1964 2028/2967/1964
f 2033/2965/1965 2032/2968/1965 2029/2969/1965 2030/2966/1965
f 2020/2970/1966 2022/2971/1966 2030/2966/1966 2029/2969/1966
f 2022/2971/1967 2021/2972/1967 2028/2967/1967 2030/2966/1967
f 1926/2837/1968 2021/2963/1968 2024/2962/1968 1932/2826/1968
f 1982/2902/1969 2028/2967/1969 2021/2972/1969 1926/2761/1969 1927/2760/1969
f 2020/2973/1970 1917/2801/1970 1916/2803/1970 2023/2974/1970
f 1985/2975/1971 1912/2798/1971 1917/2800/1971 2020/2976/1971 2029/2977/1971
f 2026/2978/1972 1904/2979/1972 2006/2923/1972 2009/2926/1972 2025/2980/1972
f 2023/2981/1973 1916/2781/1973 1915/2784/1973 1904/2979/1973 2026/2978/1973
f 1932/2826/1974 2024/2962/1974 2042/2982/1974 2003/2940/1974 1935/2827/1974
f 1982/2902/1975 1983/2901/1975 2031/2964/1975 2028/2967/1975
f 1984/2983/1976 1986/2984/1976 2032/2968/1976
f 1983/2901/1977 1981/2903/1977 2041/2985/1977 2031/2964/1977
f 1911/2986/1978 2036/2820/1978 2039/2810/1978 1910/2987/1978
f 1918/2802/1979 2034/2818/1979 2037/2819/1979 1916/2803/1979
f 1909/2771/1980 2038/2814/1980 2035/2817/1980 1912/2772/1980
f 1910/2988/1981 2039/2810/1981 2038/2813/1981 1909/2989/1981
f 1912/2798/1982 2035/2794/1982 2034/2797/1982 1918/2799/1982
f 1916/2781/1983 2037/2790/1983 2036/2793/1983 1911/2782/1983
f 2043/2990/1984 1984/2983/1984 2032/2968/1984 2033/2965/1984
f 2024/2962/1974 2045/2957/1974 2044/2920/1974 2042/2982/1974
f 2041/2985/1985 2043/2990/1985 2033/2965/1985 2031/2964/1985
f 2040/2991/1986 2005/2941/1986 2003/2940/1986 2042/2982/1986
f 2041/2947/1987 2004/2942/1987 2005/2941/1987 2040/2991/1987
f 2046/2919/1937 2040/2991/1937 2042/2982/1937 2044/2920/1937
f 2045/2957/1988 2024/2962/1988 2027/2958/1988
f 2043/2922/1938 2041/2947/1938 2040/2991/1938 2046/2919/1938
f 2045/2957/1974 2025/2956/1974 2009/2917/1974 2044/2920/1974
f 1986/2984/1989 1985/2992/1989 2029/2969/1989 2032/2968/1989
f 1160/2993/223 1161/1888/223 87/1887/223
f 1154/1886/223 1155/2994/223 87/1887/223
f 1155/2994/223 1156/2995/223 87/1887/223
f 1156/2995/223 1157/2996/223 87/1887/223
f 1157/2996/223 1158/2997/223 87/1887/223
f 1158/2997/223 1159/2998/223 87/1887/223
f 1159/2998/223 1160/2993/223 87/1887/223
f 1162/1889/223 1163/2999/223 87/1887/223
f 1163/2999/223 1164/3000/223 87/1887/223
f 1164/3000/223 1165/3001/223 87/1887/223
f 1165/3001/223 1166/3002/223 87/1887/223
f 1166/3002/223 1167/3003/223 87/1887/223
f 1167/3003/223 1168/3004/223 87/1887/223
f 1168/3004/223 86/3005/223 87/1887/223
