# Blender 5.1.2
# www.blender.org
mtllib Palestra afrodita.mtl
o Cube.002
v -0.356466 2.212552 1.182022
v -0.356672 2.210621 1.183001
v -0.179402 2.048806 0.888391
v -0.414152 2.210889 1.167675
v -0.414001 2.212177 1.167001
v -0.414368 2.208958 1.168650
v -0.250960 2.038942 0.863898
v -0.471537 2.212433 1.151974
v -0.405674 2.039455 0.823166
v -0.326180 2.041465 0.835075
v -0.480181 2.049775 0.809235
v -0.377915 1.870166 0.482625
v -0.238204 1.874175 0.501359
v -0.489023 1.891716 0.464182
v -0.349252 1.708228 0.138489
v -0.149707 1.712967 0.164537
v -0.495730 1.741349 0.115796
v -0.306582 1.562409 -0.210485
v -0.219326 1.393062 -0.628631
v -0.060339 1.560072 -0.176476
v -0.484093 1.602317 -0.233701
v -0.448516 1.440901 -0.623955
v -0.490440 1.563539 -0.214913
v -0.456075 1.397285 -0.602983
v -0.340994 1.331700 -0.097415
v -0.499408 1.717363 0.127513
v -0.363703 1.605768 0.189027
v -0.490865 1.878690 0.470605
v -0.382637 1.834373 0.500406
v -0.480963 2.043732 0.812244
v -0.471763 2.210501 1.152945
v -0.406950 2.029064 0.828365
v -0.329677 2.011296 0.850251
v -0.414217 2.210246 1.167975
v -0.252089 2.028558 0.869151
v -0.255316 1.731630 0.572833
v -0.111063 1.832323 0.572576
v -0.194161 1.355840 0.342986
v 0.025894 1.601205 0.293613
v -0.123863 1.066132 0.069539
v -0.029712 0.804125 -0.301073
v 0.145861 1.324032 0.034803
v 0.257779 1.007032 -0.298493
v 0.332490 1.550386 0.006742
v 0.491785 1.377479 -0.345616
v 0.335953 1.589100 -0.013137
v 0.172863 1.709498 0.307253
v 0.175080 1.733444 0.294986
v -0.002988 1.875059 0.600043
v -0.001723 1.888066 0.593404
v -0.180017 2.042769 0.891461
v -0.107222 1.868089 0.554465
v 0.036759 1.703572 0.241726
v 0.170311 1.554535 -0.082039
v 0.298625 1.381698 -0.487976
v 0.404620 1.177653 -0.870184
v 0.045759 1.370271 -0.582015
v 0.495614 1.421033 -0.368007
v 0.631546 1.234359 -0.707934
v 0.766927 1.047665 -1.048000
v 0.626625 1.178589 -0.679270
v 0.760777 0.978248 -1.012331
v 0.349503 0.691593 -0.625202
v 0.465231 0.599641 -1.064996
v 0.065249 0.558035 -0.677940
v 0.183284 0.478604 -1.136328
v -0.203113 0.705769 -0.779208
v -0.091318 0.616998 -1.220913
v -0.277742 1.018144 -0.445847
v -0.410108 1.205133 -0.963271
v -0.364568 1.012364 -1.323335
v -0.399987 1.260961 -0.989945
v -0.351426 1.081823 -1.356314
v -0.124795 1.192014 -1.015286
v -0.029393 0.991156 -1.401935
v 0.148625 1.162190 -0.976640
v 0.250965 0.954670 -1.370932
v 0.352827 0.747622 -1.765069
v 0.509066 0.973752 -1.253000
v 0.569318 0.768965 -1.650757
v 0.764085 0.852709 -1.432543
v 0.558801 0.684413 -1.608505
v 0.755504 0.768235 -1.389573
v 0.340523 0.663050 -1.723501
v 0.096621 0.701653 -1.737891
v -0.178349 0.801075 -1.650015
v 0.110607 0.786198 -1.778798
v -0.162748 0.885552 -1.690269
v -0.449377 2.244442 1.234252
v 0.440019 2.455863 1.660318
v -0.449404 2.243674 1.234551
v 0.441728 2.422678 1.674384
v -0.442262 2.235692 1.216349
v -0.442238 2.236208 1.216151
v 0.570607 2.378638 1.550650
v 0.524844 2.404010 1.617267
v -0.338533 2.252695 1.282053
v -0.442211 2.236976 1.215851
v -0.442235 2.236459 1.216050
v 0.522967 2.437159 1.603151
v 0.568675 2.411776 1.536517
v -0.232345 2.262468 1.343352
v -0.125924 2.259943 1.409480
v -0.327104 2.237310 1.260269
v -0.212181 2.208011 1.316585
v -0.096487 2.142343 1.387890
v -0.326810 2.249289 1.255544
v -0.211389 2.264538 1.294060
v -0.096001 2.283764 1.330955
v -0.338431 2.256820 1.280427
v 0.303643 2.416730 1.663657
v 0.185691 2.395008 1.609436
v 0.067884 2.374530 1.554546
v -0.050297 2.341221 1.496579
v 0.302555 2.444083 1.652187
v 0.185067 2.417028 1.600300
v 0.067592 2.391759 1.547473
v -0.050380 2.356560 1.490351
v 0.383310 2.415561 1.574639
v 0.249927 2.390732 1.531541
v 0.116652 2.367958 1.487141
v -0.017990 2.330558 1.441604
v 0.431773 2.384280 1.494634
v 0.294626 2.359070 1.451733
v 0.157201 2.336148 1.407800
v 0.019254 2.307837 1.365842
v -0.232141 2.276659 1.337699
v -0.125762 2.300512 1.393156
v -0.350240 2.267894 1.302028
v -0.251079 2.293905 1.368780
v -0.151722 2.323501 1.433436
v -0.350300 2.265495 1.302974
v -0.251156 2.288741 1.370836
v -0.151767 2.314003 1.437255
v 0.440275 2.197268 1.573462
v 0.302399 2.121184 1.550828
v 0.161651 2.112742 1.499761
v 0.020654 2.112536 1.445270
v 0.389782 2.268492 1.636548
v 0.255966 2.199196 1.611243
v 0.119480 2.219986 1.548005
v -0.017403 2.239337 1.478677
v -0.435114 2.229558 1.197404
v 0.552871 2.338094 1.368754
v -0.435141 2.228791 1.197703
v 0.554580 2.304910 1.382820
v 0.580607 2.345818 1.473198
v -0.319417 2.232746 1.232665
v 0.578730 2.378967 1.459082
v -0.198994 2.227663 1.257184
v -0.078470 2.210423 1.286880
v -0.319315 2.236871 1.231038
v 0.440266 2.274156 1.310678
v 0.312090 2.263103 1.282873
v 0.183928 2.253431 1.254736
v 0.050607 2.235921 1.235884
v 0.439178 2.301509 1.299209
v 0.311466 2.285123 1.273736
v 0.183635 2.270660 1.247663
v 0.050524 2.251260 1.229656
v 0.448990 2.347020 1.404949
v 0.314722 2.323114 1.364137
v 0.180260 2.301579 1.322804
v 0.040589 2.269427 1.290260
v -0.198790 2.241854 1.251531
v -0.078308 2.250991 1.270556
v -0.313056 2.229090 1.205959
v -0.190973 2.231180 1.213490
v -0.069121 2.237302 1.220028
v -0.313116 2.226691 1.206905
v -0.191050 2.226016 1.215546
v -0.069166 2.227803 1.223848
v 0.455462 2.199951 1.466858
v 0.320761 2.131578 1.443839
v 0.183088 2.153607 1.383667
v 0.041176 2.178206 1.327333
v -0.416396 2.244508 1.242851
v -0.416490 2.243740 1.243133
v -0.536426 2.267426 1.253538
v -0.413643 2.236509 1.223507
v -0.413587 2.237025 1.223317
v -0.413738 2.235741 1.223790
v -0.536011 2.256384 1.228942
v -0.410696 2.229595 1.203775
v -0.528351 2.236549 1.176513
v -0.533977 2.248902 1.201538
v -0.521524 2.228837 1.151560
v -0.643690 2.241215 1.135495
v -0.653873 2.263648 1.178778
v -0.631894 2.230761 1.098426
v -0.758363 2.250088 1.093230
v -0.773059 2.282311 1.154683
v -0.741650 2.236835 1.044536
v -0.872246 2.268275 1.052373
v -1.010857 2.300000 1.012733
v -0.891303 2.305764 1.128981
v -0.851162 2.250810 0.994454
v -0.976570 2.270216 0.945194
v -0.853696 2.235439 0.999857
v -0.979616 2.252942 0.951190
v -0.887370 2.176852 1.084491
v -0.743122 2.227322 1.047918
v -0.764656 2.209452 1.107671
v -0.632641 2.225591 1.100284
v -0.645740 2.227009 1.140602
v -0.521846 2.226436 1.152432
v -0.410791 2.228827 1.204057
v -0.528903 2.232421 1.178014
v -0.535578 2.236916 1.205897
v -0.413681 2.236258 1.223599
v -0.536559 2.252257 1.230444
v -0.662026 2.207052 1.199128
v -0.659119 2.261347 1.232175
v -0.794994 2.140636 1.205036
v -0.783692 2.257926 1.238118
v -0.923667 2.110000 1.197764
v -1.072673 2.109149 1.176198
v -0.910819 2.236213 1.245732
v -1.062699 2.215429 1.239501
v -0.894503 2.337808 1.277394
v -1.026767 2.369651 1.270694
v -0.892050 2.353185 1.271957
v -0.776408 2.311761 1.274899
v -0.774977 2.321278 1.271501
v -0.656789 2.287502 1.265292
v -0.656059 2.292672 1.263427
v -0.536744 2.265026 1.254412
v -0.657093 2.275556 1.227058
v -0.777499 2.298570 1.223634
v -0.895974 2.327661 1.213496
v -1.036778 2.363878 1.187875
v -1.175217 2.385404 1.162036
v -1.032857 2.333241 1.098530
v -1.023825 2.386937 1.264653
v -1.152678 2.410656 1.253952
v -1.281129 2.435994 1.242536
v -1.156676 2.388547 1.261588
v -1.286392 2.408510 1.251915
v -1.211145 2.193112 1.228002
v -1.342464 2.261117 1.185144
v -1.220012 2.116421 1.151792
v -1.353621 2.191494 1.104511
v -1.185272 2.128728 1.049109
v -1.315963 2.196455 1.003671
v -1.037268 2.151603 1.064148
v -1.105148 2.262512 0.913200
v -1.230503 2.273455 0.874946
v -1.101005 2.284604 0.905627
v -1.225045 2.300913 0.865653
v -1.148698 2.320940 0.983426
v -1.286143 2.344150 0.953862
v -1.174635 2.355207 1.070170
v -1.315696 2.379356 1.041154
v -1.456079 2.405682 1.011483
v -1.313147 2.408881 1.135112
v -1.449340 2.429363 1.092406
v -1.405318 2.446878 1.183017
v -1.456333 2.396029 1.103546
v -1.412106 2.413513 1.194250
v -1.463173 2.372364 1.022578
v -1.433392 2.341608 0.949453
v -1.365769 2.302949 0.882534
v -1.426302 2.374927 0.938356
v -1.358788 2.336285 0.871389
v -0.328465 2.227909 1.219307
v -0.328664 2.225980 1.220287
v -0.069165 2.100174 1.012732
v -0.378306 2.217478 1.189973
v -0.378155 2.218766 1.189301
v -0.378516 2.215547 1.190950
v -0.128314 2.078884 0.971224
v -0.427931 2.210219 1.159249
v -0.262190 2.053889 0.891029
v -0.191443 2.069039 0.923797
v -0.329412 2.051624 0.856775
v -0.128833 1.894432 0.601844
v -0.003974 1.923211 0.656544
v -0.230699 1.895709 0.552915
v 0.005763 1.741393 0.309773
v 0.184422 1.783939 0.386151
v -0.129896 1.745881 0.246998
v 0.152577 1.605897 0.016097
v 0.361515 1.455655 -0.326619
v 0.373803 1.653440 0.111425
v -0.013152 1.608959 -0.055255
v 0.139393 1.453216 -0.385480
v -0.017779 1.570185 -0.035802
v 0.134265 1.409593 -0.363564
v 0.128548 1.375415 0.133093
v -0.132752 1.721903 0.259029
v -0.005129 1.639025 0.361651
v -0.232227 1.882689 0.559457
v -0.132681 1.858665 0.619953
v -0.330110 2.045583 0.859815
v -0.428150 2.208287 1.160222
v -0.263320 2.043504 0.896282
v -0.194515 2.038889 0.939131
v -0.378364 2.216835 1.190278
v -0.129301 2.068507 0.976529
v -0.017596 1.780830 0.729303
v 0.102647 1.904578 0.759616
v 0.152419 1.427406 0.569180
v 0.333019 1.707726 0.560288
v 0.332628 1.160595 0.365648
v 0.557768 0.926644 0.078301
v 0.551988 1.464604 0.378860
v 0.791414 1.183873 0.131531
v 0.696247 1.721943 0.382348
v 0.957318 1.592825 0.114544
v 0.698056 1.760495 0.361894
v 0.450083 1.840673 0.602889
v 0.451512 1.864550 0.590346
v 0.190354 1.965140 0.810686
v 0.191318 1.978124 0.803940
v -0.069701 2.094142 1.015832
v 0.105636 1.940291 0.741197
v 0.340410 1.809846 0.507156
v 0.566284 1.694319 0.258405
v 0.811127 1.556809 -0.065433
v 1.035449 1.385191 -0.370550
v 0.600580 1.491126 -0.214610
v 0.958798 1.636126 0.091346
v 1.197695 1.490457 -0.170603
v 1.436904 1.346424 -0.433224
v 1.196397 1.435101 -0.140705
v 1.436026 1.277645 -0.395773
v 1.013618 0.901927 -0.113812
v 1.245719 0.842790 -0.477875
v 0.784579 0.709271 -0.215403
v 1.022587 0.658600 -0.595307
v 0.530900 0.791380 -0.386406
v 0.759712 0.725682 -0.750873
v 0.324619 1.081195 -0.135689
v 0.295247 1.225965 -0.659417
v 0.456885 1.041167 -0.954207
v 0.301634 1.281816 -0.687546
v 0.464609 1.110674 -0.989302
v 0.575441 1.276871 -0.635253
v 0.791126 1.099096 -0.943404
v 0.825615 1.311186 -0.529586
v 1.051010 1.132487 -0.844225
v 1.276859 0.954953 -1.158675
v 1.259414 1.214283 -0.676488
v 1.446999 1.032052 -1.006159
v 1.560698 1.161756 -0.768868
v 1.444330 0.948171 -0.961140
v 1.559507 1.078106 -0.723372
v 1.272576 0.870857 -1.114194
v 1.041659 0.845330 -1.187685
v 0.746179 0.873838 -1.182794
v 1.047728 0.929619 -1.231553
v 0.754249 0.958282 -1.225950
v -0.514421 2.227647 1.170783
v -0.514653 2.225716 1.171751
v -0.637634 2.101312 0.863475
v -0.456417 2.217384 1.169581
v -0.456269 2.218673 1.168909
v -0.456640 2.215453 1.170553
v -0.565452 2.079913 0.856346
v -0.398033 2.210248 1.167057
v -0.409324 2.054320 0.852320
v -0.487263 2.069848 0.846020
v -0.334071 2.051639 0.855549
v -0.382489 1.896209 0.534608
v -0.518300 1.926647 0.520375
v -0.270077 1.895994 0.542476
v -0.355781 1.745408 0.213249
v -0.548807 1.791744 0.190732
v -0.207363 1.746765 0.226317
v -0.339313 1.613379 -0.116077
v -0.352704 1.470009 -0.519924
v -0.578146 1.667378 -0.143886
v -0.160670 1.611250 -0.094895
v -0.131436 1.458666 -0.458789
v -0.165816 1.572464 -0.075638
v -0.137634 1.415024 -0.437280
v -0.373627 1.382670 -0.002969
v -0.210388 1.722782 0.238285
v -0.370034 1.642948 0.263863
v -0.271652 1.882973 0.549001
v -0.387163 1.860417 0.552408
v -0.334771 2.045597 0.858589
v -0.398246 2.208317 1.168032
v -0.410593 2.043931 0.857521
v -0.491149 2.039668 0.861050
v -0.456492 2.216742 1.169881
v -0.566853 2.069521 0.861497
v -0.538600 1.784051 0.590635
v -0.660464 1.909051 0.557471
v -0.604618 1.434574 0.364803
v -0.760880 1.717889 0.267978
v -0.662023 1.173599 0.094186
v -0.719658 0.949209 -0.273818
v -0.860243 1.482443 -0.002424
v -0.946725 1.213268 -0.343311
v -0.990173 1.742640 -0.068655
v -1.084250 1.626237 -0.434959
v -0.982436 1.781347 -0.086877
v -0.885562 1.852401 0.247781
v -0.881223 1.876364 0.236328
v -0.762855 1.970262 0.558789
v -0.760761 1.983285 0.552465
v -0.638483 2.095268 0.866458
v -0.654997 1.944845 0.539977
v -0.743404 1.820299 0.218632
v -0.816986 1.712857 -0.111951
v -0.869831 1.587268 -0.518573
v -0.913559 1.429358 -0.900163
v -0.614496 1.514712 -0.543008
v -1.074708 1.669714 -0.455107
v -1.151715 1.538677 -0.806373
v -1.228480 1.411820 -1.159489
v -1.164903 1.483117 -0.780994
v -1.246095 1.342831 -1.128432
v -1.021083 0.944982 -0.676145
v -1.045033 0.902477 -1.113498
v -0.776445 0.744067 -0.649701
v -0.798620 0.708418 -1.103896
v -0.473741 0.814687 -0.665178
v -0.495418 0.760994 -1.100595
v -0.413861 1.095151 -0.338224
v -0.133096 1.236368 -0.776502
v -0.130179 1.057960 -1.115990
v -0.124558 1.292247 -0.803810
v -0.118802 1.127496 -1.149683
v -0.386948 1.300633 -0.897854
v -0.423119 1.134653 -1.277400
v -0.654647 1.346861 -0.932980
v -0.695381 1.182761 -1.324041
v -0.736657 1.022355 -1.716353
v -0.956614 1.274587 -1.283438
v -0.956889 1.108917 -1.670008
v -1.170267 1.241500 -1.519142
v -0.977810 1.024961 -1.632024
v -1.192235 1.157702 -1.481627
v -0.756213 0.938221 -1.677768
v -0.522163 0.897679 -1.622427
v -0.269921 0.906861 -1.464860
v -0.504324 0.981992 -1.661748
v -0.254198 0.991330 -1.505063
v -0.299456 2.279487 1.344439
v -0.299728 2.277474 1.345202
v 0.002507 2.208859 1.252255
v -0.331671 2.266519 1.301265
v -0.331468 2.267865 1.300744
v -0.331951 2.264506 1.302025
v -0.032596 2.185306 1.195299
v -0.363585 2.256680 1.257020
v -0.119006 2.152326 1.078926
v -0.070564 2.172806 1.132007
v -0.165449 2.144821 1.025894
v 0.105231 2.045117 0.870503
v 0.191331 2.084796 0.960713
v 0.033275 2.036841 0.793352
v 0.330891 1.946570 0.659285
v 0.454260 2.006618 0.785678
v 0.233861 1.936426 0.559384
v 0.565116 1.869194 0.449875
v 0.868992 1.795944 0.216221
v 0.718059 1.940592 0.605836
v 0.445188 1.852021 0.333356
v 0.698112 1.760036 0.093692
v 0.440844 1.811585 0.349125
v 0.693816 1.714543 0.111662
v 0.541862 1.628653 0.544683
v 0.230925 1.911422 0.569038
v 0.319371 1.839748 0.700926
v 0.031564 2.023267 0.798548
v 0.100808 2.007803 0.884894
v -0.166296 2.138524 1.028284
v -0.363873 2.254668 1.257777
v -0.120408 2.141495 1.083058
v -0.074468 2.141346 1.144073
v -0.331748 2.265852 1.301504
v -0.033886 2.174473 1.199475
v 0.175012 1.936131 1.018555
v 0.252925 2.069564 1.086748
v 0.418362 1.634161 0.932520
v 0.538311 1.933693 0.986646
v 0.675811 1.425614 0.811729
v 0.995937 1.269450 0.631066
v 0.816648 1.752261 0.896051
v 1.140986 1.549600 0.752066
v 0.902152 2.022860 0.950381
v 1.225144 1.973907 0.796822
v 0.904275 2.063222 0.933782
v 0.607529 2.074117 1.064977
v 0.609342 2.099106 1.054894
v 0.304522 2.134202 1.162018
v 0.305791 2.147780 1.156649
v 0.001786 2.202559 1.254695
v 0.256672 2.106882 1.072093
v 0.547077 2.040478 0.943953
v 0.832232 1.992554 0.798375
v 1.158902 1.939652 0.590646
v 1.467529 1.852209 0.390186
v 1.033701 1.859225 0.391145
v 1.226562 2.019237 0.777804
v 1.530721 1.954095 0.619728
v 1.835076 1.894546 0.459140
v 1.530018 1.896177 0.644460
v 1.835582 1.822646 0.490382
v 1.452948 1.347028 0.602610
v 1.772390 1.381665 0.352965
v 1.318363 1.134772 0.443603
v 1.648102 1.178557 0.182642
v 1.138704 1.189455 0.218391
v 1.457207 1.211980 -0.031181
v 0.837518 1.405131 0.372701
v 0.948588 1.596078 -0.095774
v 1.204418 1.479165 -0.303058
v 0.953310 1.654312 -0.119079
v 1.209322 1.551608 -0.332425
v 1.171220 1.696047 0.012339
v 1.474901 1.601319 -0.192380
v 1.347346 1.763374 0.183506
v 1.661185 1.672937 -0.025702
v 1.975259 1.587868 -0.236614
v 1.776083 1.769544 0.186937
v 2.062488 1.676089 -0.050319
v 2.068712 1.789009 0.195998
v 2.063266 1.588687 -0.012278
v 2.070223 1.701724 0.234276
v 1.974904 1.500304 -0.198945
v 1.804316 1.436999 -0.331997
v 1.546690 1.401752 -0.415395
v 1.806224 1.524756 -0.369142
v 1.550614 1.489704 -0.451839
v -0.601577 2.278619 1.265796
v -0.601633 2.276605 1.266610
v -0.818669 2.208212 1.037722
v -0.552252 2.265979 1.243812
v -0.552227 2.267326 1.243248
v -0.552301 2.263966 1.244628
v -0.759914 2.185174 1.005085
v -0.502780 2.256400 1.220746
v -0.627537 2.152822 0.945724
v -0.695973 2.173095 0.968341
v -0.561260 2.145401 0.922174
v -0.719625 2.048625 0.653289
v -0.839198 2.088268 0.689800
v -0.619500 2.040071 0.621375
v -0.811552 1.955181 0.356935
v -0.981342 2.015639 0.406685
v -0.678610 1.944119 0.317768
v -0.911854 1.885094 0.057356
v -1.060152 1.823793 -0.298661
v -1.121667 1.957540 0.118313
v -0.750880 1.866145 0.015245
v -0.851956 1.784018 -0.320568
v -0.754054 1.825587 0.030835
v -0.856370 1.738370 -0.303348
v -0.933432 1.643797 0.149065
v -0.680194 1.919053 0.327549
v -0.819316 1.848068 0.398348
v -0.620168 2.026471 0.626756
v -0.721724 2.011233 0.667983
v -0.561482 2.139096 0.924703
v -0.502823 2.254388 1.221564
v -0.627968 2.141979 0.950054
v -0.697373 2.141590 0.980864
v -0.552276 2.265313 1.244063
v -0.760440 2.174323 1.009382
v -0.848780 1.939249 0.747888
v -0.953046 2.072147 0.769601
v -1.012691 1.642082 0.549458
v -1.149395 1.941139 0.539979
v -1.175262 1.440840 0.311834
v -1.364490 1.296840 -0.011039
v -1.343194 1.766694 0.319779
v -1.551178 1.575858 0.027139
v -1.450037 2.035896 0.329266
v -1.654052 1.997628 0.033889
v -1.444992 2.076452 0.314401
v -1.251113 2.080316 0.575792
v -1.248579 2.105405 0.566369
v -1.036123 2.135895 0.810396
v -1.035079 2.149514 0.805152
v -0.818999 2.201900 1.040212
v -0.950373 2.109567 0.755118
v -1.139302 2.048306 0.499446
v -1.315156 2.007967 0.230581
v -1.495912 1.967589 -0.113917
v -1.662872 1.895447 -0.444806
v -1.288944 1.888721 -0.227242
v -1.647225 2.043199 0.017633
v -1.831379 1.991279 -0.273329
v -2.013831 1.947572 -0.567373
v -1.841488 1.933044 -0.253091
v -2.028104 1.875291 -0.542919
v -1.746301 1.388203 -0.266739
v -1.901035 1.441794 -0.645979
v -1.552366 1.177813 -0.342458
v -1.710516 1.241106 -0.737430
v -1.288763 1.230384 -0.445067
v -1.442354 1.271224 -0.824440
v -1.104058 1.431648 -0.153041
v -0.974146 1.632093 -0.613512
v -1.092587 1.529889 -0.925141
v -0.967389 1.690533 -0.635131
v -1.082804 1.602581 -0.951499
v -1.220279 1.738650 -0.629332
v -1.380601 1.661793 -0.962508
v -1.456811 1.808582 -0.567051
v -1.623350 1.737090 -0.909387
v -1.788440 1.674178 -1.254314
v -1.827683 1.831185 -0.779082
v -1.955797 1.759473 -1.133256
v -2.083722 1.862189 -0.917806
v -1.974258 1.671747 -1.104016
v -2.102493 1.774511 -0.888705
v -1.806067 1.586328 -1.224701
v -1.594005 1.518703 -1.255757
v -1.331686 1.472145 -1.198284
v -1.577755 1.606729 -1.285975
v -1.317401 1.560370 -1.229342
v -0.398816 2.280497 1.322185
v -0.398954 2.278932 1.322762
v -0.152030 2.273026 1.351827
v -0.406179 2.265675 1.282686
v -0.406071 2.266725 1.282297
v -0.406320 2.264111 1.283262
v -0.155653 2.250252 1.302147
v -0.413461 2.253138 1.242371
v -0.175432 2.212250 1.195649
v -0.160956 2.235223 1.246582
v -0.190461 2.199172 1.144662
v 0.058274 2.168410 1.120465
v 0.084671 2.211487 1.207931
v 0.032926 2.150636 1.044913
v 0.292570 2.133829 1.042175
v 0.330642 2.197656 1.165420
v 0.256899 2.110529 0.943268
v 0.528807 2.119080 0.965534
v 0.819255 2.122964 0.890556
v 0.576625 2.195493 1.118210
v 0.483274 2.086685 0.848515
v 0.743387 2.067528 0.755408
v 0.482277 2.055358 0.860738
v 0.742914 2.032346 0.769385
v 0.524033 1.932848 1.038645
v 0.255982 2.091133 0.950720
v 0.289095 2.051008 1.074166
v 0.032272 2.140095 1.048902
v 0.056594 2.139445 1.131473
v -0.190837 2.194278 1.146487
v -0.413604 2.251573 1.242946
v -0.176056 2.203835 1.198795
v -0.162701 2.210785 1.255743
v -0.406211 2.265160 1.282873
v -0.156236 2.241838 1.305308
v 0.078499 2.096135 1.251972
v 0.091553 2.208084 1.316506
v 0.320266 1.909045 1.277571
v 0.339654 2.152035 1.336393
v 0.569481 1.797032 1.275826
v 0.872806 1.738672 1.244954
v 0.587938 2.061809 1.361212
v 0.888871 1.966687 1.360160
v 0.588046 2.276349 1.415168
v 0.864468 2.295421 1.403363
v 0.588239 2.307592 1.402667
v 0.342381 2.266430 1.406774
v 0.342891 2.285793 1.399178
v 0.094852 2.263564 1.382299
v 0.095346 2.274097 1.378250
v -0.152360 2.268133 1.353669
v 0.092987 2.237034 1.305409
v 0.342130 2.234774 1.304048
v 0.589933 2.247745 1.287145
v 0.885342 2.267982 1.237525
v 1.171466 2.262133 1.187484
v 0.870928 2.194124 1.060909
v 0.863899 2.330465 1.389037
v 1.130854 2.336854 1.367996
v 1.397675 2.349689 1.343908
v 1.132529 2.292141 1.386640
v 1.400933 2.294264 1.367477
v 1.184351 1.872664 1.349229
v 1.474028 1.964474 1.260310
v 1.176703 1.700151 1.206966
v 1.475338 1.802143 1.110628
v 1.110481 1.718560 0.995829
v 1.400714 1.802980 0.904823
v 0.817878 1.821005 1.011562
v 0.999644 1.996003 0.699777
v 1.256942 1.963796 0.629106
v 0.999423 2.040949 0.681601
v 1.255637 2.019585 0.606146
v 1.104076 2.109092 0.836163
v 1.389170 2.102409 0.779838
v 1.164011 2.184541 1.007090
v 1.456652 2.182249 0.950408
v 1.748819 2.187204 0.890789
v 1.457435 2.262925 1.133765
v 1.739669 2.256962 1.047858
v 1.653191 2.325903 1.224897
v 1.744896 2.189852 1.076891
v 1.658317 2.258769 1.253901
v 1.753757 2.120027 0.919738
v 1.686111 2.048761 0.778027
v 1.539220 1.977008 0.647488
v 1.681852 2.116088 0.749280
v 1.536053 2.044559 0.619074
v -0.504042 2.280190 1.294798
v -0.504143 2.278626 1.295382
v -0.733741 2.271562 1.200338
v -0.478144 2.265499 1.263942
v -0.478089 2.266549 1.263540
v -0.478244 2.263934 1.264527
v -0.705948 2.249202 1.158685
v -0.452006 2.253062 1.232325
v -0.636270 2.211946 1.075286
v -0.674139 2.234580 1.112691
v -0.598224 2.199136 1.038090
v -0.802675 2.169244 0.895059
v -0.869146 2.211431 0.958698
v -0.743667 2.152036 0.841408
v -0.968044 2.137103 0.711433
v -1.062562 2.199239 0.800921
v -0.888622 2.114752 0.642379
v -1.136111 2.125985 0.528105
v -1.352119 2.135463 0.319550
v -1.253716 2.199771 0.638916
v -1.039078 2.094974 0.447945
v -1.219303 2.081753 0.238085
v -1.043247 2.063565 0.458845
v -1.224721 2.046463 0.250047
v -1.161966 1.939231 0.592501
v -0.890854 2.095315 0.649259
v -0.977946 2.054090 0.740673
v -0.744694 2.141478 0.845217
v -0.805589 2.140230 0.905491
v -0.598615 2.194237 1.039890
v -0.452103 2.251497 1.232911
v -0.636958 2.203523 1.078375
v -0.676182 2.210116 1.121647
v -0.478188 2.264983 1.264125
v -0.706661 2.240779 1.161765
v -0.881154 2.095859 1.000095
v -0.927145 2.206791 1.050367
v -1.098580 1.909886 0.902259
v -1.150986 2.151030 0.945870
v -1.311632 1.800058 0.775745
v -1.558900 1.745806 0.596354
v -1.375962 2.061702 0.844523
v -1.633939 1.969223 0.693257
v -1.409336 2.273888 0.894198
v -1.644536 2.294311 0.748774
v -1.404678 2.305265 0.883500
v -1.191134 2.263732 1.006928
v -1.188653 2.283160 1.000148
v -0.963530 2.261292 1.106460
v -0.962404 2.271849 1.102690
v -0.734160 2.266663 1.202128
v -0.924081 2.235803 1.039994
v -1.140475 2.234020 0.916875
v -1.348419 2.248344 0.780826
v -1.581790 2.271880 0.592867
v -1.805377 2.270681 0.408467
v -1.481518 2.202959 0.444182
v -1.638488 2.329541 0.737080
v -1.860079 2.338378 0.588048
v -2.079865 2.354495 0.436345
v -1.868817 2.293390 0.602587
v -2.091970 2.298691 0.453889
v -1.882231 1.879270 0.534646
v -2.092744 1.977308 0.314714
v -1.803273 1.712858 0.409951
v -2.017652 1.822344 0.178521
v -1.645037 1.736243 0.259125
v -1.853985 1.828777 0.036214
v -1.401303 1.832506 0.421208
v -1.412493 2.017051 0.061564
v -1.599887 1.993115 -0.128563
v -1.404629 2.062147 0.046642
v -1.588951 2.049101 -0.146634
v -1.572076 2.128181 0.131226
v -1.790956 2.129406 -0.059148
v -1.709064 2.199265 0.252645
v -1.934452 2.204224 0.058602
v -2.157590 2.217765 -0.137929
v -2.026699 2.277429 0.220724
v -2.228331 2.280013 0.006107
v -2.242080 2.339127 0.205792
v -2.244734 2.212482 0.026657
v -2.258143 2.271527 0.226502
v -2.173913 2.150217 -0.117341
v -2.044722 2.083651 -0.209733
v -1.852763 2.013300 -0.252680
v -2.028893 2.151298 -0.230553
v -1.837866 2.081120 -0.273930
v -0.501165 2.376224 1.261513
v -0.501229 2.377039 1.261620
v -0.617552 2.363250 1.261932
v -0.495499 2.379874 1.241498
v -0.495463 2.379325 1.241424
v -0.495563 2.380689 1.241605
v -0.613211 2.368986 1.235936
v -0.489686 2.382372 1.221349
v -0.597826 2.377226 1.182102
v -0.607237 2.370576 1.208141
v -0.587625 2.379279 1.157218
v -0.701801 2.370307 1.129177
v -0.718518 2.357605 1.174353
v -0.685141 2.372451 1.092636
v -0.805161 2.357956 1.075804
v -0.829040 2.339310 1.139966
v -0.782136 2.360479 1.028080
v -0.908295 2.335693 1.025610
v -1.035250 2.299782 0.976004
v -0.938489 2.314786 1.104932
v -0.879677 2.340608 0.968681
v -0.992354 2.314986 0.908999
v -0.882036 2.356867 0.970496
v -0.995352 2.333224 0.910934
v -0.922489 2.432377 1.036353
v -0.783429 2.370556 1.029253
v -0.810735 2.400994 1.080800
v -0.685752 2.377933 1.093300
v -0.703493 2.385372 1.131000
v -0.587866 2.381826 1.157539
v -0.489750 2.383187 1.221455
v -0.598243 2.381607 1.182654
v -0.608451 2.383297 1.209741
v -0.495526 2.380141 1.241531
v -0.613628 2.373366 1.236488
v -0.725292 2.417612 1.181602
v -0.730335 2.370994 1.224922
v -0.848608 2.489336 1.157339
v -0.848926 2.380538 1.214433
v -0.969128 2.521767 1.127860
v -1.109197 2.520944 1.087704
v -0.969634 2.407125 1.201318
v -1.112736 2.428955 1.171588
v -0.963245 2.313369 1.254652
v -1.088746 2.283200 1.237725
v -0.960886 2.297110 1.252837
v -0.849907 2.334949 1.261866
v -0.848615 2.324871 1.260692
v -0.734126 2.352023 1.262566
v -0.733515 2.346540 1.261901
v -0.617793 2.365797 1.262253
v -0.728643 2.355929 1.223099
v -0.843352 2.337500 1.209438
v -0.955441 2.310441 1.190574
v -1.086443 2.272362 1.155131
v -1.214296 2.247004 1.116557
v -1.069187 2.284549 1.062951
v -1.085748 2.264962 1.235790
v -1.206740 2.240474 1.213576
v -1.327093 2.212821 1.190856
v -1.211007 2.263746 1.215919
v -1.332934 2.241670 1.193603
v -1.252460 2.449314 1.136619
v -1.373814 2.372887 1.091615
v -1.247766 2.509690 1.046379
v -1.371421 2.425454 0.998145
v -1.200312 2.477246 0.954150
v -1.320954 2.401200 0.906654
v -1.061543 2.456376 0.992461
v -1.109279 2.318233 0.859967
v -1.222978 2.300566 0.808859
v -1.105012 2.294962 0.857624
v -1.217137 2.271717 0.806112
v -1.162148 2.274936 0.934088
v -1.288476 2.246217 0.892211
v -1.199896 2.258471 1.021604
v -1.329651 2.228437 0.979923
v -1.458432 2.194466 0.937919
v -1.341337 2.217903 1.077173
v -1.464147 2.187096 1.021927
v -1.435995 2.188562 1.119031
v -1.472188 2.221934 1.024962
v -1.443753 2.223476 1.122158
v -1.466567 2.229278 0.940923
v -1.427310 2.245972 0.867928
v -1.352928 2.272124 0.804355
v -1.419268 2.211134 0.864893
v -1.345170 2.237210 0.801228
v -0.531203 2.376632 1.249193
v -0.531207 2.377447 1.249324
v -0.448086 2.361121 1.331493
v -0.521541 2.380240 1.230819
v -0.521533 2.379692 1.230733
v -0.521545 2.381055 1.230950
v -0.433342 2.366620 1.309744
v -0.511927 2.382696 1.212229
v -0.407513 2.374483 1.260159
v -0.418669 2.367977 1.285509
v -0.397849 2.376429 1.235043
v -0.296983 2.364402 1.295259
v -0.316092 2.352180 1.339565
v -0.284039 2.366238 1.257168
v -0.186922 2.348840 1.329563
v -0.213969 2.331209 1.392674
v -0.170954 2.350739 1.278899
v -0.079681 2.323427 1.366017
v 0.043544 2.284050 1.419817
v -0.112529 2.304169 1.444625
v -0.061428 2.327319 1.304734
v 0.058726 2.297767 1.341080
v -0.060376 2.343539 1.307679
v 0.060255 2.315954 1.344483
v -0.073328 2.419887 1.383557
v -0.170472 2.360794 1.280676
v -0.184854 2.391793 1.337155
v -0.283871 2.371711 1.258108
v -0.296524 2.379442 1.297841
v -0.397815 2.378972 1.235467
v -0.511930 2.383510 1.212361
v -0.407455 2.378858 1.260888
v -0.418508 2.380683 1.287625
v -0.521537 2.380507 1.230865
v -0.433292 2.370996 1.310471
v -0.314288 2.412096 1.349844
v -0.341611 2.366187 1.384415
v -0.206766 2.480966 1.419141
v -0.249070 2.373599 1.460417
v -0.098965 2.510730 1.482173
v 0.028853 2.506988 1.550941
v -0.152764 2.398269 1.535799
v -0.029283 2.417864 1.614602
v -0.196457 2.306041 1.570096
v -0.096007 2.274564 1.646606
v -0.197366 2.289799 1.567189
v -0.281975 2.329003 1.495294
v -0.282384 2.318938 1.493537
v -0.365058 2.347775 1.414142
v -0.365197 2.342299 1.413210
v -0.448060 2.363666 1.331915
v -0.342027 2.351142 1.381844
v -0.250960 2.330622 1.452872
v -0.158621 2.301728 1.518389
v -0.041990 2.261517 1.585480
v 0.074690 2.234197 1.648075
v 0.008464 2.271125 1.506657
v -0.097351 2.256343 1.643251
v 0.003461 2.230784 1.712878
v 0.103927 2.202396 1.781773
v 0.005594 2.254036 1.717279
v 0.107093 2.231227 1.787381
v 0.095274 2.436162 1.686894
v 0.209841 2.358109 1.740201
v 0.155860 2.493083 1.617734
v 0.273725 2.406669 1.670078
v 0.183434 2.457831 1.518238
v 0.298792 2.379073 1.568969
v 0.057123 2.440229 1.449162
v 0.175650 2.297261 1.387869
v 0.290713 2.275946 1.430964
v 0.173259 2.274062 1.383403
v 0.287201 2.247197 1.425271
v 0.161700 2.256122 1.479129
v 0.279090 2.224563 1.538132
v 0.128963 2.242478 1.569176
v 0.248673 2.210133 1.630856
v 0.367574 2.174121 1.691709
v 0.191033 2.203375 1.709585
v 0.314812 2.170439 1.756690
v 0.229336 2.175802 1.807071
v 0.319719 2.205229 1.763769
v 0.233874 2.210690 1.814060
v 0.372658 2.208862 1.698831
v 0.394512 2.222291 1.618072
v 0.385358 2.245941 1.519344
v 0.389435 2.187548 1.610951
v 0.380474 2.211144 1.512270
v -0.539249 2.392427 1.160382
v -0.539438 2.394531 1.160905
v -0.491539 2.482624 0.794881
v -0.486919 2.393466 1.182202
v -0.486795 2.392058 1.181827
v -0.487090 2.395570 1.182730
v -0.421846 2.490397 0.815273
v -0.434406 2.390812 1.203348
v -0.280343 2.487034 0.872958
v -0.348225 2.484848 0.836666
v -0.216597 2.476143 0.907010
v -0.090479 2.577845 0.556105
v -0.208965 2.573786 0.490682
v 0.002667 2.555141 0.609770
v 0.100239 2.659929 0.237266
v -0.068898 2.655972 0.143116
v 0.221614 2.624515 0.310001
v 0.281036 2.724302 -0.090561
v 0.469115 2.795229 -0.503315
v 0.071996 2.728978 -0.206693
v 0.425739 2.681266 0.000729
v 0.637281 2.749640 -0.358829
v 0.425823 2.723307 0.012310
v 0.638115 2.796849 -0.345602
v 0.275639 2.974935 -0.023277
v 0.221230 2.650558 0.317044
v 0.096374 2.771338 0.266743
v 0.002185 2.569304 0.613520
v -0.092405 2.616797 0.566243
v -0.216950 2.482721 0.908714
v -0.434560 2.392916 1.203881
v -0.281068 2.498348 0.875855
v -0.350701 2.517712 0.844974
v -0.486967 2.394162 1.182355
v -0.422828 2.501713 0.818097
v -0.219620 2.729030 0.530229
v -0.342405 2.624800 0.465036
v -0.092799 3.044821 0.242971
v -0.265259 2.785868 0.121530
v 0.042540 3.266649 -0.067585
v 0.211723 3.439476 -0.463316
v -0.181570 2.996989 -0.204989
v -0.044324 3.231767 -0.592817
v -0.333885 2.759777 -0.292968
v -0.238899 2.847127 -0.696357
v -0.328898 2.717597 -0.303121
v -0.397764 2.675219 0.067178
v -0.394813 2.649127 0.060860
v -0.445575 2.583496 0.431886
v -0.444079 2.569323 0.428425
v -0.492183 2.489202 0.796502
v -0.338932 2.585830 0.455337
v -0.255092 2.674329 0.093834
v -0.158652 2.745831 -0.267346
v -0.009023 2.823550 -0.694721
v 0.147890 2.937695 -1.096308
v 0.240789 2.823428 -0.624062
v -0.233172 2.799675 -0.707746
v -0.125971 2.904452 -1.090376
v -0.018253 3.009252 -1.472795
v -0.133273 2.965213 -1.075784
v -0.027297 3.084884 -1.454619
v 0.105850 3.467218 -0.963055
v 0.276741 3.459000 -1.394128
v 0.382431 3.595141 -0.861367
v 0.559551 3.569523 -1.306560
v 0.637439 3.431158 -0.756456
v 0.809729 3.417428 -1.187149
v 0.464740 3.202173 -0.392767
v 0.830359 2.901285 -0.692745
v 1.023496 3.005705 -1.039505
v 0.828511 2.840949 -0.709887
v 1.020231 2.930765 -1.061093
v 0.638611 2.903774 -0.901060
v 0.807710 3.011898 -1.299218
v 0.408440 2.938004 -1.034289
v 0.576551 3.051923 -1.443786
v 0.745191 3.165227 -1.852740
v 0.306604 3.051495 -1.497386
v 0.508696 3.164295 -1.884563
v 0.223352 3.120645 -1.810725
v 0.503023 3.256359 -1.860926
v 0.214282 3.212695 -1.788061
v 0.742666 3.257143 -1.828225
v 0.937753 3.217783 -1.690784
v 1.090803 3.138503 -1.444073
v 0.937309 3.126148 -1.716104
v 1.087503 3.047270 -1.470148
v -0.583288 2.383967 1.176454
v -0.583490 2.386070 1.176974
v -0.651479 2.452261 0.838489
v -0.527579 2.390248 1.180259
v -0.527454 2.388839 1.179886
v -0.527763 2.392352 1.180783
v -0.580623 2.467853 0.836159
v -0.471574 2.392879 1.183411
v -0.430167 2.482003 0.846027
v -0.504452 2.470834 0.833642
v -0.359101 2.479670 0.857586
v -0.351946 2.571024 0.510255
v -0.481720 2.548172 0.486180
v -0.246210 2.563510 0.531079
v -0.273799 2.653080 0.172686
v -0.458787 2.617953 0.136837
v -0.134382 2.640856 0.202902
v -0.206065 2.717036 -0.169940
v -0.156865 2.781938 -0.590233
v -0.435119 2.677753 -0.214897
v -0.038339 2.705797 -0.129202
v 0.048008 2.781861 -0.507723
v -0.041286 2.748027 -0.118458
v 0.044554 2.829376 -0.495675
v -0.229720 2.968177 -0.107796
v -0.136214 2.666971 0.209543
v -0.283917 2.764620 0.200396
v -0.247245 2.577692 0.534674
v -0.355407 2.609993 0.519957
v -0.359603 2.486251 0.859248
v -0.471741 2.394983 1.183941
v -0.431150 2.493318 0.848851
v -0.507674 2.503687 0.841736
v -0.527638 2.390943 1.180411
v -0.581855 2.479160 0.838910
v -0.498492 2.703316 0.523962
v -0.620502 2.581352 0.501393
v -0.504505 3.006412 0.230397
v -0.666185 2.718037 0.171637
v -0.503722 3.214630 -0.087098
v -0.494334 3.369976 -0.490901
v -0.711174 2.903030 -0.147202
v -0.732786 3.108879 -0.537827
v -0.843836 2.638958 -0.178203
v -0.879607 2.688720 -0.567056
v -0.835982 2.597091 -0.187488
v -0.791551 2.587202 0.162560
v -0.787231 2.561233 0.156653
v -0.722338 2.526540 0.502049
v -0.720318 2.512403 0.498742
v -0.652263 2.458833 0.840070
v -0.615539 2.542450 0.492130
v -0.649958 2.606860 0.145728
v -0.670564 2.653141 -0.204309
v -0.660702 2.703576 -0.628772
v -0.643732 2.792038 -1.033560
v -0.408085 2.755287 -0.635096
v -0.869815 2.641782 -0.577205
v -0.890946 2.709767 -0.951972
v -0.912397 2.774724 -1.327415
v -0.904504 2.769662 -0.939300
v -0.930529 2.848986 -1.312046
v -0.743674 3.316752 -0.917591
v -0.708710 3.281820 -1.351284
v -0.484994 3.506876 -0.897823
v -0.448356 3.461771 -1.346088
v -0.188815 3.410115 -0.864365
v -0.153403 3.385527 -1.297981
v -0.199083 3.189976 -0.490333
v 0.107902 2.939658 -0.857328
v 0.170012 3.051160 -1.218838
v 0.112638 2.878816 -0.872666
v 0.176302 2.975433 -1.237816
v -0.128260 2.881121 -0.992245
v -0.101807 2.978741 -1.394919
v -0.384888 2.851758 -1.049260
v -0.362699 2.946362 -1.463357
v -0.341480 3.039121 -1.877569
v -0.626460 2.878943 -1.438863
v -0.566970 2.975715 -1.843641
v -0.800814 2.879544 -1.699804
v -0.586284 3.066610 -1.824081
v -0.822650 2.969889 -1.681049
v -0.358019 3.130496 -1.857142
v -0.133221 3.160429 -1.783200
v 0.092224 3.152827 -1.599957
v -0.119772 3.068667 -1.804569
v 0.102188 3.060811 -1.622361
v -0.413920 2.381483 1.245897
v -0.414064 2.383586 1.246433
v -0.132492 2.441253 1.050477
v -0.456412 2.389174 1.209427
v -0.456291 2.387765 1.209055
v -0.456572 2.391279 1.209959
v -0.181198 2.459099 0.999187
v -0.498816 2.393302 1.172248
v -0.295640 2.478903 0.900893
v -0.234175 2.464716 0.943938
v -0.354843 2.479570 0.859323
v -0.119259 2.563843 0.604703
v -0.010623 2.533956 0.677622
v -0.210108 2.562380 0.545737
v 0.058752 2.640214 0.307074
v 0.214085 2.592566 0.409230
v -0.063191 2.638063 0.231683
v 0.246965 2.695980 0.012490
v 0.501340 2.745277 -0.326142
v 0.439428 2.638139 0.137948
v 0.097425 2.699410 -0.074514
v 0.297698 2.767936 -0.407562
v 0.095392 2.741616 -0.063513
v 0.296129 2.815385 -0.394985
v 0.241397 2.946625 0.079728
v -0.064726 2.664173 0.238408
v 0.054540 2.751644 0.336455
v -0.211061 2.576560 0.549354
v -0.121270 2.602798 0.614818
v -0.355340 2.486151 0.860986
v -0.498992 2.395405 1.172775
v -0.296378 2.490217 0.903786
v -0.235966 2.497567 0.952441
v -0.456452 2.389869 1.209586
v -0.181703 2.470406 1.002145
v -0.015666 2.688984 0.718739
v 0.080685 2.561201 0.785884
v 0.210199 2.980220 0.514621
v 0.346297 2.682118 0.579530
v 0.445880 3.172925 0.286877
v 0.733484 3.305109 -0.011001
v 0.609889 2.847313 0.380108
v 0.911063 3.025592 0.111690
v 0.705346 2.575800 0.447623
v 0.997067 2.597753 0.188565
v 0.702804 2.534142 0.435399
v 0.433830 2.545341 0.659200
v 0.433046 2.519442 0.651844
v 0.150452 2.502382 0.857070
v 0.150489 2.488257 0.853199
v -0.132726 2.447826 1.052215
v 0.081298 2.522333 0.775383
v 0.344818 2.571221 0.548604
v 0.599653 2.598635 0.308655
v 0.882763 2.623662 -0.007428
v 1.150880 2.683647 -0.314694
v 0.710118 2.694537 -0.185893
v 0.992727 2.551210 0.174438
v 1.265315 2.588564 -0.085418
v 1.538294 2.618422 -0.346544
v 1.272586 2.647706 -0.066909
v 1.549461 2.691384 -0.323001
v 1.201357 3.201808 -0.156740
v 1.468251 3.133813 -0.499363
v 1.023505 3.413745 -0.312189
v 1.300069 3.337815 -0.666805
v 0.775389 3.349239 -0.488493
v 1.044769 3.299104 -0.830849
v 0.501808 3.151715 -0.214288
v 0.505944 2.914229 -0.698922
v 0.717906 3.011635 -1.002042
v 0.506894 2.853553 -0.715317
v 0.717763 2.936247 -1.022806
v 0.761580 2.823778 -0.637085
v 1.024404 2.896339 -0.947737
v 0.981620 2.765337 -0.503180
v 1.254216 2.829733 -0.820537
v 1.527863 2.887703 -1.138163
v 1.419385 2.737739 -0.623372
v 1.658852 2.801996 -0.961047
v 1.718663 2.696477 -0.696794
v 1.671556 2.890993 -0.932628
v 1.733212 2.784865 -0.667940
v 1.538155 2.977410 -1.110324
v 1.330778 3.041347 -1.207166
v 1.043923 3.077106 -1.225284
v 1.323519 2.950882 -1.234254
v 1.040407 2.985909 -1.251414
v -0.681445 2.358221 1.268074
v -0.681469 2.360363 1.268446
v -0.852545 2.390062 1.006077
v -0.631141 2.363533 1.250288
v -0.631139 2.362097 1.250018
v -0.631152 2.365675 1.250664
v -0.791213 2.403970 0.977217
v -0.580790 2.365391 1.232057
v -0.656027 2.417753 0.929660
v -0.725067 2.405727 0.947174
v -0.589787 2.416677 0.913483
v -0.698476 2.466168 0.614369
v -0.819059 2.439407 0.642703
v -0.598887 2.463086 0.594063
v -0.741264 2.504107 0.297519
v -0.912432 2.460155 0.336273
v -0.609302 2.500913 0.273787
v -0.793165 2.519590 -0.018911
v -0.883744 2.518051 -0.394448
v -1.004249 2.465514 0.027717
v -0.633692 2.523065 -0.043480
v -0.681005 2.545452 -0.397351
v -0.636167 2.566126 -0.036570
v -0.684827 2.593875 -0.389877
v -0.812428 2.775690 0.020887
v -0.610393 2.527541 0.278186
v -0.747721 2.617872 0.315798
v -0.599272 2.477540 0.596510
v -0.700031 2.505906 0.620954
v -0.589871 2.423380 0.914645
v -0.580787 2.367532 1.232437
v -0.656270 2.429283 0.931631
v -0.726070 2.439227 0.952814
v -0.631150 2.364239 1.250394
v -0.791654 2.415506 0.979132
v -0.827541 2.597739 0.668286
v -0.937280 2.474522 0.702404
v -0.942449 2.856722 0.397844
v -1.088145 2.562556 0.429237
v -1.058727 3.013351 0.109070
v -1.194733 3.097303 -0.254242
v -1.238507 2.693758 0.157163
v -1.394696 2.826230 -0.189566
v -1.349382 2.428672 0.204655
v -1.501719 2.407309 -0.115868
v -1.343032 2.385898 0.198896
v -1.195225 2.432886 0.478106
v -1.192166 2.406333 0.474282
v -1.024828 2.421634 0.743975
v -1.023664 2.407182 0.741750
v -0.852854 2.396772 1.007175
v -0.934537 2.434787 0.696159
v -1.076857 2.448974 0.412367
v -1.205852 2.438624 0.121340
v -1.328795 2.413267 -0.243861
v -1.440415 2.421544 -0.600400
v -1.113730 2.471082 -0.341921
v -1.492907 2.359464 -0.121827
v -1.626609 2.351601 -0.438413
v -1.758681 2.333855 -0.756348
v -1.639791 2.412453 -0.431388
v -1.777421 2.408977 -0.748365
v -1.540776 2.954607 -0.534624
v -1.640261 2.828415 -0.912006
v -1.330856 3.154394 -0.620792
v -1.435499 3.018609 -1.011764
v -1.057794 3.083180 -0.676211
v -1.159931 2.976004 -1.055528
v -0.926117 2.933720 -0.333014
v -0.750721 2.646472 -0.725337
v -0.817980 2.695455 -1.061400
v -0.744463 2.584541 -0.734506
v -0.808495 2.618517 -1.072306
v -0.988354 2.545288 -0.751563
v -1.093820 2.563824 -1.109625
v -1.224836 2.488767 -0.708358
v -1.335225 2.497223 -1.075505
v -1.444660 2.496461 -1.443447
v -1.550215 2.421110 -0.958516
v -1.622624 2.426039 -1.332457
v -1.775613 2.353940 -1.121602
v -1.645683 2.517302 -1.322841
v -1.799897 2.444826 -1.112393
v -1.465813 2.588259 -1.433204
v -1.255666 2.654427 -1.447966
v -1.009113 2.710049 -1.367080
v -1.237151 2.561996 -1.459060
v -0.994054 2.616964 -1.379262
v -0.406478 2.354957 1.380970
v -0.406654 2.357102 1.381268
v -0.104453 2.378214 1.312601
v -0.430377 2.360987 1.332694
v -0.430235 2.359548 1.332487
v -0.430565 2.363131 1.332988
v -0.128332 2.392695 1.248650
v -0.454125 2.363681 1.284041
v -0.192574 2.408850 1.119307
v -0.155337 2.395350 1.180446
v -0.229244 2.409424 1.061024
v 0.054045 2.447029 0.921431
v 0.120103 2.417140 1.026381
v -0.003895 2.447186 0.836892
v 0.301307 2.471126 0.721914
v 0.395345 2.421999 0.869608
v 0.222398 2.473221 0.612443
v 0.553006 2.468892 0.528306
v 0.869935 2.440098 0.317794
v 0.669276 2.407578 0.709424
v 0.455351 2.479913 0.399265
v 0.728700 2.479949 0.174763
v 0.455416 2.522935 0.406270
v 0.730257 2.528216 0.183046
v 0.558140 2.724382 0.571265
v 0.221773 2.499862 0.616590
v 0.300387 2.584841 0.740116
v -0.004572 2.461658 0.839048
v 0.052646 2.486798 0.927488
v -0.229713 2.416137 1.061980
v -0.454325 2.365825 1.284332
v -0.193293 2.420396 1.120976
v -0.157164 2.428888 1.185369
v -0.430422 2.361692 1.332782
v -0.128883 2.404243 1.250368
v 0.116673 2.575501 1.051115
v 0.166070 2.450776 1.152333
v 0.399669 2.817904 0.935136
v 0.464297 2.522222 1.059013
v 0.693287 2.953127 0.804898
v 1.048199 3.005618 0.631982
v 0.765408 2.632496 0.964103
v 1.123652 2.733917 0.816669
v 0.794919 2.369287 1.078647
v 1.117453 2.321850 0.950838
v 0.791559 2.326685 1.070765
v 0.500553 2.392843 1.170120
v 0.499508 2.366337 1.165516
v 0.198138 2.397498 1.243892
v 0.198155 2.383048 1.241551
v -0.104733 2.384929 1.313611
v 0.166463 2.411044 1.145994
v 0.461118 2.408850 1.039692
v 0.748896 2.378497 0.918120
v 1.079737 2.324433 0.737565
v 1.397743 2.299547 0.553622
v 0.995806 2.384407 0.516069
v 1.111647 2.274352 0.941457
v 1.417469 2.236873 0.802334
v 1.721068 2.185411 0.660048
v 1.427304 2.297031 0.814931
v 1.736267 2.259299 0.676421
v 1.475351 2.825447 0.661327
v 1.789315 2.660710 0.452714
v 1.403341 3.025024 0.455000
v 1.730099 2.848938 0.238680
v 1.236999 2.967279 0.230359
v 1.556372 2.821793 0.020986
v 0.893845 2.853358 0.391759
v 1.007016 2.553756 -0.016066
v 1.284641 2.571277 -0.215756
v 1.003078 2.492224 -0.027188
v 1.277321 2.495138 -0.230221
v 1.185670 2.434932 0.129178
v 1.500953 2.415895 -0.060850
v 1.321135 2.367948 0.324684
v 1.644482 2.337015 0.130933
v 1.965422 2.291772 -0.065410
v 1.713562 2.260992 0.366012
v 2.012286 2.223222 0.139589
v 1.975829 2.167050 0.401724
v 2.032695 2.312325 0.159935
v 1.996778 2.255936 0.422191
v 1.984377 2.381435 -0.045394
v 1.850927 2.460211 -0.200329
v 1.626789 2.542799 -0.309418
v 1.834378 2.369699 -0.219787
v 1.613684 2.451240 -0.328052
v -0.593192 2.357425 1.308415
v -0.593248 2.359083 1.308651
v -0.797345 2.357639 1.186895
v -0.563725 2.363918 1.278715
v -0.563701 2.362804 1.278545
v -0.563776 2.365576 1.278952
v -0.764216 2.369979 1.145520
v -0.534104 2.367968 1.248753
v -0.685035 2.386414 1.065901
v -0.727178 2.373594 1.101995
v -0.643388 2.389495 1.031989
v -0.816201 2.399207 0.862162
v -0.889909 2.372700 0.923874
v -0.752233 2.403057 0.814133
v -0.946630 2.399560 0.657101
v -1.051090 2.357871 0.744069
v -0.860939 2.405731 0.595827
v -1.080442 2.377911 0.455878
v -1.256306 2.329480 0.227718
v -1.209696 2.327297 0.562598
v -0.976224 2.391382 0.384532
v -1.117583 2.366895 0.155499
v -0.980421 2.424509 0.388362
v -1.123426 2.404007 0.159464
v -1.107412 2.574705 0.478053
v -0.863013 2.426271 0.598354
v -0.956259 2.487227 0.667662
v -0.753086 2.414227 0.815586
v -0.818753 2.429897 0.866093
v -0.643658 2.394682 1.032699
v -0.534150 2.369626 1.248992
v -0.685538 2.395333 1.067112
v -0.728754 2.399495 1.105478
v -0.563751 2.364462 1.278782
v -0.764790 2.378897 1.146710
v -0.900983 2.494899 0.939265
v -0.957143 2.397166 1.004310
v -1.087681 2.663212 0.779977
v -1.153748 2.434780 0.863253
v -1.272766 2.747926 0.608443
v -1.487537 2.763857 0.391841
v -1.352652 2.502453 0.717937
v -1.578528 2.559018 0.518967
v -1.395612 2.302393 0.803999
v -1.598145 2.248163 0.635895
v -1.390027 2.269477 0.800598
v -1.204095 2.336020 0.939741
v -1.201314 2.315557 0.937428
v -1.001805 2.355647 1.064939
v -1.000671 2.344494 1.063569
v -0.797695 2.362825 1.187582
v -0.954164 2.366505 1.000506
v -1.142386 2.347304 0.853218
v -1.320890 2.306398 0.697245
v -1.515327 2.242717 0.489004
v -1.700304 2.200817 0.280046
v -1.397984 2.284928 0.344716
v -1.590521 2.211413 0.632495
v -1.778488 2.164672 0.459888
v -1.963811 2.106718 0.285962
v -1.789848 2.211299 0.463720
v -1.979912 2.164120 0.290075
v -1.796346 2.607482 0.314339
v -1.967311 2.456585 0.091960
v -1.699795 2.753243 0.172516
v -1.875640 2.590620 -0.059268
v -1.523108 2.707895 0.052701
v -1.694939 2.567385 -0.173185
v -1.311126 2.647532 0.260344
v -1.274947 2.397648 -0.053307
v -1.426244 2.383479 -0.266853
v -1.266048 2.350397 -0.057938
v -1.413417 2.325079 -0.272054
v -1.438024 2.298352 0.014836
v -1.618294 2.255233 -0.198671
v -1.586077 2.246510 0.128080
v -1.771447 2.195657 -0.089451
v -1.953731 2.132478 -0.307826
v -1.882228 2.147136 0.069299
v -2.041074 2.090960 -0.165943
v -2.082876 2.067127 0.037140
v -2.062737 2.159970 -0.161659
v -2.104373 2.136204 0.041481
v -1.974922 2.201676 -0.303378
v -1.838991 2.260190 -0.387972
v -1.649924 2.332560 -0.417050
v -1.818921 2.190570 -0.392805
v -1.631670 2.262320 -0.422496
v -0.497426 2.356295 1.347737
v -0.497503 2.357953 1.347961
v -0.268033 2.351007 1.404194
v -0.498221 2.363087 1.305600
v -0.498154 2.361973 1.305450
v -0.498301 2.364746 1.305824
v -0.263289 2.363115 1.351034
v -0.499022 2.367492 1.263149
v -0.265473 2.379669 1.237882
v -0.260170 2.366621 1.293551
v -0.272241 2.383132 1.184095
v -0.032479 2.384210 1.183084
v -0.022526 2.357828 1.279511
v -0.045648 2.388430 1.103415
v 0.199922 2.374151 1.126309
v 0.214021 2.333425 1.262793
v 0.180240 2.380528 1.021822
v 0.430474 2.340173 1.074366
v 0.706809 2.274865 1.032224
v 0.448441 2.291702 1.242848
v 0.404665 2.353505 0.949542
v 0.658306 2.312374 0.882299
v 0.406904 2.386499 0.955073
v 0.662112 2.349255 0.888853
v 0.445668 2.536104 1.107756
v 0.181015 2.401019 1.025082
v 0.203875 2.461593 1.140405
v -0.045555 2.399588 1.105096
v -0.032061 2.414862 1.187749
v -0.272349 2.388318 1.184833
v -0.499105 2.369150 1.263371
v -0.265631 2.388586 1.239159
v -0.260547 2.392514 1.297284
v -0.498234 2.363632 1.305673
v -0.263403 2.372030 1.352323
v -0.020153 2.479870 1.298287
v -0.028013 2.383266 1.384814
v 0.230453 2.637914 1.312636
v 0.210101 2.412724 1.420328
v 0.485497 2.710398 1.315507
v 0.788969 2.709515 1.305223
v 0.454365 2.470786 1.452832
v 0.754427 2.513109 1.463626
v 0.417362 2.275642 1.548439
v 0.672602 2.211673 1.569263
v 0.414258 2.242805 1.542684
v 0.190176 2.316679 1.511969
v 0.188963 2.296249 1.508592
v -0.038692 2.342926 1.460166
v -0.038959 2.331783 1.458437
v -0.268092 2.356191 1.404946
v -0.028696 2.352638 1.380077
v 0.205070 2.325431 1.405948
v 0.436184 2.275415 1.418674
v 0.711823 2.198591 1.404841
v 0.981196 2.141589 1.382876
v 0.727042 2.233978 1.217051
v 0.667682 2.175056 1.562431
v 0.914873 2.117277 1.569464
v 1.159680 2.047216 1.573544
v 0.922926 2.163662 1.578638
v 1.171867 2.104209 1.585467
v 1.052713 2.544829 1.463049
v 1.315093 2.377073 1.421663
v 1.090445 2.679765 1.290382
v 1.361484 2.497815 1.244367
v 1.041651 2.630578 1.083011
v 1.306698 2.469742 1.038119
v 0.744175 2.590679 1.089710
v 0.912710 2.324333 0.839514
v 1.162512 2.289476 0.788813
v 0.906198 2.277501 0.830713
v 1.152381 2.231776 0.777370
v 0.976998 2.225230 1.004477
v 1.244826 2.161721 0.974820
v 1.003827 2.178135 1.191315
v 1.277464 2.107962 1.162627
v 1.547508 2.023716 1.130857
v 1.247923 2.070992 1.357147
v 1.513202 1.994239 1.296872
v 1.407197 1.988009 1.475609
v 1.530968 2.062343 1.312027
v 1.424371 2.056368 1.490635
v 1.565135 2.091881 1.145982
v 1.528525 2.144801 0.988313
v 1.418401 2.219130 0.834583
v 1.511763 2.076270 0.973379
v 1.403270 2.149951 0.820015
vn 0.8804 0.1394 0.4532
vn -0.2269 0.4592 0.8589
vn 0.0602 0.8845 -0.4627
vn 0.0262 0.8935 -0.4482
vn -0.9687 -0.0167 -0.2477
vn 0.2030 0.8932 -0.4013
vn -0.2230 0.4587 0.8602
vn 0.1763 0.8853 -0.4304
vn 0.0371 0.8966 -0.4412
vn 0.2238 0.8819 -0.4149
vn 0.0326 0.9051 -0.4239
vn 0.2504 0.8855 -0.3914
vn 0.0475 0.9199 -0.3892
vn 0.2528 0.9026 -0.3484
vn 0.2131 0.9152 -0.3421
vn 0.1046 0.9204 -0.3767
vn -0.9859 0.1028 -0.1319
vn -0.9896 0.1192 -0.0799
vn -0.8978 -0.4139 0.1507
vn -0.8048 -0.5088 0.3057
vn -0.9909 0.1298 -0.0367
vn -0.5952 -0.6945 0.4043
vn -0.9921 0.1216 -0.0301
vn -0.3745 -0.8202 0.4326
vn -0.2148 -0.8702 0.4435
vn -0.9934 0.1117 -0.0279
vn -0.3013 -0.8440 0.4438
vn -0.5972 -0.6757 0.4321
vn 0.0390 -0.8443 0.5345
vn 0.3023 -0.6750 0.6731
vn 0.5200 -0.4427 0.7305
vn -0.8136 -0.4439 0.3754
vn 0.5772 -0.4476 0.6830
vn -0.8432 -0.4424 0.3054
vn -0.7739 -0.5662 0.2838
vn 0.5167 -0.5809 0.6290
vn 0.6999 -0.4206 0.5773
vn 0.5409 -0.5104 0.6685
vn 0.9246 0.1060 0.3659
vn 0.9025 0.1290 0.4109
vn 0.8824 0.1457 0.4474
vn 0.3068 -0.6951 0.6501
vn 0.8803 0.1436 0.4521
vn 0.1035 -0.8197 0.5633
vn -0.0330 -0.8693 0.4933
vn 0.0207 0.8811 -0.4724
vn -0.0052 0.8853 -0.4650
vn 0.1963 0.8953 -0.4000
vn 0.2004 0.9026 -0.3809
vn 0.1794 0.9170 -0.3563
vn -0.0193 0.9034 -0.4284
vn 0.0226 0.9155 -0.4017
vn 0.1338 0.9186 -0.3719
vn 0.0971 0.8886 -0.4483
vn 0.1257 0.8900 -0.4384
vn 0.9405 0.0861 0.3288
vn 0.9409 0.0852 0.3278
vn 0.0994 0.8888 -0.4473
vn 0.7527 -0.4973 0.4314
vn 0.7442 -0.3787 0.5503
vn 0.3474 -0.9003 0.2622
vn 0.3428 -0.6878 0.6399
vn -0.4771 -0.8779 0.0422
vn -0.6449 -0.6680 0.3713
vn -0.8803 -0.4744 -0.0061
vn -0.9251 -0.3651 0.1047
vn -0.9794 0.0976 -0.1769
vn -0.9805 0.0909 -0.1741
vn 0.1889 0.8907 -0.4134
vn 0.1815 0.8909 -0.4165
vn 0.1601 0.8908 -0.4253
vn 0.1547 0.8907 -0.4274
vn 0.1307 0.8902 -0.4365
vn 0.1642 0.8905 -0.4243
vn 0.1370 0.8900 -0.4348
vn 0.1076 0.8885 -0.4461
vn 0.7594 -0.3593 -0.5424
vn 0.4517 -0.4444 -0.7736
vn 0.6259 -0.7625 0.1637
vn 0.3223 -0.9345 -0.1510
vn -0.0172 -0.4361 -0.8997
vn -0.2554 -0.9179 -0.3036
vn -0.3974 -0.3398 -0.8524
vn -0.6563 -0.7325 -0.1811
vn 0.1907 0.8900 -0.4142
vn -0.8830 -0.0568 -0.4660
vn 0.9964 -0.0793 0.0315
vn 0.1803 -0.2913 0.9395
vn -0.0876 0.3837 0.9193
vn -0.9402 -0.0948 -0.3273
vn 0.5836 0.3441 0.7355
vn 0.8399 0.2529 0.4802
vn 0.3378 -0.3530 -0.8725
vn -0.0586 0.9177 -0.3929
vn -0.0624 0.9168 -0.3943
vn 0.5776 -0.3884 0.7180
vn -0.5169 -0.3213 0.7935
vn -0.3933 -0.4201 0.8178
vn -0.3301 -0.5900 0.7368
vn 0.1599 -0.5656 0.8090
vn -0.5683 -0.3703 0.7348
vn -0.4047 -0.6383 0.6548
vn -0.1740 -0.8554 0.4879
vn -0.0642 0.9546 -0.2910
vn -0.0273 0.9574 -0.2875
vn -0.0128 0.9614 -0.2748
vn 0.0448 0.8820 -0.4691
vn -0.1081 0.9407 -0.3216
vn -0.1018 0.9214 -0.3750
vn -0.0304 0.9227 -0.3843
vn -0.0464 0.9199 -0.3894
vn -0.0161 0.8715 -0.4901
vn -0.0693 0.8869 -0.4567
vn -0.0283 0.9232 -0.3832
vn -0.0434 0.9206 -0.3881
vn 0.0670 0.8946 -0.4418
vn 0.0667 0.9119 -0.4048
vn -0.5816 0.3067 0.7534
vn -0.5855 0.3082 0.7498
vn -0.5407 0.3147 0.7801
vn -0.4888 0.3250 0.8096
vn -0.4453 0.3329 0.8312
vn -0.4439 0.3320 0.8323
vn -0.4677 -0.4061 0.7851
vn -0.4254 -0.2238 0.8769
vn -0.4162 -0.1569 0.8956
vn -0.2373 -0.1781 0.9550
vn -0.5854 0.3106 0.7489
vn -0.3562 -0.6558 0.6656
vn -0.2038 -0.8207 0.5338
vn -0.1089 -0.8987 0.4248
vn 0.6237 -0.7540 -0.2061
vn 0.5658 -0.2981 -0.7688
vn -0.9411 -0.0937 -0.3247
vn 0.9660 -0.0550 -0.2525
vn 0.9916 0.0946 0.0883
vn -0.0583 0.9174 -0.3936
vn -0.0623 0.9168 -0.3945
vn 0.7766 -0.5961 0.2039
vn -0.0076 -0.8528 -0.5223
vn 0.0785 -0.9126 -0.4013
vn 0.0392 -0.9754 -0.2171
vn 0.4657 -0.8847 0.0190
vn -0.0936 -0.8657 -0.4917
vn -0.0783 -0.9789 -0.1885
vn -0.0504 -0.9844 0.1684
vn 0.0062 0.8811 -0.4729
vn 0.0374 0.8898 -0.4547
vn 0.0570 0.8885 -0.4553
vn -0.0320 0.9621 -0.2708
vn -0.0490 0.8790 -0.4742
vn -0.0802 0.8989 -0.4307
vn -0.0303 0.9226 -0.3846
vn -0.0463 0.9198 -0.3896
vn -0.0938 0.9527 -0.2892
vn -0.1115 0.9310 -0.3476
vn -0.0279 0.9228 -0.3842
vn -0.0431 0.9203 -0.3889
vn 0.0043 0.9601 -0.2797
vn 0.0300 0.9503 -0.3099
vn 0.0684 -0.3716 -0.9259
vn 0.0636 -0.3692 -0.9272
vn 0.1176 -0.3722 -0.9207
vn 0.1774 -0.3703 -0.9118
vn 0.2257 -0.3673 -0.9023
vn 0.2272 -0.3684 -0.9015
vn 0.0052 -0.8996 -0.4367
vn 0.1354 -0.8090 -0.5720
vn 0.1694 -0.7681 -0.6175
vn 0.3375 -0.7779 -0.5300
vn 0.0637 -0.3668 -0.9281
vn -0.0387 -0.9872 -0.1548
vn -0.0380 -0.9937 0.1055
vn -0.0476 -0.9627 0.2665
vn 0.1449 0.3226 0.9354
vn 0.9844 -0.0605 0.1651
vn 0.1355 0.9126 -0.3857
vn 0.1690 0.8901 -0.4234
vn 0.1245 -0.3622 -0.9238
vn 0.1415 0.9623 -0.2322
vn 0.9840 -0.0599 0.1680
vn 0.1221 0.9509 -0.2845
vn 0.1852 0.8924 -0.4116
vn 0.1293 0.9614 -0.2428
vn 0.2205 0.8852 -0.4096
vn 0.1562 0.9641 -0.2146
vn 0.2680 0.8848 -0.3812
vn 0.2182 0.9556 -0.1980
vn 0.2611 0.9357 -0.2372
vn 0.2727 0.9054 -0.3254
vn 0.2925 -0.3594 -0.8861
vn 0.3492 -0.3614 -0.8645
vn 0.1659 -0.8026 -0.5730
vn 0.2136 -0.8948 -0.3921
vn 0.3948 -0.3611 -0.8448
vn 0.1137 -0.9859 -0.1228
vn 0.3995 -0.3604 -0.8429
vn -0.0148 -0.9941 0.1071
vn -0.0856 -0.9631 0.2553
vn 0.3997 -0.3598 -0.8431
vn -0.0345 -0.9849 0.1700
vn 0.1655 -0.9775 -0.1309
vn -0.0831 -0.8563 0.5097
vn 0.0376 -0.6375 0.7695
vn 0.1416 -0.3662 0.9197
vn 0.3286 -0.8596 -0.3913
vn 0.0670 -0.3211 0.9447
vn 0.2686 -0.8463 -0.4601
vn 0.1350 -0.9077 -0.3974
vn -0.0527 -0.4269 0.9028
vn -0.0531 -0.2280 0.9722
vn 0.0305 -0.4067 0.9131
vn 0.0311 0.3268 0.9446
vn 0.0908 0.3205 0.9429
vn 0.1396 0.3158 0.9385
vn -0.0081 -0.6574 0.7535
vn 0.1447 0.3189 0.9367
vn -0.0777 -0.8224 0.5636
vn -0.1086 -0.8992 0.4238
vn 0.1516 0.8968 -0.4157
vn 0.1828 0.8858 -0.4265
vn 0.1590 0.9590 -0.2347
vn 0.1915 0.9571 -0.2174
vn 0.2430 0.9446 -0.2204
vn 0.2442 0.8775 -0.4128
vn 0.2724 0.8942 -0.3552
vn 0.2622 0.9273 -0.2672
vn 0.1996 0.9301 -0.3084
vn 0.2037 0.9297 -0.3070
vn -0.0178 0.3307 0.9436
vn -0.0196 0.3277 0.9446
vn 0.2138 0.9289 -0.3025
vn -0.2561 -0.1946 0.9469
vn -0.0708 -0.1640 0.9839
vn -0.5263 -0.5872 0.6150
vn -0.0662 -0.6007 0.7967
vn -0.4033 -0.8885 -0.2188
vn 0.0809 -0.9718 -0.2214
vn -0.0301 -0.7726 -0.6342
vn 0.1591 -0.7601 -0.6300
vn 0.2444 -0.3546 -0.9025
vn 0.2457 -0.3557 -0.9017
vn 0.2202 0.9280 -0.3005
vn 0.2057 0.9293 -0.3067
vn 0.2209 0.9280 -0.3000
vn 0.2058 0.9294 -0.3064
vn 0.2188 0.9283 -0.3007
vn 0.2358 0.9264 -0.2937
vn 0.2338 0.9266 -0.2943
vn 0.2281 0.9274 -0.2966
vn -0.8781 0.3050 0.3685
vn -0.9768 0.2130 0.0196
vn -0.6092 -0.3217 0.7248
vn -0.8420 -0.4213 0.3370
vn -0.9150 0.0620 -0.3987
vn -0.7614 -0.6153 -0.2040
vn -0.7234 -0.0763 -0.6862
vn -0.4336 -0.7577 -0.4878
vn 0.2343 0.9264 -0.2947
vn -0.1180 -0.2947 -0.9483
vn -0.3765 0.3632 0.8522
vn 0.6791 0.2842 0.6768
vn -0.5232 0.4288 0.7365
vn 0.0571 0.8755 -0.4799
vn 0.0137 0.8774 -0.4796
vn -0.8487 -0.1624 -0.5033
vn 0.1712 0.9067 -0.3855
vn -0.5198 0.4303 0.7380
vn 0.1612 0.8928 -0.4207
vn 0.0145 0.8801 -0.4745
vn 0.1921 0.8957 -0.4011
vn -0.0075 0.8855 -0.4645
vn 0.2001 0.9036 -0.3789
vn -0.0175 0.9016 -0.4323
vn 0.1761 0.9224 -0.3438
vn 0.1211 0.9265 -0.3562
vn 0.0213 0.9110 -0.4119
vn -0.9191 -0.0844 -0.3849
vn -0.9397 -0.0571 -0.3371
vn -0.8228 -0.5662 -0.0484
vn -0.7675 -0.6271 0.1330
vn -0.9543 -0.0359 -0.2968
vn -0.5705 -0.7680 0.2911
vn -0.9557 -0.0354 -0.2923
vn -0.3537 -0.8564 0.3762
vn -0.2049 -0.8826 0.4231
vn -0.9558 -0.0371 -0.2918
vn -0.2870 -0.8701 0.4007
vn -0.5895 -0.7469 0.3076
vn 0.0142 -0.8137 0.5812
vn 0.2041 -0.5913 0.7802
vn 0.3585 -0.3135 0.8793
vn -0.8091 -0.5570 0.1874
vn 0.4327 -0.3024 0.8493
vn -0.8122 -0.5724 0.1127
vn -0.7099 -0.6938 0.1212
vn 0.4262 -0.4377 0.7917
vn 0.5835 -0.2560 0.7707
vn 0.4192 -0.3781 0.8254
vn 0.7518 0.2865 0.5938
vn 0.7131 0.2983 0.6345
vn 0.6800 0.3048 0.6668
vn 0.2298 -0.6102 0.7582
vn 0.6778 0.2952 0.6734
vn 0.0723 -0.7779 0.6242
vn -0.0427 -0.8548 0.5173
vn 0.0092 0.8643 -0.5030
vn -0.0313 0.8626 -0.5048
vn 0.1552 0.9085 -0.3881
vn 0.1402 0.9173 -0.3728
vn 0.0979 0.9283 -0.3586
vn -0.0717 0.8772 -0.4747
vn -0.0551 0.8956 -0.4415
vn 0.0447 0.9191 -0.3916
vn 0.0220 0.8800 -0.4744
vn 0.0481 0.8835 -0.4660
vn 0.7813 0.2786 0.5586
vn 0.7808 0.2873 0.5548
vn 0.0101 0.8782 -0.4782
vn 0.7021 -0.3072 0.6424
vn 0.6283 -0.1975 0.7525
vn 0.4602 -0.7889 0.4072
vn 0.2936 -0.5669 0.7697
vn -0.2674 -0.9634 -0.0171
vn -0.5799 -0.7726 0.2584
vn -0.7366 -0.6492 -0.1896
vn -0.8391 -0.5346 -0.1007
vn -0.8994 -0.1119 -0.4226
vn -0.9000 -0.1083 -0.4222
vn 0.0977 0.8888 -0.4478
vn 0.1044 0.8891 -0.4456
vn 0.0670 0.8857 -0.4595
vn 0.0765 0.8866 -0.4562
vn 0.0381 0.8822 -0.4694
vn 0.0569 0.8842 -0.4636
vn 0.0301 0.8808 -0.4726
vn 0.0054 0.8767 -0.4810
vn 0.9209 -0.2015 -0.3336
vn 0.7070 -0.3551 -0.6116
vn 0.7227 -0.5925 0.3559
vn 0.5583 -0.8296 -0.0130
vn 0.3152 -0.4561 -0.8323
vn 0.0583 -0.9527 -0.2984
vn -0.0599 -0.4536 -0.8892
vn -0.4048 -0.8687 -0.2853
vn 0.0870 0.8870 -0.4534
vn -0.6894 -0.2708 -0.6718
vn 0.9515 0.1370 0.2754
vn -0.9287 0.2579 0.2664
vn 0.0959 0.4378 0.8940
vn 0.1851 0.8775 -0.4423
vn 0.2275 0.8776 -0.4219
vn 0.9909 -0.1306 -0.0328
vn 0.0430 0.9075 -0.4179
vn 0.0923 0.4399 0.8933
vn 0.0680 0.8930 -0.4449
vn 0.2292 0.8809 -0.4141
vn 0.0399 0.8969 -0.4404
vn 0.2505 0.8860 -0.3903
vn 0.0299 0.9060 -0.4222
vn 0.2506 0.9015 -0.3530
vn 0.0416 0.9255 -0.3766
vn 0.1045 0.9287 -0.3558
vn 0.2153 0.9119 -0.3495
vn 0.9904 -0.0805 0.1128
vn 0.9855 -0.0473 0.1629
vn 0.7345 -0.5776 0.3561
vn 0.5969 -0.6347 0.4908
vn 0.9789 -0.0200 0.2035
vn 0.3439 -0.7735 0.5324
vn 0.9784 -0.0131 0.2064
vn 0.1148 -0.8586 0.4996
vn -0.0309 -0.8829 0.4686
vn 0.9786 -0.0087 0.2054
vn 0.0496 -0.8708 0.4891
vn 0.3604 -0.7488 0.5563
vn -0.2996 -0.8149 0.4962
vn -0.5629 -0.5975 0.5710
vn -0.7468 -0.3238 0.5809
vn 0.6135 -0.5590 0.5578
vn -0.7988 -0.3097 0.5157
vn 0.6496 -0.5813 0.4900
vn 0.5456 -0.7119 0.4423
vn -0.7710 -0.4384 0.4620
vn -0.8893 -0.2660 0.3721
vn -0.7741 -0.3902 0.4986
vn -0.9494 0.2725 0.1562
vn -0.9363 0.2805 0.2115
vn -0.9239 0.2840 0.2565
vn -0.5775 -0.6185 0.5329
vn -0.9256 0.2716 0.2636
vn -0.3731 -0.7827 0.4982
vn -0.2158 -0.8571 0.4678
vn 0.2441 0.8678 -0.4328
vn 0.2857 0.8669 -0.4084
vn 0.0632 0.9113 -0.4069
vn 0.0754 0.9215 -0.3810
vn 0.1121 0.9328 -0.3424
vn 0.3116 0.8810 -0.3561
vn 0.2878 0.8993 -0.3292
vn 0.1818 0.9231 -0.3389
vn 0.2455 0.8873 -0.3903
vn 0.2236 0.8890 -0.3996
vn -0.9565 0.2701 0.1101
vn -0.9529 0.2840 0.1066
vn 0.2651 0.8854 -0.3818
vn -0.9321 -0.3046 0.1958
vn -0.9206 -0.2034 0.3335
vn -0.6281 -0.7717 0.1001
vn -0.6578 -0.5644 0.4988
vn 0.2002 -0.9758 0.0881
vn 0.3484 -0.7972 0.4930
vn 0.7173 -0.6721 0.1839
vn 0.7715 -0.5520 0.3164
vn 0.9899 -0.1215 0.0734
vn 0.9911 -0.1112 0.0726
vn 0.1865 0.8910 -0.4140
vn 0.1712 0.8911 -0.4204
vn 0.2164 0.8894 -0.4026
vn 0.1980 0.8903 -0.4101
vn 0.2422 0.8876 -0.3917
vn 0.2350 0.8881 -0.3950
vn 0.2588 0.8860 -0.3847
vn 0.2783 0.8837 -0.3763
vn -0.6371 -0.1749 -0.7507
vn -0.3148 -0.3296 -0.8901
vn -0.8155 -0.5742 -0.0720
vn -0.5066 -0.8044 -0.3103
vn 0.1330 -0.4402 -0.8880
vn 0.0557 -0.9471 -0.3160
vn 0.4855 -0.4498 -0.7497
vn 0.4564 -0.8868 -0.0726
vn 0.2056 0.8897 -0.4076
vn 0.9271 -0.2818 -0.2473
vn -0.9629 0.1483 -0.2254
vn 0.3422 0.3020 0.8898
vn -0.8051 0.3034 0.5097
vn 0.0988 0.9116 -0.3989
vn 0.0507 0.9048 -0.4227
vn -0.5844 -0.2126 -0.7831
vn 0.1685 0.9492 -0.2656
vn -0.8031 0.3061 0.5113
vn 0.1750 0.9353 -0.3077
vn 0.0386 0.9079 -0.4174
vn 0.1848 0.9414 -0.2822
vn -0.0012 0.9088 -0.4173
vn 0.1704 0.9501 -0.2615
vn -0.0396 0.9201 -0.3896
vn 0.1167 0.9640 -0.2387
vn 0.0510 0.9600 -0.2752
vn -0.0248 0.9340 -0.3564
vn -0.7105 -0.1942 -0.6764
vn -0.7501 -0.1653 -0.6403
vn -0.6566 -0.6618 -0.3617
vn -0.6700 -0.7218 -0.1736
vn -0.7805 -0.1405 -0.6092
vn -0.5270 -0.8488 0.0419
vn -0.7829 -0.1313 -0.6082
vn -0.3428 -0.9182 0.1984
vn -0.2212 -0.9298 0.2941
vn -0.7822 -0.1243 -0.6105
vn -0.2937 -0.9247 0.2423
vn -0.5638 -0.8248 0.0437
vn -0.0757 -0.8424 0.5334
vn 0.0086 -0.5998 0.8001
vn 0.0813 -0.3052 0.9488
vn -0.7454 -0.6515 -0.1411
vn 0.1694 -0.2795 0.9451
vn -0.7105 -0.6695 -0.2167
vn -0.5889 -0.7878 -0.1802
vn 0.2216 -0.4046 0.8872
vn 0.3384 -0.2133 0.9165
vn 0.1801 -0.3629 0.9143
vn 0.4466 0.3276 0.8326
vn 0.3921 0.3274 0.8597
vn 0.3466 0.3248 0.8800
vn 0.0560 -0.6195 0.7830
vn 0.3422 0.3137 0.8857
vn -0.0302 -0.8051 0.5923
vn -0.1026 -0.8909 0.4425
vn 0.0495 0.8975 -0.4382
vn -0.0024 0.8917 -0.4526
vn 0.1419 0.9517 -0.2723
vn 0.1072 0.9591 -0.2618
vn 0.0447 0.9640 -0.2622
vn -0.0696 0.8984 -0.4336
vn -0.0824 0.9166 -0.3913
vn -0.0088 0.9490 -0.3151
vn -0.0045 0.9173 -0.3981
vn 0.0140 0.9199 -0.3918
vn 0.4890 0.3318 0.8067
vn 0.4887 0.3448 0.8014
vn -0.0291 0.9134 -0.4060
vn 0.5191 -0.2229 0.8251
vn 0.3812 -0.1444 0.9132
vn 0.4872 -0.7085 0.5106
vn 0.1446 -0.5499 0.8226
vn -0.0330 -0.9849 -0.1698
vn -0.4900 -0.8717 -0.0006
vn -0.4935 -0.7324 -0.4691
vn -0.6514 -0.6360 -0.4137
vn -0.6751 -0.2325 -0.7001
vn -0.6762 -0.2209 -0.7028
vn 0.0401 0.9232 -0.3823
vn 0.0605 0.9249 -0.3754
vn 0.0129 0.9198 -0.3922
vn 0.0365 0.9226 -0.3841
vn -0.0100 0.9166 -0.3997
vn -0.0107 0.9165 -0.4000
vn -0.0321 0.9130 -0.4067
vn -0.0478 0.9101 -0.4116
vn 0.9996 0.0012 -0.0273
vn 0.9201 -0.1537 -0.3604
vn 0.7082 -0.4606 0.5351
vn 0.7257 -0.6773 0.1207
vn 0.6545 -0.3039 -0.6923
vn 0.3794 -0.8679 -0.3207
vn 0.3315 -0.3738 -0.8662
vn -0.0843 -0.8855 -0.4570
vn 0.0174 0.9203 -0.3908
vn -0.3631 -0.3365 -0.8688
vn 0.7707 0.2632 0.5803
vn -0.7371 0.2785 0.6157
vn 0.4531 0.3242 0.8304
vn 0.1042 0.9144 -0.3911
vn 0.1609 0.9068 -0.3897
vn 0.8949 -0.1862 -0.4056
vn -0.0211 0.9506 -0.3096
vn 0.4506 0.3269 0.8307
vn -0.0038 0.9364 -0.3509
vn 0.1731 0.9115 -0.3731
vn -0.0189 0.9442 -0.3287
vn 0.2123 0.9133 -0.3475
vn -0.0107 0.9543 -0.2986
vn 0.2367 0.9246 -0.2984
vn 0.0306 0.9685 -0.2469
vn 0.1117 0.9643 -0.2402
vn 0.2127 0.9391 -0.2699
vn 0.9533 -0.1770 -0.2447
vn 0.9700 -0.1457 -0.1949
vn 0.7500 -0.6614 -0.0105
vn 0.6710 -0.7233 0.1634
vn 0.9810 -0.1176 -0.1542
vn 0.4379 -0.8529 0.2844
vn 0.9825 -0.1050 -0.1537
vn 0.2000 -0.9211 0.3339
vn 0.0511 -0.9308 0.3618
vn 0.9830 -0.0945 -0.1574
vn 0.1406 -0.9254 0.3520
vn 0.4763 -0.8242 0.3063
vn -0.1914 -0.8459 0.4977
vn -0.3992 -0.6107 0.6839
vn -0.5397 -0.3231 0.7774
vn 0.7270 -0.6469 0.2300
vn -0.6180 -0.2995 0.7269
vn 0.7302 -0.6684 0.1417
vn 0.5989 -0.7936 0.1074
vn -0.6387 -0.4234 0.6425
vn -0.7480 -0.2415 0.6182
vn -0.6079 -0.3873 0.6931
vn -0.8037 0.2971 0.5155
vn -0.7688 0.2981 0.5658
vn -0.7381 0.2976 0.6055
vn -0.4330 -0.6356 0.6391
vn -0.7361 0.2883 0.6124
vn -0.2617 -0.8133 0.5196
vn -0.1223 -0.8940 0.4310
vn 0.1694 0.9033 -0.3942
vn 0.2244 0.8997 -0.3744
vn 0.0096 0.9551 -0.2960
vn 0.0386 0.9639 -0.2633
vn 0.0971 0.9692 -0.2263
vn 0.2760 0.9071 -0.3179
vn 0.2695 0.9252 -0.2672
vn 0.1739 0.9554 -0.2389
vn 0.2101 0.9292 -0.3040
vn 0.1968 0.9303 -0.3095
vn -0.8286 0.3011 0.4720
vn -0.8261 0.3144 0.4676
vn 0.2393 0.9262 -0.2914
vn -0.8622 -0.2485 0.4414
vn -0.7861 -0.1736 0.5932
vn -0.6844 -0.7091 0.1696
vn -0.5473 -0.5686 0.6141
vn 0.0923 -0.9813 -0.1691
vn 0.4139 -0.8862 0.2079
vn 0.6518 -0.7338 -0.1914
vn 0.7684 -0.6371 -0.0606
vn 0.9340 -0.2206 -0.2810
vn 0.9365 -0.2063 -0.2836
vn 0.1845 0.9311 -0.3146
vn 0.1581 0.9322 -0.3256
vn 0.2082 0.9294 -0.3048
vn 0.1788 0.9314 -0.3171
vn 0.2263 0.9277 -0.2970
vn 0.2371 0.9266 -0.2920
vn 0.2538 0.9245 -0.2845
vn 0.2634 0.9232 -0.2799
vn -0.8572 0.0107 -0.5149
vn -0.6224 -0.1307 -0.7717
vn -0.8788 -0.4694 0.0859
vn -0.6943 -0.6632 -0.2796
vn -0.2263 -0.2744 -0.9346
vn -0.1882 -0.8476 -0.4962
vn 0.1408 -0.3468 -0.9273
vn 0.2768 -0.8782 -0.3901
vn 0.2124 0.9291 -0.3028
vn 0.7464 -0.3199 -0.5836
vn -0.9606 0.2433 0.1340
vn -0.1009 0.3553 0.9293
vn -0.9819 0.1358 0.1321
vn 0.0812 0.9148 -0.3957
vn 0.0466 0.8969 -0.4397
vn -0.1747 -0.3255 -0.9293
vn 0.0832 0.9650 -0.2488
vn -0.9813 0.1382 0.1343
vn 0.1058 0.9504 -0.2925
vn 0.0232 0.8996 -0.4362
vn 0.0931 0.9601 -0.2638
vn -0.0223 0.8943 -0.4469
vn 0.0600 0.9668 -0.2486
vn -0.0794 0.8984 -0.4319
vn -0.0103 0.9692 -0.2461
vn -0.0652 0.9517 -0.3001
vn -0.0922 0.9161 -0.3901
vn -0.3384 -0.3384 -0.8780
vn -0.3938 -0.3195 -0.8619
vn -0.3060 -0.7849 -0.5388
vn -0.3824 -0.8495 -0.3635
vn -0.4380 -0.3008 -0.8472
vn -0.3175 -0.9432 -0.0982
vn -0.4419 -0.2902 -0.8488
vn -0.2075 -0.9703 0.1242
vn -0.1432 -0.9545 0.2618
vn -0.4413 -0.2811 -0.8522
vn -0.1906 -0.9647 0.1818
vn -0.3663 -0.9232 -0.1164
vn -0.1256 -0.8433 0.5225
vn -0.1927 -0.5958 0.7797
vn -0.2347 -0.2999 0.9246
vn -0.4846 -0.7912 -0.3731
vn -0.1498 -0.2598 0.9540
vn -0.4140 -0.8008 -0.4329
vn -0.2880 -0.8908 -0.3515
vn -0.0460 -0.3738 0.9263
vn -0.0013 -0.1761 0.9844
vn -0.1194 -0.3502 0.9291
vn 0.0142 0.3752 0.9268
vn -0.0463 0.3692 0.9282
vn -0.0957 0.3641 0.9264
vn -0.1356 -0.6168 0.7754
vn -0.1007 0.3596 0.9277
vn -0.1092 -0.8048 0.5834
vn -0.1057 -0.8954 0.4326
vn 0.0483 0.8966 -0.4402
vn 0.0015 0.8856 -0.4644
vn 0.0534 0.9640 -0.2603
vn 0.0086 0.9663 -0.2572
vn -0.0566 0.9600 -0.2744
vn -0.0748 0.8823 -0.4647
vn -0.1146 0.8994 -0.4219
vn -0.0907 0.9378 -0.3350
vn -0.0510 0.9196 -0.3895
vn -0.0450 0.9206 -0.3878
vn 0.0628 0.3828 0.9217
vn 0.0633 0.3903 0.9185
vn -0.0786 0.9140 -0.3980
vn 0.2124 -0.1509 0.9655
vn 0.0308 -0.1040 0.9941
vn 0.4135 -0.6028 0.6824
vn -0.0503 -0.5379 0.8415
vn 0.2607 -0.9563 -0.1322
vn -0.2402 -0.9588 -0.1518
vn -0.0937 -0.8099 -0.5790
vn -0.2827 -0.7566 -0.5895
vn -0.2898 -0.3656 -0.8845
vn -0.2920 -0.3554 -0.8879
vn -0.0470 0.9200 -0.3890
vn -0.0212 0.9243 -0.3811
vn -0.0627 0.9171 -0.3936
vn -0.0346 0.9223 -0.3849
vn -0.0733 0.9151 -0.3965
vn -0.0910 0.9113 -0.4016
vn -0.1008 0.9091 -0.4042
vn -0.1039 0.9086 -0.4046
vn 0.9072 0.2240 0.3562
vn 0.9963 0.0840 0.0198
vn 0.5498 -0.3275 0.7684
vn 0.7676 -0.4986 0.4027
vn 0.9174 -0.1023 -0.3846
vn 0.6659 -0.7357 -0.1235
vn 0.7088 -0.2418 -0.6627
vn 0.3122 -0.8564 -0.4111
vn -0.0739 0.9149 -0.3968
vn 0.0771 -0.3810 -0.9214
vn 0.4179 0.3821 0.8242
vn -0.3679 0.3465 0.8629
vn 0.7930 0.1681 0.5856
vn 0.1168 0.9168 -0.3820
vn 0.1690 0.8995 -0.4029
vn 0.6097 -0.3106 -0.7292
vn 0.0430 0.9665 -0.2532
vn 0.7913 0.1701 0.5873
vn 0.0475 0.9512 -0.3047
vn 0.1900 0.9038 -0.3836
vn 0.0468 0.9623 -0.2680
vn 0.2362 0.9005 -0.3652
vn 0.0705 0.9699 -0.2331
vn 0.2796 0.9057 -0.3186
vn 0.1324 0.9726 -0.1912
vn 0.2080 0.9563 -0.2055
vn 0.2714 0.9239 -0.2697
vn 0.7297 -0.3132 -0.6078
vn 0.7697 -0.2949 -0.5662
vn 0.5349 -0.7734 -0.3402
vn 0.5165 -0.8434 -0.1480
vn 0.8006 -0.2764 -0.5316
vn 0.3281 -0.9430 0.0561
vn 0.8043 -0.2665 -0.5311
vn 0.1224 -0.9717 0.2020
vn 0.0003 -0.9551 0.2962
vn 0.8049 -0.2580 -0.5344
vn 0.0833 -0.9651 0.2481
vn 0.3843 -0.9207 0.0676
vn -0.1402 -0.8468 0.5132
vn -0.2103 -0.6042 0.7686
vn -0.2483 -0.3138 0.9164
vn 0.6154 -0.7813 -0.1038
vn -0.3399 -0.2796 0.8979
vn 0.5813 -0.7903 -0.1938
vn 0.4286 -0.8834 -0.1893
vn -0.4182 -0.3989 0.8161
vn -0.4821 -0.2062 0.8515
vn -0.3490 -0.3721 0.8601
vn -0.4711 0.3482 0.8104
vn -0.4177 0.3475 0.8395
vn -0.3726 0.3476 0.8605
vn -0.2565 -0.6306 0.7325
vn -0.3679 0.3471 0.8626
vn -0.1842 -0.8116 0.5544
vn -0.1135 -0.8975 0.4262
vn 0.1667 0.9017 -0.3990
vn 0.2190 0.8936 -0.3918
vn 0.0758 0.9667 -0.2445
vn 0.1138 0.9701 -0.2143
vn 0.1792 0.9649 -0.1919
vn 0.2848 0.8927 -0.3492
vn 0.2981 0.9106 -0.2862
vn 0.2389 0.9453 -0.2219
vn 0.2276 0.9319 -0.2825
vn 0.2261 0.9319 -0.2835
vn -0.5127 0.3508 0.7837
vn -0.5129 0.3549 0.7816
vn 0.2560 0.9282 -0.2701
vn -0.6618 -0.1914 0.7249
vn -0.5177 -0.1390 0.8442
vn -0.6908 -0.6255 0.3627
vn -0.3738 -0.5655 0.7352
vn -0.1603 -0.9487 -0.2725
vn 0.2862 -0.9571 -0.0460
vn 0.3667 -0.7947 -0.4838
vn 0.5393 -0.7423 -0.3977
vn 0.6920 -0.3371 -0.6384
vn 0.6947 -0.3287 -0.6398
vn 0.2384 0.9302 -0.2792
vn 0.2110 0.9331 -0.2913
vn 0.2498 0.9288 -0.2737
vn 0.2204 0.9324 -0.2865
vn 0.2556 0.9281 -0.2706
vn 0.2787 0.9244 -0.2602
vn 0.2842 0.9236 -0.2574
vn 0.2826 0.9241 -0.2575
vn -0.9728 0.1958 -0.1240
vn -0.8824 0.0722 -0.4649
vn -0.8509 -0.3650 0.3779
vn -0.8555 -0.5157 -0.0457
vn -0.6121 -0.0949 -0.7850
vn -0.5135 -0.7280 -0.4542
vn -0.2914 -0.2228 -0.9303
vn -0.0730 -0.8404 -0.5371
vn 0.2660 0.9264 -0.2664
vn 0.3898 -0.3516 -0.8511
vn -0.7787 0.3410 0.5267
vn 0.0174 -0.1245 0.9921
vn 0.9596 0.0384 0.2787
vn 0.1037 -0.9787 -0.1771
vn 0.1447 -0.9657 -0.2155
vn 0.2843 0.1456 -0.9476
vn 0.0883 -0.9959 -0.0182
vn 0.9589 0.0380 0.2813
vn 0.0742 -0.9945 -0.0741
vn 0.1697 -0.9650 -0.2000
vn 0.0858 -0.9958 -0.0305
vn 0.2166 -0.9568 -0.1939
vn 0.1197 -0.9928 0.0014
vn 0.2725 -0.9489 -0.1589
vn 0.1922 -0.9810 0.0251
vn 0.2533 -0.9673 -0.0108
vn 0.2804 -0.9547 -0.0994
vn 0.4323 0.1635 -0.8868
vn 0.4881 0.1649 -0.8571
vn 0.2841 0.6650 -0.6907
vn 0.3234 0.7878 -0.5242
vn 0.5325 0.1632 -0.8306
vn 0.2018 0.9341 -0.2946
vn 0.5374 0.1587 -0.8283
vn 0.0514 0.9945 -0.0913
vn -0.0319 0.9983 0.0485
vn 0.5378 0.1541 -0.8288
vn 0.0316 0.9990 -0.0303
vn 0.2629 0.9192 -0.2931
vn -0.0678 0.9458 0.3177
vn -0.0003 0.7782 0.6280
vn 0.0609 0.5402 0.8393
vn 0.4432 0.7450 -0.4985
vn -0.0290 0.5044 0.8630
vn 0.3817 0.7243 -0.5741
vn 0.2314 0.8048 -0.5466
vn -0.1492 0.6009 0.7853
vn -0.1678 0.4229 0.8905
vn -0.0579 0.5835 0.8100
vn -0.1032 -0.1233 0.9870
vn -0.0404 -0.1182 0.9922
vn 0.0112 -0.1159 0.9932
vn -0.0543 0.7969 0.6017
vn 0.0170 -0.1200 0.9926
vn -0.0821 0.9230 0.3760
vn -0.0811 0.9719 0.2208
vn 0.1361 -0.9689 -0.2068
vn 0.1813 -0.9598 -0.2143
vn 0.1176 -0.9929 -0.0176
vn 0.1601 -0.9871 0.0040
vn 0.2252 -0.9743 0.0067
vn 0.2545 -0.9477 -0.1927
vn 0.2869 -0.9494 -0.1282
vn 0.2632 -0.9640 -0.0390
vn 0.2159 -0.9726 -0.0863
vn 0.2198 -0.9718 -0.0857
vn -0.1542 -0.1280 0.9797
vn -0.1562 -0.1260 0.9797
vn 0.2415 -0.9672 -0.0783
vn -0.3865 0.3804 0.8402
vn -0.1963 0.3614 0.9115
vn -0.6042 0.6890 0.4003
vn -0.1528 0.7473 0.6467
vn -0.3624 0.8185 -0.4457
vn 0.1451 0.9069 -0.3957
vn 0.0751 0.6276 -0.7749
vn 0.2756 0.6141 -0.7396
vn 0.3835 0.1631 -0.9090
vn 0.3855 0.1611 -0.9085
vn 0.2419 -0.9670 -0.0796
vn 0.2164 -0.9723 -0.0879
vn 0.2469 -0.9659 -0.0776
vn 0.2199 -0.9717 -0.0862
vn 0.2468 -0.9660 -0.0771
vn 0.2736 -0.9594 -0.0689
vn 0.2735 -0.9594 -0.0685
vn 0.2669 -0.9612 -0.0702
vn -0.9321 -0.2354 0.2751
vn -0.9722 -0.2184 -0.0847
vn -0.7154 0.4450 0.5387
vn -0.8844 0.4528 0.1129
vn -0.8550 -0.1557 -0.4947
vn -0.7312 0.5349 -0.4234
vn -0.6334 -0.0754 -0.7701
vn -0.3663 0.6320 -0.6829
vn 0.2673 -0.9610 -0.0714
vn 0.0132 0.0945 -0.9954
vn -0.5111 -0.1863 0.8391
vn -0.7096 -0.1099 0.6960
vn -0.8885 0.0692 -0.4536
vn 0.0271 -0.9783 -0.2056
vn 0.0229 -0.9655 -0.2595
vn 0.4716 0.1425 -0.8702
vn -0.0764 -0.9939 -0.0792
vn -0.8898 0.0695 -0.4510
vn -0.0268 -0.9934 -0.1118
vn -0.0073 -0.9649 -0.2626
vn -0.0684 -0.9941 -0.0839
vn -0.0469 -0.9570 -0.2861
vn -0.1177 -0.9898 -0.0800
vn -0.1135 -0.9488 -0.2949
vn -0.1888 -0.9760 -0.1082
vn -0.2093 -0.9628 -0.1711
vn -0.1631 -0.9538 -0.2525
vn 0.3196 0.1487 -0.9358
vn 0.2583 0.1562 -0.9533
vn 0.3027 0.6509 -0.6962
vn 0.1609 0.7825 -0.6014
vn 0.2074 0.1601 -0.9651
vn 0.0903 0.9324 -0.3500
vn 0.2021 0.1593 -0.9663
vn 0.0553 0.9937 -0.0972
vn 0.0144 0.9978 0.0646
vn 0.2020 0.1581 -0.9665
vn 0.0244 0.9990 -0.0378
vn 0.0419 0.9208 -0.3879
vn -0.1509 0.9479 0.2805
vn -0.4212 0.7861 0.4523
vn -0.6167 0.5559 0.5573
vn 0.0521 0.7465 -0.6633
vn -0.5696 0.5228 0.6343
vn 0.1486 0.7197 -0.6782
vn 0.2400 0.7934 -0.5594
vn -0.4260 0.6199 0.6589
vn -0.4951 0.4426 0.7477
vn -0.5136 0.5984 0.6150
vn -0.6229 -0.1002 0.7758
vn -0.6702 -0.0969 0.7359
vn -0.7067 -0.0964 0.7009
vn -0.3655 0.8054 0.4667
vn -0.7100 -0.1030 0.6966
vn -0.1840 0.9264 0.3286
vn -0.0743 0.9723 0.2215
vn 0.0247 -0.9694 -0.2442
vn -0.0025 -0.9612 -0.2758
vn -0.0977 -0.9906 -0.0954
vn -0.1444 -0.9840 -0.1042
vn -0.1940 -0.9706 -0.1422
vn -0.0706 -0.9494 -0.3060
vn -0.1405 -0.9507 -0.2766
vn -0.1900 -0.9620 -0.1962
vn -0.1200 -0.9740 -0.1922
vn -0.1269 -0.9726 -0.1946
vn -0.5823 -0.1020 0.8066
vn -0.5807 -0.0963 0.8084
vn -0.1451 -0.9692 -0.1988
vn -0.3033 0.4054 0.8624
vn -0.4903 0.3855 0.7817
vn 0.1808 0.6996 0.6913
vn -0.3209 0.7666 0.5562
vn 0.6019 0.7934 -0.0906
vn 0.2004 0.8952 -0.3981
vn 0.5111 0.5978 -0.6176
vn 0.3413 0.5949 -0.7277
vn 0.3699 0.1377 -0.9188
vn 0.3684 0.1399 -0.9191
vn -0.1558 -0.9668 -0.2027
vn -0.1299 -0.9719 -0.1963
vn -0.1573 -0.9665 -0.2028
vn -0.1304 -0.9719 -0.1960
vn -0.1537 -0.9674 -0.2014
vn -0.1837 -0.9604 -0.2096
vn -0.1804 -0.9613 -0.2084
vn -0.1705 -0.9637 -0.2056
vn 0.4812 -0.2357 0.8443
vn 0.7607 -0.2330 0.6058
vn 0.1535 0.4625 0.8732
vn 0.5831 0.4483 0.6776
vn 0.9557 -0.1864 0.2277
vn 0.8454 0.5033 0.1789
vn 0.9860 -0.1171 -0.1185
vn 0.7647 0.5921 -0.2544
vn -0.1806 -0.9610 -0.2093
vn 0.6913 0.0534 -0.7206
vn -0.2282 -0.1622 0.9600
vn -0.9879 -0.0594 -0.1436
vn -0.3678 -0.2550 0.8943
vn 0.1469 -0.9636 -0.2236
vn 0.1561 -0.9686 -0.1935
vn 0.9299 -0.0170 0.3674
vn -0.0164 -0.9650 -0.2618
vn -0.3723 -0.2540 0.8927
vn 0.0171 -0.9621 -0.2722
vn 0.1387 -0.9711 -0.1945
vn -0.0414 -0.9556 -0.2918
vn 0.1260 -0.9759 -0.1780
vn -0.0868 -0.9528 -0.2908
vn 0.0862 -0.9836 -0.1585
vn -0.1240 -0.9584 -0.2572
vn -0.1026 -0.9683 -0.2278
vn 0.0261 -0.9825 -0.1845
vn 0.8643 -0.1429 0.4823
vn 0.8376 -0.1407 0.5279
vn 0.7095 0.4206 0.5654
vn 0.5578 0.5544 0.6176
vn 0.8145 -0.1340 0.5645
vn 0.3471 0.7662 0.5407
vn 0.8137 -0.1170 0.5694
vn 0.1522 0.9003 0.4078
vn 0.0062 0.9512 0.3086
vn 0.8152 -0.0995 0.5706
vn 0.0751 0.9277 0.3658
vn 0.3173 0.7618 0.5648
vn -0.2724 0.9348 0.2280
vn -0.5829 0.7853 0.2086
vn -0.8055 0.5680 0.1689
vn 0.5046 0.5206 0.6887
vn -0.8191 0.5645 0.1020
vn 0.5670 0.5023 0.6528
vn 0.5368 0.6180 0.5744
vn -0.7235 0.6863 0.0741
vn -0.8654 0.4985 -0.0511
vn -0.7886 0.6079 0.0923
vn -0.9688 -0.0579 -0.2408
vn -0.9794 -0.0681 -0.1899
vn -0.9863 -0.0730 -0.1479
vn -0.5796 0.7945 0.1813
vn -0.9874 -0.0667 -0.1436
vn -0.3520 0.9113 0.2137
vn -0.1895 0.9537 0.2337
vn 0.1892 -0.9599 -0.2067
vn 0.2085 -0.9606 -0.1837
vn -0.0121 -0.9665 -0.2562
vn -0.0284 -0.9698 -0.2424
vn -0.0277 -0.9777 -0.2080
vn 0.1988 -0.9696 -0.1426
vn 0.1472 -0.9785 -0.1445
vn 0.0181 -0.9810 -0.1931
vn 0.1141 -0.9662 -0.2313
vn 0.0645 -0.9670 -0.2467
vn -0.9583 -0.0478 -0.2816
vn -0.9580 -0.0469 -0.2828
vn 0.1100 -0.9664 -0.2322
vn -0.8137 0.5446 -0.2032
vn -0.8862 0.4549 -0.0879
vn -0.3373 0.9260 -0.1697
vn -0.5764 0.8000 0.1665
vn 0.4754 0.8668 0.1507
vn 0.3928 0.7375 0.5495
vn 0.7930 0.4376 0.4238
vn 0.7507 0.3597 0.5541
vn 0.8826 -0.1599 0.4421
vn 0.8838 -0.1474 0.4441
vn -0.0482 -0.9597 -0.2767
vn -0.0348 -0.9613 -0.2733
vn 0.0035 -0.9646 -0.2637
vn 0.0132 -0.9652 -0.2611
vn 0.0557 -0.9669 -0.2492
vn -0.0030 -0.9638 -0.2666
vn 0.0453 -0.9663 -0.2533
vn 0.0974 -0.9661 -0.2391
vn -0.2723 0.2141 -0.9381
vn 0.1289 0.2565 -0.9579
vn -0.5372 0.7508 -0.3843
vn -0.0741 0.8715 -0.4848
vn 0.5929 0.2173 -0.7754
vn 0.5037 0.8242 -0.2588
vn 0.8622 0.1206 -0.4920
vn 0.7501 0.6515 0.1134
vn -0.0497 -0.9588 -0.2797
vn 0.9871 -0.0789 0.1391
vn -0.8191 0.0507 -0.5714
vn -0.9745 -0.1510 0.1662
vn -0.0387 -0.2440 0.9690
vn 0.1682 -0.9574 -0.2347
vn 0.1984 -0.9575 -0.2094
vn 0.9943 0.0670 0.0824
vn 0.0115 -0.9741 -0.2257
vn -0.0430 -0.2461 0.9683
vn 0.0314 -0.9673 -0.2517
vn 0.1964 -0.9590 -0.2045
vn -0.0072 -0.9670 -0.2545
vn 0.2114 -0.9605 -0.1812
vn -0.0281 -0.9703 -0.2403
vn 0.2025 -0.9683 -0.1459
vn -0.0299 -0.9804 -0.1946
vn 0.0261 -0.9852 -0.1694
vn 0.1620 -0.9752 -0.1506
vn 0.9744 0.0125 0.2246
vn 0.9608 -0.0033 0.2772
vn 0.7595 0.5557 0.3382
vn 0.6190 0.6526 0.4370
vn 0.9474 -0.0138 0.3197
vn 0.3797 0.8246 0.4194
vn 0.9460 -0.0120 0.3240
vn 0.1556 0.9274 0.3402
vn 0.0034 0.9594 0.2820
vn 0.9460 -0.0090 0.3242
vn 0.0800 0.9456 0.3153
vn 0.3769 0.8116 0.4465
vn -0.2935 0.9133 0.2825
vn -0.5876 0.7246 0.3601
vn -0.7902 0.4679 0.3957
vn 0.6059 0.6051 0.5164
vn -0.8311 0.4454 0.3330
vn 0.6480 0.6089 0.4576
vn 0.5630 0.7336 0.3805
vn -0.7840 0.5605 0.2669
vn -0.9154 0.3577 0.1847
vn -0.8124 0.5004 0.2994
vn -0.9762 -0.2076 0.0621
vn -0.9725 -0.2009 0.1178
vn -0.9681 -0.1904 0.1628
vn -0.6068 0.7281 0.3189
vn -0.9711 -0.1709 0.1668
vn -0.3810 0.8803 0.2827
vn -0.2046 0.9440 0.2589
vn 0.2346 -0.9464 -0.2221
vn 0.2797 -0.9399 -0.1958
vn 0.0318 -0.9761 -0.2150
vn 0.0421 -0.9809 -0.1899
vn 0.0757 -0.9860 -0.1487
vn 0.3035 -0.9422 -0.1418
vn 0.2781 -0.9531 -0.1195
vn 0.1481 -0.9787 -0.1418
vn 0.2440 -0.9506 -0.1921
vn 0.1998 -0.9578 -0.2065
vn -0.9760 -0.2169 0.0169
vn -0.9723 -0.2332 0.0167
vn 0.2639 -0.9465 -0.1855
vn -0.9314 0.3639 0.0097
vn -0.9435 0.2918 0.1570
vn -0.5725 0.8111 -0.1201
vn -0.6626 0.6855 0.3017
vn 0.2871 0.9565 -0.0521
vn 0.3709 0.8410 0.3938
vn 0.7732 0.6131 0.1619
vn 0.7961 0.5183 0.3124
vn 0.9831 0.0342 0.1799
vn 0.9830 0.0285 0.1813
vn 0.1128 -0.9663 -0.2312
vn 0.1013 -0.9667 -0.2349
vn 0.1672 -0.9619 -0.2164
vn 0.1507 -0.9635 -0.2214
vn 0.2169 -0.9552 -0.2012
vn 0.1853 -0.9595 -0.2120
vn 0.2311 -0.9526 -0.1977
vn 0.2732 -0.9440 -0.1847
vn -0.5367 0.0561 -0.8419
vn -0.1915 0.1742 -0.9659
vn -0.7719 0.5731 -0.2754
vn -0.4074 0.7581 -0.5092
vn 0.2712 0.2562 -0.9278
vn 0.1860 0.8665 -0.4633
vn 0.6168 0.2559 -0.7443
vn 0.5742 0.8043 -0.1528
vn 0.1334 -0.9644 -0.2283
vn 0.9777 0.1345 -0.1611
vn -0.9324 -0.1591 -0.3245
vn 0.5865 -0.1813 0.7894
vn -0.6574 -0.2296 0.7177
vn 0.0114 -0.9569 -0.2903
vn -0.0338 -0.9535 -0.2996
vn -0.7742 0.0995 -0.6251
vn 0.1141 -0.9766 -0.1823
vn -0.6538 -0.2333 0.7198
vn 0.1210 -0.9691 -0.2151
vn -0.0464 -0.9545 -0.2946
vn 0.1361 -0.9712 -0.1955
vn -0.0878 -0.9531 -0.2897
vn 0.1272 -0.9763 -0.1751
vn -0.1206 -0.9581 -0.2597
vn 0.0819 -0.9861 -0.1447
vn 0.0073 -0.9858 -0.1680
vn -0.1045 -0.9659 -0.2369
vn -0.8612 0.0966 -0.4990
vn -0.8889 0.0710 -0.4526
vn -0.7320 0.6303 -0.2587
vn -0.7000 0.7085 -0.0893
vn -0.9091 0.0500 -0.4135
vn -0.5140 0.8555 0.0623
vn -0.9112 0.0406 -0.4100
vn -0.3047 0.9397 0.1556
vn -0.1675 0.9626 0.2131
vn -0.9114 0.0328 -0.4103
vn -0.2418 0.9523 0.1860
vn -0.5420 0.8369 0.0767
vn 0.0476 0.9083 0.4156
vn 0.2103 0.7107 0.6713
vn 0.3297 0.4391 0.8357
vn -0.7551 0.6549 -0.0313
vn 0.4097 0.4044 0.8177
vn -0.7348 0.6702 -0.1045
vn -0.5979 0.7953 -0.1004
vn 0.4400 0.5117 0.7380
vn 0.5732 0.3057 0.7603
vn 0.4236 0.4692 0.7749
vn 0.6528 -0.2632 0.7104
vn 0.6136 -0.2475 0.7498
vn 0.5809 -0.2299 0.7808
vn 0.2648 0.7134 0.6488
vn 0.5821 -0.2056 0.7867
vn 0.1207 0.8749 0.4691
vn -0.0026 0.9430 0.3327
vn -0.0600 -0.9439 -0.3248
vn -0.1251 -0.9342 -0.3342
vn 0.0796 -0.9794 -0.1857
vn 0.0399 -0.9839 -0.1743
vn -0.0281 -0.9855 -0.1671
vn -0.1942 -0.9310 -0.3091
vn -0.2069 -0.9392 -0.2739
vn -0.1010 -0.9722 -0.2111
vn -0.1481 -0.9415 -0.3028
vn -0.1091 -0.9498 -0.2932
vn 0.6805 -0.2834 0.6757
vn 0.6734 -0.3079 0.6721
vn -0.1826 -0.9327 -0.3109
vn 0.7162 0.2803 0.6391
vn 0.6114 0.2266 0.7582
vn 0.5967 0.7391 0.3126
vn 0.3537 0.6412 0.6810
vn -0.0527 0.9746 -0.2176
vn -0.4418 0.8960 0.0440
vn -0.5962 0.6999 -0.3934
vn -0.7348 0.6065 -0.3035
vn -0.8329 0.1412 -0.5351
vn -0.8357 0.1239 -0.5351
vn -0.0441 -0.9604 -0.2750
vn -0.0168 -0.9632 -0.2682
vn -0.0964 -0.9522 -0.2899
vn -0.0638 -0.9574 -0.2815
vn -0.1422 -0.9429 -0.3013
vn -0.1291 -0.9456 -0.2985
vn -0.1713 -0.9356 -0.3087
vn -0.2054 -0.9259 -0.3169
vn 0.9661 -0.0680 -0.2491
vn 0.8167 0.0750 -0.5722
vn 0.8227 0.4706 0.3189
vn 0.7404 0.6667 -0.0860
vn 0.4681 0.2156 -0.8569
vn 0.2976 0.8440 -0.4462
vn 0.0934 0.2748 -0.9570
vn -0.2020 0.8537 -0.4800
vn -0.0767 -0.9552 -0.2858
vn -0.5834 0.2319 -0.7784
vn 0.8790 -0.2681 0.3942
vn -0.8378 -0.1199 0.5327
vn 0.3439 -0.1587 0.9255
vn 0.0899 -0.9781 -0.1878
vn 0.1447 -0.9729 -0.1803
vn 0.9562 0.0568 -0.2872
vn -0.0511 -0.9912 -0.1221
vn 0.3411 -0.1627 0.9258
vn -0.0408 -0.9862 -0.1606
vn 0.1595 -0.9735 -0.1641
vn -0.0562 -0.9881 -0.1431
vn 0.2038 -0.9696 -0.1358
vn -0.0486 -0.9923 -0.1139
vn 0.2296 -0.9695 -0.0851
vn -0.0087 -0.9983 -0.0582
vn 0.0815 -0.9957 -0.0439
vn 0.2097 -0.9758 -0.0616
vn 0.9879 0.0881 -0.1278
vn 0.9954 0.0628 -0.0730
vn 0.7937 0.6079 -0.0225
vn 0.7050 0.6989 0.1205
vn 0.9988 0.0405 -0.0281
vn 0.4759 0.8611 0.1788
vn 0.9993 0.0264 -0.0248
vn 0.2398 0.9543 0.1782
vn 0.0880 0.9799 0.1791
vn 0.9996 0.0137 -0.0261
vn 0.1730 0.9676 0.1838
vn 0.5045 0.8380 0.2080
vn -0.1984 0.9349 0.2941
vn -0.4552 0.7442 0.4888
vn -0.6273 0.4801 0.6132
vn 0.7398 0.6411 0.2041
vn -0.6996 0.4435 0.5602
vn 0.7495 0.6513 0.1185
vn 0.6233 0.7806 0.0464
vn -0.7066 0.5413 0.4558
vn -0.8298 0.3424 0.4407
vn -0.6963 0.5082 0.5069
vn -0.8799 -0.2028 0.4298
vn -0.8558 -0.1830 0.4838
vn -0.8341 -0.1636 0.5268
vn -0.4997 0.7486 0.4357
vn -0.8350 -0.1416 0.5318
vn -0.2901 0.9050 0.3112
vn -0.1148 0.9669 0.2280
vn 0.1748 -0.9669 -0.1858
vn 0.2441 -0.9563 -0.1608
vn -0.0130 -0.9945 -0.1043
vn 0.0245 -0.9973 -0.0688
vn 0.0917 -0.9955 -0.0255
vn 0.3036 -0.9477 -0.0985
vn 0.3039 -0.9514 -0.0490
vn 0.1849 -0.9822 -0.0320
vn 0.2615 -0.9604 -0.0959
vn 0.2303 -0.9674 -0.1057
vn -0.8943 -0.2270 0.3855
vn -0.8879 -0.2510 0.3856
vn 0.3021 -0.9497 -0.0825
vn -0.9191 0.2974 0.2583
vn -0.8655 0.2639 0.4257
vn -0.6976 0.7141 -0.0581
vn -0.6146 0.6689 0.4181
vn 0.1340 0.9342 -0.3306
vn 0.4173 0.9026 0.1052
vn 0.7142 0.6634 -0.2231
vn 0.8112 0.5814 -0.0630
vn 0.9755 0.1356 -0.1734
vn 0.9782 0.1154 -0.1724
vn 0.1854 -0.9755 -0.1188
vn 0.1504 -0.9800 -0.1300
vn 0.2321 -0.9670 -0.1051
vn 0.1920 -0.9743 -0.1177
vn 0.2705 -0.9582 -0.0927
vn 0.2717 -0.9579 -0.0923
vn 0.3069 -0.9483 -0.0806
vn 0.3323 -0.9404 -0.0720
vn -0.7770 -0.1385 -0.6141
vn -0.5166 -0.0320 -0.8556
vn -0.8920 0.4352 -0.1225
vn -0.6569 0.5768 -0.4856
vn -0.1013 0.0929 -0.9905
vn -0.1159 0.7384 -0.6643
vn 0.2729 0.1682 -0.9472
vn 0.3644 0.7880 -0.4962
vn 0.2248 -0.9684 -0.1077
vn 0.8381 0.1904 -0.5113
vn -0.9667 -0.2539 0.0328
vn 0.2284 -0.1307 0.9648
vn -0.8946 -0.1348 0.4261
vn 0.0397 -0.9798 -0.1960
vn -0.0078 -0.9723 -0.2336
vn -0.4889 0.0763 -0.8690
vn 0.0940 -0.9941 -0.0546
vn -0.8929 -0.1391 0.4282
vn 0.1120 -0.9893 -0.0935
vn -0.0420 -0.9728 -0.2280
vn 0.0975 -0.9928 -0.0696
vn -0.1065 -0.9662 -0.2347
vn 0.0583 -0.9969 -0.0527
vn -0.1733 -0.9617 -0.2122
vn -0.0228 -0.9990 -0.0381
vn -0.1121 -0.9899 -0.0867
vn -0.1892 -0.9658 -0.1771
vn -0.6272 0.1395 -0.7663
vn -0.6718 0.1118 -0.7323
vn -0.5114 0.6541 -0.5573
vn -0.5468 0.7402 -0.3912
vn -0.7061 0.0854 -0.7029
vn -0.4204 0.8869 -0.1914
vn -0.7089 0.0648 -0.7023
vn -0.2561 0.9662 -0.0300
vn -0.1591 0.9844 0.0746
vn -0.7080 0.0458 -0.7047
vn -0.2239 0.9744 0.0194
vn -0.4734 0.8596 -0.1922
vn -0.0367 0.9364 0.3491
vn 0.0172 0.7477 0.6638
vn 0.0541 0.4827 0.8741
vn -0.6404 0.6795 -0.3579
vn 0.1532 0.4403 0.8847
vn -0.5786 0.6930 -0.4301
vn -0.4184 0.8154 -0.4000
vn 0.2488 0.5319 0.8094
vn 0.3300 0.3363 0.8821
vn 0.1875 0.5129 0.8377
vn 0.3349 -0.2101 0.9185
vn 0.2788 -0.1879 0.9418
vn 0.2318 -0.1683 0.9581
vn 0.0963 0.7553 0.6483
vn 0.2280 -0.1492 0.9622
vn 0.0270 0.9088 0.4164
vn -0.0504 0.9690 0.2419
vn -0.0340 -0.9686 -0.2461
vn -0.1126 -0.9565 -0.2690
vn 0.0419 -0.9971 -0.0628
vn -0.0220 -0.9981 -0.0578
vn -0.1127 -0.9913 -0.0672
vn -0.2102 -0.9429 -0.2582
vn -0.2566 -0.9422 -0.2156
vn -0.1883 -0.9735 -0.1299
vn -0.2064 -0.9547 -0.2143
vn -0.1834 -0.9607 -0.2085
vn 0.3761 -0.2375 0.8956
vn 0.3704 -0.2618 0.8912
vn -0.2571 -0.9395 -0.2264
vn 0.5339 0.2674 0.8021
vn 0.3684 0.2525 0.8947
vn 0.6261 0.6607 0.4141
vn 0.2307 0.6630 0.7121
vn 0.2244 0.9105 -0.3473
vn -0.2862 0.9317 -0.2235
vn -0.2967 0.6982 -0.6515
vn -0.4911 0.6314 -0.6001
vn -0.5829 0.1943 -0.7890
vn -0.5875 0.1693 -0.7913
vn -0.1618 -0.9657 -0.2030
vn -0.1151 -0.9747 -0.1917
vn -0.2031 -0.9556 -0.2136
vn -0.1517 -0.9678 -0.2008
vn -0.2347 -0.9466 -0.2209
vn -0.2536 -0.9408 -0.2250
vn -0.2826 -0.9309 -0.2314
vn -0.2993 -0.9248 -0.2347
vn 0.9666 -0.2432 0.0812
vn 0.9512 -0.1484 -0.2704
vn 0.7897 0.3677 0.4910
vn 0.8733 0.4819 0.0718
vn 0.7583 -0.0066 -0.6518
vn 0.6191 0.6647 -0.4182
vn 0.4682 0.1073 -0.8771
vn 0.1679 0.7705 -0.6149
vn -0.2107 -0.9536 -0.2150
vn -0.2437 0.2163 -0.9454
vn 0.6658 -0.3022 0.6822
vn -0.5062 -0.1447 0.8502
vn 0.7161 -0.0760 0.6939
vn 0.0954 -0.9798 -0.1756
vn 0.1538 -0.9686 -0.1953
vn 0.7358 0.1156 -0.6673
vn 0.0014 -0.9984 -0.0560
vn 0.7142 -0.0790 0.6955
vn 0.0055 -0.9945 -0.1049
vn 0.1837 -0.9679 -0.1716
vn 0.0118 -0.9975 -0.0691
vn 0.2432 -0.9586 -0.1482
vn 0.0436 -0.9985 -0.0318
vn 0.2956 -0.9504 -0.0962
vn 0.1148 -0.9932 0.0173
vn 0.2106 -0.9775 0.0098
vn 0.2960 -0.9540 -0.0474
vn 0.8282 0.1774 -0.5317
vn 0.8618 0.1578 -0.4820
vn 0.6138 0.6826 -0.3966
vn 0.5844 0.7794 -0.2256
vn 0.8871 0.1372 -0.4407
vn 0.3858 0.9194 -0.0762
vn 0.8910 0.1191 -0.4381
vn 0.1715 0.9848 0.0279
vn 0.0453 0.9937 0.1028
vn 0.8923 0.1021 -0.4398
vn 0.1308 0.9890 0.0690
vn 0.4450 0.8939 -0.0538
vn -0.1416 0.9375 0.3179
vn -0.2734 0.7519 0.5999
vn -0.3560 0.4941 0.7932
vn 0.6755 0.7203 -0.1578
vn -0.4541 0.4521 0.7677
vn 0.6428 0.7227 -0.2539
vn 0.4783 0.8284 -0.2916
vn -0.5269 0.5434 0.6535
vn -0.6068 0.3566 0.7104
vn -0.4642 0.5307 0.7091
vn -0.5973 -0.1894 0.7793
vn -0.5495 -0.1736 0.8173
vn -0.5082 -0.1614 0.8460
vn -0.3335 0.7647 0.5513
vn -0.5052 -0.1528 0.8494
vn -0.2118 0.9106 0.3549
vn -0.0985 0.9698 0.2230
vn 0.1697 -0.9673 -0.1888
vn 0.2415 -0.9544 -0.1755
vn 0.0491 -0.9980 -0.0401
vn 0.1014 -0.9948 -0.0048
vn 0.1831 -0.9828 0.0252
vn 0.3214 -0.9388 -0.1242
vn 0.3440 -0.9372 -0.0579
vn 0.2666 -0.9638 0.0004
vn 0.2900 -0.9550 -0.0616
vn 0.2804 -0.9577 -0.0650
vn -0.6319 -0.2086 0.7464
vn -0.6280 -0.2227 0.7456
vn 0.3350 -0.9411 -0.0467
vn -0.7750 0.2902 0.5614
vn -0.6458 0.2796 0.7105
vn -0.7537 0.6441 0.1309
vn -0.4830 0.6808 0.5507
vn -0.1404 0.8712 -0.4704
vn 0.2967 0.9367 -0.1857
vn 0.4425 0.6929 -0.5693
vn 0.6140 0.6504 -0.4473
vn 0.7910 0.2159 -0.5724
vn 0.7966 0.1974 -0.5713
vn 0.2843 -0.9566 -0.0647
vn 0.2416 -0.9672 -0.0791
vn 0.3098 -0.9492 -0.0559
vn 0.2635 -0.9620 -0.0711
vn 0.3266 -0.9439 -0.0497
vn 0.3548 -0.9341 -0.0399
vn 0.3702 -0.9283 -0.0341
vn 0.3746 -0.9266 -0.0317
vn -0.9340 -0.2779 -0.2244
vn -0.8020 -0.2134 -0.5579
vn -0.9160 0.3659 0.1646
vn -0.8598 0.4365 -0.2649
vn -0.5001 -0.0911 -0.8611
vn -0.4738 0.5941 -0.6501
vn -0.1645 0.0274 -0.9860
vn -0.0110 0.7193 -0.6946
vn 0.3277 -0.9435 -0.0495
vn 0.5172 0.1940 -0.8336
vn -0.8461 -0.2818 0.4525
vn -0.2397 -0.1418 0.9605
vn -0.9988 -0.0487 0.0110
vn 0.0313 -0.9807 -0.1932
vn 0.0019 -0.9689 -0.2473
vn -0.0517 0.1304 -0.9901
vn 0.0128 -0.9991 -0.0408
vn -0.9986 -0.0509 0.0136
vn 0.0427 -0.9955 -0.0847
vn -0.0448 -0.9681 -0.2465
vn 0.0042 -0.9983 -0.0581
vn -0.1118 -0.9579 -0.2644
vn -0.0535 -0.9974 -0.0478
vn -0.1938 -0.9469 -0.2566
vn -0.1476 -0.9875 -0.0556
vn -0.2192 -0.9683 -0.1199
vn -0.2363 -0.9478 -0.2142
vn -0.2226 0.1848 -0.9572
vn -0.2825 0.1711 -0.9439
vn -0.1303 0.6868 -0.7151
vn -0.2262 0.7911 -0.5684
vn -0.3304 0.1544 -0.9311
vn -0.1853 0.9285 -0.3217
vn -0.3349 0.1377 -0.9322
vn -0.1081 0.9895 -0.0963
vn -0.0779 0.9958 0.0486
vn -0.3341 0.1218 -0.9346
vn -0.1173 0.9924 -0.0377
vn -0.2534 0.9041 -0.3440
vn -0.0982 0.9406 0.3249
vn -0.2013 0.7622 0.6152
vn -0.2799 0.5139 0.8109
vn -0.3490 0.7357 -0.5804
vn -0.1850 0.4742 0.8608
vn -0.2546 0.7325 -0.6314
vn -0.0998 0.8272 -0.5529
vn -0.0395 0.5649 0.8242
vn -0.0376 0.3830 0.9230
vn -0.1400 0.5548 0.8201
vn -0.1204 -0.1635 0.9792
vn -0.1831 -0.1517 0.9713
vn -0.2341 -0.1445 0.9614
vn -0.1203 0.7796 0.6146
vn -0.2394 -0.1429 0.9603
vn -0.0703 0.9165 0.3939
vn -0.0627 0.9713 0.2294
vn -0.0181 -0.9694 -0.2450
vn -0.0845 -0.9572 -0.2769
vn -0.0389 -0.9976 -0.0572
vn -0.1077 -0.9923 -0.0604
vn -0.1939 -0.9771 -0.0873
vn -0.1837 -0.9401 -0.2871
vn -0.2529 -0.9357 -0.2459
vn -0.2435 -0.9575 -0.1545
vn -0.2180 -0.9547 -0.2027
vn -0.2151 -0.9553 -0.2026
vn -0.0703 -0.1783 0.9815
vn -0.0705 -0.1862 0.9800
vn -0.2674 -0.9394 -0.2147
vn 0.2016 0.3124 0.9283
vn -0.0060 0.3100 0.9507
vn 0.5098 0.6317 0.5840
vn 0.0159 0.7050 0.7090
vn 0.4840 0.8303 -0.2763
vn -0.0289 0.9311 -0.3636
vn 0.1200 0.6724 -0.7304
vn -0.0949 0.6490 -0.7548
vn -0.1673 0.2131 -0.9626
vn -0.1716 0.1982 -0.9650
vn -0.2355 -0.9491 -0.2092
vn -0.1872 -0.9622 -0.1979
vn -0.2558 -0.9429 -0.2132
vn -0.2044 -0.9580 -0.2009
vn -0.2664 -0.9396 -0.2149
vn -0.3062 -0.9252 -0.2242
vn -0.3160 -0.9215 -0.2258
vn -0.3138 -0.9226 -0.2243
vn 0.8202 -0.3155 0.4772
vn 0.9491 -0.2790 0.1461
vn 0.5919 0.3571 0.7226
vn 0.8459 0.3863 0.3676
vn 0.9447 -0.1769 -0.2761
vn 0.8353 0.5216 -0.1742
vn 0.8000 -0.0574 -0.5972
vn 0.5432 0.6618 -0.5167
vn -0.2840 -0.9333 -0.2197
vn 0.2148 0.1549 -0.9643
vn 0.2965 -0.2666 0.9171
vt 0.289117 0.019292
vt 0.260381 0.019394
vt 0.260372 0.018914
vt 0.289114 0.019139
vt 0.294035 0.019346
vt 0.294031 0.019192
vt 0.322701 0.560359
vt 0.348531 0.552893
vt 0.349322 0.558750
vt 0.322802 0.564957
vt 0.337983 0.550199
vt 0.337959 0.550291
vt 0.310822 0.550311
vt 0.311180 0.544110
vt 0.830654 0.559452
vt 0.830552 0.559450
vt 0.830704 0.559450
vt 0.830806 0.559452
vt 0.349948 0.564937
vt 0.322827 0.565049
vt 0.295081 0.007537
vt 0.295073 0.007690
vt 0.290161 0.007499
vt 0.290169 0.007346
vt 0.337884 0.545602
vt 0.311718 0.538261
vt 0.283681 0.550361
vt 0.284433 0.539503
vt 0.285569 0.530811
vt 0.256525 0.550393
vt 0.257705 0.534916
vt 0.259406 0.523471
vt 0.229334 0.550400
vt 0.230932 0.531300
vt 0.233213 0.517512
vt 0.198410 0.529661
vt 0.203456 0.512600
vt 0.196772 0.550391
vt 0.174401 0.004993
vt 0.174317 0.008070
vt 0.142094 0.009417
vt 0.142178 0.005955
vt 0.203067 0.004889
vt 0.203007 0.006792
vt 0.149201 0.241774
vt 0.150825 0.263346
vt 0.119562 0.267007
vt 0.115017 0.235988
vt 0.178493 0.245944
vt 0.178766 0.260153
vt 0.232092 0.005469
vt 0.232055 0.006502
vt 0.207673 0.247120
vt 0.207269 0.256740
vt 0.261139 0.006343
vt 0.261119 0.006822
vt 0.236773 0.247512
vt 0.236221 0.253874
vt 0.266807 0.246091
vt 0.265836 0.251030
vt 0.266829 0.245988
vt 0.237566 0.240766
vt 0.208398 0.233412
vt 0.048690 0.298599
vt 0.077526 0.293880
vt 0.077917 0.300598
vt 0.048666 0.298705
vt 0.106332 0.287032
vt 0.106349 0.300745
vt 0.136167 0.275175
vt 0.134861 0.299969
vt 0.178206 0.221132
vt 0.164647 0.267966
vt 0.163536 0.296059
vt 0.149329 0.213750
vt 0.115353 0.209211
vt 0.198153 0.263466
vt 0.197145 0.290360
vt 0.191780 0.321411
vt 0.161175 0.317643
vt 0.133923 0.314187
vt 0.174551 0.018801
vt 0.142580 0.017420
vt 0.142522 0.013959
vt 0.174499 0.015725
vt 0.202935 0.019411
vt 0.202902 0.017509
vt 0.231642 0.019487
vt 0.231623 0.018454
vt 0.106214 0.310347
vt 0.078107 0.306924
vt 0.049384 0.303606
vt 0.374342 0.545350
vt 0.375852 0.554062
vt 0.400170 0.537936
vt 0.402361 0.549419
vt 0.377071 0.564894
vt 0.404203 0.564857
vt 0.428959 0.545738
vt 0.431372 0.564803
vt 0.426088 0.531902
vt 0.455612 0.526933
vt 0.461384 0.544026
vt 0.463907 0.564759
vt 0.484401 0.523470
vt 0.492911 0.543617
vt 0.496266 0.564820
vt 0.111573 0.018421
vt 0.111499 0.013989
vt 0.080572 0.019536
vt 0.080480 0.014020
vt 0.513195 0.520040
vt 0.524436 0.543335
vt 0.228797 0.283935
vt 0.260559 0.288409
vt 0.251169 0.322287
vt 0.221481 0.322287
vt 0.231609 0.259869
vt 0.266351 0.264616
vt 0.081432 0.205628
vt 0.082923 0.229644
vt 0.050812 0.234216
vt 0.046216 0.210348
vt 0.089310 0.267875
vt 0.059077 0.267875
vt 0.111001 0.004660
vt 0.110903 0.009094
vt 0.079711 0.008832
vt 0.079822 0.003313
vt 0.174499 0.509116
vt 0.166840 0.529207
vt 0.135277 0.528818
vt 0.145540 0.505614
vt 0.164385 0.550400
vt 0.132043 0.550381
vt 0.528580 0.564918
vt 0.099732 0.550329
vt 0.103554 0.531953
vt 0.556271 0.546646
vt 0.560863 0.565049
vt 0.542995 0.527814
vt 0.047610 0.020849
vt 0.022813 0.020928
vt 0.022887 0.014221
vt 0.047534 0.014142
vt 0.002367 0.020662
vt 0.002597 0.013959
vt 0.298824 0.297218
vt 0.281668 0.313959
vt 0.308684 0.280144
vt 0.023088 0.002229
vt 0.023067 0.008940
vt 0.003002 0.009417
vt 0.002880 0.002708
vt 0.012090 0.242612
vt 0.002985 0.225102
vt 0.047268 0.002039
vt 0.047138 0.008748
vt 0.028581 0.259597
vt 0.116047 0.513229
vt 0.847317 0.179225
vt 0.834114 0.174677
vt 0.840191 0.169974
vt 0.850836 0.167777
vt 0.903615 0.108139
vt 0.914789 0.107874
vt 0.914733 0.110359
vt 0.903596 0.110183
vt 0.830552 0.110655
vt 0.832112 0.110577
vt 0.832116 0.110633
vt 0.830556 0.110711
vt 0.922612 0.108062
vt 0.922548 0.110547
vt 0.928906 0.108226
vt 0.928841 0.110711
vt 0.830589 0.594617
vt 0.830552 0.594616
vt 0.830608 0.594616
vt 0.830645 0.594617
vt 0.897489 0.376615
vt 0.907820 0.379116
vt 0.912290 0.385087
vt 0.901202 0.384032
vt 0.913748 0.390915
vt 0.902476 0.390896
vt 0.845269 0.186564
vt 0.830552 0.179714
vt 0.891277 0.183045
vt 0.881250 0.185985
vt 0.881512 0.176472
vt 0.891535 0.174460
vt 0.869393 0.187669
vt 0.869691 0.178911
vt 0.857499 0.188886
vt 0.858458 0.181398
vt 0.901654 0.178092
vt 0.901490 0.173517
vt 0.911654 0.175142
vt 0.911420 0.172994
vt 0.921620 0.173102
vt 0.921625 0.173063
vt 0.849213 0.387331
vt 0.858523 0.385864
vt 0.859039 0.390840
vt 0.849550 0.390831
vt 0.839888 0.388820
vt 0.840057 0.390825
vt 0.830552 0.390805
vt 0.830560 0.390840
vt 0.848754 0.384521
vt 0.857852 0.382170
vt 0.867849 0.384716
vt 0.868532 0.390848
vt 0.879183 0.384211
vt 0.879893 0.390858
vt 0.890193 0.384106
vt 0.891193 0.390876
vt 0.866964 0.380272
vt 0.877317 0.378727
vt 0.887403 0.377665
vt 0.839657 0.386925
vt 0.830552 0.389313
vt 0.851776 0.109273
vt 0.861609 0.108840
vt 0.861638 0.109544
vt 0.851797 0.109655
vt 0.841940 0.109872
vt 0.841952 0.110049
vt 0.871347 0.108719
vt 0.871381 0.109859
vt 0.882320 0.108980
vt 0.882342 0.110263
vt 0.892963 0.108511
vt 0.892969 0.110154
vt 0.882199 0.168973
vt 0.891724 0.169743
vt 0.871526 0.167926
vt 0.861178 0.167777
vt 0.901421 0.170411
vt 0.911259 0.170970
vt 0.921311 0.171500
vt 0.904863 0.154209
vt 0.901344 0.142761
vt 0.911989 0.144958
vt 0.918066 0.149661
vt 0.903615 0.103703
vt 0.903596 0.101658
vt 0.914734 0.101482
vt 0.914789 0.103968
vt 0.830552 0.101187
vt 0.830556 0.101130
vt 0.832116 0.101208
vt 0.832112 0.101265
vt 0.922548 0.101294
vt 0.922612 0.103779
vt 0.928841 0.101130
vt 0.928906 0.103615
vt 0.897489 0.372709
vt 0.901202 0.365291
vt 0.912290 0.364236
vt 0.907820 0.370208
vt 0.902476 0.358428
vt 0.913748 0.358408
vt 0.906911 0.161548
vt 0.921628 0.154698
vt 0.860903 0.158030
vt 0.860644 0.149444
vt 0.870668 0.151456
vt 0.870930 0.160969
vt 0.882489 0.153895
vt 0.882787 0.162653
vt 0.893722 0.156382
vt 0.894681 0.163870
vt 0.850525 0.153076
vt 0.850689 0.148501
vt 0.840525 0.150126
vt 0.840762 0.147979
vt 0.830552 0.148109
vt 0.830562 0.148071
vt 0.849213 0.361993
vt 0.849550 0.358492
vt 0.859039 0.358483
vt 0.858523 0.363460
vt 0.839888 0.360504
vt 0.840057 0.358499
vt 0.830552 0.358519
vt 0.830560 0.358483
vt 0.848754 0.364803
vt 0.857852 0.367154
vt 0.868532 0.358476
vt 0.867849 0.364608
vt 0.879893 0.358466
vt 0.879183 0.365113
vt 0.891193 0.358447
vt 0.890193 0.365218
vt 0.866964 0.369052
vt 0.877317 0.370596
vt 0.887403 0.371658
vt 0.839657 0.362398
vt 0.830552 0.360011
vt 0.851776 0.102569
vt 0.851797 0.102186
vt 0.861638 0.102297
vt 0.861609 0.103002
vt 0.841941 0.101969
vt 0.841952 0.101792
vt 0.871381 0.101983
vt 0.871347 0.103122
vt 0.882342 0.101578
vt 0.882321 0.102861
vt 0.892970 0.101687
vt 0.892963 0.103330
vt 0.860456 0.144727
vt 0.869980 0.143957
vt 0.880654 0.142910
vt 0.891001 0.142761
vt 0.850759 0.145395
vt 0.840921 0.145954
vt 0.830873 0.146508
vt 0.926437 0.124395
vt 0.926435 0.124452
vt 0.916736 0.123915
vt 0.916742 0.123738
vt 0.928003 0.124419
vt 0.928001 0.124476
vt 0.913386 0.407634
vt 0.913335 0.409137
vt 0.904075 0.407148
vt 0.904373 0.405239
vt 0.913334 0.413134
vt 0.903951 0.415173
vt 0.903852 0.413153
vt 0.913334 0.413098
vt 0.830609 0.586803
vt 0.830552 0.586803
vt 0.830590 0.586802
vt 0.830647 0.586802
vt 0.913327 0.409173
vt 0.903843 0.409167
vt 0.928587 0.114674
vt 0.927019 0.114726
vt 0.927016 0.114669
vt 0.928584 0.114617
vt 0.913290 0.414637
vt 0.904127 0.417079
vt 0.894599 0.416692
vt 0.894384 0.413166
vt 0.894975 0.419520
vt 0.885272 0.418185
vt 0.884929 0.413171
vt 0.885834 0.421903
vt 0.875960 0.419350
vt 0.875485 0.413172
vt 0.876711 0.423823
vt 0.866367 0.425381
vt 0.864685 0.419860
vt 0.864188 0.413166
vt 0.887659 0.116728
vt 0.876720 0.116487
vt 0.876730 0.115201
vt 0.887652 0.115585
vt 0.897399 0.116584
vt 0.897386 0.115877
vt 0.881004 0.201516
vt 0.869134 0.203963
vt 0.871021 0.192941
vt 0.881684 0.193988
vt 0.891129 0.199486
vt 0.891228 0.194749
vt 0.907263 0.116120
vt 0.907251 0.115736
vt 0.901162 0.198559
vt 0.900979 0.195463
vt 0.917140 0.115480
vt 0.917133 0.115302
vt 0.911126 0.197977
vt 0.910884 0.195952
vt 0.921431 0.197949
vt 0.921035 0.196387
vt 0.921437 0.197988
vt 0.911441 0.200130
vt 0.901391 0.203142
vt 0.920993 0.233460
vt 0.920983 0.233497
vt 0.910891 0.233658
vt 0.911039 0.231485
vt 0.901046 0.233194
vt 0.900999 0.228576
vt 0.891155 0.232299
vt 0.890507 0.223671
vt 0.890871 0.208114
vt 0.881156 0.230320
vt 0.880458 0.220748
vt 0.880786 0.211066
vt 0.868948 0.212751
vt 0.869366 0.227888
vt 0.868665 0.219068
vt 0.882156 0.237860
vt 0.871630 0.238921
vt 0.891545 0.237059
vt 0.887776 0.122618
vt 0.887767 0.123759
vt 0.876972 0.124130
vt 0.876967 0.122847
vt 0.897365 0.122748
vt 0.897353 0.123453
vt 0.907048 0.123169
vt 0.907038 0.123551
vt 0.901105 0.236335
vt 0.910811 0.235707
vt 0.920732 0.235079
vt 0.894818 0.405655
vt 0.895377 0.402824
vt 0.885588 0.404180
vt 0.886389 0.400458
vt 0.894374 0.409179
vt 0.884922 0.409189
vt 0.875478 0.409191
vt 0.876350 0.403019
vt 0.877388 0.398542
vt 0.865110 0.402496
vt 0.867147 0.396976
vt 0.864183 0.409188
vt 0.854163 0.402376
vt 0.857148 0.395895
vt 0.852946 0.409191
vt 0.866487 0.123970
vt 0.866460 0.122328
vt 0.856010 0.123936
vt 0.855953 0.121892
vt 0.843227 0.402283
vt 0.847159 0.394822
vt 0.858163 0.225403
vt 0.861391 0.239070
vt 0.851174 0.239070
vt 0.847230 0.227562
vt 0.856861 0.217876
vt 0.844863 0.220215
vt 0.857096 0.213969
vt 0.845043 0.211661
vt 0.846924 0.204275
vt 0.857885 0.206451
vt 0.850371 0.192792
vt 0.860687 0.192792
vt 0.866117 0.116976
vt 0.855515 0.117367
vt 0.855584 0.115319
vt 0.866151 0.115329
vt 0.856301 0.426451
vt 0.846244 0.427506
vt 0.842789 0.420036
vt 0.853730 0.419965
vt 0.841739 0.413124
vt 0.852950 0.413147
vt 0.841738 0.409191
vt 0.831816 0.418967
vt 0.830552 0.413098
vt 0.830552 0.409188
vt 0.832189 0.403324
vt 0.836819 0.397321
vt 0.844816 0.121550
vt 0.844919 0.124034
vt 0.837017 0.124238
vt 0.836900 0.121754
vt 0.830673 0.124476
vt 0.830552 0.121992
vt 0.840549 0.236853
vt 0.834316 0.232185
vt 0.830552 0.227216
vt 0.836819 0.117385
vt 0.830552 0.117107
vt 0.830667 0.114617
vt 0.836934 0.114896
vt 0.830552 0.204908
vt 0.833982 0.199787
vt 0.844515 0.117644
vt 0.844626 0.115154
vt 0.839877 0.195018
vt 0.836064 0.424983
vt 0.002629 0.078854
vt 0.030012 0.077835
vt 0.030036 0.078314
vt 0.002638 0.079007
vt 0.830552 0.504064
vt 0.835250 0.504064
vt 0.835254 0.504212
vt 0.830557 0.504212
vt 0.727442 0.224784
vt 0.720298 0.200205
vt 0.726068 0.199825
vt 0.731970 0.224973
vt 0.497898 0.726101
vt 0.497872 0.726193
vt 0.472529 0.726029
vt 0.473236 0.719926
vt 0.830706 0.543819
vt 0.830810 0.543821
vt 0.830656 0.543821
vt 0.830552 0.543819
vt 0.732168 0.199616
vt 0.732062 0.224948
vt 0.277293 0.068686
vt 0.277287 0.068839
vt 0.272450 0.068759
vt 0.272455 0.068606
vt 0.498080 0.721572
vt 0.474086 0.714165
vt 0.447180 0.725953
vt 0.448534 0.715268
vt 0.450107 0.706705
vt 0.421818 0.725906
vt 0.423849 0.710679
vt 0.426103 0.699399
vt 0.396413 0.725864
vt 0.399048 0.707068
vt 0.401977 0.693475
vt 0.368746 0.705418
vt 0.374463 0.688606
vt 0.365995 0.725832
vt 0.165665 0.067726
vt 0.165576 0.070795
vt 0.135767 0.072201
vt 0.135867 0.068747
vt 0.192116 0.067464
vt 0.192061 0.069362
vt 0.427032 0.315173
vt 0.448441 0.312685
vt 0.452215 0.341503
vt 0.421411 0.346929
vt 0.430900 0.287999
vt 0.444999 0.287009
vt 0.218874 0.067750
vt 0.218844 0.068780
vt 0.431603 0.261027
vt 0.441148 0.260873
vt 0.245664 0.068185
vt 0.245650 0.068664
vt 0.431371 0.234157
vt 0.437685 0.234317
vt 0.429316 0.206465
vt 0.434228 0.207127
vt 0.429213 0.206444
vt 0.424666 0.233804
vt 0.417986 0.261152
vt 0.467646 0.247972
vt 0.461457 0.221086
vt 0.468010 0.219880
vt 0.467752 0.247994
vt 0.453097 0.194340
vt 0.466600 0.192789
vt 0.439712 0.166725
vt 0.464401 0.165627
vt 0.406279 0.289653
vt 0.431422 0.140179
vt 0.459238 0.138459
vt 0.399221 0.316670
vt 0.394884 0.348370
vt 0.425997 0.108786
vt 0.452446 0.106914
vt 0.483431 0.109618
vt 0.480724 0.138827
vt 0.478427 0.164989
vt 0.111837 0.076862
vt 0.142133 0.078072
vt 0.142210 0.081536
vt 0.111922 0.079940
vt 0.084824 0.076576
vt 0.084890 0.078479
vt 0.057424 0.077022
vt 0.057468 0.078055
vt 0.475991 0.191739
vt 0.474191 0.218905
vt 0.472523 0.246731
vt 0.713027 0.175639
vt 0.721607 0.174762
vt 0.705844 0.151055
vt 0.717146 0.149713
vt 0.732285 0.174275
vt 0.732364 0.148916
vt 0.713605 0.124630
vt 0.732392 0.123515
vt 0.699992 0.126461
vt 0.695176 0.098560
vt 0.712004 0.094205
vt 0.732420 0.093103
vt 0.691787 0.071451
vt 0.711602 0.064717
vt 0.732471 0.062862
vt 0.171402 0.077057
vt 0.171482 0.081493
vt 0.200683 0.076053
vt 0.200759 0.081574
vt 0.688362 0.044337
vt 0.711241 0.035233
vt 0.445249 0.077389
vt 0.449111 0.047443
vt 0.482681 0.053363
vt 0.483431 0.081474
vt 0.421616 0.077371
vt 0.425486 0.044369
vt 0.391488 0.380024
vt 0.415123 0.376752
vt 0.419670 0.406741
vt 0.396319 0.413078
vt 0.453086 0.369493
vt 0.453086 0.397453
vt 0.106989 0.067439
vt 0.106864 0.071861
vt 0.077962 0.071534
vt 0.078117 0.066030
vt 0.347618 0.685201
vt 0.339284 0.705017
vt 0.309818 0.704763
vt 0.320764 0.681847
vt 0.335747 0.725893
vt 0.305537 0.726014
vt 0.732471 0.032657
vt 0.275350 0.726193
vt 0.279991 0.708067
vt 0.714329 0.005670
vt 0.732415 0.002477
vt 0.695881 0.016952
vt 0.231090 0.074905
vt 0.254348 0.074806
vt 0.254348 0.081520
vt 0.231183 0.081618
vt 0.274153 0.074906
vt 0.274023 0.081618
vt 0.456769 0.010726
vt 0.473852 0.025467
vt 0.439322 0.002794
vt 0.022870 0.064929
vt 0.022903 0.071624
vt 0.002928 0.072201
vt 0.002738 0.065509
vt 0.428817 0.443673
vt 0.412198 0.454132
vt 0.047076 0.064705
vt 0.046945 0.071398
vt 0.445066 0.426475
vt 0.292756 0.689525
vt 0.274629 0.059083
vt 0.274615 0.059235
vt 0.246919 0.057354
vt 0.246955 0.056878
vt 0.279385 0.059492
vt 0.279371 0.059644
vt 0.695517 0.150932
vt 0.699998 0.150587
vt 0.694276 0.176332
vt 0.688577 0.176134
vt 0.448033 0.692616
vt 0.472854 0.686450
vt 0.473760 0.692471
vt 0.448059 0.692708
vt 0.830706 0.551636
vt 0.830552 0.551636
vt 0.830655 0.551635
vt 0.830810 0.551635
vt 0.700091 0.150611
vt 0.700321 0.176338
vt 0.830552 0.508119
vt 0.835230 0.508119
vt 0.835236 0.508268
vt 0.830558 0.508268
vt 0.447702 0.688133
vt 0.471806 0.680747
vt 0.497776 0.681816
vt 0.499471 0.692344
vt 0.495907 0.673338
vt 0.522687 0.677268
vt 0.525195 0.692259
vt 0.520042 0.666100
vt 0.547740 0.673680
vt 0.550960 0.692180
vt 0.544342 0.660232
vt 0.572118 0.655425
vt 0.578427 0.672016
vt 0.581818 0.692125
vt 0.109477 0.089764
vt 0.139341 0.090739
vt 0.139424 0.094175
vt 0.109560 0.092818
vt 0.083037 0.089557
vt 0.083092 0.091445
vt 0.247716 0.438984
vt 0.279523 0.433219
vt 0.273298 0.463828
vt 0.244643 0.460215
vt 0.220710 0.442963
vt 0.219178 0.456874
vt 0.056352 0.089894
vt 0.056383 0.090919
vt 0.193940 0.443836
vt 0.193326 0.453251
vt 0.029644 0.090399
vt 0.029658 0.090875
vt 0.167223 0.443488
vt 0.167102 0.449677
vt 0.139869 0.441296
vt 0.140311 0.446101
vt 0.002937 0.090912
vt 0.002942 0.091064
vt 0.139896 0.441191
vt 0.167180 0.436918
vt 0.194564 0.430366
vt 0.376360 0.137754
vt 0.376461 0.137785
vt 0.375649 0.166839
vt 0.369218 0.165180
vt 0.373894 0.194733
vt 0.360637 0.192643
vt 0.371102 0.222652
vt 0.346710 0.220934
vt 0.223064 0.418617
vt 0.365522 0.250649
vt 0.338170 0.248309
vt 0.250201 0.411478
vt 0.282106 0.407080
vt 0.358572 0.283192
vt 0.332712 0.280731
vt 0.386761 0.250625
vt 0.389256 0.280628
vt 0.384903 0.223691
vt 0.164139 0.053560
vt 0.164043 0.056623
vt 0.133423 0.057832
vt 0.133488 0.054385
vt 0.191488 0.053839
vt 0.191403 0.055732
vt 0.219225 0.055074
vt 0.219163 0.056102
vt 0.383115 0.196094
vt 0.381761 0.168086
vt 0.381147 0.139337
vt 0.689971 0.201942
vt 0.681511 0.201322
vt 0.685666 0.227531
vt 0.674543 0.226517
vt 0.700543 0.202078
vt 0.700720 0.227837
vt 0.700852 0.253635
vt 0.682297 0.253112
vt 0.668910 0.251667
vt 0.680880 0.284046
vt 0.664315 0.280138
vt 0.700988 0.284530
vt 0.680553 0.314022
vt 0.661074 0.307777
vt 0.701079 0.315273
vt 0.103848 0.057656
vt 0.103883 0.053241
vt 0.074258 0.057795
vt 0.074242 0.052301
vt 0.680227 0.344004
vt 0.657774 0.335426
vt 0.351484 0.313719
vt 0.389256 0.309506
vt 0.388633 0.338364
vt 0.355721 0.344368
vt 0.328457 0.313217
vt 0.332668 0.347058
vt 0.313995 0.403700
vt 0.347050 0.408825
vt 0.339720 0.431487
vt 0.309593 0.426812
vt 0.329088 0.464596
vt 0.301210 0.464596
vt 0.168363 0.089452
vt 0.197401 0.088167
vt 0.197490 0.093643
vt 0.168452 0.093852
vt 0.599287 0.652128
vt 0.626477 0.648922
vt 0.638259 0.671523
vt 0.608333 0.671678
vt 0.643205 0.692417
vt 0.612524 0.692222
vt 0.701079 0.345992
vt 0.668661 0.674902
vt 0.673873 0.692708
vt 0.700983 0.376699
vt 0.683244 0.373979
vt 0.665167 0.363041
vt 0.043855 0.051626
vt 0.043883 0.058307
vt 0.021440 0.058923
vt 0.021360 0.052242
vt 0.002382 0.059644
vt 0.002202 0.052965
vt 0.380345 0.366816
vt 0.363786 0.381543
vt 0.346612 0.389256
vt 0.253286 0.087014
vt 0.273107 0.087524
vt 0.272768 0.094175
vt 0.253097 0.093671
vt 0.387163 0.425761
vt 0.376250 0.441474
vt 0.228997 0.086871
vt 0.228993 0.093531
vt 0.358482 0.456902
vt 0.655167 0.656615
vt 0.279138 0.326083
vt 0.253509 0.328128
vt 0.253463 0.327653
vt 0.279120 0.325931
vt 0.283571 0.325784
vt 0.283553 0.325632
vt 0.759428 0.183793
vt 0.766061 0.206998
vt 0.760768 0.207144
vt 0.755273 0.183460
vt 0.738534 0.209990
vt 0.738442 0.209964
vt 0.738552 0.186311
vt 0.744149 0.187198
vt 0.830654 0.555544
vt 0.830552 0.555542
vt 0.830704 0.555542
vt 0.830807 0.555544
vt 0.755190 0.207131
vt 0.755180 0.183486
vt 0.255318 0.405847
vt 0.255307 0.405998
vt 0.250910 0.405668
vt 0.250921 0.405516
vt 0.742685 0.210324
vt 0.749417 0.188195
vt 0.738577 0.162644
vt 0.748361 0.164306
vt 0.756174 0.166071
vt 0.738575 0.138958
vt 0.752491 0.141425
vt 0.762765 0.143909
vt 0.738574 0.115222
vt 0.755713 0.118389
vt 0.768079 0.121578
vt 0.757158 0.090137
vt 0.772434 0.096059
vt 0.738603 0.086807
vt 0.153336 0.401292
vt 0.153164 0.404333
vt 0.125742 0.405143
vt 0.125911 0.401721
vt 0.177584 0.401712
vt 0.177469 0.403592
vt 0.135305 0.630742
vt 0.138068 0.651087
vt 0.111324 0.654393
vt 0.105576 0.624847
vt 0.160584 0.635177
vt 0.161869 0.648290
vt 0.202025 0.402802
vt 0.201959 0.403823
vt 0.185652 0.636593
vt 0.186083 0.645432
vt 0.226477 0.404126
vt 0.226445 0.404600
vt 0.210697 0.636836
vt 0.210716 0.642678
vt 0.236462 0.635313
vt 0.235977 0.639871
vt 0.236483 0.635210
vt 0.210837 0.630641
vt 0.185183 0.623850
vt 0.412522 0.635396
vt 0.437277 0.628523
vt 0.438952 0.634416
vt 0.412504 0.635486
vt 0.462024 0.619917
vt 0.464304 0.632521
vt 0.487414 0.605678
vt 0.489683 0.629457
vt 0.158438 0.611811
vt 0.512214 0.597049
vt 0.515101 0.623560
vt 0.132996 0.604644
vt 0.103018 0.600442
vt 0.541834 0.591798
vt 0.544684 0.616507
vt 0.543085 0.646667
vt 0.515642 0.644264
vt 0.491012 0.642569
vt 0.176689 0.330510
vt 0.148270 0.329234
vt 0.148192 0.325787
vt 0.176565 0.327448
vt 0.202065 0.330595
vt 0.201955 0.328703
vt 0.227802 0.329686
vt 0.227722 0.328661
vt 0.465791 0.641053
vt 0.440242 0.640008
vt 0.414030 0.639743
vt 0.772789 0.230217
vt 0.764926 0.230712
vt 0.779407 0.253473
vt 0.769063 0.254281
vt 0.755180 0.230792
vt 0.755194 0.254481
vt 0.772344 0.277874
vt 0.755235 0.278217
vt 0.784786 0.276709
vt 0.789198 0.302998
vt 0.773868 0.306392
vt 0.755293 0.306629
vt 0.792220 0.328487
vt 0.774192 0.333960
vt 0.755241 0.334880
vt 0.120854 0.329881
vt 0.120821 0.325466
vt 0.093392 0.330209
vt 0.093435 0.324714
vt 0.795254 0.353999
vt 0.774473 0.361546
vt 0.572502 0.609412
vt 0.600807 0.614319
vt 0.595852 0.646240
vt 0.569468 0.646667
vt 0.571627 0.587832
vt 0.602974 0.592776
vt 0.072998 0.597413
vt 0.077516 0.618612
vt 0.049183 0.623836
vt 0.041578 0.603172
vt 0.085308 0.655038
vt 0.059338 0.655038
vt 0.099307 0.400069
vt 0.099124 0.404453
vt 0.072490 0.403979
vt 0.072675 0.398520
vt 0.775502 0.071126
vt 0.757532 0.062650
vt 0.757775 0.035136
vt 0.778512 0.046173
vt 0.738599 0.058554
vt 0.738544 0.030315
vt 0.755235 0.363116
vt 0.738442 0.002081
vt 0.754808 0.007134
vt 0.771631 0.389082
vt 0.755277 0.391349
vt 0.788355 0.379301
vt 0.065397 0.330658
vt 0.044711 0.330608
vt 0.044817 0.323927
vt 0.065478 0.323977
vt 0.027034 0.330658
vt 0.027211 0.323979
vt 0.635408 0.624139
vt 0.621824 0.638976
vt 0.642482 0.608412
vt 0.021236 0.398330
vt 0.021326 0.404971
vt 0.003201 0.405998
vt 0.002984 0.399360
vt 0.014169 0.635250
vt 0.002832 0.621382
vt 0.043614 0.397520
vt 0.043528 0.404160
vt 0.031711 0.648599
vt 0.771551 0.019747
vt 0.395767 0.299267
vt 0.395617 0.299246
vt 0.398438 0.273451
vt 0.398908 0.273505
vt 0.834897 0.512174
vt 0.834893 0.512326
vt 0.830552 0.512326
vt 0.830556 0.512174
vt 0.214175 0.740837
vt 0.214509 0.744934
vt 0.190325 0.739422
vt 0.190490 0.734218
vt 0.708068 0.699791
vt 0.684801 0.705213
vt 0.683915 0.699709
vt 0.708043 0.699698
vt 0.830701 0.563360
vt 0.830552 0.563360
vt 0.830652 0.563358
vt 0.830801 0.563358
vt 0.214485 0.745028
vt 0.190338 0.744927
vt 0.393291 0.255318
vt 0.393016 0.251010
vt 0.393166 0.250997
vt 0.393441 0.255305
vt 0.708404 0.703885
vt 0.685815 0.710412
vt 0.661445 0.709267
vt 0.659792 0.699659
vt 0.663240 0.716975
vt 0.638114 0.713260
vt 0.635670 0.699607
vt 0.640638 0.723394
vt 0.614663 0.716400
vt 0.611529 0.699591
vt 0.617895 0.728583
vt 0.591924 0.732841
vt 0.585952 0.717830
vt 0.582646 0.699623
vt 0.387642 0.152573
vt 0.388067 0.124875
vt 0.391468 0.124763
vt 0.390663 0.152433
vt 0.388177 0.177057
vt 0.390044 0.176951
vt 0.604359 0.393728
vt 0.598057 0.363692
vt 0.627404 0.369638
vt 0.624520 0.396487
vt 0.609305 0.419108
vt 0.622213 0.420362
vt 0.389482 0.201715
vt 0.390496 0.201648
vt 0.611322 0.444228
vt 0.619948 0.444620
vt 0.391150 0.226371
vt 0.391620 0.226336
vt 0.612191 0.469274
vt 0.617854 0.469255
vt 0.611365 0.494941
vt 0.615755 0.494457
vt 0.611261 0.494921
vt 0.606190 0.469443
vt 0.598801 0.443822
vt 0.559916 0.276643
vt 0.560017 0.276715
vt 0.558521 0.304016
vt 0.552696 0.302305
vt 0.556208 0.330077
vt 0.543802 0.327869
vt 0.552758 0.356156
vt 0.529328 0.354190
vt 0.586191 0.417051
vt 0.546596 0.382338
vt 0.520605 0.379937
vt 0.578575 0.391335
vt 0.574064 0.360928
vt 0.539465 0.412899
vt 0.515392 0.410610
vt 0.567011 0.382530
vt 0.569234 0.410524
vt 0.565652 0.357366
vt 0.403595 0.196241
vt 0.400559 0.196125
vt 0.399344 0.167595
vt 0.402763 0.167639
vt 0.403089 0.221776
vt 0.401213 0.221660
vt 0.401403 0.247658
vt 0.400386 0.247569
vt 0.564613 0.331553
vt 0.564053 0.305332
vt 0.564242 0.278326
vt 0.166277 0.735265
vt 0.166814 0.727547
vt 0.142256 0.731173
vt 0.143129 0.721033
vt 0.166192 0.744874
vt 0.142044 0.744834
vt 0.117878 0.744811
vt 0.118253 0.727981
vt 0.119503 0.715790
vt 0.089277 0.726574
vt 0.092795 0.711536
vt 0.088968 0.744801
vt 0.061237 0.726320
vt 0.066887 0.708648
vt 0.060216 0.744893
vt 0.399215 0.140063
vt 0.403593 0.140020
vt 0.398459 0.112537
vt 0.403905 0.112360
vt 0.033189 0.726135
vt 0.040971 0.705780
vt 0.532494 0.441746
vt 0.569234 0.437446
vt 0.568948 0.464352
vt 0.537748 0.470570
vt 0.511616 0.441445
vt 0.516984 0.473378
vt 0.570917 0.330427
vt 0.576954 0.298914
vt 0.597012 0.306603
vt 0.591599 0.335129
vt 0.627832 0.317409
vt 0.627832 0.343504
vt 0.386579 0.097955
vt 0.385379 0.070997
vt 0.390802 0.070981
vt 0.390934 0.097878
vt 0.566538 0.735815
vt 0.541139 0.738749
vt 0.530019 0.718432
vt 0.557994 0.718182
vt 0.525226 0.699619
vt 0.553921 0.699630
vt 0.031495 0.744969
vt 0.501580 0.715572
vt 0.496549 0.699591
vt 0.002791 0.745028
vt 0.005188 0.729032
vt 0.015223 0.712644
vt 0.403877 0.084134
vt 0.397258 0.084420
vt 0.396373 0.064145
vt 0.402992 0.063854
vt 0.395617 0.047080
vt 0.402234 0.046749
vt 0.562279 0.491041
vt 0.548241 0.505213
vt 0.533161 0.512730
vt 0.385719 0.019738
vt 0.386863 0.002044
vt 0.393441 0.002487
vt 0.392304 0.020076
vt 0.595929 0.261098
vt 0.609163 0.272245
vt 0.384733 0.041691
vt 0.391324 0.041859
vt 0.621789 0.289646
vt 0.514304 0.731935
vt 0.632570 0.201896
vt 0.634826 0.221970
vt 0.634464 0.222013
vt 0.632455 0.201913
vt 0.632225 0.198645
vt 0.632110 0.198661
vt 0.658614 0.859060
vt 0.677102 0.854078
vt 0.677279 0.858006
vt 0.658393 0.862151
vt 0.647947 0.799205
vt 0.647966 0.799133
vt 0.666881 0.799172
vt 0.666234 0.803329
vt 0.830668 0.571173
vt 0.830745 0.571175
vt 0.830630 0.571175
vt 0.830552 0.571173
vt 0.677326 0.862157
vt 0.658412 0.862223
vt 0.830552 0.516350
vt 0.830554 0.516232
vt 0.833868 0.516232
vt 0.833866 0.516350
vt 0.647723 0.802295
vt 0.665490 0.807251
vt 0.685804 0.799162
vt 0.684585 0.806420
vt 0.683253 0.812235
vt 0.704738 0.799144
vt 0.702929 0.809460
vt 0.701043 0.817108
vt 0.723699 0.799138
vt 0.721371 0.811844
vt 0.718942 0.821045
vt 0.743941 0.812921
vt 0.739371 0.824270
vt 0.746392 0.799154
vt 0.647063 0.319485
vt 0.644743 0.319354
vt 0.644102 0.297644
vt 0.646714 0.297746
vt 0.646592 0.338687
vt 0.645159 0.338587
vt 0.792159 0.123748
vt 0.807577 0.121931
vt 0.809641 0.143153
vt 0.787136 0.147382
vt 0.796247 0.103835
vt 0.806053 0.103069
vt 0.645449 0.358005
vt 0.644671 0.357941
vt 0.798147 0.084091
vt 0.804673 0.083920
vt 0.643950 0.377307
vt 0.643590 0.377273
vt 0.799203 0.064393
vt 0.803480 0.064492
vt 0.798956 0.044205
vt 0.802265 0.044647
vt 0.642223 0.396581
vt 0.642108 0.396568
vt 0.798878 0.044187
vt 0.794675 0.064155
vt 0.788647 0.084154
vt 0.789735 0.602856
vt 0.795008 0.622599
vt 0.790641 0.623686
vt 0.789653 0.602845
vt 0.802074 0.642211
vt 0.792714 0.643718
vt 0.813098 0.662481
vt 0.795375 0.663849
vt 0.778596 0.104936
vt 0.819765 0.682420
vt 0.800130 0.684028
vt 0.772544 0.125093
vt 0.768981 0.149072
vt 0.823750 0.706292
vt 0.805628 0.707727
vt 0.782986 0.705849
vt 0.784660 0.684106
vt 0.785663 0.664635
vt 0.638177 0.282247
vt 0.637500 0.304646
vt 0.634873 0.304707
vt 0.635843 0.282358
vt 0.637836 0.262296
vt 0.636395 0.262397
vt 0.636623 0.242115
vt 0.635842 0.242188
vt 0.786402 0.644746
vt 0.786526 0.624592
vt 0.786496 0.603953
vt 0.695599 0.849054
vt 0.696087 0.854881
vt 0.714119 0.844141
vt 0.714889 0.851801
vt 0.696251 0.862128
vt 0.715190 0.862106
vt 0.733699 0.849386
vt 0.734154 0.862086
vt 0.732622 0.840177
vt 0.753566 0.836966
vt 0.756448 0.848330
vt 0.756849 0.862104
vt 0.773891 0.834771
vt 0.778471 0.848121
vt 0.779423 0.862154
vt 0.638103 0.326294
vt 0.634738 0.326295
vt 0.638296 0.347986
vt 0.634108 0.347892
vt 0.794236 0.832590
vt 0.800510 0.847965
vt 0.811010 0.730213
vt 0.806846 0.752889
vt 0.783171 0.747743
vt 0.782986 0.726790
vt 0.826646 0.730335
vt 0.822374 0.755331
vt 0.766509 0.173175
vt 0.782080 0.169917
vt 0.786402 0.192579
vt 0.771268 0.198167
vt 0.809903 0.163778
vt 0.809903 0.184397
vt 0.647755 0.276622
vt 0.644408 0.276550
vt 0.644338 0.255439
vt 0.648504 0.255455
vt 0.759329 0.826520
vt 0.765904 0.813187
vt 0.787894 0.813377
vt 0.779306 0.828739
vt 0.768964 0.799159
vt 0.791527 0.799152
vt 0.801988 0.862194
vt 0.814089 0.799133
vt 0.810240 0.811216
vt 0.822548 0.850139
vt 0.824553 0.862223
vt 0.814534 0.837762
vt 0.638217 0.370179
vt 0.637611 0.385738
vt 0.632521 0.385548
vt 0.633128 0.369989
vt 0.637200 0.398673
vt 0.632110 0.398475
vt 0.798275 0.779892
vt 0.787978 0.768682
vt 0.809451 0.785837
vt 0.647941 0.215877
vt 0.642879 0.216078
vt 0.642108 0.202781
vt 0.647168 0.202538
vt 0.795938 0.219703
vt 0.785860 0.228112
vt 0.648760 0.232579
vt 0.643696 0.232693
vt 0.805444 0.206260
vt 0.800350 0.823587
vt 0.346826 0.198764
vt 0.346711 0.198750
vt 0.348986 0.178732
vt 0.349346 0.178769
vt 0.346492 0.201953
vt 0.346377 0.201938
vt 0.497943 0.859083
vt 0.498080 0.862150
vt 0.479004 0.857994
vt 0.479302 0.854101
vt 0.820165 0.384927
vt 0.816126 0.366229
vt 0.820247 0.365699
vt 0.820238 0.384910
vt 0.830668 0.575082
vt 0.830552 0.575082
vt 0.830630 0.575081
vt 0.830745 0.575081
vt 0.498063 0.862223
vt 0.478848 0.862115
vt 0.765361 0.446115
vt 0.765607 0.449302
vt 0.765492 0.449314
vt 0.765246 0.446127
vt 0.817098 0.385070
vt 0.812231 0.366879
vt 0.813101 0.347520
vt 0.820293 0.346514
vt 0.807326 0.348717
vt 0.810116 0.328854
vt 0.820336 0.327356
vt 0.802522 0.330561
vt 0.807768 0.310157
vt 0.820358 0.308214
vt 0.798636 0.312360
vt 0.795455 0.291649
vt 0.806712 0.287383
vt 0.820361 0.285335
vt 0.771191 0.527250
vt 0.770806 0.549125
vt 0.768202 0.549155
vt 0.768878 0.527327
vt 0.770673 0.507868
vt 0.769244 0.507942
vt 0.422695 0.815587
vt 0.446571 0.810336
vt 0.442339 0.832776
vt 0.421005 0.830941
vt 0.402566 0.819995
vt 0.401988 0.829706
vt 0.769398 0.488334
vt 0.768623 0.488388
vt 0.382627 0.822296
vt 0.382642 0.828713
vt 0.767668 0.468806
vt 0.767309 0.468837
vt 0.362753 0.823793
vt 0.363000 0.827978
vt 0.342344 0.824086
vt 0.342917 0.827309
vt 0.342353 0.824007
vt 0.362370 0.819359
vt 0.382484 0.812892
vt 0.396581 0.796651
vt 0.396533 0.796727
vt 0.375461 0.795816
vt 0.376382 0.791452
vt 0.355198 0.793763
vt 0.356272 0.784437
vt 0.334820 0.791122
vt 0.335333 0.773501
vt 0.403447 0.802429
vt 0.314316 0.786410
vt 0.314874 0.766925
vt 0.423823 0.796098
vt 0.447996 0.792365
vt 0.290189 0.781014
vt 0.290559 0.763083
vt 0.314959 0.801790
vt 0.293186 0.803515
vt 0.334475 0.800787
vt 0.353324 0.118863
vt 0.351004 0.118796
vt 0.350188 0.096613
vt 0.352799 0.096617
vt 0.352805 0.138680
vt 0.351372 0.138604
vt 0.351381 0.158729
vt 0.350604 0.158669
vt 0.354435 0.800063
vt 0.374715 0.799932
vt 0.395536 0.799891
vt 0.460012 0.854866
vt 0.460688 0.849094
vt 0.441065 0.851799
vt 0.442089 0.844213
vt 0.459656 0.862060
vt 0.440489 0.862027
vt 0.421338 0.862010
vt 0.422148 0.849410
vt 0.423532 0.840286
vt 0.399272 0.848379
vt 0.402525 0.837113
vt 0.398451 0.862034
vt 0.377093 0.848180
vt 0.382118 0.834945
vt 0.375700 0.862089
vt 0.350131 0.075163
vt 0.353475 0.075082
vt 0.349521 0.053739
vt 0.353679 0.053531
vt 0.354932 0.848052
vt 0.361724 0.832808
vt 0.267241 0.775797
vt 0.272175 0.803625
vt 0.251181 0.803625
vt 0.244639 0.780255
vt 0.266122 0.760428
vt 0.241165 0.765131
vt 0.472272 0.789824
vt 0.497070 0.794671
vt 0.491892 0.809591
vt 0.469375 0.805172
vt 0.483725 0.832924
vt 0.463046 0.832924
vt 0.771711 0.570381
vt 0.772224 0.591658
vt 0.768077 0.591519
vt 0.768377 0.570344
vt 0.793248 0.271443
vt 0.791060 0.251248
vt 0.806278 0.243093
vt 0.806467 0.265232
vt 0.820367 0.239897
vt 0.820367 0.262591
vt 0.352996 0.862152
vt 0.808400 0.220708
vt 0.820360 0.217240
vt 0.330332 0.862223
vt 0.332732 0.850249
vt 0.341174 0.837972
vt 0.353409 0.031268
vt 0.348360 0.031624
vt 0.347301 0.016087
vt 0.352349 0.015722
vt 0.346377 0.003358
vt 0.351425 0.002992
vt 0.229906 0.799197
vt 0.218049 0.789417
vt 0.211284 0.778863
vt 0.771230 0.630558
vt 0.770276 0.643528
vt 0.765246 0.643125
vt 0.766198 0.630179
vt 0.526333 0.809330
vt 0.518367 0.819296
vt 0.772234 0.614345
vt 0.767197 0.614034
vt 0.505391 0.828610
vt 0.796157 0.230243
vt 0.922687 0.135246
vt 0.913412 0.136386
vt 0.913389 0.136208
vt 0.922679 0.135189
vt 0.924186 0.134969
vt 0.924177 0.134912
vt 0.910727 0.432927
vt 0.901992 0.435361
vt 0.901760 0.433490
vt 0.910716 0.431449
vt 0.910719 0.463576
vt 0.910708 0.463612
vt 0.901576 0.463643
vt 0.901733 0.461662
vt 0.830591 0.582896
vt 0.830552 0.582895
vt 0.830609 0.582895
vt 0.830648 0.582896
vt 0.901575 0.431491
vt 0.910706 0.431413
vt 0.924402 0.130233
vt 0.924394 0.130290
vt 0.922866 0.130207
vt 0.922874 0.130150
vt 0.910707 0.462093
vt 0.901938 0.459772
vt 0.892441 0.463681
vt 0.892757 0.460227
vt 0.893169 0.457419
vt 0.883300 0.463700
vt 0.883785 0.458793
vt 0.884389 0.455100
vt 0.874141 0.463694
vt 0.874780 0.457639
vt 0.875583 0.453203
vt 0.863824 0.457090
vt 0.865582 0.451649
vt 0.863186 0.463685
vt 0.885578 0.128382
vt 0.885503 0.129532
vt 0.875066 0.130126
vt 0.875122 0.128831
vt 0.894854 0.128388
vt 0.894794 0.129099
vt 0.879259 0.320346
vt 0.879485 0.328000
vt 0.869353 0.328905
vt 0.868168 0.317672
vt 0.888611 0.322650
vt 0.888506 0.327406
vt 0.904210 0.128758
vt 0.904170 0.129144
vt 0.897929 0.323856
vt 0.897675 0.326906
vt 0.913553 0.129365
vt 0.913531 0.129544
vt 0.907202 0.324701
vt 0.906945 0.326668
vt 0.916783 0.324983
vt 0.916404 0.326485
vt 0.916793 0.324946
vt 0.907542 0.322607
vt 0.898366 0.319260
vt 0.830558 0.274810
vt 0.840180 0.272423
vt 0.840524 0.274542
vt 0.830552 0.274851
vt 0.849742 0.269199
vt 0.850124 0.273670
vt 0.859671 0.263981
vt 0.859759 0.272497
vt 0.888882 0.313881
vt 0.869368 0.260889
vt 0.869441 0.270255
vt 0.879506 0.310657
vt 0.868227 0.308808
vt 0.880951 0.259130
vt 0.880860 0.267691
vt 0.879417 0.278588
vt 0.869058 0.277667
vt 0.859812 0.277123
vt 0.885558 0.138372
vt 0.875130 0.138186
vt 0.875066 0.136893
vt 0.885476 0.137223
vt 0.894800 0.138070
vt 0.894735 0.137360
vt 0.904113 0.137349
vt 0.904071 0.136964
vt 0.850380 0.276706
vt 0.840794 0.276549
vt 0.830941 0.276408
vt 0.893257 0.437793
vt 0.892805 0.435024
vt 0.884510 0.440149
vt 0.883854 0.436511
vt 0.892439 0.431531
vt 0.883298 0.431544
vt 0.874864 0.437642
vt 0.874139 0.431531
vt 0.875730 0.442024
vt 0.865752 0.443538
vt 0.863917 0.438101
vt 0.863185 0.431507
vt 0.856050 0.444600
vt 0.853317 0.438210
vt 0.852304 0.431493
vt 0.865038 0.138613
vt 0.864993 0.136958
vt 0.854925 0.138855
vt 0.854914 0.136795
vt 0.846340 0.445637
vt 0.842706 0.438273
vt 0.891713 0.265202
vt 0.902685 0.267498
vt 0.899426 0.278684
vt 0.889419 0.278684
vt 0.892622 0.257921
vt 0.904812 0.260374
vt 0.856847 0.307524
vt 0.857567 0.315039
vt 0.846775 0.317321
vt 0.844967 0.309964
vt 0.859566 0.328961
vt 0.849771 0.328961
vt 0.865004 0.128602
vt 0.864969 0.130259
vt 0.854869 0.130619
vt 0.854866 0.128557
vt 0.855865 0.450597
vt 0.853222 0.456985
vt 0.842610 0.456895
vt 0.846139 0.449543
vt 0.852305 0.463701
vt 0.841428 0.463701
vt 0.841428 0.431461
vt 0.830552 0.463684
vt 0.831920 0.457908
vt 0.832002 0.437199
vt 0.830552 0.431413
vt 0.836358 0.443136
vt 0.844269 0.138673
vt 0.836686 0.137974
vt 0.836743 0.135474
vt 0.844312 0.136172
vt 0.830552 0.137412
vt 0.830611 0.134912
vt 0.916005 0.272278
vt 0.909803 0.276720
vt 0.919800 0.267433
vt 0.836685 0.128504
vt 0.836758 0.131006
vt 0.830627 0.130884
vt 0.830552 0.128382
vt 0.833926 0.322254
vt 0.830552 0.317317
vt 0.844233 0.128497
vt 0.844291 0.131001
vt 0.839695 0.326848
vt 0.836192 0.451999
vt 0.830552 0.249907
vt 0.830555 0.249850
vt 0.839697 0.250838
vt 0.839690 0.251018
vt 0.830553 0.524282
vt 0.830552 0.524222
vt 0.832136 0.524222
vt 0.832137 0.524282
vt 0.830552 0.469137
vt 0.830598 0.467645
vt 0.839501 0.469668
vt 0.839216 0.471558
vt 0.830553 0.500120
vt 0.839561 0.498128
vt 0.839658 0.500128
vt 0.830552 0.500158
vt 0.830590 0.590709
vt 0.830647 0.590709
vt 0.830609 0.590710
vt 0.830552 0.590710
vt 0.830605 0.467607
vt 0.839712 0.467651
vt 0.830552 0.520256
vt 0.832140 0.520256
vt 0.832145 0.520316
vt 0.830556 0.520316
vt 0.830588 0.498623
vt 0.839379 0.496223
vt 0.848522 0.496643
vt 0.848732 0.500132
vt 0.848141 0.493812
vt 0.857436 0.495169
vt 0.857770 0.500128
vt 0.856872 0.491446
vt 0.866306 0.493992
vt 0.866775 0.500111
vt 0.865565 0.489518
vt 0.875401 0.487947
vt 0.877025 0.493443
vt 0.877526 0.500104
vt 0.867615 0.243447
vt 0.877868 0.243744
vt 0.877824 0.245055
vt 0.867602 0.244612
vt 0.858459 0.243597
vt 0.858464 0.244317
vt 0.878063 0.341540
vt 0.866839 0.344275
vt 0.868732 0.332906
vt 0.878710 0.333796
vt 0.887622 0.339178
vt 0.887669 0.334372
vt 0.849169 0.244125
vt 0.849180 0.244516
vt 0.897070 0.337870
vt 0.896838 0.334779
vt 0.839861 0.244908
vt 0.839870 0.245089
vt 0.906456 0.336988
vt 0.906162 0.335007
vt 0.916143 0.336649
vt 0.915713 0.335139
vt 0.830552 0.245886
vt 0.830556 0.245944
vt 0.916151 0.336688
vt 0.906818 0.339101
vt 0.897368 0.342531
vt 0.830552 0.286900
vt 0.830566 0.286862
vt 0.840475 0.287005
vt 0.840241 0.289167
vt 0.850066 0.287762
vt 0.850063 0.292345
vt 0.859714 0.288925
vt 0.860442 0.297565
vt 0.887429 0.348035
vt 0.869498 0.291148
vt 0.870298 0.300677
vt 0.877854 0.351333
vt 0.866614 0.353220
vt 0.880972 0.293745
vt 0.881779 0.302449
vt 0.868447 0.283611
vt 0.878539 0.282676
vt 0.859394 0.284207
vt 0.866963 0.253089
vt 0.866954 0.251929
vt 0.877061 0.251708
vt 0.877096 0.253014
vt 0.857947 0.252725
vt 0.857953 0.252007
vt 0.848826 0.251979
vt 0.848835 0.251589
vt 0.850120 0.284649
vt 0.840648 0.284962
vt 0.830891 0.285278
vt 0.848382 0.471187
vt 0.847847 0.473986
vt 0.857215 0.472669
vt 0.856452 0.476347
vt 0.848785 0.467664
vt 0.857819 0.467659
vt 0.866822 0.467642
vt 0.866026 0.473806
vt 0.865046 0.478237
vt 0.876719 0.474285
vt 0.874803 0.479773
vt 0.877570 0.467628
vt 0.887132 0.474411
vt 0.884324 0.480859
vt 0.888256 0.467629
vt 0.886869 0.251919
vt 0.886947 0.253590
vt 0.896654 0.251923
vt 0.896792 0.254002
vt 0.897518 0.474499
vt 0.893823 0.481928
vt 0.891843 0.296266
vt 0.888349 0.282591
vt 0.898109 0.282591
vt 0.902205 0.293951
vt 0.893260 0.303618
vt 0.904788 0.301084
vt 0.855352 0.354502
vt 0.844041 0.352044
vt 0.845920 0.344636
vt 0.856165 0.346943
vt 0.849423 0.332867
vt 0.859059 0.332867
vt 0.887811 0.243359
vt 0.897744 0.243160
vt 0.897584 0.245246
vt 0.887718 0.245036
vt 0.884973 0.486888
vt 0.894520 0.485834
vt 0.897832 0.493268
vt 0.887444 0.493343
vt 0.898860 0.500147
vt 0.888215 0.500129
vt 0.898897 0.467622
vt 0.908238 0.494316
vt 0.909463 0.500158
vt 0.909498 0.467607
vt 0.907978 0.473448
vt 0.903621 0.479431
vt 0.907220 0.254015
vt 0.906995 0.251490
vt 0.914529 0.250689
vt 0.914777 0.253212
vt 0.920651 0.249850
vt 0.920905 0.252372
vt 0.908287 0.284572
vt 0.914578 0.288905
vt 0.918624 0.293604
vt 0.915505 0.243179
vt 0.921633 0.243410
vt 0.921386 0.245944
vt 0.915258 0.245712
vt 0.830552 0.344604
vt 0.833905 0.339575
vt 0.908078 0.242977
vt 0.907837 0.245510
vt 0.839590 0.334996
vt 0.904185 0.488334
vt 0.282042 0.047066
vt 0.254092 0.046754
vt 0.254063 0.046265
vt 0.282033 0.046910
vt 0.286710 0.047087
vt 0.286699 0.046931
vt 0.226636 0.608659
vt 0.252191 0.601408
vt 0.252959 0.607077
vt 0.226732 0.613088
vt 0.238576 0.591883
vt 0.238548 0.591979
vt 0.211665 0.592043
vt 0.212034 0.586041
vt 0.830708 0.536004
vt 0.830814 0.536005
vt 0.830657 0.536005
vt 0.830552 0.536004
vt 0.253604 0.613032
vt 0.226762 0.613183
vt 0.286710 0.034375
vt 0.286692 0.034531
vt 0.282083 0.033905
vt 0.282100 0.033749
vt 0.238470 0.587461
vt 0.212543 0.580413
vt 0.184763 0.592129
vt 0.185540 0.581596
vt 0.186614 0.573226
vt 0.157823 0.592195
vt 0.159039 0.577161
vt 0.160638 0.566135
vt 0.130815 0.592239
vt 0.132429 0.573697
vt 0.134583 0.560403
vt 0.100060 0.572163
vt 0.104992 0.555676
vt 0.098496 0.592255
vt 0.169487 0.029502
vt 0.169247 0.032650
vt 0.137753 0.033845
vt 0.138005 0.030300
vt 0.197442 0.029683
vt 0.197281 0.031628
vt 0.118711 0.168114
vt 0.118469 0.146668
vt 0.149570 0.143918
vt 0.152009 0.175076
vt 0.090092 0.162639
vt 0.090661 0.148812
vt 0.225686 0.030701
vt 0.225590 0.031756
vt 0.061323 0.160131
vt 0.062251 0.150873
vt 0.253915 0.032115
vt 0.253866 0.032603
vt 0.032434 0.158278
vt 0.033312 0.152132
vt 0.002224 0.157943
vt 0.003478 0.153177
vt 0.002200 0.158052
vt 0.031285 0.164791
vt 0.059721 0.173491
vt 0.300771 0.023875
vt 0.305351 0.052247
vt 0.298836 0.052633
vt 0.300661 0.023843
vt 0.312455 0.080208
vt 0.298730 0.080483
vt 0.325100 0.108810
vt 0.299685 0.108267
vt 0.088645 0.187387
vt 0.332735 0.136376
vt 0.303952 0.136038
vt 0.116645 0.195939
vt 0.149950 0.201560
vt 0.337398 0.169116
vt 0.309936 0.168625
vt 0.277996 0.164434
vt 0.281911 0.134344
vt 0.285483 0.107586
vt 0.170545 0.044844
vt 0.139354 0.043004
vt 0.139155 0.039472
vt 0.170368 0.041704
vt 0.198201 0.045889
vt 0.198091 0.043947
vt 0.226136 0.046415
vt 0.226075 0.045361
vt 0.289348 0.080405
vt 0.292717 0.052808
vt 0.295949 0.024518
vt 0.277735 0.594048
vt 0.279197 0.602514
vt 0.303316 0.586782
vt 0.305433 0.597972
vt 0.280461 0.612957
vt 0.307349 0.612880
vt 0.331819 0.594318
vt 0.334309 0.612759
vt 0.329033 0.580830
vt 0.358313 0.575911
vt 0.364035 0.592536
vt 0.366569 0.612663
vt 0.386775 0.572490
vt 0.395223 0.592136
vt 0.398584 0.612777
vt 0.109191 0.043653
vt 0.108938 0.039130
vt 0.079040 0.044421
vt 0.078724 0.038791
vt 0.415241 0.569095
vt 0.426406 0.591879
vt 0.316645 0.199267
vt 0.311726 0.230813
vt 0.277096 0.222619
vt 0.277096 0.193537
vt 0.341122 0.201863
vt 0.335771 0.236503
vt 0.183266 0.206138
vt 0.183053 0.182343
vt 0.215105 0.178332
vt 0.218720 0.202041
vt 0.179445 0.143918
vt 0.209262 0.144868
vt 0.107646 0.028892
vt 0.107340 0.033433
vt 0.076916 0.033124
vt 0.077277 0.027468
vt 0.076288 0.552217
vt 0.068778 0.571663
vt 0.037505 0.571201
vt 0.047576 0.548700
vt 0.066422 0.592255
vt 0.034389 0.592207
vt 0.430557 0.612952
vt 0.002383 0.592103
vt 0.006087 0.574153
vt 0.457907 0.595162
vt 0.462503 0.613183
vt 0.444728 0.576694
vt 0.046952 0.045810
vt 0.022797 0.046646
vt 0.022730 0.039775
vt 0.046629 0.038957
vt 0.002934 0.047087
vt 0.003133 0.040211
vt 0.301649 0.269463
vt 0.285309 0.252519
vt 0.318197 0.279385
vt 0.022428 0.026900
vt 0.022180 0.033779
vt 0.002917 0.034531
vt 0.002924 0.027653
vt 0.254914 0.170455
vt 0.263689 0.187662
vt 0.045707 0.026425
vt 0.045275 0.033302
vt 0.239033 0.153648
vt 0.018381 0.555954
vt 0.006878 0.100646
vt 0.033367 0.099619
vt 0.033421 0.100107
vt 0.006897 0.100801
vt 0.002271 0.101003
vt 0.002292 0.101159
vt 0.744017 0.449801
vt 0.737214 0.425613
vt 0.742810 0.425207
vt 0.748388 0.449946
vt 0.719349 0.763741
vt 0.719255 0.763709
vt 0.719514 0.738698
vt 0.725427 0.739355
vt 0.830711 0.532096
vt 0.830817 0.532097
vt 0.830659 0.532097
vt 0.830552 0.532096
vt 0.748708 0.424915
vt 0.748482 0.449915
vt 0.269968 0.127771
vt 0.269952 0.127926
vt 0.265379 0.127485
vt 0.265393 0.127329
vt 0.723717 0.763862
vt 0.730990 0.740108
vt 0.719653 0.713659
vt 0.730033 0.714943
vt 0.738317 0.716358
vt 0.719733 0.688575
vt 0.734556 0.690523
vt 0.745486 0.692559
vt 0.719789 0.663402
vt 0.738095 0.665922
vt 0.751283 0.668599
vt 0.739715 0.635837
vt 0.756058 0.641311
vt 0.719829 0.633285
vt 0.161337 0.125386
vt 0.161057 0.128518
vt 0.131926 0.129752
vt 0.132240 0.126229
vt 0.187136 0.125343
vt 0.186963 0.127280
vt 0.139993 0.480173
vt 0.141678 0.501475
vt 0.113316 0.505466
vt 0.109229 0.474630
vt 0.166392 0.484120
vt 0.166977 0.497898
vt 0.213207 0.125904
vt 0.213113 0.126955
vt 0.192797 0.484769
vt 0.192773 0.494001
vt 0.239300 0.126624
vt 0.239256 0.127111
vt 0.219313 0.484404
vt 0.219093 0.490528
vt 0.246932 0.482208
vt 0.246250 0.486990
vt 0.246947 0.482098
vt 0.219735 0.477895
vt 0.193037 0.471400
vt 0.534711 0.313888
vt 0.527940 0.287491
vt 0.534327 0.286197
vt 0.534823 0.313916
vt 0.518801 0.261734
vt 0.532282 0.259641
vt 0.504293 0.235615
vt 0.529498 0.233158
vt 0.165577 0.459478
vt 0.495383 0.210035
vt 0.523759 0.206867
vt 0.139402 0.452438
vt 0.108434 0.448252
vt 0.489679 0.179308
vt 0.516606 0.176273
vt 0.548307 0.177322
vt 0.545613 0.206212
vt 0.543497 0.232034
vt 0.112838 0.099506
vt 0.142411 0.101313
vt 0.142635 0.104836
vt 0.113067 0.102639
vt 0.086535 0.098796
vt 0.086697 0.100733
vt 0.059930 0.098948
vt 0.060032 0.099999
vt 0.541484 0.258391
vt 0.540343 0.285154
vt 0.539442 0.312647
vt 0.730215 0.401407
vt 0.738565 0.400516
vt 0.723239 0.377133
vt 0.734265 0.375802
vt 0.748911 0.399886
vt 0.749037 0.374805
vt 0.730813 0.350958
vt 0.749081 0.349640
vt 0.717519 0.352765
vt 0.712783 0.325106
vt 0.729206 0.320735
vt 0.749121 0.319530
vt 0.709410 0.298320
vt 0.728794 0.291592
vt 0.749213 0.289668
vt 0.170908 0.100916
vt 0.171163 0.105426
vt 0.199439 0.100616
vt 0.199716 0.106227
vt 0.705939 0.271511
vt 0.728376 0.262448
vt 0.509225 0.147700
vt 0.513491 0.117699
vt 0.547600 0.121926
vt 0.548307 0.149612
vt 0.485181 0.148458
vt 0.489501 0.115232
vt 0.077478 0.444962
vt 0.080501 0.468450
vt 0.050734 0.473365
vt 0.044387 0.450258
vt 0.085925 0.506451
vt 0.058562 0.506451
vt 0.104199 0.124744
vt 0.103800 0.129254
vt 0.075674 0.128781
vt 0.076168 0.123167
vt 0.759468 0.614809
vt 0.740147 0.606755
vt 0.740396 0.577664
vt 0.762816 0.588294
vt 0.719742 0.603417
vt 0.719549 0.573574
vt 0.749213 0.259831
vt 0.719255 0.543743
vt 0.737106 0.548229
vt 0.731310 0.233207
vt 0.749113 0.230006
vt 0.713191 0.244402
vt 0.229028 0.099908
vt 0.251684 0.099333
vt 0.251863 0.106171
vt 0.229365 0.106731
vt 0.271014 0.098796
vt 0.270970 0.105645
vt 0.521934 0.080109
vt 0.538887 0.094503
vt 0.504668 0.072382
vt 0.022571 0.122238
vt 0.022345 0.129069
vt 0.002985 0.129752
vt 0.002943 0.122928
vt 0.013052 0.483248
vt 0.002329 0.467272
vt 0.046101 0.121928
vt 0.045596 0.128754
vt 0.030196 0.498847
vt 0.755331 0.560714
vt 0.007267 0.111460
vt 0.007292 0.111306
vt 0.033820 0.114330
vt 0.033754 0.114813
vt 0.002852 0.110548
vt 0.002878 0.110395
vt 0.275962 0.695099
vt 0.276246 0.699431
vt 0.250851 0.693999
vt 0.251110 0.688502
vt 0.713541 0.602463
vt 0.707521 0.577855
vt 0.713325 0.577032
vt 0.713636 0.602432
vt 0.830660 0.528188
vt 0.830821 0.528188
vt 0.830713 0.528189
vt 0.830552 0.528189
vt 0.276219 0.699528
vt 0.250751 0.699875
vt 0.269968 0.139347
vt 0.265451 0.139272
vt 0.265440 0.139117
vt 0.269956 0.139192
vt 0.709202 0.602719
vt 0.701980 0.578797
vt 0.703000 0.553158
vt 0.713148 0.551595
vt 0.694742 0.554865
vt 0.698564 0.528448
vt 0.713013 0.526113
vt 0.687671 0.530875
vt 0.695018 0.503555
vt 0.712856 0.500552
vt 0.681918 0.506698
vt 0.677215 0.479090
vt 0.693297 0.473048
vt 0.712733 0.469940
vt 0.161923 0.139174
vt 0.132855 0.137868
vt 0.132666 0.134360
vt 0.161740 0.136059
vt 0.187636 0.139686
vt 0.187517 0.137761
vt 0.492997 0.376631
vt 0.486844 0.345798
vt 0.518290 0.351060
vt 0.514643 0.379084
vt 0.497427 0.402722
vt 0.511274 0.403953
vt 0.213567 0.139676
vt 0.213500 0.138631
vt 0.498529 0.428683
vt 0.507671 0.429166
vt 0.239512 0.139484
vt 0.239480 0.139000
vt 0.498212 0.454668
vt 0.504144 0.454729
vt 0.496060 0.481338
vt 0.500634 0.480874
vt 0.495951 0.481307
vt 0.491890 0.454779
vt 0.485080 0.428338
vt 0.002397 0.343101
vt 0.002432 0.342993
vt 0.031490 0.345323
vt 0.029621 0.351531
vt 0.059152 0.348262
vt 0.056568 0.361134
vt 0.086726 0.352094
vt 0.084043 0.376352
vt 0.472523 0.400998
vt 0.114312 0.358531
vt 0.110998 0.385583
vt 0.464921 0.374679
vt 0.460356 0.343428
vt 0.146432 0.365904
vt 0.143236 0.391314
vt 0.114816 0.337465
vt 0.144563 0.335182
vt 0.088127 0.338693
vt 0.113526 0.119890
vt 0.113728 0.116759
vt 0.143411 0.115485
vt 0.143258 0.119015
vt 0.087084 0.119338
vt 0.087250 0.117407
vt 0.060374 0.117499
vt 0.060491 0.116454
vt 0.060763 0.339393
vt 0.032905 0.339395
vt 0.004110 0.338439
vt 0.225547 0.689912
vt 0.226243 0.681764
vt 0.200229 0.685830
vt 0.201328 0.675129
vt 0.225244 0.700193
vt 0.199686 0.700461
vt 0.174052 0.700692
vt 0.174843 0.682704
vt 0.176385 0.669833
vt 0.144054 0.681529
vt 0.148113 0.665568
vt 0.143355 0.700941
vt 0.114282 0.681254
vt 0.120698 0.662491
vt 0.112837 0.701079
vt 0.172089 0.115356
vt 0.171974 0.119880
vt 0.200810 0.114698
vt 0.200766 0.120334
vt 0.084479 0.680928
vt 0.093242 0.659304
vt 0.176501 0.373016
vt 0.173111 0.335182
vt 0.201662 0.335682
vt 0.207094 0.368080
vt 0.175653 0.395534
vt 0.209824 0.390563
vt 0.456881 0.312081
vt 0.462852 0.279175
vt 0.485352 0.286690
vt 0.480083 0.316563
vt 0.519008 0.296605
vt 0.519008 0.323825
vt 0.104670 0.138874
vt 0.076451 0.139809
vt 0.076227 0.134209
vt 0.104459 0.134379
vt 0.674038 0.452157
vt 0.670980 0.425183
vt 0.692950 0.413738
vt 0.693010 0.443415
vt 0.713187 0.409068
vt 0.712886 0.439506
vt 0.082311 0.701079
vt 0.696368 0.383597
vt 0.713636 0.378611
vt 0.051766 0.700931
vt 0.054625 0.683777
vt 0.065683 0.666365
vt 0.230307 0.120079
vt 0.230341 0.113225
vt 0.251733 0.111794
vt 0.251780 0.118646
vt 0.269753 0.110395
vt 0.269968 0.117240
vt 0.230039 0.343248
vt 0.245066 0.358814
vt 0.253226 0.375161
vt 0.022396 0.141262
vt 0.003452 0.141025
vt 0.003933 0.134209
vt 0.022624 0.134437
vt 0.482564 0.239188
vt 0.497266 0.250264
vt 0.045767 0.141035
vt 0.045683 0.134214
vt 0.511733 0.267847
vt 0.678558 0.396806
vt 0.408711 0.006610
vt 0.412082 0.031021
vt 0.411606 0.031118
vt 0.408560 0.006646
vt 0.407867 0.002437
vt 0.407716 0.002474
vt 0.512024 0.789025
vt 0.534558 0.782570
vt 0.534831 0.787719
vt 0.511823 0.793067
vt 0.206995 0.788882
vt 0.206963 0.788976
vt 0.183814 0.788833
vt 0.184546 0.783394
vt 0.830707 0.539912
vt 0.830811 0.539913
vt 0.830656 0.539913
vt 0.830552 0.539912
vt 0.535012 0.793157
vt 0.511857 0.793161
vt 0.200513 0.468805
vt 0.200536 0.468652
vt 0.204725 0.469218
vt 0.204702 0.469372
vt 0.207185 0.784845
vt 0.185340 0.778263
vt 0.160600 0.788795
vt 0.162019 0.779281
vt 0.163474 0.771664
vt 0.137302 0.788789
vt 0.139459 0.775254
vt 0.141533 0.765236
vt 0.113879 0.788766
vt 0.116669 0.772098
vt 0.119394 0.760052
vt 0.088705 0.770641
vt 0.094145 0.755792
vt 0.085831 0.788696
vt 0.299748 0.474229
vt 0.300126 0.471153
vt 0.326920 0.470300
vt 0.326533 0.473762
vt 0.276093 0.473749
vt 0.276342 0.471847
vt 0.649726 0.473176
vt 0.670063 0.471772
vt 0.673288 0.497867
vt 0.643625 0.501636
vt 0.654536 0.449036
vt 0.667410 0.448574
vt 0.252279 0.472525
vt 0.252419 0.471492
vt 0.656114 0.424921
vt 0.664602 0.424985
vt 0.228479 0.471009
vt 0.228547 0.470530
vt 0.656588 0.400756
vt 0.662189 0.400985
vt 0.655324 0.375650
vt 0.659686 0.376291
vt 0.655217 0.375633
vt 0.650633 0.400352
vt 0.643598 0.424674
vt 0.663449 0.234367
vt 0.655150 0.210216
vt 0.660907 0.208297
vt 0.663543 0.234391
vt 0.645263 0.186534
vt 0.657699 0.183444
vt 0.629654 0.162826
vt 0.653477 0.158857
vt 0.631061 0.449779
vt 0.620307 0.138832
vt 0.646955 0.134187
vt 0.623641 0.474108
vt 0.619372 0.503326
vt 0.614622 0.109505
vt 0.639316 0.105295
vt 0.669688 0.104986
vt 0.667732 0.132233
vt 0.666330 0.156642
vt 0.416462 0.105107
vt 0.415158 0.132853
vt 0.411678 0.133127
vt 0.413373 0.105444
vt 0.416230 0.080470
vt 0.414323 0.080735
vt 0.414646 0.055656
vt 0.413615 0.055833
vt 0.666052 0.181565
vt 0.666397 0.206809
vt 0.667711 0.232754
vt 0.557187 0.775995
vt 0.557830 0.783650
vt 0.579957 0.769519
vt 0.580914 0.779596
vt 0.558236 0.793157
vt 0.581550 0.793126
vt 0.604167 0.776396
vt 0.604985 0.793072
vt 0.602858 0.764277
vt 0.628850 0.760036
vt 0.632447 0.774989
vt 0.633042 0.793092
vt 0.654014 0.757087
vt 0.659685 0.774677
vt 0.660901 0.793161
vt 0.415466 0.159575
vt 0.411008 0.159811
vt 0.415166 0.186416
vt 0.409620 0.186567
vt 0.679270 0.754085
vt 0.686995 0.774373
vt 0.632072 0.078198
vt 0.637827 0.049391
vt 0.669688 0.052708
vt 0.669473 0.078887
vt 0.610565 0.079772
vt 0.616239 0.047642
vt 0.616319 0.532759
vt 0.637301 0.528566
vt 0.642911 0.556921
vt 0.622604 0.564425
vt 0.673873 0.523090
vt 0.673873 0.548324
vt 0.352372 0.475280
vt 0.352811 0.470845
vt 0.378752 0.471032
vt 0.378277 0.476554
vt 0.069601 0.752774
vt 0.061658 0.770260
vt 0.034532 0.770037
vt 0.045002 0.749828
vt 0.057983 0.788707
vt 0.030087 0.788801
vt 0.688808 0.793156
vt 0.002131 0.788976
vt 0.006912 0.772980
vt 0.714347 0.777089
vt 0.716775 0.793070
vt 0.704470 0.760763
vt 0.414728 0.213846
vt 0.414461 0.233986
vt 0.407716 0.234077
vt 0.407989 0.213979
vt 0.414640 0.251133
vt 0.407888 0.251104
vt 0.648088 0.013331
vt 0.662652 0.026843
vt 0.632640 0.006286
vt 0.428087 0.476313
vt 0.428128 0.469596
vt 0.445584 0.468652
vt 0.445761 0.475359
vt 0.655525 0.592396
vt 0.642468 0.603765
vt 0.406444 0.477152
vt 0.406786 0.470432
vt 0.668005 0.575138
vt 0.019100 0.756623
vt 0.490944 0.496828
vt 0.490909 0.496977
vt 0.466752 0.492244
vt 0.466840 0.491773
vt 0.494941 0.497931
vt 0.494906 0.498080
vt 0.214118 0.736030
vt 0.213969 0.732010
vt 0.237417 0.737686
vt 0.237036 0.742759
vt 0.631883 0.745894
vt 0.608873 0.750874
vt 0.608253 0.745503
vt 0.631856 0.745799
vt 0.830656 0.547727
vt 0.830810 0.547727
vt 0.830706 0.547728
vt 0.830552 0.547728
vt 0.213997 0.731913
vt 0.237652 0.732261
vt 0.204304 0.506300
vt 0.208453 0.506099
vt 0.208474 0.506250
vt 0.204326 0.506451
vt 0.632018 0.749921
vt 0.609618 0.756006
vt 0.585837 0.754543
vt 0.584644 0.745195
vt 0.587223 0.762158
vt 0.562823 0.758212
vt 0.561024 0.744961
vt 0.564800 0.768209
vt 0.539702 0.761165
vt 0.537366 0.744866
vt 0.542273 0.773132
vt 0.516641 0.777169
vt 0.511485 0.762553
vt 0.509068 0.744869
vt 0.303709 0.499861
vt 0.330520 0.500364
vt 0.330709 0.503820
vt 0.303945 0.502924
vt 0.279991 0.500441
vt 0.280169 0.502332
vt 0.280767 0.652634
vt 0.309601 0.645627
vt 0.305075 0.675788
vt 0.279113 0.673256
vt 0.256527 0.658417
vt 0.256007 0.671344
vt 0.256108 0.501883
vt 0.256220 0.502908
vt 0.232452 0.661161
vt 0.232534 0.669572
vt 0.232256 0.503823
vt 0.232315 0.504297
vt 0.208405 0.662621
vt 0.208726 0.668060
vt 0.183639 0.662460
vt 0.184370 0.666638
vt 0.183660 0.662353
vt 0.207922 0.656826
vt 0.232175 0.648577
vt 0.604662 0.033356
vt 0.604768 0.033450
vt 0.602054 0.060610
vt 0.596306 0.058886
vt 0.597915 0.086244
vt 0.585783 0.083809
vt 0.593319 0.111966
vt 0.570064 0.109565
vt 0.257401 0.634725
vt 0.586338 0.137774
vt 0.560713 0.135125
vt 0.282099 0.626294
vt 0.311707 0.621360
vt 0.578937 0.168029
vt 0.555399 0.165850
vt 0.606549 0.137981
vt 0.608586 0.165426
vt 0.605904 0.113314
vt 0.393749 0.483972
vt 0.393563 0.487055
vt 0.366379 0.488237
vt 0.366445 0.484759
vt 0.418035 0.485033
vt 0.417845 0.486930
vt 0.442516 0.487780
vt 0.442369 0.488804
vt 0.606112 0.087976
vt 0.607497 0.062092
vt 0.608997 0.035147
vt 0.260805 0.741962
vt 0.259965 0.749456
vt 0.284188 0.746070
vt 0.282938 0.755892
vt 0.261319 0.732503
vt 0.285003 0.732650
vt 0.308719 0.732679
vt 0.307617 0.749136
vt 0.305942 0.760936
vt 0.336044 0.750252
vt 0.332018 0.764867
vt 0.337082 0.732544
vt 0.363554 0.750379
vt 0.357330 0.767532
vt 0.365278 0.732364
vt 0.340110 0.488817
vt 0.340028 0.484360
vt 0.313849 0.490438
vt 0.313542 0.484895
vt 0.391098 0.750395
vt 0.382685 0.770141
vt 0.572252 0.196629
vt 0.608778 0.191783
vt 0.608997 0.218143
vt 0.578593 0.225179
vt 0.552050 0.196867
vt 0.558713 0.229020
vt 0.341559 0.618043
vt 0.372566 0.624962
vt 0.365211 0.644723
vt 0.337232 0.638680
vt 0.355413 0.675966
vt 0.330248 0.675966
vt 0.356499 0.499090
vt 0.382553 0.498363
vt 0.382586 0.503889
vt 0.356634 0.503524
vt 0.491679 0.779938
vt 0.466687 0.782697
vt 0.456687 0.762992
vt 0.484106 0.762800
vt 0.452803 0.744789
vt 0.480937 0.744816
vt 0.393477 0.732151
vt 0.428914 0.760220
vt 0.424652 0.744789
vt 0.421694 0.731913
vt 0.418744 0.747396
vt 0.408267 0.763312
vt 0.286184 0.486635
vt 0.286677 0.493370
vt 0.267177 0.495937
vt 0.266677 0.489202
vt 0.251050 0.498080
vt 0.250486 0.491352
vt 0.603539 0.244920
vt 0.590838 0.260096
vt 0.577083 0.268921
vt 0.431181 0.498804
vt 0.447854 0.499756
vt 0.447119 0.506451
vt 0.430620 0.505513
vt 0.409137 0.646739
vt 0.398478 0.658976
vt 0.410545 0.498016
vt 0.410271 0.504738
vt 0.381952 0.670532
vt 0.440691 0.776048
vt 0.783841 0.578734
vt 0.780294 0.559926
vt 0.780653 0.559844
vt 0.783955 0.578703
vt 0.784676 0.581791
vt 0.784790 0.581760
vt 0.992672 0.005075
vt 0.974939 0.010097
vt 0.974660 0.006236
vt 0.992788 0.002026
vt 0.165222 0.874394
vt 0.165198 0.874467
vt 0.146900 0.874547
vt 0.147410 0.870457
vt 0.830631 0.567267
vt 0.830552 0.567266
vt 0.830669 0.567266
vt 0.830748 0.567267
vt 0.974463 0.002130
vt 0.992763 0.001953
vt 0.673358 0.192535
vt 0.673243 0.192511
vt 0.673717 0.189388
vt 0.673832 0.189412
vt 0.165329 0.871341
vt 0.147985 0.866573
vt 0.128544 0.874657
vt 0.129538 0.867526
vt 0.130611 0.861763
vt 0.110121 0.874746
vt 0.111630 0.864620
vt 0.113170 0.857047
vt 0.091606 0.874780
vt 0.093560 0.862308
vt 0.095591 0.853216
vt 0.071431 0.861232
vt 0.075554 0.850067
vt 0.069425 0.874768
vt 0.679752 0.115280
vt 0.677418 0.115000
vt 0.676636 0.094013
vt 0.679266 0.094252
vt 0.679236 0.133822
vt 0.677796 0.133616
vt 0.634216 0.824009
vt 0.634709 0.839523
vt 0.614247 0.841236
vt 0.611814 0.818518
vt 0.652915 0.828715
vt 0.652863 0.838427
vt 0.677902 0.152429
vt 0.677122 0.152301
vt 0.671573 0.831253
vt 0.671250 0.837597
vt 0.676058 0.170962
vt 0.675697 0.170895
vt 0.690239 0.832933
vt 0.689848 0.837044
vt 0.709432 0.833353
vt 0.708796 0.836509
vt 0.709450 0.833274
vt 0.690793 0.828571
vt 0.672319 0.821838
vt 0.821344 0.625726
vt 0.815083 0.606692
vt 0.819374 0.605422
vt 0.821430 0.625739
vt 0.807140 0.588056
vt 0.816319 0.586011
vt 0.795218 0.568952
vt 0.812867 0.566511
vt 0.653327 0.810925
vt 0.788080 0.549564
vt 0.807535 0.546994
vt 0.634297 0.804304
vt 0.611071 0.800398
vt 0.783957 0.525820
vt 0.801811 0.523844
vt 0.824384 0.524812
vt 0.822906 0.546192
vt 0.822414 0.565269
vt 0.774900 0.502634
vt 0.775587 0.481073
vt 0.778229 0.480897
vt 0.777244 0.502380
vt 0.775588 0.521733
vt 0.777033 0.521520
vt 0.777497 0.540913
vt 0.778277 0.540766
vt 0.822502 0.584695
vt 0.823433 0.604345
vt 0.824553 0.624521
vt 0.957134 0.015130
vt 0.956520 0.009412
vt 0.939226 0.020008
vt 0.938317 0.012499
vt 0.956099 0.002245
vt 0.937664 0.002315
vt 0.919989 0.014854
vt 0.919142 0.002324
vt 0.921224 0.023886
vt 0.900776 0.026978
vt 0.897685 0.015800
vt 0.896951 0.002257
vt 0.880933 0.029089
vt 0.876141 0.015959
vt 0.874884 0.002166
vt 0.775361 0.460238
vt 0.778745 0.460143
vt 0.775870 0.439297
vt 0.780076 0.439341
vt 0.861003 0.031170
vt 0.854511 0.016045
vt 0.796592 0.501746
vt 0.801342 0.478825
vt 0.824553 0.483653
vt 0.824454 0.504269
vt 0.781260 0.501708
vt 0.786185 0.476151
vt 0.587510 0.797770
vt 0.590247 0.813207
vt 0.567694 0.817813
vt 0.562506 0.802889
vt 0.594469 0.841295
vt 0.574624 0.841295
vt 0.679976 0.073892
vt 0.676605 0.073685
vt 0.675956 0.053302
vt 0.680152 0.053434
vt 0.056051 0.847886
vt 0.049994 0.860994
vt 0.028465 0.860812
vt 0.036481 0.845722
vt 0.047368 0.874777
vt 0.025249 0.874780
vt 0.852754 0.002064
vt 0.003057 0.874773
vt 0.006571 0.862918
vt 0.832767 0.013826
vt 0.830552 0.001953
vt 0.840911 0.026012
vt 0.777199 0.417695
vt 0.778720 0.402523
vt 0.783824 0.402707
vt 0.782303 0.417878
vt 0.779685 0.389983
vt 0.784790 0.390180
vt 0.810675 0.451044
vt 0.820425 0.462700
vt 0.800048 0.444522
vt 0.678915 0.015377
vt 0.673831 0.015591
vt 0.673243 0.002798
vt 0.678319 0.002513
vt 0.540671 0.828309
vt 0.532549 0.818688
vt 0.679778 0.031417
vt 0.674684 0.031484
vt 0.553621 0.837263
vt 0.015995 0.850780
vt 0.782871 0.601071
vt 0.782986 0.601094
vt 0.779083 0.619624
vt 0.778721 0.619565
vt 0.783629 0.598061
vt 0.783744 0.598085
vt 0.830572 0.038197
vt 0.830552 0.035152
vt 0.848840 0.039549
vt 0.848408 0.043391
vt 0.830564 0.095954
vt 0.848802 0.092294
vt 0.849143 0.096371
vt 0.830582 0.096029
vt 0.830629 0.578988
vt 0.830743 0.578988
vt 0.830667 0.578989
vt 0.830552 0.578989
vt 0.830570 0.035076
vt 0.849140 0.035437
vt 0.571999 0.386427
vt 0.572210 0.389535
vt 0.572095 0.389554
vt 0.571884 0.386446
vt 0.830552 0.092899
vt 0.848332 0.088397
vt 0.866980 0.089593
vt 0.867649 0.096690
vt 0.866063 0.083808
vt 0.885082 0.086863
vt 0.886096 0.096932
vt 0.883760 0.079265
vt 0.903163 0.084659
vt 0.904500 0.097067
vt 0.901440 0.075550
vt 0.921469 0.072501
vt 0.925079 0.083651
vt 0.926458 0.097149
vt 0.579552 0.463624
vt 0.579089 0.484383
vt 0.576438 0.484410
vt 0.577201 0.463734
vt 0.578900 0.445184
vt 0.577450 0.445295
vt 0.232183 0.840851
vt 0.254823 0.834899
vt 0.251537 0.858037
vt 0.231324 0.856626
vt 0.213194 0.846131
vt 0.213261 0.855935
vt 0.577306 0.426587
vt 0.576521 0.426670
vt 0.194382 0.849340
vt 0.194865 0.855650
vt 0.575035 0.408027
vt 0.574673 0.408077
vt 0.175650 0.851732
vt 0.176206 0.855776
vt 0.156348 0.852986
vt 0.157139 0.856058
vt 0.156354 0.852906
vt 0.174950 0.847431
vt 0.193615 0.839844
vt 0.184164 0.833871
vt 0.184100 0.833948
vt 0.163415 0.831893
vt 0.164501 0.827571
vt 0.143736 0.828763
vt 0.144985 0.819586
vt 0.123927 0.825222
vt 0.124523 0.807657
vt 0.213111 0.828086
vt 0.103931 0.819823
vt 0.104359 0.800528
vt 0.232456 0.820882
vt 0.255682 0.816660
vt 0.080339 0.814109
vt 0.080299 0.796522
vt 0.104664 0.835134
vt 0.083743 0.836602
vt 0.123463 0.834747
vt 0.771866 0.675382
vt 0.774220 0.675473
vt 0.774840 0.696172
vt 0.772186 0.696187
vt 0.772974 0.656862
vt 0.774425 0.656977
vt 0.775377 0.638178
vt 0.776161 0.638273
vt 0.142772 0.834969
vt 0.162495 0.835988
vt 0.182955 0.837110
vt 0.867057 0.042853
vt 0.866192 0.048534
vt 0.885201 0.046003
vt 0.883943 0.053460
vt 0.867661 0.035675
vt 0.886130 0.035806
vt 0.904550 0.035814
vt 0.903311 0.048345
vt 0.901664 0.057323
vt 0.925248 0.049219
vt 0.921725 0.060367
vt 0.926526 0.035714
vt 0.946508 0.049327
vt 0.941216 0.062429
vt 0.948344 0.035578
vt 0.775112 0.716183
vt 0.771715 0.716348
vt 0.776297 0.736129
vt 0.772079 0.736513
vt 0.967742 0.049299
vt 0.960686 0.064403
vt 0.057844 0.809043
vt 0.063576 0.836763
vt 0.043460 0.837110
vt 0.035956 0.814281
vt 0.056061 0.794165
vt 0.031459 0.799817
vt 0.279114 0.813985
vt 0.302967 0.819474
vt 0.298153 0.834294
vt 0.276627 0.829350
vt 0.290616 0.858037
vt 0.271090 0.857955
vt 0.579698 0.504504
vt 0.579605 0.524647
vt 0.575382 0.524377
vt 0.576302 0.504413
vt 0.940937 0.070421
vt 0.960385 0.068309
vt 0.967543 0.083329
vt 0.946323 0.083495
vt 0.969999 0.097224
vt 0.948257 0.097224
vt 0.970104 0.035364
vt 0.988889 0.085376
vt 0.991695 0.097150
vt 0.991818 0.035076
vt 0.989088 0.046913
vt 0.980560 0.059115
vt 0.773729 0.757611
vt 0.778842 0.756972
vt 0.781471 0.771942
vt 0.776359 0.772597
vt 0.783744 0.784134
vt 0.778632 0.784790
vt 0.022589 0.833664
vt 0.009898 0.824952
vt 0.002034 0.815267
vt 0.577961 0.561055
vt 0.576986 0.573420
vt 0.571884 0.572706
vt 0.572854 0.560379
vt 0.330658 0.836097
vt 0.323063 0.845564
vt 0.579059 0.545861
vt 0.573941 0.545295
vt 0.310888 0.854235
vt 0.980285 0.073330
s 0
usemtl Material
f 2/1/1 51/2/1 3/3/1 1/4/1
f 6/5/2 2/1/2 1/4/2 4/6/2
f 1/7/3 3/8/3 7/9/3 4/10/3
f 4/11/4 5/12/4 10/13/4 9/14/4
f 34/15/5 6/16/5 4/17/5 5/18/5
f 4/10/6 7/9/6 10/19/6 5/20/6
f 6/21/7 4/22/7 8/23/7 31/24/7
f 8/25/8 4/11/8 9/14/8 11/26/8
f 9/14/9 10/13/9 13/27/9 12/28/9
f 11/26/10 9/14/10 12/28/10 14/29/10
f 12/28/11 13/27/11 16/30/11 15/31/11
f 14/29/12 12/28/12 15/31/12 17/32/12
f 15/31/13 16/30/13 20/33/13 18/34/13
f 17/32/14 15/31/14 18/34/14 21/35/14
f 21/35/15 18/34/15 19/36/15 22/37/15
f 18/34/16 20/33/16 57/38/16 19/36/16
f 23/39/17 21/40/17 22/41/17 24/42/17
f 26/43/18 17/44/18 21/40/18 23/39/18
f 25/45/19 23/46/19 24/47/19 69/48/19
f 27/49/20 26/50/20 23/46/20 25/45/20
f 28/51/21 14/52/21 17/44/21 26/43/21
f 29/53/22 28/54/22 26/50/22 27/49/22
f 30/55/23 11/56/23 14/52/23 28/51/23
f 32/57/24 30/58/24 28/54/24 29/53/24
f 6/59/25 31/60/25 30/58/25 32/57/25
f 31/24/26 8/23/26 11/56/26 30/55/26
f 34/61/27 6/59/27 32/57/27 33/62/27
f 33/62/28 32/57/28 29/53/28 36/63/28
f 34/64/29 33/65/29 35/66/29 6/67/29
f 33/65/30 36/68/30 37/69/30 35/66/30
f 36/68/31 38/70/31 39/71/31 37/69/31
f 36/63/32 29/53/32 27/49/32 38/72/32
f 38/70/33 40/73/33 42/74/33 39/71/33
f 38/72/34 27/49/34 25/45/34 40/75/34
f 40/75/35 25/45/35 69/48/35 41/76/35
f 40/73/36 41/77/36 43/78/36 42/74/36
f 42/74/37 43/78/37 45/79/37 44/80/37
f 39/71/38 42/74/38 44/80/38 47/81/38
f 44/82/39 45/83/39 58/84/39 46/85/39
f 47/86/40 44/82/40 46/85/40 48/87/40
f 49/88/41 47/86/41 48/87/41 50/89/41
f 37/69/42 39/71/42 47/81/42 49/90/42
f 51/2/43 49/88/43 50/89/43 3/3/43
f 35/66/44 37/69/44 49/90/44 51/91/44
f 6/67/45 35/66/45 51/91/45 2/92/45
f 3/8/46 50/93/46 52/94/46 7/9/46
f 50/93/47 48/95/47 53/96/47 52/94/47
f 7/9/48 52/94/48 13/97/48 10/19/48
f 52/94/49 53/96/49 16/98/49 13/97/49
f 53/96/50 54/99/50 20/100/50 16/98/50
f 48/95/51 46/101/51 54/99/51 53/96/51
f 46/101/52 58/102/52 55/103/52 54/99/52
f 54/99/53 55/103/53 57/104/53 20/100/53
f 58/102/54 59/105/54 56/106/54 55/103/54
f 55/103/55 56/106/55 76/107/55 57/104/55
f 45/83/56 61/108/56 59/109/56 58/84/56
f 61/108/57 62/110/57 60/111/57 59/109/57
f 59/105/58 60/112/58 79/113/58 56/106/58
f 63/114/59 64/115/59 62/116/59 61/117/59
f 43/78/60 63/114/60 61/117/60 45/79/60
f 65/118/61 66/119/61 64/115/61 63/114/61
f 41/77/62 65/118/62 63/114/62 43/78/62
f 65/120/63 67/121/63 68/122/63 66/123/63
f 41/76/64 69/48/64 67/121/64 65/120/64
f 67/121/65 70/124/65 71/125/65 68/122/65
f 69/48/66 24/47/66 70/124/66 67/121/66
f 70/126/67 72/127/67 73/128/67 71/129/67
f 24/42/68 22/41/68 72/127/68 70/126/68
f 72/130/69 74/131/69 75/132/69 73/133/69
f 22/37/70 19/36/70 74/131/70 72/130/70
f 74/131/71 76/134/71 77/135/71 75/132/71
f 19/36/72 57/38/72 76/134/72 74/131/72
f 56/106/73 79/113/73 77/136/73 76/107/73
f 75/132/74 77/135/74 78/137/74 87/138/74
f 79/113/75 80/139/75 78/140/75 77/136/75
f 60/112/76 81/141/76 80/139/76 79/113/76
f 83/142/77 82/143/77 80/144/77 81/145/77
f 82/143/78 84/146/78 78/147/78 80/144/78
f 64/115/79 82/148/79 83/149/79 62/116/79
f 66/119/80 84/150/80 82/148/80 64/115/80
f 85/151/81 87/152/81 78/153/81 84/154/81
f 66/123/82 68/122/82 85/155/82 84/156/82
f 86/157/83 88/158/83 87/152/83 85/151/83
f 68/122/84 71/125/84 86/159/84 85/155/84
f 73/133/85 75/132/85 87/138/85 88/160/85
f 71/129/86 73/128/86 88/158/86 86/157/86
f 62/110/87 83/142/87 81/145/87 60/111/87
f 139/161/88 96/162/88 92/163/88 111/164/88
f 111/165/89 92/166/89 90/167/89 115/168/89
f 93/169/90 91/170/90 89/171/90 99/172/90
f 92/166/91 96/173/91 100/174/91 90/167/91
f 96/173/92 95/175/92 101/176/92 100/174/92
f 94/177/93 93/178/93 99/179/93 98/180/93
f 115/181/94 90/182/94 100/183/94 119/184/94
f 119/184/95 100/183/95 101/185/95 123/186/95
f 135/187/96 95/188/96 96/162/96 139/161/96
f 106/189/97 138/190/97 142/191/97 103/192/97
f 138/190/98 137/193/98 141/194/98 142/191/98
f 137/193/99 136/195/99 140/196/99 141/194/99
f 136/195/100 135/187/100 139/161/100 140/196/100
f 105/197/101 106/189/101 103/192/101 102/198/101
f 104/199/102 105/197/102 102/198/102 97/200/102
f 94/201/103 104/199/103 97/200/103 93/202/103
f 127/203/104 128/204/104 109/205/104 108/206/104
f 110/207/105 127/203/105 108/206/105 107/208/105
f 99/209/106 110/207/106 107/208/106 98/210/106
f 130/211/107 131/212/107 128/204/107 127/203/107
f 128/204/108 122/213/108 126/214/108 109/205/108
f 122/213/109 121/215/109 125/216/109 126/214/109
f 121/215/110 120/217/110 124/218/110 125/216/110
f 120/217/111 119/184/111 123/186/111 124/218/111
f 131/212/112 118/219/112 122/213/112 128/204/112
f 118/219/113 117/220/113 121/215/113 122/213/113
f 117/220/114 116/221/114 120/217/114 121/215/114
f 116/221/115 115/181/115 119/184/115 120/217/115
f 129/222/116 130/211/116 127/203/116 110/207/116
f 89/223/117 129/222/117 110/207/117 99/209/117
f 133/224/118 134/225/118 131/226/118 130/227/118
f 132/228/119 133/224/119 130/227/119 129/229/119
f 134/225/120 114/230/120 118/231/120 131/226/120
f 114/230/121 113/232/121 117/233/121 118/231/121
f 113/232/122 112/234/122 116/235/122 117/233/122
f 112/234/123 111/165/123 115/168/123 116/235/123
f 103/192/124 142/191/124 114/236/124 134/237/124
f 142/191/125 141/194/125 113/238/125 114/236/125
f 141/194/126 140/196/126 112/239/126 113/238/126
f 140/196/127 139/161/127 111/164/127 112/239/127
f 91/170/128 132/228/128 129/229/128 89/171/128
f 102/198/129 103/192/129 134/237/129 133/240/129
f 97/200/130 102/198/130 133/240/130 132/241/130
f 93/202/131 97/200/131 132/241/131 91/242/131
f 173/243/132 153/244/132 146/245/132 147/246/132
f 153/247/133 157/248/133 144/249/133 146/250/133
f 93/251/134 99/252/134 143/253/134 145/254/134
f 146/250/135 144/249/135 149/255/135 147/256/135
f 147/256/136 149/255/136 101/257/136 95/258/136
f 157/259/137 161/260/137 149/261/137 144/262/137
f 161/260/138 123/263/138 101/264/138 149/261/138
f 135/265/139 173/243/139 147/246/139 95/266/139
f 106/267/140 151/268/140 176/269/140 138/270/140
f 138/270/141 176/269/141 175/271/141 137/272/141
f 137/272/142 175/271/142 174/273/142 136/274/142
f 136/274/143 174/273/143 173/243/143 135/265/143
f 105/275/144 150/276/144 151/268/144 106/267/144
f 104/277/145 148/278/145 150/276/145 105/275/145
f 94/279/146 93/280/146 148/278/146 104/277/146
f 165/281/147 108/282/147 109/283/147 166/284/147
f 152/285/148 107/286/148 108/282/148 165/281/148
f 99/287/149 98/288/149 107/286/149 152/285/149
f 168/289/150 165/281/150 166/284/150 169/290/150
f 166/284/151 109/283/151 126/291/151 164/292/151
f 164/292/152 126/291/152 125/293/152 163/294/152
f 163/294/153 125/293/153 124/295/153 162/296/153
f 162/296/154 124/295/154 123/263/154 161/260/154
f 169/290/155 166/284/155 164/292/155 160/297/155
f 160/297/156 164/292/156 163/294/156 159/298/156
f 159/298/157 163/294/157 162/296/157 158/299/157
f 158/299/158 162/296/158 161/260/158 157/259/158
f 167/300/159 152/285/159 165/281/159 168/289/159
f 143/301/160 99/287/160 152/285/160 167/300/160
f 171/302/161 168/303/161 169/304/161 172/305/161
f 170/306/162 167/307/162 168/303/162 171/302/162
f 172/305/163 169/304/163 160/308/163 156/309/163
f 156/309/164 160/308/164 159/310/164 155/311/164
f 155/311/165 159/310/165 158/312/165 154/313/165
f 154/313/166 158/312/166 157/248/166 153/247/166
f 151/268/167 172/314/167 156/315/167 176/269/167
f 176/269/168 156/315/168 155/316/168 175/271/168
f 175/271/169 155/316/169 154/317/169 174/273/169
f 174/273/170 154/317/170 153/244/170 173/243/170
f 145/254/171 143/253/171 167/307/171 170/306/171
f 150/276/172 171/318/172 172/314/172 151/268/172
f 148/278/173 170/319/173 171/318/173 150/276/173
f 93/280/174 145/320/174 170/319/174 148/278/174
f 178/321/175 177/322/175 179/323/175 227/324/175
f 182/325/176 180/326/176 177/322/176 178/321/176
f 177/327/177 180/328/177 183/329/177 179/330/177
f 180/331/178 185/332/178 186/333/178 181/334/178
f 210/335/179 181/336/179 180/337/179 182/338/179
f 180/328/180 181/339/180 186/340/180 183/329/180
f 182/341/181 207/342/181 184/343/181 180/344/181
f 184/345/182 187/346/182 185/332/182 180/331/182
f 185/332/183 188/347/183 189/348/183 186/333/183
f 187/346/184 190/349/184 188/347/184 185/332/184
f 188/347/185 191/350/185 192/351/185 189/348/185
f 190/349/186 193/352/186 191/350/186 188/347/186
f 191/350/187 194/353/187 196/354/187 192/351/187
f 193/352/188 197/355/188 194/353/188 191/350/188
f 197/355/189 198/356/189 195/357/189 194/353/189
f 194/353/190 195/357/190 233/358/190 196/354/190
f 199/359/191 200/360/191 198/361/191 197/362/191
f 202/363/192 199/359/192 197/362/192 193/364/192
f 201/365/193 245/366/193 200/367/193 199/368/193
f 203/369/194 201/365/194 199/368/194 202/370/194
f 204/371/195 202/363/195 193/364/195 190/372/195
f 205/373/196 203/369/196 202/370/196 204/374/196
f 206/375/197 204/371/197 190/372/197 187/376/197
f 208/377/198 205/373/198 204/374/198 206/378/198
f 182/379/199 208/377/199 206/378/199 207/380/199
f 207/342/200 206/375/200 187/376/200 184/343/200
f 210/381/201 209/382/201 208/377/201 182/379/201
f 209/382/202 212/383/202 205/373/202 208/377/202
f 210/384/203 182/385/203 211/386/203 209/387/203
f 209/387/204 211/386/204 213/388/204 212/389/204
f 212/389/205 213/388/205 215/390/205 214/391/205
f 212/383/206 214/392/206 203/369/206 205/373/206
f 214/391/207 215/390/207 218/393/207 216/394/207
f 214/392/208 216/395/208 201/365/208 203/369/208
f 216/395/209 217/396/209 245/366/209 201/365/209
f 216/394/210 218/393/210 219/397/210 217/398/210
f 218/393/211 220/399/211 221/400/211 219/397/211
f 215/390/212 223/401/212 220/399/212 218/393/212
f 220/402/213 222/403/213 234/404/213 221/405/213
f 223/406/214 224/407/214 222/403/214 220/402/214
f 225/408/215 226/409/215 224/407/215 223/406/215
f 213/388/216 225/410/216 223/401/216 215/390/216
f 227/324/217 179/323/217 226/409/217 225/408/217
f 211/386/218 227/411/218 225/410/218 213/388/218
f 182/385/219 178/412/219 227/411/219 211/386/219
f 179/330/220 183/329/220 228/413/220 226/414/220
f 226/414/221 228/413/221 229/415/221 224/416/221
f 183/329/222 186/340/222 189/417/222 228/413/222
f 228/413/223 189/417/223 192/418/223 229/415/223
f 229/415/224 192/418/224 196/419/224 230/420/224
f 224/416/225 229/415/225 230/420/225 222/421/225
f 222/421/226 230/420/226 231/422/226 234/423/226
f 230/420/227 196/419/227 233/424/227 231/422/227
f 234/423/228 231/422/228 232/425/228 235/426/228
f 231/422/229 233/424/229 252/427/229 232/425/229
f 221/405/230 234/404/230 235/428/230 237/429/230
f 237/429/231 235/428/231 236/430/231 238/431/231
f 235/426/232 232/425/232 255/432/232 236/433/232
f 239/434/233 237/435/233 238/436/233 240/437/233
f 219/397/234 221/400/234 237/435/234 239/434/234
f 241/438/235 239/434/235 240/437/235 242/439/235
f 217/398/236 219/397/236 239/434/236 241/438/236
f 241/440/237 242/441/237 244/442/237 243/443/237
f 217/396/238 241/440/238 243/443/238 245/366/238
f 243/443/239 244/442/239 247/444/239 246/445/239
f 245/366/240 243/443/240 246/445/240 200/367/240
f 246/446/241 247/447/241 249/448/241 248/449/241
f 200/360/242 246/446/242 248/449/242 198/361/242
f 248/450/243 249/451/243 251/452/243 250/453/243
f 198/356/244 248/450/244 250/453/244 195/357/244
f 250/453/245 251/452/245 253/454/245 252/455/245
f 195/357/246 250/453/246 252/455/246 233/358/246
f 232/425/247 252/427/247 253/456/247 255/432/247
f 251/452/248 263/457/248 254/458/248 253/454/248
f 255/432/249 253/456/249 254/459/249 256/460/249
f 236/433/250 255/432/250 256/460/250 257/461/250
f 259/462/251 257/463/251 256/464/251 258/465/251
f 258/465/252 256/464/252 254/466/252 260/467/252
f 240/437/253 238/436/253 259/468/253 258/469/253
f 242/439/254 240/437/254 258/469/254 260/470/254
f 261/471/255 260/472/255 254/473/255 263/474/255
f 242/441/256 260/475/256 261/476/256 244/442/256
f 262/477/257 261/471/257 263/474/257 264/478/257
f 244/442/258 261/476/258 262/479/258 247/444/258
f 249/451/259 264/480/259 263/457/259 251/452/259
f 247/447/260 262/477/260 264/478/260 249/448/260
f 238/431/261 236/430/261 257/463/261 259/462/261
f 266/481/262 315/482/262 267/483/262 265/484/262
f 270/485/263 266/486/263 265/487/263 268/488/263
f 265/489/264 267/490/264 271/491/264 268/492/264
f 268/493/265 269/494/265 274/495/265 273/496/265
f 298/497/266 270/498/266 268/499/266 269/500/266
f 268/492/267 271/491/267 274/501/267 269/502/267
f 270/503/268 268/504/268 272/505/268 295/506/268
f 272/507/269 268/493/269 273/496/269 275/508/269
f 273/496/270 274/495/270 277/509/270 276/510/270
f 275/508/271 273/496/271 276/510/271 278/511/271
f 276/510/272 277/509/272 280/512/272 279/513/272
f 278/511/273 276/510/273 279/513/273 281/514/273
f 279/513/274 280/512/274 284/515/274 282/516/274
f 281/514/275 279/513/275 282/516/275 285/517/275
f 285/517/276 282/516/276 283/518/276 286/519/276
f 282/516/277 284/515/277 321/520/277 283/518/277
f 287/521/278 285/522/278 286/523/278 288/524/278
f 290/525/279 281/526/279 285/522/279 287/521/279
f 289/527/280 287/528/280 288/529/280 333/530/280
f 291/531/281 290/532/281 287/528/281 289/527/281
f 292/533/282 278/534/282 281/526/282 290/525/282
f 293/535/283 292/536/283 290/532/283 291/531/283
f 294/537/284 275/538/284 278/534/284 292/533/284
f 296/539/285 294/540/285 292/536/285 293/535/285
f 270/541/286 295/542/286 294/540/286 296/539/286
f 295/506/287 272/505/287 275/538/287 294/537/287
f 298/543/288 270/541/288 296/539/288 297/544/288
f 297/544/289 296/539/289 293/535/289 300/545/289
f 298/546/290 297/547/290 299/548/290 270/549/290
f 297/547/291 300/550/291 301/551/291 299/548/291
f 300/550/292 302/552/292 303/553/292 301/551/292
f 300/545/293 293/535/293 291/531/293 302/554/293
f 302/552/294 304/555/294 306/556/294 303/553/294
f 302/554/295 291/531/295 289/527/295 304/557/295
f 304/557/296 289/527/296 333/530/296 305/558/296
f 304/555/297 305/559/297 307/560/297 306/556/297
f 306/556/298 307/560/298 309/561/298 308/562/298
f 303/553/299 306/556/299 308/562/299 311/563/299
f 308/564/300 309/565/300 322/566/300 310/567/300
f 311/568/301 308/564/301 310/567/301 312/569/301
f 313/570/302 311/568/302 312/569/302 314/571/302
f 301/551/303 303/553/303 311/563/303 313/572/303
f 315/482/304 313/570/304 314/571/304 267/483/304
f 299/548/305 301/551/305 313/572/305 315/573/305
f 270/549/306 299/548/306 315/573/306 266/574/306
f 267/490/307 314/575/307 316/576/307 271/491/307
f 314/575/308 312/577/308 317/578/308 316/576/308
f 271/491/309 316/576/309 277/579/309 274/501/309
f 316/576/310 317/578/310 280/580/310 277/579/310
f 317/578/311 318/581/311 284/582/311 280/580/311
f 312/577/312 310/583/312 318/581/312 317/578/312
f 310/583/313 322/584/313 319/585/313 318/581/313
f 318/581/314 319/585/314 321/586/314 284/582/314
f 322/584/315 323/587/315 320/588/315 319/585/315
f 319/585/316 320/588/316 340/589/316 321/586/316
f 309/565/317 325/590/317 323/591/317 322/566/317
f 325/590/318 326/592/318 324/593/318 323/591/318
f 323/587/319 324/594/319 343/595/319 320/588/319
f 327/596/320 328/597/320 326/598/320 325/599/320
f 307/560/321 327/596/321 325/599/321 309/561/321
f 329/600/322 330/601/322 328/597/322 327/596/322
f 305/559/323 329/600/323 327/596/323 307/560/323
f 329/602/324 331/603/324 332/604/324 330/605/324
f 305/558/325 333/530/325 331/603/325 329/602/325
f 331/603/326 334/606/326 335/607/326 332/604/326
f 333/530/327 288/529/327 334/606/327 331/603/327
f 334/608/328 336/609/328 337/610/328 335/611/328
f 288/524/329 286/523/329 336/609/329 334/608/329
f 336/612/330 338/613/330 339/614/330 337/615/330
f 286/519/331 283/518/331 338/613/331 336/612/331
f 338/613/332 340/616/332 341/617/332 339/614/332
f 283/518/333 321/520/333 340/616/333 338/613/333
f 320/588/334 343/595/334 341/618/334 340/589/334
f 339/614/335 341/617/335 342/619/335 351/620/335
f 343/595/336 344/621/336 342/622/336 341/618/336
f 324/594/337 345/623/337 344/621/337 343/595/337
f 347/624/338 346/625/338 344/626/338 345/627/338
f 346/625/339 348/628/339 342/629/339 344/626/339
f 328/597/340 346/630/340 347/631/340 326/598/340
f 330/601/341 348/632/341 346/630/341 328/597/341
f 349/633/342 351/634/342 342/635/342 348/636/342
f 330/605/343 332/604/343 349/637/343 348/638/343
f 350/639/344 352/640/344 351/634/344 349/633/344
f 332/604/345 335/607/345 350/641/345 349/637/345
f 337/615/346 339/614/346 351/620/346 352/642/346
f 335/611/347 337/610/347 352/640/347 350/639/347
f 326/592/348 347/624/348 345/627/348 324/593/348
f 354/643/349 353/644/349 355/645/349 403/646/349
f 358/647/350 356/648/350 353/644/350 354/643/350
f 353/649/351 356/650/351 359/651/351 355/652/351
f 356/653/352 361/654/352 362/655/352 357/656/352
f 386/657/353 357/658/353 356/659/353 358/660/353
f 356/650/354 357/661/354 362/662/354 359/651/354
f 358/663/355 383/664/355 360/665/355 356/666/355
f 360/667/356 363/668/356 361/654/356 356/653/356
f 361/654/357 364/669/357 365/670/357 362/655/357
f 363/668/358 366/671/358 364/669/358 361/654/358
f 364/669/359 367/672/359 368/673/359 365/670/359
f 366/671/360 369/674/360 367/672/360 364/669/360
f 367/672/361 370/675/361 372/676/361 368/673/361
f 369/674/362 373/677/362 370/675/362 367/672/362
f 373/677/363 374/678/363 371/679/363 370/675/363
f 370/675/364 371/679/364 409/680/364 372/676/364
f 375/681/365 376/682/365 374/683/365 373/684/365
f 378/685/366 375/681/366 373/684/366 369/686/366
f 377/687/367 421/688/367 376/689/367 375/690/367
f 379/691/368 377/687/368 375/690/368 378/692/368
f 380/693/369 378/685/369 369/686/369 366/694/369
f 381/695/370 379/691/370 378/692/370 380/696/370
f 382/697/371 380/693/371 366/694/371 363/698/371
f 384/699/372 381/695/372 380/696/372 382/700/372
f 358/701/373 384/699/373 382/700/373 383/702/373
f 383/703/374 382/697/374 363/698/374 360/704/374
f 386/705/375 385/706/375 384/699/375 358/701/375
f 385/706/376 388/707/376 381/695/376 384/699/376
f 386/708/377 358/709/377 387/710/377 385/711/377
f 385/711/378 387/710/378 389/712/378 388/713/378
f 388/713/379 389/712/379 391/714/379 390/715/379
f 388/707/380 390/716/380 379/691/380 381/695/380
f 390/715/381 391/714/381 394/717/381 392/718/381
f 390/716/382 392/719/382 377/687/382 379/691/382
f 392/719/383 393/720/383 421/688/383 377/687/383
f 392/718/384 394/717/384 395/721/384 393/722/384
f 394/717/385 396/723/385 397/724/385 395/721/385
f 391/714/386 399/725/386 396/723/386 394/717/386
f 396/726/387 398/727/387 410/728/387 397/729/387
f 399/730/388 400/731/388 398/727/388 396/726/388
f 401/732/389 402/733/389 400/731/389 399/730/389
f 389/712/390 401/734/390 399/725/390 391/714/390
f 403/646/391 355/645/391 402/733/391 401/732/391
f 387/710/392 403/735/392 401/734/392 389/712/392
f 358/709/393 354/736/393 403/735/393 387/710/393
f 355/652/394 359/651/394 404/737/394 402/738/394
f 402/738/395 404/737/395 405/739/395 400/740/395
f 359/651/396 362/662/396 365/741/396 404/737/396
f 404/737/397 365/741/397 368/742/397 405/739/397
f 405/739/398 368/742/398 372/743/398 406/744/398
f 400/740/399 405/739/399 406/744/399 398/745/399
f 398/745/400 406/744/400 407/746/400 410/747/400
f 406/744/401 372/743/401 409/748/401 407/746/401
f 410/747/402 407/746/402 408/749/402 411/750/402
f 407/746/403 409/748/403 428/751/403 408/749/403
f 397/729/404 410/728/404 411/752/404 413/753/404
f 413/753/405 411/752/405 412/754/405 414/755/405
f 411/750/406 408/749/406 431/756/406 412/757/406
f 415/758/407 413/759/407 414/760/407 416/761/407
f 395/721/408 397/724/408 413/759/408 415/758/408
f 417/762/409 415/758/409 416/761/409 418/763/409
f 393/722/410 395/721/410 415/758/410 417/762/410
f 417/764/411 418/765/411 420/766/411 419/767/411
f 393/720/412 417/764/412 419/767/412 421/688/412
f 419/767/413 420/766/413 423/768/413 422/769/413
f 421/688/414 419/767/414 422/769/414 376/689/414
f 422/770/415 423/771/415 425/772/415 424/773/415
f 376/682/416 422/770/416 424/773/416 374/683/416
f 424/774/417 425/775/417 427/776/417 426/777/417
f 374/678/418 424/774/418 426/777/418 371/679/418
f 426/777/419 427/776/419 429/778/419 428/779/419
f 371/679/420 426/777/420 428/779/420 409/680/420
f 408/749/421 428/751/421 429/780/421 431/756/421
f 427/776/422 439/781/422 430/782/422 429/778/422
f 431/756/423 429/780/423 430/783/423 432/784/423
f 412/757/424 431/756/424 432/784/424 433/785/424
f 435/786/425 433/787/425 432/788/425 434/789/425
f 434/789/426 432/788/426 430/790/426 436/791/426
f 416/761/427 414/760/427 435/792/427 434/793/427
f 418/763/428 416/761/428 434/793/428 436/794/428
f 437/795/429 436/796/429 430/797/429 439/798/429
f 418/765/430 436/799/430 437/800/430 420/766/430
f 438/801/431 437/795/431 439/798/431 440/802/431
f 420/766/432 437/800/432 438/803/432 423/768/432
f 425/775/433 440/804/433 439/781/433 427/776/433
f 423/771/434 438/801/434 440/802/434 425/772/434
f 414/755/435 412/754/435 433/787/435 435/786/435
f 442/805/436 491/806/436 443/807/436 441/808/436
f 446/809/437 442/805/437 441/808/437 444/810/437
f 441/811/438 443/812/438 447/813/438 444/814/438
f 444/815/439 445/816/439 450/817/439 449/818/439
f 474/819/440 446/820/440 444/821/440 445/822/440
f 444/814/441 447/813/441 450/823/441 445/824/441
f 446/825/442 444/826/442 448/827/442 471/828/442
f 448/829/443 444/815/443 449/818/443 451/830/443
f 449/818/444 450/817/444 453/831/444 452/832/444
f 451/830/445 449/818/445 452/832/445 454/833/445
f 452/832/446 453/831/446 456/834/446 455/835/446
f 454/833/447 452/832/447 455/835/447 457/836/447
f 455/835/448 456/834/448 460/837/448 458/838/448
f 457/836/449 455/835/449 458/838/449 461/839/449
f 461/839/450 458/838/450 459/840/450 462/841/450
f 458/838/451 460/837/451 497/842/451 459/840/451
f 463/843/452 461/844/452 462/845/452 464/846/452
f 466/847/453 457/848/453 461/844/453 463/843/453
f 465/849/454 463/850/454 464/851/454 509/852/454
f 467/853/455 466/854/455 463/850/455 465/849/455
f 468/855/456 454/856/456 457/848/456 466/847/456
f 469/857/457 468/858/457 466/854/457 467/853/457
f 470/859/458 451/860/458 454/856/458 468/855/458
f 472/861/459 470/862/459 468/858/459 469/857/459
f 446/863/460 471/864/460 470/862/460 472/861/460
f 471/828/461 448/827/461 451/860/461 470/859/461
f 474/865/462 446/863/462 472/861/462 473/866/462
f 473/866/463 472/861/463 469/857/463 476/867/463
f 474/868/464 473/869/464 475/870/464 446/871/464
f 473/869/465 476/872/465 477/873/465 475/870/465
f 476/872/466 478/874/466 479/875/466 477/873/466
f 476/867/467 469/857/467 467/853/467 478/876/467
f 478/874/468 480/877/468 482/878/468 479/875/468
f 478/876/469 467/853/469 465/849/469 480/879/469
f 480/879/470 465/849/470 509/852/470 481/880/470
f 480/877/471 481/881/471 483/882/471 482/878/471
f 482/878/472 483/882/472 485/883/472 484/884/472
f 479/875/473 482/878/473 484/884/473 487/885/473
f 484/886/474 485/887/474 498/888/474 486/889/474
f 487/890/475 484/886/475 486/889/475 488/891/475
f 489/892/476 487/890/476 488/891/476 490/893/476
f 477/873/477 479/875/477 487/885/477 489/894/477
f 491/806/478 489/892/478 490/893/478 443/807/478
f 475/870/479 477/873/479 489/894/479 491/895/479
f 446/871/480 475/870/480 491/895/480 442/896/480
f 443/812/481 490/897/481 492/898/481 447/813/481
f 490/897/482 488/899/482 493/900/482 492/898/482
f 447/813/483 492/898/483 453/901/483 450/823/483
f 492/898/484 493/900/484 456/902/484 453/901/484
f 493/900/485 494/903/485 460/904/485 456/902/485
f 488/899/486 486/905/486 494/903/486 493/900/486
f 486/905/487 498/906/487 495/907/487 494/903/487
f 494/903/488 495/907/488 497/908/488 460/904/488
f 498/906/489 499/909/489 496/910/489 495/907/489
f 495/907/490 496/910/490 516/911/490 497/908/490
f 485/887/491 501/912/491 499/913/491 498/888/491
f 501/912/492 502/914/492 500/915/492 499/913/492
f 499/909/493 500/916/493 519/917/493 496/910/493
f 503/918/494 504/919/494 502/920/494 501/921/494
f 483/882/495 503/918/495 501/921/495 485/883/495
f 505/922/496 506/923/496 504/919/496 503/918/496
f 481/881/497 505/922/497 503/918/497 483/882/497
f 505/924/498 507/925/498 508/926/498 506/927/498
f 481/880/499 509/852/499 507/925/499 505/924/499
f 507/925/500 510/928/500 511/929/500 508/926/500
f 509/852/501 464/851/501 510/928/501 507/925/501
f 510/930/502 512/931/502 513/932/502 511/933/502
f 464/846/503 462/845/503 512/931/503 510/930/503
f 512/934/504 514/935/504 515/936/504 513/937/504
f 462/841/505 459/840/505 514/935/505 512/934/505
f 514/935/506 516/938/506 517/939/506 515/936/506
f 459/840/507 497/842/507 516/938/507 514/935/507
f 496/910/508 519/917/508 517/940/508 516/911/508
f 515/936/509 517/939/509 518/941/509 527/942/509
f 519/917/510 520/943/510 518/944/510 517/940/510
f 500/916/511 521/945/511 520/943/511 519/917/511
f 523/946/512 522/947/512 520/948/512 521/949/512
f 522/947/513 524/950/513 518/951/513 520/948/513
f 504/919/514 522/952/514 523/953/514 502/920/514
f 506/923/515 524/954/515 522/952/515 504/919/515
f 525/955/516 527/956/516 518/957/516 524/958/516
f 506/927/517 508/926/517 525/959/517 524/960/517
f 526/961/518 528/962/518 527/956/518 525/955/518
f 508/926/519 511/929/519 526/963/519 525/959/519
f 513/937/520 515/936/520 527/942/520 528/964/520
f 511/933/521 513/932/521 528/962/521 526/961/521
f 502/914/522 523/946/522 521/949/522 500/915/522
f 530/965/523 529/966/523 531/967/523 579/968/523
f 534/969/524 532/970/524 529/971/524 530/972/524
f 529/973/525 532/974/525 535/975/525 531/976/525
f 532/977/526 537/978/526 538/979/526 533/980/526
f 562/981/527 533/982/527 532/983/527 534/984/527
f 532/974/528 533/985/528 538/986/528 535/975/528
f 534/987/529 559/988/529 536/989/529 532/990/529
f 536/991/530 539/992/530 537/978/530 532/977/530
f 537/978/531 540/993/531 541/994/531 538/979/531
f 539/992/532 542/995/532 540/993/532 537/978/532
f 540/993/533 543/996/533 544/997/533 541/994/533
f 542/995/534 545/998/534 543/996/534 540/993/534
f 543/996/535 546/999/535 548/1000/535 544/997/535
f 545/998/536 549/1001/536 546/999/536 543/996/536
f 549/1001/537 550/1002/537 547/1003/537 546/999/537
f 546/999/538 547/1003/538 585/1004/538 548/1000/538
f 551/1005/539 552/1006/539 550/1007/539 549/1008/539
f 554/1009/540 551/1005/540 549/1008/540 545/1010/540
f 553/1011/541 597/1012/541 552/1013/541 551/1014/541
f 555/1015/542 553/1011/542 551/1014/542 554/1016/542
f 556/1017/543 554/1009/543 545/1010/543 542/1018/543
f 557/1019/544 555/1015/544 554/1016/544 556/1020/544
f 558/1021/545 556/1017/545 542/1018/545 539/1022/545
f 560/1023/546 557/1019/546 556/1020/546 558/1024/546
f 534/1025/547 560/1023/547 558/1024/547 559/1026/547
f 559/988/548 558/1021/548 539/1022/548 536/989/548
f 562/1027/549 561/1028/549 560/1023/549 534/1025/549
f 561/1028/550 564/1029/550 557/1019/550 560/1023/550
f 562/1030/551 534/1031/551 563/1032/551 561/1033/551
f 561/1033/552 563/1032/552 565/1034/552 564/1035/552
f 564/1035/553 565/1034/553 567/1036/553 566/1037/553
f 564/1029/554 566/1038/554 555/1015/554 557/1019/554
f 566/1037/555 567/1036/555 570/1039/555 568/1040/555
f 566/1038/556 568/1041/556 553/1011/556 555/1015/556
f 568/1041/557 569/1042/557 597/1012/557 553/1011/557
f 568/1040/558 570/1039/558 571/1043/558 569/1044/558
f 570/1039/559 572/1045/559 573/1046/559 571/1043/559
f 567/1036/560 575/1047/560 572/1045/560 570/1039/560
f 572/1048/561 574/1049/561 586/1050/561 573/1051/561
f 575/1052/562 576/1053/562 574/1049/562 572/1048/562
f 577/1054/563 578/1055/563 576/1053/563 575/1052/563
f 565/1034/564 577/1056/564 575/1047/564 567/1036/564
f 579/968/565 531/967/565 578/1055/565 577/1054/565
f 563/1032/566 579/1057/566 577/1056/566 565/1034/566
f 534/1031/567 530/1058/567 579/1057/567 563/1032/567
f 531/976/568 535/975/568 580/1059/568 578/1060/568
f 578/1060/569 580/1059/569 581/1061/569 576/1062/569
f 535/975/570 538/986/570 541/1063/570 580/1059/570
f 580/1059/571 541/1063/571 544/1064/571 581/1061/571
f 581/1061/572 544/1064/572 548/1065/572 582/1066/572
f 576/1062/573 581/1061/573 582/1066/573 574/1067/573
f 574/1067/574 582/1066/574 583/1068/574 586/1069/574
f 582/1066/575 548/1065/575 585/1070/575 583/1068/575
f 586/1069/576 583/1068/576 584/1071/576 587/1072/576
f 583/1068/577 585/1070/577 604/1073/577 584/1071/577
f 573/1051/578 586/1050/578 587/1074/578 589/1075/578
f 589/1075/579 587/1074/579 588/1076/579 590/1077/579
f 587/1072/580 584/1071/580 607/1078/580 588/1079/580
f 591/1080/581 589/1081/581 590/1082/581 592/1083/581
f 571/1043/582 573/1046/582 589/1081/582 591/1080/582
f 593/1084/583 591/1080/583 592/1083/583 594/1085/583
f 569/1044/584 571/1043/584 591/1080/584 593/1084/584
f 593/1086/585 594/1087/585 596/1088/585 595/1089/585
f 569/1042/586 593/1086/586 595/1089/586 597/1012/586
f 595/1089/587 596/1088/587 599/1090/587 598/1091/587
f 597/1012/588 595/1089/588 598/1091/588 552/1013/588
f 598/1092/589 599/1093/589 601/1094/589 600/1095/589
f 552/1006/590 598/1092/590 600/1095/590 550/1007/590
f 600/1096/591 601/1097/591 603/1098/591 602/1099/591
f 550/1002/592 600/1096/592 602/1099/592 547/1003/592
f 602/1099/593 603/1098/593 605/1100/593 604/1101/593
f 547/1003/594 602/1099/594 604/1101/594 585/1004/594
f 584/1071/595 604/1073/595 605/1102/595 607/1078/595
f 603/1098/596 615/1103/596 606/1104/596 605/1100/596
f 607/1078/597 605/1102/597 606/1105/597 608/1106/597
f 588/1079/598 607/1078/598 608/1106/598 609/1107/598
f 611/1108/599 609/1109/599 608/1110/599 610/1111/599
f 610/1111/600 608/1110/600 606/1112/600 612/1113/600
f 592/1083/601 590/1082/601 611/1114/601 610/1115/601
f 594/1085/602 592/1083/602 610/1115/602 612/1116/602
f 613/1117/603 612/1118/603 606/1119/603 615/1120/603
f 594/1087/604 612/1121/604 613/1122/604 596/1088/604
f 614/1123/605 613/1117/605 615/1120/605 616/1124/605
f 596/1088/606 613/1122/606 614/1125/606 599/1090/606
f 601/1097/607 616/1126/607 615/1103/607 603/1098/607
f 599/1093/608 614/1123/608 616/1124/608 601/1094/608
f 590/1077/609 588/1076/609 609/1109/609 611/1108/609
f 618/1127/610 667/1128/610 619/1129/610 617/1130/610
f 622/1131/611 618/1127/611 617/1130/611 620/1132/611
f 617/1133/612 619/1134/612 623/1135/612 620/1136/612
f 620/1137/613 621/1138/613 626/1139/613 625/1140/613
f 650/1141/614 622/1142/614 620/1143/614 621/1144/614
f 620/1136/615 623/1135/615 626/1145/615 621/1146/615
f 622/1147/616 620/1148/616 624/1149/616 647/1150/616
f 624/1151/617 620/1137/617 625/1140/617 627/1152/617
f 625/1140/618 626/1139/618 629/1153/618 628/1154/618
f 627/1152/619 625/1140/619 628/1154/619 630/1155/619
f 628/1154/620 629/1153/620 632/1156/620 631/1157/620
f 630/1155/621 628/1154/621 631/1157/621 633/1158/621
f 631/1157/622 632/1156/622 636/1159/622 634/1160/622
f 633/1158/623 631/1157/623 634/1160/623 637/1161/623
f 637/1161/624 634/1160/624 635/1162/624 638/1163/624
f 634/1160/625 636/1159/625 673/1164/625 635/1162/625
f 639/1165/626 637/1166/626 638/1167/626 640/1168/626
f 642/1169/627 633/1170/627 637/1166/627 639/1165/627
f 641/1171/628 639/1172/628 640/1173/628 685/1174/628
f 643/1175/629 642/1176/629 639/1172/629 641/1171/629
f 644/1177/630 630/1178/630 633/1170/630 642/1169/630
f 645/1179/631 644/1180/631 642/1176/631 643/1175/631
f 646/1181/632 627/1182/632 630/1178/632 644/1177/632
f 648/1183/633 646/1184/633 644/1180/633 645/1179/633
f 622/1185/634 647/1186/634 646/1184/634 648/1183/634
f 647/1187/635 624/1188/635 627/1182/635 646/1181/635
f 650/1189/636 622/1185/636 648/1183/636 649/1190/636
f 649/1190/637 648/1183/637 645/1179/637 652/1191/637
f 650/1192/638 649/1193/638 651/1194/638 622/1195/638
f 649/1193/639 652/1196/639 653/1197/639 651/1194/639
f 652/1196/640 654/1198/640 655/1199/640 653/1197/640
f 652/1191/641 645/1179/641 643/1175/641 654/1200/641
f 654/1198/642 656/1201/642 658/1202/642 655/1199/642
f 654/1200/643 643/1175/643 641/1171/643 656/1203/643
f 656/1203/644 641/1171/644 685/1174/644 657/1204/644
f 656/1201/645 657/1205/645 659/1206/645 658/1202/645
f 658/1202/646 659/1206/646 661/1207/646 660/1208/646
f 655/1199/647 658/1202/647 660/1208/647 663/1209/647
f 660/1210/648 661/1211/648 674/1212/648 662/1213/648
f 663/1214/649 660/1210/649 662/1213/649 664/1215/649
f 665/1216/650 663/1214/650 664/1215/650 666/1217/650
f 653/1197/651 655/1199/651 663/1209/651 665/1218/651
f 667/1128/652 665/1216/652 666/1217/652 619/1129/652
f 651/1194/653 653/1197/653 665/1218/653 667/1219/653
f 622/1195/654 651/1194/654 667/1219/654 618/1220/654
f 619/1134/655 666/1221/655 668/1222/655 623/1135/655
f 666/1221/656 664/1223/656 669/1224/656 668/1222/656
f 623/1135/657 668/1222/657 629/1225/657 626/1145/657
f 668/1222/658 669/1224/658 632/1226/658 629/1225/658
f 669/1224/659 670/1227/659 636/1228/659 632/1226/659
f 664/1223/660 662/1229/660 670/1227/660 669/1224/660
f 662/1229/661 674/1230/661 671/1231/661 670/1227/661
f 670/1227/662 671/1231/662 673/1232/662 636/1228/662
f 674/1230/663 675/1233/663 672/1234/663 671/1231/663
f 671/1231/664 672/1234/664 692/1235/664 673/1232/664
f 661/1211/665 677/1236/665 675/1237/665 674/1212/665
f 677/1236/666 678/1238/666 676/1239/666 675/1237/666
f 675/1233/667 676/1240/667 695/1241/667 672/1234/667
f 679/1242/668 680/1243/668 678/1244/668 677/1245/668
f 659/1206/669 679/1242/669 677/1245/669 661/1207/669
f 681/1246/670 682/1247/670 680/1243/670 679/1242/670
f 657/1205/671 681/1246/671 679/1242/671 659/1206/671
f 681/1248/672 683/1249/672 684/1250/672 682/1251/672
f 657/1204/673 685/1174/673 683/1249/673 681/1248/673
f 683/1249/674 686/1252/674 687/1253/674 684/1250/674
f 685/1174/675 640/1173/675 686/1252/675 683/1249/675
f 686/1254/676 688/1255/676 689/1256/676 687/1257/676
f 640/1168/677 638/1167/677 688/1255/677 686/1254/677
f 688/1258/678 690/1259/678 691/1260/678 689/1261/678
f 638/1163/679 635/1162/679 690/1259/679 688/1258/679
f 690/1259/680 692/1262/680 693/1263/680 691/1260/680
f 635/1162/681 673/1164/681 692/1262/681 690/1259/681
f 672/1234/682 695/1241/682 693/1264/682 692/1235/682
f 691/1260/683 693/1263/683 694/1265/683 703/1266/683
f 695/1241/684 696/1267/684 694/1268/684 693/1264/684
f 676/1240/685 697/1269/685 696/1267/685 695/1241/685
f 699/1270/686 698/1271/686 696/1272/686 697/1273/686
f 698/1271/687 700/1274/687 694/1275/687 696/1272/687
f 680/1243/688 698/1276/688 699/1277/688 678/1244/688
f 682/1247/689 700/1278/689 698/1276/689 680/1243/689
f 701/1279/690 703/1280/690 694/1281/690 700/1282/690
f 682/1251/691 684/1250/691 701/1283/691 700/1284/691
f 702/1285/692 704/1286/692 703/1280/692 701/1279/692
f 684/1250/693 687/1253/693 702/1287/693 701/1283/693
f 689/1261/694 691/1260/694 703/1266/694 704/1288/694
f 687/1257/695 689/1256/695 704/1286/695 702/1285/695
f 678/1238/696 699/1270/696 697/1273/696 676/1239/696
f 706/1289/697 705/1290/697 707/1291/697 755/1292/697
f 710/1293/698 708/1294/698 705/1290/698 706/1289/698
f 705/1295/699 708/1296/699 711/1297/699 707/1298/699
f 708/1299/700 713/1300/700 714/1301/700 709/1302/700
f 738/1303/701 709/1304/701 708/1305/701 710/1306/701
f 708/1296/702 709/1307/702 714/1308/702 711/1297/702
f 710/1309/703 735/1310/703 712/1311/703 708/1312/703
f 712/1313/704 715/1314/704 713/1300/704 708/1299/704
f 713/1300/705 716/1315/705 717/1316/705 714/1301/705
f 715/1314/706 718/1317/706 716/1315/706 713/1300/706
f 716/1315/707 719/1318/707 720/1319/707 717/1316/707
f 718/1317/708 721/1320/708 719/1318/708 716/1315/708
f 719/1318/709 722/1321/709 724/1322/709 720/1319/709
f 721/1320/710 725/1323/710 722/1321/710 719/1318/710
f 725/1323/711 726/1324/711 723/1325/711 722/1321/711
f 722/1321/712 723/1325/712 761/1326/712 724/1322/712
f 727/1327/713 728/1328/713 726/1329/713 725/1330/713
f 730/1331/714 727/1327/714 725/1330/714 721/1332/714
f 729/1333/715 773/1334/715 728/1335/715 727/1336/715
f 731/1337/716 729/1333/716 727/1336/716 730/1338/716
f 732/1339/717 730/1331/717 721/1332/717 718/1340/717
f 733/1341/718 731/1337/718 730/1338/718 732/1342/718
f 734/1343/719 732/1339/719 718/1340/719 715/1344/719
f 736/1345/720 733/1341/720 732/1342/720 734/1346/720
f 710/1347/721 736/1345/721 734/1346/721 735/1348/721
f 735/1310/722 734/1343/722 715/1344/722 712/1311/722
f 738/1349/723 737/1350/723 736/1345/723 710/1347/723
f 737/1350/724 740/1351/724 733/1341/724 736/1345/724
f 738/1352/725 710/1353/725 739/1354/725 737/1355/725
f 737/1355/726 739/1354/726 741/1356/726 740/1357/726
f 740/1357/727 741/1356/727 743/1358/727 742/1359/727
f 740/1351/728 742/1360/728 731/1337/728 733/1341/728
f 742/1359/729 743/1358/729 746/1361/729 744/1362/729
f 742/1360/730 744/1363/730 729/1333/730 731/1337/730
f 744/1363/731 745/1364/731 773/1334/731 729/1333/731
f 744/1362/732 746/1361/732 747/1365/732 745/1366/732
f 746/1361/733 748/1367/733 749/1368/733 747/1365/733
f 743/1358/734 751/1369/734 748/1367/734 746/1361/734
f 748/1370/735 750/1371/735 762/1372/735 749/1373/735
f 751/1374/736 752/1375/736 750/1371/736 748/1370/736
f 753/1376/737 754/1377/737 752/1375/737 751/1374/737
f 741/1356/738 753/1378/738 751/1369/738 743/1358/738
f 755/1292/739 707/1291/739 754/1377/739 753/1376/739
f 739/1354/740 755/1379/740 753/1378/740 741/1356/740
f 710/1353/741 706/1380/741 755/1379/741 739/1354/741
f 707/1298/742 711/1297/742 756/1381/742 754/1382/742
f 754/1382/743 756/1381/743 757/1383/743 752/1384/743
f 711/1297/744 714/1308/744 717/1385/744 756/1381/744
f 756/1381/745 717/1385/745 720/1386/745 757/1383/745
f 757/1383/746 720/1386/746 724/1387/746 758/1388/746
f 752/1384/747 757/1383/747 758/1388/747 750/1389/747
f 750/1389/748 758/1388/748 759/1390/748 762/1391/748
f 758/1388/749 724/1387/749 761/1392/749 759/1390/749
f 762/1391/750 759/1390/750 760/1393/750 763/1394/750
f 759/1390/751 761/1392/751 780/1395/751 760/1393/751
f 749/1373/752 762/1372/752 763/1396/752 765/1397/752
f 765/1397/753 763/1396/753 764/1398/753 766/1399/753
f 763/1394/754 760/1393/754 783/1400/754 764/1401/754
f 767/1402/755 765/1403/755 766/1404/755 768/1405/755
f 747/1365/756 749/1368/756 765/1403/756 767/1402/756
f 769/1406/757 767/1402/757 768/1405/757 770/1407/757
f 745/1366/758 747/1365/758 767/1402/758 769/1406/758
f 769/1408/759 770/1409/759 772/1410/759 771/1411/759
f 745/1364/760 769/1408/760 771/1411/760 773/1334/760
f 771/1411/761 772/1410/761 775/1412/761 774/1413/761
f 773/1334/762 771/1411/762 774/1413/762 728/1335/762
f 774/1414/763 775/1415/763 777/1416/763 776/1417/763
f 728/1328/764 774/1414/764 776/1417/764 726/1329/764
f 776/1418/765 777/1419/765 779/1420/765 778/1421/765
f 726/1324/766 776/1418/766 778/1421/766 723/1325/766
f 778/1421/767 779/1420/767 781/1422/767 780/1423/767
f 723/1325/768 778/1421/768 780/1423/768 761/1326/768
f 760/1393/769 780/1395/769 781/1424/769 783/1400/769
f 779/1420/770 791/1425/770 782/1426/770 781/1422/770
f 783/1400/771 781/1424/771 782/1427/771 784/1428/771
f 764/1401/772 783/1400/772 784/1428/772 785/1429/772
f 787/1430/773 785/1431/773 784/1432/773 786/1433/773
f 786/1433/774 784/1432/774 782/1434/774 788/1435/774
f 768/1405/775 766/1404/775 787/1436/775 786/1437/775
f 770/1407/776 768/1405/776 786/1437/776 788/1438/776
f 789/1439/777 788/1440/777 782/1441/777 791/1442/777
f 770/1409/778 788/1443/778 789/1444/778 772/1410/778
f 790/1445/779 789/1439/779 791/1442/779 792/1446/779
f 772/1410/780 789/1444/780 790/1447/780 775/1412/780
f 777/1419/781 792/1448/781 791/1425/781 779/1420/781
f 775/1415/782 790/1445/782 792/1446/782 777/1416/782
f 766/1399/783 764/1398/783 785/1431/783 787/1430/783
f 794/1449/784 843/1450/784 795/1451/784 793/1452/784
f 798/1453/785 794/1449/785 793/1452/785 796/1454/785
f 793/1455/786 795/1456/786 799/1457/786 796/1458/786
f 796/1459/787 797/1460/787 802/1461/787 801/1462/787
f 826/1463/788 798/1464/788 796/1465/788 797/1466/788
f 796/1458/789 799/1457/789 802/1467/789 797/1468/789
f 798/1469/790 796/1470/790 800/1471/790 823/1472/790
f 800/1473/791 796/1459/791 801/1462/791 803/1474/791
f 801/1462/792 802/1461/792 805/1475/792 804/1476/792
f 803/1474/793 801/1462/793 804/1476/793 806/1477/793
f 804/1476/794 805/1475/794 808/1478/794 807/1479/794
f 806/1477/795 804/1476/795 807/1479/795 809/1480/795
f 807/1479/796 808/1478/796 812/1481/796 810/1482/796
f 809/1480/797 807/1479/797 810/1482/797 813/1483/797
f 813/1483/798 810/1482/798 811/1484/798 814/1485/798
f 810/1482/799 812/1481/799 849/1486/799 811/1484/799
f 815/1487/800 813/1488/800 814/1489/800 816/1490/800
f 818/1491/801 809/1492/801 813/1488/801 815/1487/801
f 817/1493/802 815/1494/802 816/1495/802 861/1496/802
f 819/1497/803 818/1498/803 815/1494/803 817/1493/803
f 820/1499/804 806/1500/804 809/1492/804 818/1491/804
f 821/1501/805 820/1502/805 818/1498/805 819/1497/805
f 822/1503/806 803/1504/806 806/1500/806 820/1499/806
f 824/1505/807 822/1506/807 820/1502/807 821/1501/807
f 798/1507/808 823/1508/808 822/1506/808 824/1505/808
f 823/1472/809 800/1471/809 803/1504/809 822/1503/809
f 826/1509/810 798/1507/810 824/1505/810 825/1510/810
f 825/1510/811 824/1505/811 821/1501/811 828/1511/811
f 826/1512/812 825/1513/812 827/1514/812 798/1515/812
f 825/1513/813 828/1516/813 829/1517/813 827/1514/813
f 828/1516/814 830/1518/814 831/1519/814 829/1517/814
f 828/1511/815 821/1501/815 819/1497/815 830/1520/815
f 830/1518/816 832/1521/816 834/1522/816 831/1519/816
f 830/1520/817 819/1497/817 817/1493/817 832/1523/817
f 832/1523/818 817/1493/818 861/1496/818 833/1524/818
f 832/1521/819 833/1525/819 835/1526/819 834/1522/819
f 834/1522/820 835/1526/820 837/1527/820 836/1528/820
f 831/1519/821 834/1522/821 836/1528/821 839/1529/821
f 836/1530/822 837/1531/822 850/1532/822 838/1533/822
f 839/1534/823 836/1530/823 838/1533/823 840/1535/823
f 841/1536/824 839/1534/824 840/1535/824 842/1537/824
f 829/1517/825 831/1519/825 839/1529/825 841/1538/825
f 843/1450/826 841/1536/826 842/1537/826 795/1451/826
f 827/1514/827 829/1517/827 841/1538/827 843/1539/827
f 798/1515/828 827/1514/828 843/1539/828 794/1540/828
f 795/1456/829 842/1541/829 844/1542/829 799/1457/829
f 842/1541/830 840/1543/830 845/1544/830 844/1542/830
f 799/1457/831 844/1542/831 805/1545/831 802/1467/831
f 844/1542/832 845/1544/832 808/1546/832 805/1545/832
f 845/1544/833 846/1547/833 812/1548/833 808/1546/833
f 840/1543/834 838/1549/834 846/1547/834 845/1544/834
f 838/1549/835 850/1550/835 847/1551/835 846/1547/835
f 846/1547/836 847/1551/836 849/1552/836 812/1548/836
f 850/1550/837 851/1553/837 848/1554/837 847/1551/837
f 847/1551/838 848/1554/838 868/1555/838 849/1552/838
f 837/1531/839 853/1556/839 851/1557/839 850/1532/839
f 853/1556/840 854/1558/840 852/1559/840 851/1557/840
f 851/1553/841 852/1560/841 871/1561/841 848/1554/841
f 855/1562/842 856/1563/842 854/1564/842 853/1565/842
f 835/1526/843 855/1562/843 853/1565/843 837/1527/843
f 857/1566/844 858/1567/844 856/1563/844 855/1562/844
f 833/1525/845 857/1566/845 855/1562/845 835/1526/845
f 857/1568/846 859/1569/846 860/1570/846 858/1571/846
f 833/1524/847 861/1496/847 859/1569/847 857/1568/847
f 859/1569/848 862/1572/848 863/1573/848 860/1570/848
f 861/1496/849 816/1495/849 862/1572/849 859/1569/849
f 862/1574/850 864/1575/850 865/1576/850 863/1577/850
f 816/1490/851 814/1489/851 864/1575/851 862/1574/851
f 864/1578/852 866/1579/852 867/1580/852 865/1581/852
f 814/1485/853 811/1484/853 866/1579/853 864/1578/853
f 866/1579/854 868/1582/854 869/1583/854 867/1580/854
f 811/1484/855 849/1486/855 868/1582/855 866/1579/855
f 848/1554/856 871/1561/856 869/1584/856 868/1555/856
f 867/1580/857 869/1583/857 870/1585/857 879/1586/857
f 871/1561/858 872/1587/858 870/1588/858 869/1584/858
f 852/1560/859 873/1589/859 872/1587/859 871/1561/859
f 875/1590/860 874/1591/860 872/1592/860 873/1593/860
f 874/1591/861 876/1594/861 870/1595/861 872/1592/861
f 856/1563/862 874/1596/862 875/1597/862 854/1564/862
f 858/1567/863 876/1598/863 874/1596/863 856/1563/863
f 877/1599/864 879/1600/864 870/1601/864 876/1602/864
f 858/1571/865 860/1570/865 877/1603/865 876/1604/865
f 878/1605/866 880/1606/866 879/1600/866 877/1599/866
f 860/1570/867 863/1573/867 878/1607/867 877/1603/867
f 865/1581/868 867/1580/868 879/1586/868 880/1608/868
f 863/1577/869 865/1576/869 880/1606/869 878/1605/869
f 854/1558/870 875/1590/870 873/1593/870 852/1559/870
f 882/1609/871 881/1610/871 883/1611/871 931/1612/871
f 886/1613/872 884/1614/872 881/1615/872 882/1616/872
f 881/1617/873 884/1618/873 887/1619/873 883/1620/873
f 884/1621/874 889/1622/874 890/1623/874 885/1624/874
f 914/1625/875 885/1626/875 884/1627/875 886/1628/875
f 884/1618/876 885/1629/876 890/1630/876 887/1619/876
f 886/1631/877 911/1632/877 888/1633/877 884/1634/877
f 888/1635/878 891/1636/878 889/1622/878 884/1621/878
f 889/1622/879 892/1637/879 893/1638/879 890/1623/879
f 891/1636/880 894/1639/880 892/1637/880 889/1622/880
f 892/1637/881 895/1640/881 896/1641/881 893/1638/881
f 894/1639/882 897/1642/882 895/1640/882 892/1637/882
f 895/1640/883 898/1643/883 900/1644/883 896/1641/883
f 897/1642/884 901/1645/884 898/1643/884 895/1640/884
f 901/1645/885 902/1646/885 899/1647/885 898/1643/885
f 898/1643/886 899/1647/886 937/1648/886 900/1644/886
f 903/1649/887 904/1650/887 902/1651/887 901/1652/887
f 906/1653/888 903/1649/888 901/1652/888 897/1654/888
f 905/1655/889 949/1656/889 904/1657/889 903/1658/889
f 907/1659/890 905/1655/890 903/1658/890 906/1660/890
f 908/1661/891 906/1653/891 897/1654/891 894/1662/891
f 909/1663/892 907/1659/892 906/1660/892 908/1664/892
f 910/1665/893 908/1661/893 894/1662/893 891/1666/893
f 912/1667/894 909/1663/894 908/1664/894 910/1668/894
f 886/1669/895 912/1667/895 910/1668/895 911/1670/895
f 911/1671/896 910/1665/896 891/1666/896 888/1672/896
f 914/1673/897 913/1674/897 912/1667/897 886/1669/897
f 913/1674/898 916/1675/898 909/1663/898 912/1667/898
f 914/1676/899 886/1677/899 915/1678/899 913/1679/899
f 913/1679/900 915/1678/900 917/1680/900 916/1681/900
f 916/1681/901 917/1680/901 919/1682/901 918/1683/901
f 916/1675/902 918/1684/902 907/1659/902 909/1663/902
f 918/1683/903 919/1682/903 922/1685/903 920/1686/903
f 918/1684/904 920/1687/904 905/1655/904 907/1659/904
f 920/1687/905 921/1688/905 949/1656/905 905/1655/905
f 920/1686/906 922/1685/906 923/1689/906 921/1690/906
f 922/1685/907 924/1691/907 925/1692/907 923/1689/907
f 919/1682/908 927/1693/908 924/1691/908 922/1685/908
f 924/1694/909 926/1695/909 938/1696/909 925/1697/909
f 927/1698/910 928/1699/910 926/1695/910 924/1694/910
f 929/1700/911 930/1701/911 928/1699/911 927/1698/911
f 917/1680/912 929/1702/912 927/1693/912 919/1682/912
f 931/1612/913 883/1611/913 930/1701/913 929/1700/913
f 915/1678/914 931/1703/914 929/1702/914 917/1680/914
f 886/1677/915 882/1704/915 931/1703/915 915/1678/915
f 883/1620/916 887/1619/916 932/1705/916 930/1706/916
f 930/1706/917 932/1705/917 933/1707/917 928/1708/917
f 887/1619/918 890/1630/918 893/1709/918 932/1705/918
f 932/1705/919 893/1709/919 896/1710/919 933/1707/919
f 933/1707/920 896/1710/920 900/1711/920 934/1712/920
f 928/1708/921 933/1707/921 934/1712/921 926/1713/921
f 926/1713/922 934/1712/922 935/1714/922 938/1715/922
f 934/1712/923 900/1711/923 937/1716/923 935/1714/923
f 938/1715/924 935/1714/924 936/1717/924 939/1718/924
f 935/1714/925 937/1716/925 956/1719/925 936/1717/925
f 925/1697/926 938/1696/926 939/1720/926 941/1721/926
f 941/1721/927 939/1720/927 940/1722/927 942/1723/927
f 939/1718/928 936/1717/928 959/1724/928 940/1725/928
f 943/1726/929 941/1727/929 942/1728/929 944/1729/929
f 923/1689/930 925/1692/930 941/1727/930 943/1726/930
f 945/1730/931 943/1726/931 944/1729/931 946/1731/931
f 921/1690/932 923/1689/932 943/1726/932 945/1730/932
f 945/1732/933 946/1733/933 948/1734/933 947/1735/933
f 921/1688/934 945/1732/934 947/1735/934 949/1656/934
f 947/1735/935 948/1734/935 951/1736/935 950/1737/935
f 949/1656/936 947/1735/936 950/1737/936 904/1657/936
f 950/1738/937 951/1739/937 953/1740/937 952/1741/937
f 904/1650/938 950/1738/938 952/1741/938 902/1651/938
f 952/1742/939 953/1743/939 955/1744/939 954/1745/939
f 902/1646/940 952/1742/940 954/1745/940 899/1647/940
f 954/1745/941 955/1744/941 957/1746/941 956/1747/941
f 899/1647/942 954/1745/942 956/1747/942 937/1648/942
f 936/1717/943 956/1719/943 957/1748/943 959/1724/943
f 955/1744/944 967/1749/944 958/1750/944 957/1746/944
f 959/1724/945 957/1748/945 958/1751/945 960/1752/945
f 940/1725/946 959/1724/946 960/1752/946 961/1753/946
f 963/1754/947 961/1755/947 960/1756/947 962/1757/947
f 962/1757/948 960/1756/948 958/1758/948 964/1759/948
f 944/1729/949 942/1728/949 963/1760/949 962/1761/949
f 946/1731/950 944/1729/950 962/1761/950 964/1762/950
f 965/1763/951 964/1764/951 958/1765/951 967/1766/951
f 946/1733/952 964/1767/952 965/1768/952 948/1734/952
f 966/1769/953 965/1763/953 967/1766/953 968/1770/953
f 948/1734/954 965/1768/954 966/1771/954 951/1736/954
f 953/1743/955 968/1772/955 967/1749/955 955/1744/955
f 951/1739/956 966/1769/956 968/1770/956 953/1740/956
f 942/1723/957 940/1722/957 961/1755/957 963/1754/957
f 970/1773/958 1019/1774/958 971/1775/958 969/1776/958
f 974/1777/959 970/1773/959 969/1776/959 972/1778/959
f 969/1779/960 971/1780/960 975/1781/960 972/1782/960
f 972/1783/961 973/1784/961 978/1785/961 977/1786/961
f 1002/1787/962 974/1788/962 972/1789/962 973/1790/962
f 972/1782/963 975/1781/963 978/1791/963 973/1792/963
f 974/1793/964 972/1794/964 976/1795/964 999/1796/964
f 976/1797/965 972/1783/965 977/1786/965 979/1798/965
f 977/1786/966 978/1785/966 981/1799/966 980/1800/966
f 979/1798/967 977/1786/967 980/1800/967 982/1801/967
f 980/1800/968 981/1799/968 984/1802/968 983/1803/968
f 982/1801/969 980/1800/969 983/1803/969 985/1804/969
f 983/1803/970 984/1802/970 988/1805/970 986/1806/970
f 985/1804/971 983/1803/971 986/1806/971 989/1807/971
f 989/1807/972 986/1806/972 987/1808/972 990/1809/972
f 986/1806/973 988/1805/973 1025/1810/973 987/1808/973
f 991/1811/974 989/1812/974 990/1813/974 992/1814/974
f 994/1815/975 985/1816/975 989/1812/975 991/1811/975
f 993/1817/976 991/1818/976 992/1819/976 1037/1820/976
f 995/1821/977 994/1822/977 991/1818/977 993/1817/977
f 996/1823/978 982/1824/978 985/1816/978 994/1815/978
f 997/1825/979 996/1826/979 994/1822/979 995/1821/979
f 998/1827/980 979/1828/980 982/1824/980 996/1823/980
f 1000/1829/981 998/1830/981 996/1826/981 997/1825/981
f 974/1831/982 999/1832/982 998/1830/982 1000/1829/982
f 999/1796/983 976/1795/983 979/1828/983 998/1827/983
f 1002/1833/984 974/1831/984 1000/1829/984 1001/1834/984
f 1001/1834/985 1000/1829/985 997/1825/985 1004/1835/985
f 1002/1836/986 1001/1837/986 1003/1838/986 974/1839/986
f 1001/1837/987 1004/1840/987 1005/1841/987 1003/1838/987
f 1004/1840/988 1006/1842/988 1007/1843/988 1005/1841/988
f 1004/1835/989 997/1825/989 995/1821/989 1006/1844/989
f 1006/1842/990 1008/1845/990 1010/1846/990 1007/1843/990
f 1006/1844/991 995/1821/991 993/1817/991 1008/1847/991
f 1008/1847/992 993/1817/992 1037/1820/992 1009/1848/992
f 1008/1845/993 1009/1849/993 1011/1850/993 1010/1846/993
f 1010/1846/994 1011/1850/994 1013/1851/994 1012/1852/994
f 1007/1843/995 1010/1846/995 1012/1852/995 1015/1853/995
f 1012/1854/996 1013/1855/996 1026/1856/996 1014/1857/996
f 1015/1858/997 1012/1854/997 1014/1857/997 1016/1859/997
f 1017/1860/998 1015/1858/998 1016/1859/998 1018/1861/998
f 1005/1841/999 1007/1843/999 1015/1853/999 1017/1862/999
f 1019/1774/1000 1017/1860/1000 1018/1861/1000 971/1775/1000
f 1003/1838/1001 1005/1841/1001 1017/1862/1001 1019/1863/1001
f 974/1839/1002 1003/1838/1002 1019/1863/1002 970/1864/1002
f 971/1780/1003 1018/1865/1003 1020/1866/1003 975/1781/1003
f 1018/1865/1004 1016/1867/1004 1021/1868/1004 1020/1866/1004
f 975/1781/1005 1020/1866/1005 981/1869/1005 978/1791/1005
f 1020/1866/1006 1021/1868/1006 984/1870/1006 981/1869/1006
f 1021/1868/1007 1022/1871/1007 988/1872/1007 984/1870/1007
f 1016/1867/1008 1014/1873/1008 1022/1871/1008 1021/1868/1008
f 1014/1873/1009 1026/1874/1009 1023/1875/1009 1022/1871/1009
f 1022/1871/1010 1023/1875/1010 1025/1876/1010 988/1872/1010
f 1026/1874/1011 1027/1877/1011 1024/1878/1011 1023/1875/1011
f 1023/1875/1012 1024/1878/1012 1044/1879/1012 1025/1876/1012
f 1013/1855/1013 1029/1880/1013 1027/1881/1013 1026/1856/1013
f 1029/1880/1014 1030/1882/1014 1028/1883/1014 1027/1881/1014
f 1027/1877/1015 1028/1884/1015 1047/1885/1015 1024/1878/1015
f 1031/1886/1016 1032/1887/1016 1030/1888/1016 1029/1889/1016
f 1011/1850/1017 1031/1886/1017 1029/1889/1017 1013/1851/1017
f 1033/1890/1018 1034/1891/1018 1032/1887/1018 1031/1886/1018
f 1009/1849/1019 1033/1890/1019 1031/1886/1019 1011/1850/1019
f 1033/1892/1020 1035/1893/1020 1036/1894/1020 1034/1895/1020
f 1009/1848/1021 1037/1820/1021 1035/1893/1021 1033/1892/1021
f 1035/1893/1022 1038/1896/1022 1039/1897/1022 1036/1894/1022
f 1037/1820/1023 992/1819/1023 1038/1896/1023 1035/1893/1023
f 1038/1898/1024 1040/1899/1024 1041/1900/1024 1039/1901/1024
f 992/1814/1025 990/1813/1025 1040/1899/1025 1038/1898/1025
f 1040/1902/1026 1042/1903/1026 1043/1904/1026 1041/1905/1026
f 990/1809/1027 987/1808/1027 1042/1903/1027 1040/1902/1027
f 1042/1903/1028 1044/1906/1028 1045/1907/1028 1043/1904/1028
f 987/1808/1029 1025/1810/1029 1044/1906/1029 1042/1903/1029
f 1024/1878/1030 1047/1885/1030 1045/1908/1030 1044/1879/1030
f 1043/1904/1031 1045/1907/1031 1046/1909/1031 1055/1910/1031
f 1047/1885/1032 1048/1911/1032 1046/1912/1032 1045/1908/1032
f 1028/1884/1033 1049/1913/1033 1048/1911/1033 1047/1885/1033
f 1051/1914/1034 1050/1915/1034 1048/1916/1034 1049/1917/1034
f 1050/1915/1035 1052/1918/1035 1046/1919/1035 1048/1916/1035
f 1032/1887/1036 1050/1920/1036 1051/1921/1036 1030/1888/1036
f 1034/1891/1037 1052/1922/1037 1050/1920/1037 1032/1887/1037
f 1053/1923/1038 1055/1924/1038 1046/1925/1038 1052/1926/1038
f 1034/1895/1039 1036/1894/1039 1053/1927/1039 1052/1928/1039
f 1054/1929/1040 1056/1930/1040 1055/1924/1040 1053/1923/1040
f 1036/1894/1041 1039/1897/1041 1054/1931/1041 1053/1927/1041
f 1041/1905/1042 1043/1904/1042 1055/1910/1042 1056/1932/1042
f 1039/1901/1043 1041/1900/1043 1056/1930/1043 1054/1929/1043
f 1030/1882/1044 1051/1914/1044 1049/1917/1044 1028/1883/1044
f 1058/1933/1045 1107/1934/1045 1059/1935/1045 1057/1936/1045
f 1062/1937/1046 1058/1933/1046 1057/1936/1046 1060/1938/1046
f 1057/1939/1047 1059/1940/1047 1063/1941/1047 1060/1942/1047
f 1060/1943/1048 1061/1944/1048 1066/1945/1048 1065/1946/1048
f 1090/1947/1049 1062/1948/1049 1060/1949/1049 1061/1950/1049
f 1060/1942/1050 1063/1941/1050 1066/1951/1050 1061/1952/1050
f 1062/1953/1051 1060/1954/1051 1064/1955/1051 1087/1956/1051
f 1064/1957/1052 1060/1943/1052 1065/1946/1052 1067/1958/1052
f 1065/1946/1053 1066/1945/1053 1069/1959/1053 1068/1960/1053
f 1067/1958/1054 1065/1946/1054 1068/1960/1054 1070/1961/1054
f 1068/1960/1055 1069/1959/1055 1072/1962/1055 1071/1963/1055
f 1070/1961/1056 1068/1960/1056 1071/1963/1056 1073/1964/1056
f 1071/1963/1057 1072/1962/1057 1076/1965/1057 1074/1966/1057
f 1073/1964/1058 1071/1963/1058 1074/1966/1058 1077/1967/1058
f 1077/1967/1059 1074/1966/1059 1075/1968/1059 1078/1969/1059
f 1074/1966/1060 1076/1965/1060 1113/1970/1060 1075/1968/1060
f 1079/1971/1061 1077/1972/1061 1078/1973/1061 1080/1974/1061
f 1082/1975/1062 1073/1976/1062 1077/1972/1062 1079/1971/1062
f 1081/1977/1063 1079/1978/1063 1080/1979/1063 1125/1980/1063
f 1083/1981/1064 1082/1982/1064 1079/1978/1064 1081/1977/1064
f 1084/1983/1065 1070/1984/1065 1073/1976/1065 1082/1975/1065
f 1085/1985/1066 1084/1986/1066 1082/1982/1066 1083/1981/1066
f 1086/1987/1067 1067/1988/1067 1070/1984/1067 1084/1983/1067
f 1088/1989/1068 1086/1990/1068 1084/1986/1068 1085/1985/1068
f 1062/1991/1069 1087/1992/1069 1086/1990/1069 1088/1989/1069
f 1087/1956/1070 1064/1955/1070 1067/1988/1070 1086/1987/1070
f 1090/1993/1071 1062/1991/1071 1088/1989/1071 1089/1994/1071
f 1089/1994/1072 1088/1989/1072 1085/1985/1072 1092/1995/1072
f 1090/1996/1073 1089/1997/1073 1091/1998/1073 1062/1999/1073
f 1089/1997/1074 1092/2000/1074 1093/2001/1074 1091/1998/1074
f 1092/2000/1075 1094/2002/1075 1095/2003/1075 1093/2001/1075
f 1092/1995/1076 1085/1985/1076 1083/1981/1076 1094/2004/1076
f 1094/2002/1077 1096/2005/1077 1098/2006/1077 1095/2003/1077
f 1094/2004/1078 1083/1981/1078 1081/1977/1078 1096/2007/1078
f 1096/2007/1079 1081/1977/1079 1125/1980/1079 1097/2008/1079
f 1096/2005/1080 1097/2009/1080 1099/2010/1080 1098/2006/1080
f 1098/2006/1081 1099/2010/1081 1101/2011/1081 1100/2012/1081
f 1095/2003/1082 1098/2006/1082 1100/2012/1082 1103/2013/1082
f 1100/2014/1083 1101/2015/1083 1114/2016/1083 1102/2017/1083
f 1103/2018/1084 1100/2014/1084 1102/2017/1084 1104/2019/1084
f 1105/2020/1085 1103/2018/1085 1104/2019/1085 1106/2021/1085
f 1093/2001/1086 1095/2003/1086 1103/2013/1086 1105/2022/1086
f 1107/1934/1087 1105/2020/1087 1106/2021/1087 1059/1935/1087
f 1091/1998/1088 1093/2001/1088 1105/2022/1088 1107/2023/1088
f 1062/1999/1089 1091/1998/1089 1107/2023/1089 1058/2024/1089
f 1059/1940/1090 1106/2025/1090 1108/2026/1090 1063/1941/1090
f 1106/2025/1091 1104/2027/1091 1109/2028/1091 1108/2026/1091
f 1063/1941/1092 1108/2026/1092 1069/2029/1092 1066/1951/1092
f 1108/2026/1093 1109/2028/1093 1072/2030/1093 1069/2029/1093
f 1109/2028/1094 1110/2031/1094 1076/2032/1094 1072/2030/1094
f 1104/2027/1095 1102/2033/1095 1110/2031/1095 1109/2028/1095
f 1102/2033/1096 1114/2034/1096 1111/2035/1096 1110/2031/1096
f 1110/2031/1097 1111/2035/1097 1113/2036/1097 1076/2032/1097
f 1114/2034/1098 1115/2037/1098 1112/2038/1098 1111/2035/1098
f 1111/2035/1099 1112/2038/1099 1132/2039/1099 1113/2036/1099
f 1101/2015/1100 1117/2040/1100 1115/2041/1100 1114/2016/1100
f 1117/2040/1101 1118/2042/1101 1116/2043/1101 1115/2041/1101
f 1115/2037/1102 1116/2044/1102 1135/2045/1102 1112/2038/1102
f 1119/2046/1103 1120/2047/1103 1118/2048/1103 1117/2049/1103
f 1099/2010/1104 1119/2046/1104 1117/2049/1104 1101/2011/1104
f 1121/2050/1105 1122/2051/1105 1120/2047/1105 1119/2046/1105
f 1097/2009/1106 1121/2050/1106 1119/2046/1106 1099/2010/1106
f 1121/2052/1107 1123/2053/1107 1124/2054/1107 1122/2055/1107
f 1097/2008/1108 1125/1980/1108 1123/2053/1108 1121/2052/1108
f 1123/2053/1109 1126/2056/1109 1127/2057/1109 1124/2054/1109
f 1125/1980/1110 1080/1979/1110 1126/2056/1110 1123/2053/1110
f 1126/2058/1111 1128/2059/1111 1129/2060/1111 1127/2061/1111
f 1080/1974/1112 1078/1973/1112 1128/2059/1112 1126/2058/1112
f 1128/2062/1113 1130/2063/1113 1131/2064/1113 1129/2065/1113
f 1078/1969/1114 1075/1968/1114 1130/2063/1114 1128/2062/1114
f 1130/2063/1115 1132/2066/1115 1133/2067/1115 1131/2064/1115
f 1075/1968/1116 1113/1970/1116 1132/2066/1116 1130/2063/1116
f 1112/2038/1117 1135/2045/1117 1133/2068/1117 1132/2039/1117
f 1131/2064/1118 1133/2067/1118 1134/2069/1118 1143/2070/1118
f 1135/2045/1119 1136/2071/1119 1134/2072/1119 1133/2068/1119
f 1116/2044/1120 1137/2073/1120 1136/2071/1120 1135/2045/1120
f 1139/2074/1121 1138/2075/1121 1136/2076/1121 1137/2077/1121
f 1138/2075/1122 1140/2078/1122 1134/2079/1122 1136/2076/1122
f 1120/2047/1123 1138/2080/1123 1139/2081/1123 1118/2048/1123
f 1122/2051/1124 1140/2082/1124 1138/2080/1124 1120/2047/1124
f 1141/2083/1125 1143/2084/1125 1134/2085/1125 1140/2086/1125
f 1122/2055/1126 1124/2054/1126 1141/2087/1126 1140/2088/1126
f 1142/2089/1127 1144/2090/1127 1143/2084/1127 1141/2083/1127
f 1124/2054/1128 1127/2057/1128 1142/2091/1128 1141/2087/1128
f 1129/2065/1129 1131/2064/1129 1143/2070/1129 1144/2092/1129
f 1127/2061/1130 1129/2060/1130 1144/2090/1130 1142/2089/1130
f 1118/2042/1131 1139/2074/1131 1137/2077/1131 1116/2043/1131
f 1146/2093/1132 1145/2094/1132 1147/2095/1132 1195/2096/1132
f 1150/2097/1133 1148/2098/1133 1145/2094/1133 1146/2093/1133
f 1145/2099/1134 1148/2100/1134 1151/2101/1134 1147/2102/1134
f 1148/2103/1135 1153/2104/1135 1154/2105/1135 1149/2106/1135
f 1178/2107/1136 1149/2108/1136 1148/2109/1136 1150/2110/1136
f 1148/2100/1137 1149/2111/1137 1154/2112/1137 1151/2101/1137
f 1150/2113/1138 1175/2114/1138 1152/2115/1138 1148/2116/1138
f 1152/2117/1139 1155/2118/1139 1153/2104/1139 1148/2103/1139
f 1153/2104/1140 1156/2119/1140 1157/2120/1140 1154/2105/1140
f 1155/2118/1141 1158/2121/1141 1156/2119/1141 1153/2104/1141
f 1156/2119/1142 1159/2122/1142 1160/2123/1142 1157/2120/1142
f 1158/2121/1143 1161/2124/1143 1159/2122/1143 1156/2119/1143
f 1159/2122/1144 1162/2125/1144 1164/2126/1144 1160/2123/1144
f 1161/2124/1145 1165/2127/1145 1162/2125/1145 1159/2122/1145
f 1165/2127/1146 1166/2128/1146 1163/2129/1146 1162/2125/1146
f 1162/2125/1147 1163/2129/1147 1201/2130/1147 1164/2126/1147
f 1167/2131/1148 1168/2132/1148 1166/2133/1148 1165/2134/1148
f 1170/2135/1149 1167/2131/1149 1165/2134/1149 1161/2136/1149
f 1169/2137/1150 1213/2138/1150 1168/2139/1150 1167/2140/1150
f 1171/2141/1151 1169/2137/1151 1167/2140/1151 1170/2142/1151
f 1172/2143/1152 1170/2135/1152 1161/2136/1152 1158/2144/1152
f 1173/2145/1153 1171/2141/1153 1170/2142/1153 1172/2146/1153
f 1174/2147/1154 1172/2143/1154 1158/2144/1154 1155/2148/1154
f 1176/2149/1155 1173/2145/1155 1172/2146/1155 1174/2150/1155
f 1150/2151/1156 1176/2149/1156 1174/2150/1156 1175/2152/1156
f 1175/2114/1157 1174/2147/1157 1155/2148/1157 1152/2115/1157
f 1178/2153/1158 1177/2154/1158 1176/2149/1158 1150/2151/1158
f 1177/2154/1159 1180/2155/1159 1173/2145/1159 1176/2149/1159
f 1178/2156/1160 1150/2157/1160 1179/2158/1160 1177/2159/1160
f 1177/2159/1161 1179/2158/1161 1181/2160/1161 1180/2161/1161
f 1180/2161/1162 1181/2160/1162 1183/2162/1162 1182/2163/1162
f 1180/2155/1163 1182/2164/1163 1171/2141/1163 1173/2145/1163
f 1182/2163/1164 1183/2162/1164 1186/2165/1164 1184/2166/1164
f 1182/2164/1165 1184/2167/1165 1169/2137/1165 1171/2141/1165
f 1184/2167/1166 1185/2168/1166 1213/2138/1166 1169/2137/1166
f 1184/2166/1167 1186/2165/1167 1187/2169/1167 1185/2170/1167
f 1186/2165/1168 1188/2171/1168 1189/2172/1168 1187/2169/1168
f 1183/2162/1169 1191/2173/1169 1188/2171/1169 1186/2165/1169
f 1188/2174/1170 1190/2175/1170 1202/2176/1170 1189/2177/1170
f 1191/2178/1171 1192/2179/1171 1190/2175/1171 1188/2174/1171
f 1193/2180/1172 1194/2181/1172 1192/2179/1172 1191/2178/1172
f 1181/2160/1173 1193/2182/1173 1191/2173/1173 1183/2162/1173
f 1195/2096/1174 1147/2095/1174 1194/2181/1174 1193/2180/1174
f 1179/2158/1175 1195/2183/1175 1193/2182/1175 1181/2160/1175
f 1150/2157/1176 1146/2184/1176 1195/2183/1176 1179/2158/1176
f 1147/2102/1177 1151/2101/1177 1196/2185/1177 1194/2186/1177
f 1194/2186/1178 1196/2185/1178 1197/2187/1178 1192/2188/1178
f 1151/2101/1179 1154/2112/1179 1157/2189/1179 1196/2185/1179
f 1196/2185/1180 1157/2189/1180 1160/2190/1180 1197/2187/1180
f 1197/2187/1181 1160/2190/1181 1164/2191/1181 1198/2192/1181
f 1192/2188/1182 1197/2187/1182 1198/2192/1182 1190/2193/1182
f 1190/2193/1183 1198/2192/1183 1199/2194/1183 1202/2195/1183
f 1198/2192/1184 1164/2191/1184 1201/2196/1184 1199/2194/1184
f 1202/2195/1185 1199/2194/1185 1200/2197/1185 1203/2198/1185
f 1199/2194/1186 1201/2196/1186 1220/2199/1186 1200/2197/1186
f 1189/2177/1187 1202/2176/1187 1203/2200/1187 1205/2201/1187
f 1205/2201/1188 1203/2200/1188 1204/2202/1188 1206/2203/1188
f 1203/2198/1189 1200/2197/1189 1223/2204/1189 1204/2205/1189
f 1207/2206/1190 1205/2207/1190 1206/2208/1190 1208/2209/1190
f 1187/2169/1191 1189/2172/1191 1205/2207/1191 1207/2206/1191
f 1209/2210/1192 1207/2206/1192 1208/2209/1192 1210/2211/1192
f 1185/2170/1193 1187/2169/1193 1207/2206/1193 1209/2210/1193
f 1209/2212/1194 1210/2213/1194 1212/2214/1194 1211/2215/1194
f 1185/2168/1195 1209/2212/1195 1211/2215/1195 1213/2138/1195
f 1211/2215/1196 1212/2214/1196 1215/2216/1196 1214/2217/1196
f 1213/2138/1197 1211/2215/1197 1214/2217/1197 1168/2139/1197
f 1214/2218/1198 1215/2219/1198 1217/2220/1198 1216/2221/1198
f 1168/2132/1199 1214/2218/1199 1216/2221/1199 1166/2133/1199
f 1216/2222/1200 1217/2223/1200 1219/2224/1200 1218/2225/1200
f 1166/2128/1201 1216/2222/1201 1218/2225/1201 1163/2129/1201
f 1218/2225/1202 1219/2224/1202 1221/2226/1202 1220/2227/1202
f 1163/2129/1203 1218/2225/1203 1220/2227/1203 1201/2130/1203
f 1200/2197/1204 1220/2199/1204 1221/2228/1204 1223/2204/1204
f 1219/2224/1205 1231/2229/1205 1222/2230/1205 1221/2226/1205
f 1223/2204/1206 1221/2228/1206 1222/2231/1206 1224/2232/1206
f 1204/2205/1207 1223/2204/1207 1224/2232/1207 1225/2233/1207
f 1227/2234/1208 1225/2235/1208 1224/2236/1208 1226/2237/1208
f 1226/2237/1209 1224/2236/1209 1222/2238/1209 1228/2239/1209
f 1208/2209/1210 1206/2208/1210 1227/2240/1210 1226/2241/1210
f 1210/2211/1211 1208/2209/1211 1226/2241/1211 1228/2242/1211
f 1229/2243/1212 1228/2244/1212 1222/2245/1212 1231/2246/1212
f 1210/2213/1213 1228/2247/1213 1229/2248/1213 1212/2214/1213
f 1230/2249/1214 1229/2243/1214 1231/2246/1214 1232/2250/1214
f 1212/2214/1215 1229/2248/1215 1230/2251/1215 1215/2216/1215
f 1217/2223/1216 1232/2252/1216 1231/2229/1216 1219/2224/1216
f 1215/2219/1217 1230/2249/1217 1232/2250/1217 1217/2220/1217
f 1206/2203/1218 1204/2202/1218 1225/2235/1218 1227/2234/1218
f 1234/2253/1219 1283/2254/1219 1235/2255/1219 1233/2256/1219
f 1238/2257/1220 1234/2253/1220 1233/2256/1220 1236/2258/1220
f 1233/2259/1221 1235/2260/1221 1239/2261/1221 1236/2262/1221
f 1236/2263/1222 1237/2264/1222 1242/2265/1222 1241/2266/1222
f 1266/2267/1223 1238/2268/1223 1236/2269/1223 1237/2270/1223
f 1236/2262/1224 1239/2261/1224 1242/2271/1224 1237/2272/1224
f 1238/2273/1225 1236/2274/1225 1240/2275/1225 1263/2276/1225
f 1240/2277/1226 1236/2263/1226 1241/2266/1226 1243/2278/1226
f 1241/2266/1227 1242/2265/1227 1245/2279/1227 1244/2280/1227
f 1243/2278/1228 1241/2266/1228 1244/2280/1228 1246/2281/1228
f 1244/2280/1229 1245/2279/1229 1248/2282/1229 1247/2283/1229
f 1246/2281/1230 1244/2280/1230 1247/2283/1230 1249/2284/1230
f 1247/2283/1231 1248/2282/1231 1252/2285/1231 1250/2286/1231
f 1249/2284/1232 1247/2283/1232 1250/2286/1232 1253/2287/1232
f 1253/2287/1233 1250/2286/1233 1251/2288/1233 1254/2289/1233
f 1250/2286/1234 1252/2285/1234 1289/2290/1234 1251/2288/1234
f 1255/2291/1235 1253/2292/1235 1254/2293/1235 1256/2294/1235
f 1258/2295/1236 1249/2296/1236 1253/2292/1236 1255/2291/1236
f 1257/2297/1237 1255/2298/1237 1256/2299/1237 1301/2300/1237
f 1259/2301/1238 1258/2302/1238 1255/2298/1238 1257/2297/1238
f 1260/2303/1239 1246/2304/1239 1249/2296/1239 1258/2295/1239
f 1261/2305/1240 1260/2306/1240 1258/2302/1240 1259/2301/1240
f 1262/2307/1241 1243/2308/1241 1246/2304/1241 1260/2303/1241
f 1264/2309/1242 1262/2310/1242 1260/2306/1242 1261/2305/1242
f 1238/2311/1243 1263/2312/1243 1262/2310/1243 1264/2309/1243
f 1263/2276/1244 1240/2275/1244 1243/2308/1244 1262/2307/1244
f 1266/2313/1245 1238/2311/1245 1264/2309/1245 1265/2314/1245
f 1265/2314/1246 1264/2309/1246 1261/2305/1246 1268/2315/1246
f 1266/2316/1247 1265/2317/1247 1267/2318/1247 1238/2319/1247
f 1265/2317/1248 1268/2320/1248 1269/2321/1248 1267/2318/1248
f 1268/2320/1249 1270/2322/1249 1271/2323/1249 1269/2321/1249
f 1268/2315/1250 1261/2305/1250 1259/2301/1250 1270/2324/1250
f 1270/2322/1251 1272/2325/1251 1274/2326/1251 1271/2323/1251
f 1270/2324/1252 1259/2301/1252 1257/2297/1252 1272/2327/1252
f 1272/2327/1253 1257/2297/1253 1301/2300/1253 1273/2328/1253
f 1272/2325/1254 1273/2329/1254 1275/2330/1254 1274/2326/1254
f 1274/2326/1255 1275/2330/1255 1277/2331/1255 1276/2332/1255
f 1271/2323/1256 1274/2326/1256 1276/2332/1256 1279/2333/1256
f 1276/2334/1257 1277/2335/1257 1290/2336/1257 1278/2337/1257
f 1279/2338/1258 1276/2334/1258 1278/2337/1258 1280/2339/1258
f 1281/2340/1259 1279/2338/1259 1280/2339/1259 1282/2341/1259
f 1269/2321/1260 1271/2323/1260 1279/2333/1260 1281/2342/1260
f 1283/2254/1261 1281/2340/1261 1282/2341/1261 1235/2255/1261
f 1267/2318/1262 1269/2321/1262 1281/2342/1262 1283/2343/1262
f 1238/2319/1263 1267/2318/1263 1283/2343/1263 1234/2344/1263
f 1235/2260/1264 1282/2345/1264 1284/2346/1264 1239/2261/1264
f 1282/2345/1265 1280/2347/1265 1285/2348/1265 1284/2346/1265
f 1239/2261/1266 1284/2346/1266 1245/2349/1266 1242/2271/1266
f 1284/2346/1267 1285/2348/1267 1248/2350/1267 1245/2349/1267
f 1285/2348/1268 1286/2351/1268 1252/2352/1268 1248/2350/1268
f 1280/2347/1269 1278/2353/1269 1286/2351/1269 1285/2348/1269
f 1278/2353/1270 1290/2354/1270 1287/2355/1270 1286/2351/1270
f 1286/2351/1271 1287/2355/1271 1289/2356/1271 1252/2352/1271
f 1290/2354/1272 1291/2357/1272 1288/2358/1272 1287/2355/1272
f 1287/2355/1273 1288/2358/1273 1308/2359/1273 1289/2356/1273
f 1277/2335/1274 1293/2360/1274 1291/2361/1274 1290/2336/1274
f 1293/2360/1275 1294/2362/1275 1292/2363/1275 1291/2361/1275
f 1291/2357/1276 1292/2364/1276 1311/2365/1276 1288/2358/1276
f 1295/2366/1277 1296/2367/1277 1294/2368/1277 1293/2369/1277
f 1275/2330/1278 1295/2366/1278 1293/2369/1278 1277/2331/1278
f 1297/2370/1279 1298/2371/1279 1296/2367/1279 1295/2366/1279
f 1273/2329/1280 1297/2370/1280 1295/2366/1280 1275/2330/1280
f 1297/2372/1281 1299/2373/1281 1300/2374/1281 1298/2375/1281
f 1273/2328/1282 1301/2300/1282 1299/2373/1282 1297/2372/1282
f 1299/2373/1283 1302/2376/1283 1303/2377/1283 1300/2374/1283
f 1301/2300/1284 1256/2299/1284 1302/2376/1284 1299/2373/1284
f 1302/2378/1285 1304/2379/1285 1305/2380/1285 1303/2381/1285
f 1256/2294/1286 1254/2293/1286 1304/2379/1286 1302/2378/1286
f 1304/2382/1287 1306/2383/1287 1307/2384/1287 1305/2385/1287
f 1254/2289/1288 1251/2288/1288 1306/2383/1288 1304/2382/1288
f 1306/2383/1289 1308/2386/1289 1309/2387/1289 1307/2384/1289
f 1251/2288/1290 1289/2290/1290 1308/2386/1290 1306/2383/1290
f 1288/2358/1291 1311/2365/1291 1309/2388/1291 1308/2359/1291
f 1307/2384/1292 1309/2387/1292 1310/2389/1292 1319/2390/1292
f 1311/2365/1293 1312/2391/1293 1310/2392/1293 1309/2388/1293
f 1292/2364/1294 1313/2393/1294 1312/2391/1294 1311/2365/1294
f 1315/2394/1295 1314/2395/1295 1312/2396/1295 1313/2397/1295
f 1314/2395/1296 1316/2398/1296 1310/2399/1296 1312/2396/1296
f 1296/2367/1297 1314/2400/1297 1315/2401/1297 1294/2368/1297
f 1298/2371/1298 1316/2402/1298 1314/2400/1298 1296/2367/1298
f 1317/2403/1299 1319/2404/1299 1310/2405/1299 1316/2406/1299
f 1298/2375/1300 1300/2374/1300 1317/2407/1300 1316/2408/1300
f 1318/2409/1301 1320/2410/1301 1319/2404/1301 1317/2403/1301
f 1300/2374/1302 1303/2377/1302 1318/2411/1302 1317/2407/1302
f 1305/2385/1303 1307/2384/1303 1319/2390/1303 1320/2412/1303
f 1303/2381/1304 1305/2380/1304 1320/2410/1304 1318/2409/1304
f 1294/2362/1305 1315/2394/1305 1313/2397/1305 1292/2363/1305
f 1322/2413/1306 1321/2414/1306 1323/2415/1306 1371/2416/1306
f 1326/2417/1307 1324/2418/1307 1321/2414/1307 1322/2413/1307
f 1321/2419/1308 1324/2420/1308 1327/2421/1308 1323/2422/1308
f 1324/2423/1309 1329/2424/1309 1330/2425/1309 1325/2426/1309
f 1354/2427/1310 1325/2428/1310 1324/2429/1310 1326/2430/1310
f 1324/2420/1311 1325/2431/1311 1330/2432/1311 1327/2421/1311
f 1326/2433/1312 1351/2434/1312 1328/2435/1312 1324/2436/1312
f 1328/2437/1313 1331/2438/1313 1329/2424/1313 1324/2423/1313
f 1329/2424/1314 1332/2439/1314 1333/2440/1314 1330/2425/1314
f 1331/2438/1315 1334/2441/1315 1332/2439/1315 1329/2424/1315
f 1332/2439/1316 1335/2442/1316 1336/2443/1316 1333/2440/1316
f 1334/2441/1317 1337/2444/1317 1335/2442/1317 1332/2439/1317
f 1335/2442/1318 1338/2445/1318 1340/2446/1318 1336/2443/1318
f 1337/2444/1319 1341/2447/1319 1338/2445/1319 1335/2442/1319
f 1341/2447/1320 1342/2448/1320 1339/2449/1320 1338/2445/1320
f 1338/2445/1321 1339/2449/1321 1377/2450/1321 1340/2446/1321
f 1343/2451/1322 1344/2452/1322 1342/2453/1322 1341/2454/1322
f 1346/2455/1323 1343/2451/1323 1341/2454/1323 1337/2456/1323
f 1345/2457/1324 1389/2458/1324 1344/2459/1324 1343/2460/1324
f 1347/2461/1325 1345/2457/1325 1343/2460/1325 1346/2462/1325
f 1348/2463/1326 1346/2455/1326 1337/2456/1326 1334/2464/1326
f 1349/2465/1327 1347/2461/1327 1346/2462/1327 1348/2466/1327
f 1350/2467/1328 1348/2463/1328 1334/2464/1328 1331/2468/1328
f 1352/2469/1329 1349/2465/1329 1348/2466/1329 1350/2470/1329
f 1326/2471/1330 1352/2469/1330 1350/2470/1330 1351/2472/1330
f 1351/2434/1331 1350/2467/1331 1331/2468/1331 1328/2435/1331
f 1354/2473/1332 1353/2474/1332 1352/2469/1332 1326/2471/1332
f 1353/2474/1333 1356/2475/1333 1349/2465/1333 1352/2469/1333
f 1354/2476/1334 1326/2477/1334 1355/2478/1334 1353/2479/1334
f 1353/2479/1335 1355/2478/1335 1357/2480/1335 1356/2481/1335
f 1356/2481/1336 1357/2480/1336 1359/2482/1336 1358/2483/1336
f 1356/2475/1337 1358/2484/1337 1347/2461/1337 1349/2465/1337
f 1358/2483/1338 1359/2482/1338 1362/2485/1338 1360/2486/1338
f 1358/2484/1339 1360/2487/1339 1345/2457/1339 1347/2461/1339
f 1360/2487/1340 1361/2488/1340 1389/2458/1340 1345/2457/1340
f 1360/2486/1341 1362/2485/1341 1363/2489/1341 1361/2490/1341
f 1362/2485/1342 1364/2491/1342 1365/2492/1342 1363/2489/1342
f 1359/2482/1343 1367/2493/1343 1364/2491/1343 1362/2485/1343
f 1364/2494/1344 1366/2495/1344 1378/2496/1344 1365/2497/1344
f 1367/2498/1345 1368/2499/1345 1366/2495/1345 1364/2494/1345
f 1369/2500/1346 1370/2501/1346 1368/2499/1346 1367/2498/1346
f 1357/2480/1347 1369/2502/1347 1367/2493/1347 1359/2482/1347
f 1371/2416/1348 1323/2415/1348 1370/2501/1348 1369/2500/1348
f 1355/2478/1349 1371/2503/1349 1369/2502/1349 1357/2480/1349
f 1326/2477/1350 1322/2504/1350 1371/2503/1350 1355/2478/1350
f 1323/2422/1351 1327/2421/1351 1372/2505/1351 1370/2506/1351
f 1370/2506/1352 1372/2505/1352 1373/2507/1352 1368/2508/1352
f 1327/2421/1353 1330/2432/1353 1333/2509/1353 1372/2505/1353
f 1372/2505/1354 1333/2509/1354 1336/2510/1354 1373/2507/1354
f 1373/2507/1355 1336/2510/1355 1340/2511/1355 1374/2512/1355
f 1368/2508/1356 1373/2507/1356 1374/2512/1356 1366/2513/1356
f 1366/2513/1357 1374/2512/1357 1375/2514/1357 1378/2515/1357
f 1374/2512/1358 1340/2511/1358 1377/2516/1358 1375/2514/1358
f 1378/2515/1359 1375/2514/1359 1376/2517/1359 1379/2518/1359
f 1375/2514/1360 1377/2516/1360 1396/2519/1360 1376/2517/1360
f 1365/2497/1361 1378/2496/1361 1379/2520/1361 1381/2521/1361
f 1381/2521/1362 1379/2520/1362 1380/2522/1362 1382/2523/1362
f 1379/2518/1363 1376/2517/1363 1399/2524/1363 1380/2525/1363
f 1383/2526/1364 1381/2527/1364 1382/2528/1364 1384/2529/1364
f 1363/2489/1365 1365/2492/1365 1381/2527/1365 1383/2526/1365
f 1385/2530/1366 1383/2526/1366 1384/2529/1366 1386/2531/1366
f 1361/2490/1367 1363/2489/1367 1383/2526/1367 1385/2530/1367
f 1385/2532/1368 1386/2533/1368 1388/2534/1368 1387/2535/1368
f 1361/2488/1369 1385/2532/1369 1387/2535/1369 1389/2458/1369
f 1387/2535/1370 1388/2534/1370 1391/2536/1370 1390/2537/1370
f 1389/2458/1371 1387/2535/1371 1390/2537/1371 1344/2459/1371
f 1390/2538/1372 1391/2539/1372 1393/2540/1372 1392/2541/1372
f 1344/2452/1373 1390/2538/1373 1392/2541/1373 1342/2453/1373
f 1392/2542/1374 1393/2543/1374 1395/2544/1374 1394/2545/1374
f 1342/2448/1375 1392/2542/1375 1394/2545/1375 1339/2449/1375
f 1394/2545/1376 1395/2544/1376 1397/2546/1376 1396/2547/1376
f 1339/2449/1377 1394/2545/1377 1396/2547/1377 1377/2450/1377
f 1376/2517/1378 1396/2519/1378 1397/2548/1378 1399/2524/1378
f 1395/2544/1379 1407/2549/1379 1398/2550/1379 1397/2546/1379
f 1399/2524/1380 1397/2548/1380 1398/2551/1380 1400/2552/1380
f 1380/2525/1381 1399/2524/1381 1400/2552/1381 1401/2553/1381
f 1403/2554/1382 1401/2555/1382 1400/2556/1382 1402/2557/1382
f 1402/2557/1383 1400/2556/1383 1398/2558/1383 1404/2559/1383
f 1384/2529/1384 1382/2528/1384 1403/2560/1384 1402/2561/1384
f 1386/2531/1385 1384/2529/1385 1402/2561/1385 1404/2562/1385
f 1405/2563/1386 1404/2564/1386 1398/2565/1386 1407/2566/1386
f 1386/2533/1387 1404/2567/1387 1405/2568/1387 1388/2534/1387
f 1406/2569/1388 1405/2563/1388 1407/2566/1388 1408/2570/1388
f 1388/2534/1389 1405/2568/1389 1406/2571/1389 1391/2536/1389
f 1393/2543/1390 1408/2572/1390 1407/2549/1390 1395/2544/1390
f 1391/2539/1391 1406/2569/1391 1408/2570/1391 1393/2540/1391
f 1382/2523/1392 1380/2522/1392 1401/2555/1392 1403/2554/1392
f 1410/2573/1393 1459/2574/1393 1411/2575/1393 1409/2576/1393
f 1414/2577/1394 1410/2573/1394 1409/2576/1394 1412/2578/1394
f 1409/2579/1395 1411/2580/1395 1415/2581/1395 1412/2582/1395
f 1412/2583/1396 1413/2584/1396 1418/2585/1396 1417/2586/1396
f 1442/2587/1397 1414/2588/1397 1412/2589/1397 1413/2590/1397
f 1412/2582/1398 1415/2581/1398 1418/2591/1398 1413/2592/1398
f 1414/2593/1399 1412/2594/1399 1416/2595/1399 1439/2596/1399
f 1416/2597/1400 1412/2583/1400 1417/2586/1400 1419/2598/1400
f 1417/2586/1401 1418/2585/1401 1421/2599/1401 1420/2600/1401
f 1419/2598/1402 1417/2586/1402 1420/2600/1402 1422/2601/1402
f 1420/2600/1403 1421/2599/1403 1424/2602/1403 1423/2603/1403
f 1422/2601/1404 1420/2600/1404 1423/2603/1404 1425/2604/1404
f 1423/2603/1405 1424/2602/1405 1428/2605/1405 1426/2606/1405
f 1425/2604/1406 1423/2603/1406 1426/2606/1406 1429/2607/1406
f 1429/2607/1407 1426/2606/1407 1427/2608/1407 1430/2609/1407
f 1426/2606/1408 1428/2605/1408 1465/2610/1408 1427/2608/1408
f 1431/2611/1409 1429/2612/1409 1430/2613/1409 1432/2614/1409
f 1434/2615/1410 1425/2616/1410 1429/2612/1410 1431/2611/1410
f 1433/2617/1411 1431/2618/1411 1432/2619/1411 1477/2620/1411
f 1435/2621/1412 1434/2622/1412 1431/2618/1412 1433/2617/1412
f 1436/2623/1413 1422/2624/1413 1425/2616/1413 1434/2615/1413
f 1437/2625/1414 1436/2626/1414 1434/2622/1414 1435/2621/1414
f 1438/2627/1415 1419/2628/1415 1422/2624/1415 1436/2623/1415
f 1440/2629/1416 1438/2630/1416 1436/2626/1416 1437/2625/1416
f 1414/2631/1417 1439/2632/1417 1438/2630/1417 1440/2629/1417
f 1439/2596/1418 1416/2595/1418 1419/2628/1418 1438/2627/1418
f 1442/2633/1419 1414/2631/1419 1440/2629/1419 1441/2634/1419
f 1441/2634/1420 1440/2629/1420 1437/2625/1420 1444/2635/1420
f 1442/2636/1421 1441/2637/1421 1443/2638/1421 1414/2639/1421
f 1441/2637/1422 1444/2640/1422 1445/2641/1422 1443/2638/1422
f 1444/2640/1423 1446/2642/1423 1447/2643/1423 1445/2641/1423
f 1444/2635/1424 1437/2625/1424 1435/2621/1424 1446/2644/1424
f 1446/2642/1425 1448/2645/1425 1450/2646/1425 1447/2643/1425
f 1446/2644/1426 1435/2621/1426 1433/2617/1426 1448/2647/1426
f 1448/2647/1427 1433/2617/1427 1477/2620/1427 1449/2648/1427
f 1448/2645/1428 1449/2649/1428 1451/2650/1428 1450/2646/1428
f 1450/2646/1429 1451/2650/1429 1453/2651/1429 1452/2652/1429
f 1447/2643/1430 1450/2646/1430 1452/2652/1430 1455/2653/1430
f 1452/2654/1431 1453/2655/1431 1466/2656/1431 1454/2657/1431
f 1455/2658/1432 1452/2654/1432 1454/2657/1432 1456/2659/1432
f 1457/2660/1433 1455/2658/1433 1456/2659/1433 1458/2661/1433
f 1445/2641/1434 1447/2643/1434 1455/2653/1434 1457/2662/1434
f 1459/2574/1435 1457/2660/1435 1458/2661/1435 1411/2575/1435
f 1443/2638/1436 1445/2641/1436 1457/2662/1436 1459/2663/1436
f 1414/2639/1437 1443/2638/1437 1459/2663/1437 1410/2664/1437
f 1411/2580/1438 1458/2665/1438 1460/2666/1438 1415/2581/1438
f 1458/2665/1439 1456/2667/1439 1461/2668/1439 1460/2666/1439
f 1415/2581/1440 1460/2666/1440 1421/2669/1440 1418/2591/1440
f 1460/2666/1441 1461/2668/1441 1424/2670/1441 1421/2669/1441
f 1461/2668/1442 1462/2671/1442 1428/2672/1442 1424/2670/1442
f 1456/2667/1443 1454/2673/1443 1462/2671/1443 1461/2668/1443
f 1454/2673/1444 1466/2674/1444 1463/2675/1444 1462/2671/1444
f 1462/2671/1445 1463/2675/1445 1465/2676/1445 1428/2672/1445
f 1466/2674/1446 1467/2677/1446 1464/2678/1446 1463/2675/1446
f 1463/2675/1447 1464/2678/1447 1484/2679/1447 1465/2676/1447
f 1453/2655/1448 1469/2680/1448 1467/2681/1448 1466/2656/1448
f 1469/2680/1449 1470/2682/1449 1468/2683/1449 1467/2681/1449
f 1467/2677/1450 1468/2684/1450 1487/2685/1450 1464/2678/1450
f 1471/2686/1451 1472/2687/1451 1470/2688/1451 1469/2689/1451
f 1451/2650/1452 1471/2686/1452 1469/2689/1452 1453/2651/1452
f 1473/2690/1453 1474/2691/1453 1472/2687/1453 1471/2686/1453
f 1449/2649/1454 1473/2690/1454 1471/2686/1454 1451/2650/1454
f 1473/2692/1455 1475/2693/1455 1476/2694/1455 1474/2695/1455
f 1449/2648/1456 1477/2620/1456 1475/2693/1456 1473/2692/1456
f 1475/2693/1457 1478/2696/1457 1479/2697/1457 1476/2694/1457
f 1477/2620/1458 1432/2619/1458 1478/2696/1458 1475/2693/1458
f 1478/2698/1459 1480/2699/1459 1481/2700/1459 1479/2701/1459
f 1432/2614/1460 1430/2613/1460 1480/2699/1460 1478/2698/1460
f 1480/2702/1461 1482/2703/1461 1483/2704/1461 1481/2705/1461
f 1430/2609/1462 1427/2608/1462 1482/2703/1462 1480/2702/1462
f 1482/2703/1463 1484/2706/1463 1485/2707/1463 1483/2704/1463
f 1427/2608/1464 1465/2610/1464 1484/2706/1464 1482/2703/1464
f 1464/2678/1465 1487/2685/1465 1485/2708/1465 1484/2679/1465
f 1483/2704/1466 1485/2707/1466 1486/2709/1466 1495/2710/1466
f 1487/2685/1467 1488/2711/1467 1486/2712/1467 1485/2708/1467
f 1468/2684/1468 1489/2713/1468 1488/2711/1468 1487/2685/1468
f 1491/2714/1469 1490/2715/1469 1488/2716/1469 1489/2717/1469
f 1490/2715/1470 1492/2718/1470 1486/2719/1470 1488/2716/1470
f 1472/2687/1471 1490/2720/1471 1491/2721/1471 1470/2688/1471
f 1474/2691/1472 1492/2722/1472 1490/2720/1472 1472/2687/1472
f 1493/2723/1473 1495/2724/1473 1486/2725/1473 1492/2726/1473
f 1474/2695/1474 1476/2694/1474 1493/2727/1474 1492/2728/1474
f 1494/2729/1475 1496/2730/1475 1495/2724/1475 1493/2723/1475
f 1476/2694/1476 1479/2697/1476 1494/2731/1476 1493/2727/1476
f 1481/2705/1477 1483/2704/1477 1495/2710/1477 1496/2732/1477
f 1479/2701/1478 1481/2700/1478 1496/2730/1478 1494/2729/1478
f 1470/2682/1479 1491/2714/1479 1489/2717/1479 1468/2683/1479
f 1498/2733/1480 1497/2734/1480 1499/2735/1480 1547/2736/1480
f 1502/2737/1481 1500/2738/1481 1497/2734/1481 1498/2733/1481
f 1497/2739/1482 1500/2740/1482 1503/2741/1482 1499/2742/1482
f 1500/2743/1483 1505/2744/1483 1506/2745/1483 1501/2746/1483
f 1530/2747/1484 1501/2748/1484 1500/2749/1484 1502/2750/1484
f 1500/2740/1485 1501/2751/1485 1506/2752/1485 1503/2741/1485
f 1502/2753/1486 1527/2754/1486 1504/2755/1486 1500/2756/1486
f 1504/2757/1487 1507/2758/1487 1505/2744/1487 1500/2743/1487
f 1505/2744/1488 1508/2759/1488 1509/2760/1488 1506/2745/1488
f 1507/2758/1489 1510/2761/1489 1508/2759/1489 1505/2744/1489
f 1508/2759/1490 1511/2762/1490 1512/2763/1490 1509/2760/1490
f 1510/2761/1491 1513/2764/1491 1511/2762/1491 1508/2759/1491
f 1511/2762/1492 1514/2765/1492 1516/2766/1492 1512/2763/1492
f 1513/2764/1493 1517/2767/1493 1514/2765/1493 1511/2762/1493
f 1517/2767/1494 1518/2768/1494 1515/2769/1494 1514/2765/1494
f 1514/2765/1495 1515/2769/1495 1553/2770/1495 1516/2766/1495
f 1519/2771/1496 1520/2772/1496 1518/2773/1496 1517/2774/1496
f 1522/2775/1497 1519/2771/1497 1517/2774/1497 1513/2776/1497
f 1521/2777/1498 1565/2778/1498 1520/2779/1498 1519/2780/1498
f 1523/2781/1499 1521/2777/1499 1519/2780/1499 1522/2782/1499
f 1524/2783/1500 1522/2775/1500 1513/2776/1500 1510/2784/1500
f 1525/2785/1501 1523/2781/1501 1522/2782/1501 1524/2786/1501
f 1526/2787/1502 1524/2783/1502 1510/2784/1502 1507/2788/1502
f 1528/2789/1503 1525/2785/1503 1524/2786/1503 1526/2790/1503
f 1502/2791/1504 1528/2789/1504 1526/2790/1504 1527/2792/1504
f 1527/2754/1505 1526/2787/1505 1507/2788/1505 1504/2755/1505
f 1530/2793/1506 1529/2794/1506 1528/2789/1506 1502/2791/1506
f 1529/2794/1507 1532/2795/1507 1525/2785/1507 1528/2789/1507
f 1530/2796/1508 1502/2797/1508 1531/2798/1508 1529/2799/1508
f 1529/2799/1509 1531/2798/1509 1533/2800/1509 1532/2801/1509
f 1532/2801/1510 1533/2800/1510 1535/2802/1510 1534/2803/1510
f 1532/2795/1511 1534/2804/1511 1523/2781/1511 1525/2785/1511
f 1534/2803/1512 1535/2802/1512 1538/2805/1512 1536/2806/1512
f 1534/2804/1513 1536/2807/1513 1521/2777/1513 1523/2781/1513
f 1536/2807/1514 1537/2808/1514 1565/2778/1514 1521/2777/1514
f 1536/2806/1515 1538/2805/1515 1539/2809/1515 1537/2810/1515
f 1538/2805/1516 1540/2811/1516 1541/2812/1516 1539/2809/1516
f 1535/2802/1517 1543/2813/1517 1540/2811/1517 1538/2805/1517
f 1540/2814/1518 1542/2815/1518 1554/2816/1518 1541/2817/1518
f 1543/2818/1519 1544/2819/1519 1542/2815/1519 1540/2814/1519
f 1545/2820/1520 1546/2821/1520 1544/2819/1520 1543/2818/1520
f 1533/2800/1521 1545/2822/1521 1543/2813/1521 1535/2802/1521
f 1547/2736/1522 1499/2735/1522 1546/2821/1522 1545/2820/1522
f 1531/2798/1523 1547/2823/1523 1545/2822/1523 1533/2800/1523
f 1502/2797/1524 1498/2824/1524 1547/2823/1524 1531/2798/1524
f 1499/2742/1525 1503/2741/1525 1548/2825/1525 1546/2826/1525
f 1546/2826/1526 1548/2825/1526 1549/2827/1526 1544/2828/1526
f 1503/2741/1527 1506/2752/1527 1509/2829/1527 1548/2825/1527
f 1548/2825/1528 1509/2829/1528 1512/2830/1528 1549/2827/1528
f 1549/2827/1529 1512/2830/1529 1516/2831/1529 1550/2832/1529
f 1544/2828/1530 1549/2827/1530 1550/2832/1530 1542/2833/1530
f 1542/2833/1531 1550/2832/1531 1551/2834/1531 1554/2835/1531
f 1550/2832/1532 1516/2831/1532 1553/2836/1532 1551/2834/1532
f 1554/2835/1533 1551/2834/1533 1552/2837/1533 1555/2838/1533
f 1551/2834/1534 1553/2836/1534 1572/2839/1534 1552/2837/1534
f 1541/2817/1535 1554/2816/1535 1555/2840/1535 1557/2841/1535
f 1557/2841/1536 1555/2840/1536 1556/2842/1536 1558/2843/1536
f 1555/2838/1537 1552/2837/1537 1575/2844/1537 1556/2845/1537
f 1559/2846/1538 1557/2847/1538 1558/2848/1538 1560/2849/1538
f 1539/2809/1539 1541/2812/1539 1557/2847/1539 1559/2846/1539
f 1561/2850/1540 1559/2846/1540 1560/2849/1540 1562/2851/1540
f 1537/2810/1541 1539/2809/1541 1559/2846/1541 1561/2850/1541
f 1561/2852/1542 1562/2853/1542 1564/2854/1542 1563/2855/1542
f 1537/2808/1543 1561/2852/1543 1563/2855/1543 1565/2778/1543
f 1563/2855/1544 1564/2854/1544 1567/2856/1544 1566/2857/1544
f 1565/2778/1545 1563/2855/1545 1566/2857/1545 1520/2779/1545
f 1566/2858/1546 1567/2859/1546 1569/2860/1546 1568/2861/1546
f 1520/2772/1547 1566/2858/1547 1568/2861/1547 1518/2773/1547
f 1568/2862/1548 1569/2863/1548 1571/2864/1548 1570/2865/1548
f 1518/2768/1549 1568/2862/1549 1570/2865/1549 1515/2769/1549
f 1570/2865/1550 1571/2864/1550 1573/2866/1550 1572/2867/1550
f 1515/2769/1551 1570/2865/1551 1572/2867/1551 1553/2770/1551
f 1552/2837/1552 1572/2839/1552 1573/2868/1552 1575/2844/1552
f 1571/2864/1553 1583/2869/1553 1574/2870/1553 1573/2866/1553
f 1575/2844/1554 1573/2868/1554 1574/2871/1554 1576/2872/1554
f 1556/2845/1555 1575/2844/1555 1576/2872/1555 1577/2873/1555
f 1579/2874/1556 1577/2875/1556 1576/2876/1556 1578/2877/1556
f 1578/2877/1557 1576/2876/1557 1574/2878/1557 1580/2879/1557
f 1560/2849/1558 1558/2848/1558 1579/2880/1558 1578/2881/1558
f 1562/2851/1559 1560/2849/1559 1578/2881/1559 1580/2882/1559
f 1581/2883/1560 1580/2884/1560 1574/2885/1560 1583/2886/1560
f 1562/2853/1561 1580/2887/1561 1581/2888/1561 1564/2854/1561
f 1582/2889/1562 1581/2883/1562 1583/2886/1562 1584/2890/1562
f 1564/2854/1563 1581/2888/1563 1582/2891/1563 1567/2856/1563
f 1569/2863/1564 1584/2892/1564 1583/2869/1564 1571/2864/1564
f 1567/2859/1565 1582/2889/1565 1584/2890/1565 1569/2860/1565
f 1558/2843/1566 1556/2842/1566 1577/2875/1566 1579/2874/1566
