# Blender 5.1.2
# www.blender.org
mtllib ballesta de afrodita.mtl
o sol
v -0.331362 7.214463 -5.936468
v -0.331362 7.837388 -5.720239
v -2.252648 5.085135 -5.661108
v -2.252648 9.338156 -4.184806
v -0.403609 7.570584 -5.957009
v -0.001668 7.190869 -6.088815
v -0.001668 7.950299 -5.825203
v -3.101752 7.211646 -4.922957
v -0.001668 4.282984 -5.939550
v -0.001669 10.150136 -3.934679
v -1.848042 9.159718 -4.904592
v -2.252648 7.460100 -5.638719
v -1.848042 5.671164 -6.115534
v -0.001668 5.333590 -6.376870
v -0.001668 9.586609 -4.900568
v -0.692835 8.178873 -5.601703
v -0.844294 7.570584 -5.957009
v -0.692835 6.872978 -6.055004
v -0.001668 6.774552 -6.233326
v -0.001668 8.366615 -5.680692
v -0.270548 6.972936 -5.055210
v -0.270548 7.480958 -4.878866
v -1.809374 5.284982 -4.885081
v -1.807929 8.704971 -3.694959
v -0.503224 7.272060 -5.097003
v -0.001668 6.798239 -5.261476
v -0.001668 7.745881 -4.932531
v -2.456999 6.998384 -4.308579
v -0.001668 4.678823 -5.113741
v -0.001668 9.332750 -3.521726
v -1.493828 8.576687 -4.293645
v -1.802052 7.198661 -4.885551
v -1.494164 5.753978 -5.274962
v -0.001668 5.497832 -5.475941
v -0.001668 8.903415 -4.290737
v -0.567960 7.766234 -4.793752
v -0.787961 7.270847 -5.093508
v -0.567960 6.696279 -5.165154
v -0.001668 8.013660 -4.835664
v -0.001668 0.976249 6.732376
v -0.613486 1.081251 6.814764
v -0.001668 1.398559 6.783449
v -0.233808 1.467527 6.859776
v 0.108553 1.580937 6.904846
v -0.001668 1.509324 6.820292
v -0.111890 1.580937 6.904846
v -0.001668 4.826912 -3.664450
v -0.247006 6.172862 -3.280557
v -0.518378 5.920428 -3.380875
v -0.001668 6.013461 -3.468763
v -1.363488 5.060631 -3.481069
v -0.502421 5.670748 -2.806669
v -0.001668 5.760909 -2.891843
v -0.001668 4.611001 -3.081487
v -0.239430 5.915387 -2.709448
v -1.321434 4.837502 -2.903769
v -3.140260 0.019199 -4.782148
v -3.140260 0.235111 -5.365112
v -4.460025 0.245701 -4.604430
v -4.502079 0.468830 -5.181730
v -0.240529 1.572695 6.617914
v -0.001668 1.615702 6.577287
v -0.001668 1.067193 6.486826
v -0.115081 1.689388 6.664290
v -0.631200 1.175235 6.571598
v 0.242381 1.756954 6.928696
v 0.132159 1.828568 7.013249
v 0.242381 1.863332 6.685689
v 0.128968 1.937018 6.772693
v -0.243873 -0.117244 6.822051
v -0.855691 -0.012242 6.904437
v -0.243873 -0.026299 6.576499
v -0.873404 0.081743 6.661271
v 0.328025 7.214463 -5.936468
v 0.328025 7.837388 -5.720239
v 2.249311 5.085135 -5.661108
v 2.249311 9.338156 -4.184806
v 0.400273 7.570584 -5.957009
v 3.098415 7.211646 -4.922957
v 1.844705 9.159718 -4.904592
v 2.249312 7.460100 -5.638719
v 1.844705 5.671165 -6.115534
v 0.689498 8.178873 -5.601703
v 0.840957 7.570584 -5.957009
v 0.689498 6.872978 -6.055004
v 0.267211 6.972936 -5.055210
v 0.267211 7.480958 -4.878866
v 1.806037 5.284983 -4.885081
v 1.804592 8.704971 -3.694959
v 0.499887 7.272060 -5.097003
v 2.453662 6.998384 -4.308579
v 1.490491 8.576687 -4.293645
v 1.798715 7.198661 -4.885551
v 1.490827 5.753978 -5.274962
v 0.564623 7.766234 -4.793752
v 0.784624 7.270847 -5.093508
v 0.564623 6.696279 -5.165154
v 0.610150 1.081251 6.814764
v 0.230471 1.467527 6.859776
v -0.111890 1.580937 6.904846
v 0.108554 1.580937 6.904846
v 0.243669 6.172862 -3.280557
v 0.515041 5.920428 -3.380875
v 1.360150 5.060631 -3.481069
v 0.499085 5.670748 -2.806669
v 0.236093 5.915387 -2.709448
v 1.318097 4.837502 -2.903769
v 3.136923 0.019199 -4.782148
v 3.136923 0.235111 -5.365112
v 4.456688 0.245701 -4.604430
v 4.498742 0.468830 -5.181730
v 0.237192 1.572695 6.617914
v 0.111745 1.689388 6.664290
v 0.627863 1.175235 6.571598
v -0.245717 1.756954 6.928696
v -0.135496 1.828568 7.013249
v -0.245718 1.863332 6.685689
v -0.132305 1.937018 6.772693
v 0.240536 -0.117244 6.822051
v 0.852354 -0.012242 6.904437
v 0.240536 -0.026299 6.576499
v 0.870067 0.081743 6.661271
v -2.376654 5.974227 -5.026556
v -4.078507 5.049117 -5.197695
v -2.066430 5.788848 -5.178748
v -2.066430 5.744226 -4.965414
v -1.756206 5.514203 -4.882095
v -3.610149 4.612624 -5.141075
v -3.141791 4.181729 -5.049638
v -4.439415 3.931857 -5.189301
v -3.981888 3.571093 -5.071012
v -4.896942 4.299175 -5.277830
v -5.210193 3.299225 -5.196136
v -4.834982 2.968421 -5.058383
v -5.585403 3.637771 -5.305999
v -5.762184 2.567920 -5.158526
v -5.449793 2.342893 -5.009708
v -6.074574 2.800010 -5.284960
v -6.234025 1.695189 -5.049019
v -5.973624 1.507001 -4.887206
v -6.494427 1.891510 -5.190014
v -6.861835 0.981302 -4.905737
v -7.070247 1.133008 -5.051893
v -6.653422 0.838068 -4.740408
v -7.680269 0.583472 -4.804175
v -7.819364 0.717424 -4.952754
v -7.541175 0.458339 -4.637058
v -8.638064 0.195336 -4.803789
v -7.262989 0.070138 -4.763911
v -7.680269 0.525619 -5.014307
v -7.541176 0.326353 -5.089452
v -7.402081 0.214959 -4.866396
v -7.402081 0.246770 -4.763220
v -6.445009 0.619127 -4.870901
v -6.236597 0.430537 -4.874323
v -5.713223 1.261984 -5.024121
v -5.452821 1.039169 -5.030983
v -5.137403 2.084435 -5.162094
v -4.825013 1.837894 -5.182032
v -4.459772 2.621416 -5.218104
v -4.084561 2.278152 -5.239681
v -3.524362 3.210550 -5.249187
v -3.066835 2.845904 -5.287755
v -2.673434 3.767131 -5.249600
v -1.445981 5.339710 -5.097913
v -2.205076 3.339900 -5.305779
v -1.135757 5.138764 -5.184644
v -2.673434 3.769774 -5.357537
v -3.141791 4.211470 -5.519952
v -3.524362 3.207747 -5.357121
v -1.445981 5.357746 -5.204365
v -1.756206 5.601820 -5.345132
v -3.981889 3.574311 -5.542255
v -4.459773 2.612846 -5.325733
v -4.834983 2.945463 -5.529076
v -5.137403 2.070610 -5.269175
v -5.449794 2.292765 -5.478288
v -5.713223 1.240109 -5.129851
v -5.973624 1.420566 -5.350465
v -6.445009 0.590960 -4.975130
v -6.653422 0.722577 -5.197290
v -6.861835 0.931349 -5.117887
v -6.234025 1.659410 -5.264014
v -5.762185 2.549471 -5.375695
v -5.210193 3.295298 -5.414051
v -4.439415 3.940492 -5.407080
v -3.610149 4.634776 -5.357897
v -2.376654 8.247123 -4.237592
v -4.078506 9.079306 -3.798741
v -2.066430 8.486928 -4.242194
v -2.066430 8.389775 -4.047094
v -1.756205 8.518704 -3.839177
v -3.610148 9.386842 -3.483855
v -3.141791 9.668412 -3.145108
v -4.439415 9.951076 -3.099917
v -3.981888 10.160962 -2.783546
v -4.896941 9.717607 -3.396991
v -5.210193 10.451882 -2.713315
v -4.834982 10.626192 -2.400227
v -5.585403 10.254217 -3.009307
v -5.762184 11.002605 -2.230690
v -5.449793 11.087030 -1.974455
v -6.074574 10.898767 -2.473730
v -6.234025 11.619791 -1.604005
v -5.973623 11.667248 -1.360395
v -6.494426 11.553051 -1.836313
v -6.861835 12.091370 -1.049226
v -7.070248 12.062845 -1.257943
v -6.653421 12.101363 -0.830708
v -7.680269 12.340712 -0.723018
v -7.819363 12.327623 -0.922638
v -7.541175 12.335390 -0.514312
v -8.638064 12.645131 -0.482233
v -7.262987 12.718695 -0.373362
v -7.680270 12.516317 -0.852113
v -7.541176 12.719285 -0.787635
v -7.402081 12.668520 -0.543533
v -7.402082 12.579624 -0.482256
v -6.445009 12.354067 -0.797483
v -6.236597 12.504217 -0.683323
v -5.713222 11.944401 -1.316055
v -5.452821 12.123548 -1.183389
v -5.137403 11.384317 -1.933932
v -4.825012 11.590189 -1.796829
v -4.459771 10.997528 -2.310600
v -4.084561 11.280336 -2.114854
v -3.524362 10.554358 -2.700016
v -3.066835 10.864475 -2.504359
v -2.673434 10.117736 -3.045186
v -1.445981 8.789387 -3.900466
v -2.205076 10.487891 -2.824578
v -1.135757 9.000853 -3.844041
v -2.673434 10.182537 -3.131547
v -3.141791 9.936466 -3.532698
v -3.524361 10.623432 -2.782999
v -1.445981 8.841187 -3.995198
v -1.756206 8.736821 -4.256914
v -3.981888 10.450410 -3.155433
v -4.459773 11.070940 -2.389771
v -4.834982 10.935846 -2.755465
v -5.137403 11.461515 -2.009417
v -5.449793 11.416702 -2.311199
v -5.713222 12.027079 -1.385492
v -5.973623 12.022121 -1.670467
v -6.445009 12.440756 -0.861845
v -6.653421 12.475092 -1.117774
v -6.861835 12.262022 -1.184800
v -6.234025 11.781081 -1.750593
v -5.762185 11.151641 -2.389721
v -5.210193 10.589981 -2.881931
v -4.439414 10.079229 -3.276209
v -3.610148 9.503793 -3.667770
v 2.373317 8.247124 -4.237592
v 4.075171 9.079306 -3.798741
v 2.063093 8.486929 -4.242193
v 2.063093 8.389776 -4.047094
v 1.752869 8.518704 -3.839177
v 3.606812 9.386842 -3.483855
v 3.138455 9.668413 -3.145108
v 4.436078 9.951077 -3.099917
v 3.978552 10.160963 -2.783546
v 4.893606 9.717609 -3.396991
v 5.206856 10.451883 -2.713315
v 4.831646 10.626193 -2.400227
v 5.582067 10.254218 -3.009307
v 5.758848 11.002606 -2.230690
v 5.446457 11.087032 -1.974455
v 6.071238 10.898767 -2.473730
v 6.230689 11.619793 -1.604004
v 5.970288 11.667250 -1.360394
v 6.491090 11.553051 -1.836313
v 6.858497 12.091370 -1.049227
v 7.066909 12.062845 -1.257943
v 6.650085 12.101364 -0.830708
v 7.676932 12.340713 -0.723018
v 7.816026 12.327625 -0.922639
v 7.537838 12.335392 -0.514312
v 8.634727 12.645133 -0.482233
v 7.259651 12.718697 -0.373362
v 7.676931 12.516317 -0.852113
v 7.537838 12.719286 -0.787635
v 7.398744 12.668521 -0.543533
v 7.398744 12.579625 -0.482256
v 6.441673 12.354068 -0.797483
v 6.233261 12.504217 -0.683324
v 5.709887 11.944401 -1.316055
v 5.449486 12.123549 -1.183389
v 5.134068 11.384319 -1.933932
v 4.821676 11.590191 -1.796829
v 4.456436 10.997529 -2.310599
v 4.081225 11.280337 -2.114854
v 3.521025 10.554359 -2.700015
v 3.063499 10.864476 -2.504359
v 2.670097 10.117737 -3.045186
v 1.442645 8.789387 -3.900465
v 2.201739 10.487891 -2.824578
v 1.132420 9.000854 -3.844040
v 2.670097 10.182537 -3.131547
v 3.138454 9.936466 -3.532699
v 3.521026 10.623432 -2.782999
v 1.442645 8.841187 -3.995198
v 1.752869 8.736821 -4.256914
v 3.978552 10.450411 -3.155433
v 4.456436 11.070940 -2.389771
v 4.831646 10.935848 -2.755464
v 5.134068 11.461517 -2.009416
v 5.446457 11.416702 -2.311199
v 5.709887 12.027080 -1.385492
v 5.970288 12.022121 -1.670467
v 6.441673 12.440757 -0.861845
v 6.650085 12.475092 -1.117774
v 6.858495 12.262022 -1.184800
v 6.230689 11.781082 -1.750593
v 5.758848 11.151641 -2.389722
v 5.206857 10.589983 -2.881930
v 4.436078 10.079231 -3.276209
v 3.606812 9.503793 -3.667770
v 2.373318 5.974227 -5.026556
v 4.075170 5.049118 -5.197694
v 2.063093 5.788848 -5.178748
v 2.063093 5.744226 -4.965414
v 1.752869 5.514204 -4.882095
v 3.606812 4.612625 -5.141075
v 3.138455 4.181729 -5.049638
v 4.436078 3.931859 -5.189300
v 3.978552 3.571094 -5.071012
v 4.893604 4.299176 -5.277830
v 5.206857 3.299226 -5.196136
v 4.831646 2.968422 -5.058382
v 5.582067 3.637772 -5.305999
v 5.758848 2.567921 -5.158525
v 5.446457 2.342896 -5.009708
v 6.071238 2.800011 -5.284959
v 6.230689 1.695189 -5.049019
v 5.970287 1.507003 -4.887206
v 6.491090 1.891511 -5.190014
v 6.858497 0.981303 -4.905737
v 7.066907 1.133009 -5.051893
v 6.650085 0.838068 -4.740408
v 7.676932 0.583472 -4.804175
v 7.816026 0.717425 -4.952754
v 7.537838 0.458338 -4.637058
v 8.634727 0.195337 -4.803789
v 7.259651 0.070141 -4.763911
v 7.676932 0.525620 -5.014307
v 7.537838 0.326354 -5.089452
v 7.398744 0.214960 -4.866396
v 7.398744 0.246771 -4.763220
v 6.441673 0.619128 -4.870900
v 6.233261 0.430538 -4.874322
v 5.709887 1.261986 -5.024120
v 5.449484 1.039169 -5.030983
v 5.134067 2.084436 -5.162094
v 4.821676 1.837894 -5.182032
v 4.456436 2.621416 -5.218104
v 4.081226 2.278151 -5.239680
v 3.521025 3.210550 -5.249188
v 3.063498 2.845904 -5.287754
v 2.670097 3.767131 -5.249600
v 1.442645 5.339710 -5.097913
v 2.201740 3.339900 -5.305779
v 1.132420 5.138764 -5.184644
v 2.670097 3.769775 -5.357536
v 3.138454 4.211470 -5.519951
v 3.521025 3.207747 -5.357121
v 1.442645 5.357746 -5.204365
v 1.752869 5.601820 -5.345132
v 3.978552 3.574312 -5.542255
v 4.456436 2.612847 -5.325733
v 4.831645 2.945464 -5.529076
v 5.134067 2.070611 -5.269175
v 5.446457 2.292765 -5.478288
v 5.709887 1.240111 -5.129850
v 5.970287 1.420567 -5.350464
v 6.441673 0.590961 -4.975130
v 6.650085 0.722579 -5.197290
v 6.858497 0.931351 -5.117887
v 6.230687 1.659412 -5.264013
v 5.758848 2.549472 -5.375694
v 5.206857 3.295300 -5.414050
v 4.436079 3.940493 -5.407080
v 3.606812 4.634777 -5.357896
v 1.305707 9.407470 -4.000341
v 2.036609 10.509010 -3.617976
v 1.129895 9.493206 -3.923483
v 1.129895 9.522387 -4.007548
v 0.954083 9.647570 -4.044331
v 1.687492 10.638830 -3.649693
v 1.338376 10.785388 -3.729625
v 2.011652 11.017737 -3.518167
v 1.725441 11.156187 -3.600913
v 2.297864 10.896025 -3.483636
v 2.225439 11.548481 -3.333936
v 1.976015 11.624226 -3.438448
v 2.474864 11.489473 -3.277639
v 2.267607 12.238472 -3.094427
v 2.097447 12.294871 -3.205655
v 2.437767 12.198809 -3.031415
v 2.236465 12.730307 -2.923702
v 2.374305 12.695343 -2.859059
v 2.098624 12.782005 -3.036561
v 2.219702 13.267076 -2.737379
v 2.141782 13.321537 -2.849280
v 2.250251 13.756869 -2.490583
v 2.297623 13.229348 -2.673696
v 2.219702 13.219503 -2.600333
v 2.141782 13.192922 -2.478755
v 2.236465 12.682734 -2.786656
v 2.098624 12.653389 -2.666037
v 2.267607 12.190900 -2.957381
v 2.097447 12.166256 -2.835130
v 2.225439 11.500910 -3.196889
v 1.976015 11.495609 -3.067924
v 2.011652 10.970166 -3.381120
v 1.725441 11.027571 -3.230389
v 1.687492 10.591259 -3.512646
v 1.338376 10.656773 -3.359100
v 0.908988 10.846372 -3.484332
v 0.954083 9.568676 -3.817050
v 0.714667 9.707426 -3.886729
v 0.501644 9.721664 -3.907017
v 0.714667 9.713712 -3.904838
v 0.908988 10.856619 -3.513854
v 0.640143 10.933151 -3.470749
v 1.373422 11.217445 -3.388604
v 1.153019 11.287733 -3.347667
v 1.669241 11.608362 -3.252910
v 1.477165 11.630362 -3.228734
v 1.888162 12.255217 -3.028375
v 1.757127 12.262320 -3.009369
v 1.929091 12.736567 -2.861289
v 1.822943 12.740050 -2.843540
v 2.045945 13.279499 -2.672827
v 1.985940 13.285110 -2.654340
v 2.045945 13.269251 -2.643305
v 1.929090 12.726320 -2.831766
v 1.888162 12.244968 -2.998852
v 1.669240 11.598114 -3.223387
v 1.373422 11.207198 -3.359082
v -0.691838 10.737753 -3.667303
v -0.202188 10.657113 -3.588981
v -0.717643 11.283059 -3.478017
v -0.685068 9.637942 -4.049068
v -0.202188 10.722982 -3.778744
v -0.225155 11.272324 -3.587923
v -0.229468 9.674145 -4.153362
v 0.042638 10.730444 -3.877236
v 0.389593 10.662108 -3.789485
v -0.001668 9.707256 -4.248750
v 0.021089 11.281864 -3.685828
v 0.370054 11.216378 -3.596967
v -0.164444 11.820645 -3.498807
v 0.138275 11.812136 -3.393380
v -0.378054 11.772704 -3.417791
v -0.219196 12.374834 -3.306438
v 0.036341 12.395197 -3.193674
v -0.399513 12.308026 -3.234947
v -0.171990 12.933178 -3.112626
v 0.034067 12.955465 -3.001910
v -0.317391 12.866542 -3.044086
v -0.027238 13.491508 -2.918819
v 0.142624 13.466435 -2.826683
v -0.147100 13.459493 -2.840633
v -0.002357 13.997536 -2.743167
v 0.151978 13.986944 -2.646611
v -0.111262 13.955643 -2.669082
v -0.160052 14.521724 -2.561213
v -0.043347 14.485144 -2.475121
v -0.242403 14.498980 -2.482080
v -0.412291 14.921499 -2.215046
v -0.407105 14.470122 -2.371728
v 0.087002 14.444825 -2.380509
v -0.242403 14.424400 -2.267230
v -0.043347 14.417853 -2.281265
v -0.160051 14.393225 -2.191025
v -0.002357 13.869038 -2.372980
v -0.111261 13.882057 -2.457088
v 0.151978 13.920547 -2.455332
v -0.027238 13.363008 -2.548632
v -0.147099 13.386323 -2.629839
v 0.142624 13.400415 -2.636488
v -0.171990 12.804680 -2.742439
v -0.317391 12.794840 -2.837525
v 0.034067 12.890771 -2.815534
v -0.219196 12.246334 -2.936251
v -0.399513 12.238190 -3.033759
v 0.036341 12.332186 -3.012146
v -0.164444 11.692146 -3.128620
v -0.378055 11.704712 -3.221915
v 0.138275 11.750788 -3.216644
v 0.021089 11.153366 -3.315640
v -0.225155 11.206535 -3.398401
v 0.370054 11.157021 -3.425964
v 0.042637 10.601946 -3.507049
v 0.389593 10.602675 -3.618267
v -0.001668 9.568630 -3.849385
v 0.321159 9.605278 -3.954965
v -0.229468 9.601740 -3.944774
v 0.681731 9.637942 -4.049068
v 0.321159 9.670608 -4.143170
v 0.777112 10.594637 -3.716981
v 0.759820 11.152168 -3.523452
v 0.476387 11.809459 -3.295294
v 0.321754 12.423008 -3.082319
v 0.264214 12.983643 -2.887713
v 0.332346 13.440311 -2.729195
v 0.324357 13.976598 -2.543040
v -0.805275 11.703333 -3.332132
v -0.760147 12.198158 -3.160369
v -0.608194 12.754214 -2.967352
v -0.386823 13.414206 -2.738256
v -0.329071 13.889975 -2.573108
v -1.309043 9.407471 -4.000341
v -2.039945 10.509010 -3.617976
v -1.133231 9.493207 -3.923484
v -1.133231 9.522388 -4.007548
v -0.957419 9.647570 -4.044331
v -1.690829 10.638831 -3.649693
v -1.341712 10.785389 -3.729625
v -2.014989 11.017738 -3.518167
v -1.728777 11.156187 -3.600914
v -2.301199 10.896025 -3.483636
v -2.228776 11.548482 -3.333936
v -1.979351 11.624227 -3.438449
v -2.478200 11.489473 -3.277639
v -2.270943 12.238472 -3.094427
v -2.100783 12.294872 -3.205655
v -2.441103 12.198809 -3.031415
v -2.239801 12.730307 -2.923702
v -2.377641 12.695345 -2.859058
v -2.101960 12.782006 -3.036562
v -2.223039 13.267076 -2.737380
v -2.145118 13.321539 -2.849280
v -2.253587 13.756870 -2.490583
v -2.300959 13.229350 -2.673696
v -2.223039 13.219503 -2.600333
v -2.145118 13.192922 -2.478756
v -2.239800 12.682736 -2.786655
v -2.101960 12.653391 -2.666037
v -2.270943 12.190901 -2.957381
v -2.100783 12.166256 -2.835131
v -2.228776 11.500910 -3.196889
v -1.979351 11.495609 -3.067924
v -2.014989 10.970167 -3.381120
v -1.728777 11.027572 -3.230389
v -1.690829 10.591259 -3.512646
v -1.341712 10.656773 -3.359100
v -0.912324 10.846373 -3.484331
v -0.957419 9.568677 -3.817051
v -0.718003 9.707427 -3.886729
v -0.504980 9.721664 -3.907017
v -0.718003 9.713713 -3.904838
v -0.912324 10.856620 -3.513854
v -0.643479 10.933151 -3.470749
v -1.376758 11.217446 -3.388604
v -1.156355 11.287733 -3.347667
v -1.672577 11.608362 -3.252910
v -1.480502 11.630363 -3.228734
v -1.891499 12.255217 -3.028375
v -1.760463 12.262320 -3.009370
v -1.932426 12.736568 -2.861289
v -1.826279 12.740051 -2.843540
v -2.049282 13.279499 -2.672827
v -1.989277 13.285110 -2.654340
v -2.049281 13.269251 -2.643305
v -1.932426 12.726320 -2.831767
v -1.891499 12.244968 -2.998852
v -1.672577 11.598115 -3.223388
v -1.376759 11.207199 -3.359082
v 1.305707 5.458508 -5.371099
v 2.036609 4.356968 -5.753464
v 1.129895 5.343591 -5.363893
v 1.129895 5.372771 -5.447957
v 0.954083 5.297302 -5.554389
v 1.687493 4.274719 -5.858794
v 1.338376 4.209206 -6.012340
v 2.011652 3.895812 -5.990320
v 1.725441 3.838407 -6.141051
v 2.297864 3.969954 -5.887804
v 2.225440 3.365068 -6.174551
v 1.976015 3.370368 -6.303515
v 2.474864 3.376505 -6.093801
v 2.267607 2.675077 -6.414060
v 2.097447 2.699722 -6.536310
v 2.437767 2.667170 -6.340025
v 2.236465 2.183243 -6.584785
v 2.374305 2.170634 -6.512382
v 2.098624 2.212588 -6.705403
v 2.219703 1.646474 -6.771107
v 2.141782 1.673056 -6.892685
v 2.250251 1.109107 -6.880857
v 2.297623 1.636629 -6.697744
v 2.219702 1.598902 -6.634061
v 2.141783 1.544440 -6.522161
v 2.236465 2.135672 -6.447738
v 2.098624 2.083972 -6.334879
v 2.267608 2.627506 -6.277013
v 2.097447 2.571106 -6.165785
v 2.225440 3.317497 -6.037504
v 1.976015 3.241753 -5.932992
v 2.011652 3.848241 -5.853273
v 1.725441 3.709791 -5.770526
v 1.687493 4.227147 -5.721748
v 1.338376 4.080590 -5.641816
v 0.908988 4.009358 -5.857586
v 0.954083 5.218408 -5.327110
v 0.714667 5.152671 -5.467770
v 0.501644 5.154065 -5.492516
v 0.714667 5.158957 -5.485879
v 0.908988 4.019606 -5.887108
v 0.640143 3.932827 -5.900692
v 1.373422 3.658780 -6.012358
v 1.153019 3.578244 -6.023774
v 1.669241 3.267864 -6.148052
v 1.477165 3.235616 -6.142706
v 1.888162 2.621010 -6.372587
v 1.757128 2.603658 -6.362071
v 1.929091 2.139658 -6.539674
v 1.822943 2.125927 -6.527900
v 2.045945 1.596726 -6.728135
v 1.985941 1.580868 -6.717100
v 2.045945 1.586480 -6.698613
v 1.929090 2.129410 -6.510151
v 1.888162 2.610762 -6.343065
v 1.669241 3.257617 -6.118530
v 1.373422 3.648532 -5.982836
v -0.691838 4.207982 -5.933908
v -0.202188 4.222753 -5.822468
v -0.717642 3.662677 -6.123194
v -0.685068 5.307793 -5.552144
v -0.202187 4.288623 -6.012230
v -0.225155 3.739200 -6.202810
v -0.229468 5.343995 -5.656438
v 0.042638 4.343790 -6.094162
v 0.389593 4.343060 -5.982944
v -0.001668 5.377106 -5.751826
v 0.021089 3.792370 -6.285571
v 0.370055 3.788715 -6.175247
v -0.164444 3.253590 -6.472592
v 0.138275 3.194948 -6.384566
v -0.378054 3.241024 -6.379296
v -0.219196 2.699401 -6.664961
v 0.036341 2.613550 -6.589066
v -0.399513 2.707545 -6.567452
v -0.171989 2.141056 -6.858772
v 0.034067 2.054965 -6.785677
v -0.317390 2.150895 -6.763687
v -0.027238 1.582727 -7.052579
v 0.142624 1.545321 -6.964724
v -0.147100 1.559414 -6.971372
v -0.002356 1.076698 -7.228231
v 0.151978 1.025187 -7.145879
v -0.111261 1.063680 -7.144123
v -0.160051 0.552512 -7.410187
v -0.043347 0.527883 -7.319946
v -0.242402 0.521336 -7.333982
v -0.412290 0.024236 -7.386165
v -0.407105 0.475614 -7.229484
v 0.087002 0.500910 -7.220702
v -0.242402 0.446757 -7.119131
v -0.043346 0.460592 -7.126091
v -0.160051 0.424013 -7.039999
v -0.002356 0.948200 -6.858044
v -0.111261 0.990092 -6.932129
v 0.151978 0.958791 -6.954600
v -0.027238 1.454228 -6.682392
v -0.147099 1.486242 -6.760579
v 0.142625 1.479300 -6.774529
v -0.171989 2.012558 -6.488585
v -0.317391 2.079195 -6.557125
v 0.034067 1.990270 -6.599301
v -0.219196 2.570902 -6.294773
v -0.399513 2.637709 -6.366265
v 0.036341 2.550538 -6.407538
v -0.164444 3.125091 -6.102405
v -0.378054 3.173031 -6.183420
v 0.138275 3.133600 -6.207831
v 0.021089 3.663872 -5.915383
v -0.225155 3.673413 -6.013288
v 0.370054 3.729358 -6.004244
v 0.042638 4.215291 -5.723975
v 0.389593 4.283628 -5.811726
v -0.001668 5.238479 -5.352461
v 0.321160 5.275128 -5.458041
v -0.229468 5.271590 -5.447849
v 0.681731 5.307793 -5.552144
v 0.321159 5.340458 -5.646246
v 0.777113 4.351099 -5.884230
v 0.759820 3.793567 -6.077760
v 0.476387 3.136277 -6.305917
v 0.321755 2.522727 -6.518892
v 0.264214 1.962092 -6.713499
v 0.332346 1.505424 -6.872017
v 0.324357 0.969137 -7.058172
v -0.805275 3.242403 -6.269079
v -0.760147 2.747577 -6.440842
v -0.608193 2.191521 -6.633860
v -0.386822 1.531529 -6.862955
v -0.329070 1.055761 -7.028103
v -1.309043 5.458508 -5.371100
v -2.039945 4.356968 -5.753465
v -1.133231 5.343590 -5.363893
v -1.133231 5.372771 -5.447958
v -0.957419 5.297301 -5.554390
v -1.690829 4.274718 -5.858795
v -1.341712 4.209205 -6.012341
v -2.014988 3.895811 -5.990320
v -1.728777 3.838407 -6.141052
v -2.301199 3.969953 -5.887805
v -2.228776 3.365068 -6.174551
v -1.979351 3.370368 -6.303517
v -2.478200 3.376504 -6.093802
v -2.270942 2.675077 -6.414060
v -2.100782 2.699721 -6.536311
v -2.441102 2.667169 -6.340025
v -2.239800 2.183242 -6.584785
v -2.377641 2.170632 -6.512383
v -2.101960 2.212587 -6.705404
v -2.223038 1.646474 -6.771108
v -2.145118 1.673055 -6.892686
v -2.253586 1.109107 -6.880857
v -2.300959 1.636627 -6.697746
v -2.223038 1.598902 -6.634061
v -2.145118 1.544440 -6.522161
v -2.239800 2.135670 -6.447739
v -2.101959 2.083972 -6.334880
v -2.270942 2.627506 -6.277014
v -2.100782 2.571105 -6.165786
v -2.228776 3.317497 -6.037505
v -1.979351 3.241752 -5.932992
v -2.014988 3.848240 -5.853274
v -1.728777 3.709791 -5.770527
v -1.690829 4.227147 -5.721748
v -1.341712 4.080589 -5.641816
v -0.912324 4.009357 -5.857587
v -0.957419 5.218408 -5.327110
v -0.718003 5.152670 -5.467771
v -0.504980 5.154064 -5.492516
v -0.718003 5.158956 -5.485879
v -0.912324 4.019606 -5.887109
v -0.643479 3.932827 -5.900692
v -1.376758 3.658779 -6.012359
v -1.156355 3.578244 -6.023774
v -1.672577 3.267863 -6.148053
v -1.480501 3.235616 -6.142707
v -1.891498 2.621009 -6.372588
v -1.760463 2.603658 -6.362072
v -1.932426 2.139657 -6.539674
v -1.826279 2.125926 -6.527901
v -2.049281 1.596726 -6.728136
v -1.989277 1.580867 -6.717101
v -2.049281 1.586479 -6.698614
v -1.932426 2.129410 -6.510152
v -1.891499 2.610762 -6.343065
v -1.672577 3.257616 -6.118531
v -1.376758 3.648531 -5.982837
v 2.566777 5.895195 -5.219517
v 3.765242 5.256216 -5.441319
v 2.664759 6.051144 -5.118288
v 2.664759 6.080324 -5.202353
v 2.762741 6.275718 -5.214764
v 3.861273 5.614350 -5.393784
v 3.957304 5.989221 -5.394464
v 4.276873 5.325905 -5.493908
v 4.367230 5.641038 -5.515324
v 4.186516 5.027508 -5.520708
v 4.847939 5.148618 -5.555448
v 4.873687 5.426145 -5.589918
v 4.822191 4.887826 -5.569194
v 5.579485 5.140627 -5.558222
v 5.588430 5.342462 -5.618966
v 5.570538 4.955530 -5.545692
v 6.098119 5.192686 -5.540151
v 6.092653 5.038305 -5.516960
v 6.103584 5.363804 -5.611557
v 6.664930 5.233245 -5.526072
v 6.676078 5.347944 -5.617063
v 7.209401 5.204303 -5.459339
v 6.653780 5.135283 -5.483296
v 6.664930 5.185674 -5.389026
v 6.676078 5.219328 -5.246538
v 6.098119 5.145114 -5.403105
v 6.103584 5.235188 -5.241033
v 5.579484 5.093056 -5.421175
v 5.588430 5.213845 -5.248442
v 4.847939 5.101046 -5.418402
v 4.873686 5.297529 -5.219393
v 4.276873 5.278334 -5.356862
v 4.367229 5.512423 -5.144800
v 3.861273 5.566779 -5.256737
v 3.957304 5.860605 -5.023940
v 4.075415 6.331014 -5.051697
v 2.762741 6.196825 -4.987484
v 2.859819 6.463981 -5.012590
v 2.856791 6.673122 -4.965223
v 2.859819 6.470267 -5.030699
v 4.075415 6.341261 -5.081219
v 4.149366 6.593611 -4.977084
v 4.478362 5.919606 -5.227583
v 4.547944 6.125953 -5.139417
v 4.905354 5.658461 -5.318232
v 4.925182 5.835848 -5.240118
v 5.599433 5.481679 -5.379596
v 5.606323 5.600777 -5.321715
v 6.110305 5.465241 -5.385302
v 6.114513 5.560686 -5.335631
v 6.689791 5.379992 -5.414894
v 6.698376 5.431988 -5.380305
v 6.689790 5.369743 -5.385371
v 6.110305 5.454995 -5.355779
v 5.599433 5.471432 -5.350073
v 4.905354 5.648213 -5.288710
v 4.478362 5.909359 -5.198061
v 3.839189 7.879634 -4.659410
v 3.811314 7.382418 -4.725689
v 4.414610 7.929121 -4.642232
v 2.676553 7.822553 -4.679224
v 3.811314 7.448288 -4.915452
v 4.391175 7.495243 -4.899018
v 2.697552 7.428806 -4.932762
v 3.797376 7.247461 -5.086245
v 3.777624 6.883949 -5.100955
v 2.708052 7.246943 -5.102771
v 4.379458 7.293213 -5.070363
v 4.362853 6.927899 -5.085578
v 4.940618 7.493134 -5.000967
v 4.981076 7.175038 -5.003003
v 4.912069 7.663650 -4.844121
v 5.524097 7.570347 -4.974164
v 5.592032 7.298901 -4.962693
v 5.476159 7.709454 -4.831197
v 6.116671 7.551534 -4.980695
v 6.183469 7.327674 -4.955422
v 6.069536 7.658587 -4.851864
v 6.713725 7.440667 -5.019179
v 6.728076 7.249413 -4.984727
v 6.703600 7.525915 -4.900289
v 7.249950 7.440510 -5.019234
v 7.278697 7.264756 -4.980008
v 7.229664 7.515162 -4.904694
v 7.796961 7.613488 -4.959190
v 7.796022 7.472474 -4.909349
v 7.797624 7.664436 -4.854478
v 8.276000 7.808664 -4.684045
v 7.798948 7.782966 -4.692966
v 7.794974 7.315511 -4.855227
v 7.797624 7.589858 -4.639627
v 7.796022 7.405183 -4.715494
v 7.796961 7.484988 -4.589003
v 7.249950 7.312011 -4.649046
v 7.229665 7.441575 -4.692699
v 7.278697 7.198360 -4.788730
v 6.713725 7.312168 -4.648992
v 6.703600 7.452744 -4.689495
v 6.728076 7.183393 -4.794532
v 6.116671 7.423035 -4.610508
v 6.069535 7.586886 -4.645303
v 6.183469 7.262980 -4.769046
v 5.524096 7.441849 -4.603977
v 5.476159 7.639617 -4.630010
v 5.592032 7.235889 -4.781165
v 4.940618 7.364635 -4.630780
v 4.912069 7.595657 -4.648244
v 4.981076 7.113690 -4.826268
v 4.379458 7.164714 -4.700176
v 4.391175 7.429456 -4.709496
v 4.362852 6.868541 -4.914576
v 3.797376 7.118963 -4.716057
v 3.777624 6.824516 -4.929737
v 2.708053 7.108315 -4.703406
v 2.722932 6.840312 -4.914737
v 2.697552 7.356401 -4.724173
v 2.739551 6.532705 -5.126954
v 2.722932 6.905642 -5.102942
v 3.755563 6.486790 -5.142892
v 4.344305 6.528807 -5.128307
v 5.026264 6.826578 -5.024945
v 5.667909 7.000785 -4.964475
v 6.258076 7.080927 -4.936656
v 6.744102 7.037680 -4.951668
v 7.310807 7.069937 -4.940471
v 4.854972 8.031191 -4.606802
v 5.380284 8.011412 -4.613667
v 5.975266 7.893642 -4.654547
v 6.683349 7.715155 -4.716503
v 7.189092 7.682584 -4.727810
v 2.446257 8.362735 -4.362989
v 3.577345 9.103259 -4.105939
v 2.560447 8.186855 -4.376943
v 2.560447 8.216036 -4.461008
v 2.674636 8.079602 -4.588602
v 3.705559 8.802471 -4.287127
v 3.833773 8.518419 -4.516532
v 4.091277 9.125845 -4.174879
v 4.208017 8.900784 -4.383807
v 3.974536 9.367643 -4.014166
v 4.642635 9.352058 -4.096355
v 4.691376 9.158823 -4.294237
v 4.593894 9.562032 -3.946690
v 5.370293 9.423656 -4.071503
v 5.394926 9.304330 -4.243729
v 5.345660 9.559717 -3.947494
v 5.891798 9.416937 -4.073835
v 5.873628 9.522716 -3.960338
v 5.909970 9.327894 -4.235549
v 6.460154 9.425859 -4.070738
v 6.478487 9.393490 -4.212779
v 7.001810 9.454574 -3.983991
v 6.441823 9.474964 -3.976913
v 6.460154 9.378287 -3.933692
v 6.478486 9.264874 -3.842255
v 5.891799 9.369365 -3.936789
v 5.909970 9.199278 -3.865025
v 5.370293 9.376084 -3.934457
v 5.394926 9.175714 -3.873204
v 4.642635 9.304487 -3.959309
v 4.691376 9.030207 -3.923712
v 4.091277 9.078274 -4.037832
v 4.208018 8.772168 -4.013282
v 3.705559 8.754900 -4.150081
v 3.833773 8.389804 -4.146008
v 3.991467 8.049786 -4.455079
v 2.674636 8.000710 -4.361322
v 2.793785 7.815991 -4.543283
v 2.810394 7.623073 -4.635477
v 2.793785 7.822277 -4.561391
v 3.991467 8.060033 -4.484601
v 4.090201 7.804964 -4.556602
v 4.351601 8.514951 -4.326691
v 4.441500 8.305308 -4.382923
v 4.751324 8.812133 -4.223534
v 4.788857 8.626998 -4.271258
v 5.425221 9.048544 -4.141471
v 5.444190 8.920325 -4.169438
v 5.932320 9.109354 -4.120363
v 5.946313 9.004456 -4.140235
v 6.501033 9.244656 -4.073397
v 6.515151 9.183400 -4.078120
v 6.501033 9.234407 -4.043875
v 5.932320 9.099106 -4.090841
v 5.425221 9.038297 -4.111948
v 4.751323 8.801886 -4.194012
v 4.351601 8.504704 -4.297169
v -1.608887 5.713179 -5.282699
v -2.739974 4.972654 -5.539748
v -1.723077 5.859879 -5.184680
v -1.723077 5.889059 -5.268744
v -1.837266 6.075204 -5.284366
v -2.868188 5.321014 -5.495606
v -2.996402 5.686110 -5.499680
v -3.253906 4.997640 -5.607855
v -3.370647 5.303745 -5.632405
v -3.137165 4.708270 -5.631521
v -3.805264 4.771426 -5.686378
v -3.854006 5.045706 -5.721975
v -3.756524 4.513882 -5.698997
v -4.532923 4.699829 -5.711231
v -4.557555 4.900199 -5.772483
v -4.508290 4.516196 -5.698194
v -5.054428 4.706548 -5.708899
v -5.036256 4.553198 -5.685349
v -5.072599 4.876636 -5.780663
v -5.622785 4.697626 -5.711996
v -5.641116 4.811039 -5.803433
v -6.164440 4.621340 -5.661696
v -5.604451 4.600949 -5.668775
v -5.622785 4.650055 -5.574949
v -5.641116 4.682423 -5.432908
v -5.054428 4.658977 -5.571852
v -5.072599 4.748020 -5.410138
v -4.532922 4.652257 -5.574184
v -4.557555 4.771584 -5.401959
v -3.805264 4.723854 -5.549332
v -3.854005 4.917090 -5.351451
v -3.253906 4.950068 -5.470809
v -3.370647 5.175130 -5.261880
v -2.868188 5.273443 -5.358560
v -2.996403 5.557494 -5.129155
v -3.154096 6.015880 -5.161086
v -1.837266 5.996311 -5.057086
v -1.956414 6.254042 -5.085464
v -1.973024 6.462592 -5.038302
v -1.956414 6.260328 -5.103573
v -3.154096 6.026128 -5.190608
v -3.252831 6.270950 -5.089086
v -3.514230 5.571210 -5.348518
v -3.604129 5.770605 -5.262765
v -3.913953 5.274028 -5.451675
v -3.951487 5.448916 -5.374429
v -4.587851 5.037617 -5.533738
v -4.606819 5.155587 -5.476249
v -5.094949 4.976806 -5.554847
v -5.108943 5.071458 -5.505452
v -5.663663 4.841506 -5.601812
v -5.677780 4.892513 -5.567567
v -5.663662 4.831258 -5.572289
v -5.094949 4.966559 -5.525324
v -4.587850 5.027369 -5.504216
v -3.913952 5.263781 -5.422153
v -3.514230 5.560963 -5.318996
v -3.065442 7.578662 -4.763883
v -2.992429 7.085844 -4.828636
v -3.643242 7.577880 -4.764154
v -1.902181 7.622967 -4.748504
v -2.992428 7.151714 -5.018398
v -3.574407 7.148024 -5.019544
v -1.881182 7.229220 -5.002042
v -2.955921 6.953086 -5.188427
v -2.904186 6.592690 -5.202057
v -1.870682 7.047356 -5.172051
v -3.539991 6.948006 -5.190191
v -3.491215 6.585541 -5.204417
v -4.118253 7.098259 -5.138036
v -4.130805 6.777853 -5.140874
v -4.109396 7.270405 -4.980624
v -4.706780 7.124385 -5.128966
v -4.751158 6.848043 -5.119195
v -4.675464 7.266946 -4.984800
v -5.295002 7.054101 -5.153364
v -5.342805 6.825246 -5.129824
v -5.261271 7.164680 -5.023309
v -5.878711 6.891764 -5.209713
v -5.877404 6.699942 -5.175459
v -5.879635 6.977414 -5.090683
v -6.412643 6.844959 -5.225961
v -6.427164 6.667319 -5.187390
v -6.402396 6.920943 -5.110958
v -6.974192 6.969615 -5.182691
v -6.962494 6.829153 -5.132658
v -6.982445 7.020175 -5.078113
v -7.476483 7.122016 -4.922393
v -6.998954 7.137927 -4.916871
v -6.949430 6.672804 -5.078323
v -6.982445 6.945597 -4.863263
v -6.962494 6.761861 -4.938803
v -6.974192 6.841116 -4.812503
v -6.412643 6.716461 -4.855773
v -6.402398 6.847355 -4.898964
v -6.427164 6.600924 -4.996111
v -5.878711 6.763266 -4.839526
v -5.879637 6.904243 -4.879890
v -5.877404 6.633921 -4.985264
v -5.295002 6.925602 -4.783176
v -5.261270 7.092978 -4.816748
v -5.342805 6.760551 -4.943448
v -4.706779 6.995886 -4.758780
v -4.675464 7.197110 -4.783612
v -4.751158 6.785031 -4.937667
v -4.118253 6.969760 -4.767848
v -4.109396 7.202413 -4.784747
v -4.130805 6.716504 -4.964139
v -3.539990 6.819507 -4.820004
v -3.574407 7.082238 -4.830022
v -3.491215 6.526184 -5.033414
v -2.955922 6.824587 -4.818240
v -2.904186 6.533257 -5.030838
v -1.870683 6.908729 -4.772686
v -1.855802 6.640726 -4.984017
v -1.881182 7.156815 -4.793453
v -1.839182 6.333119 -5.196234
v -1.855802 6.706055 -5.172222
v -2.846401 6.199011 -5.242785
v -3.436737 6.189632 -5.246041
v -4.144825 6.426812 -5.163712
v -4.800725 6.544458 -5.122874
v -5.396196 6.572919 -5.112995
v -5.875941 6.487574 -5.142620
v -6.443383 6.470394 -5.148583
v -4.091681 7.641208 -4.742172
v -4.612834 7.575813 -4.764872
v -5.193808 7.406785 -4.823545
v -5.881485 7.167456 -4.906620
v -6.381904 7.091027 -4.933151
v -1.729407 8.180718 -4.426170
v -2.927872 8.819698 -4.204368
v -1.827390 7.995590 -4.443335
v -1.827390 8.024771 -4.527400
v -1.925372 7.879089 -4.658204
v -3.023903 8.509135 -4.388950
v -3.119934 8.215308 -4.621747
v -3.439503 8.797580 -4.288826
v -3.529860 8.563491 -4.500887
v -3.349147 9.048405 -4.124980
v -4.010570 8.974867 -4.227286
v -4.036318 8.778384 -4.426294
v -3.984822 9.188087 -4.076494
v -4.742115 8.982857 -4.224513
v -4.751061 8.862068 -4.397246
v -4.733169 9.120383 -4.099995
v -5.260750 8.930799 -4.242583
v -5.255285 9.037608 -4.128728
v -5.266215 8.840726 -4.404654
v -5.827560 8.890240 -4.256661
v -5.838709 8.856586 -4.399149
v -6.372032 8.871610 -4.186349
v -5.816411 8.940630 -4.162391
v -5.827560 8.842669 -4.119616
v -5.838709 8.727970 -4.028625
v -5.260750 8.883226 -4.105536
v -5.266215 8.712110 -4.034130
v -4.742115 8.935286 -4.087466
v -4.751061 8.733452 -4.026721
v -4.010570 8.927296 -4.090240
v -4.036317 8.649768 -4.055769
v -3.439503 8.750009 -4.151779
v -3.529860 8.434875 -4.130363
v -3.023903 8.461563 -4.251904
v -3.119934 8.086693 -4.251223
v -3.238045 7.734653 -4.564468
v -1.925372 7.800196 -4.430924
v -2.022450 7.606052 -4.616156
v -2.019422 7.412542 -4.708556
v -2.022450 7.612338 -4.634265
v -3.238045 7.744900 -4.593990
v -3.311996 7.482303 -4.668603
v -3.640993 8.166555 -4.447626
v -3.710574 7.949960 -4.506270
v -4.067986 8.427700 -4.356977
v -4.087813 8.240065 -4.405570
v -4.762065 8.604482 -4.295613
v -4.768954 8.475136 -4.323972
v -5.272935 8.620919 -4.289908
v -5.277144 8.515227 -4.310056
v -5.852422 8.706170 -4.260315
v -5.861007 8.643925 -4.265382
v -5.852421 8.695922 -4.230793
v -5.272935 8.610671 -4.260386
v -4.762064 8.594234 -4.266091
v -4.067985 8.417453 -4.327456
v -3.640993 8.156307 -4.418104
vn -0.6848 0.4461 -0.5763
vn -0.6848 0.0069 -0.7287
vn -0.2325 -0.4204 -0.8770
vn -0.2351 0.8675 -0.4383
vn -0.1895 0.4561 -0.8695
vn -0.1895 0.1807 -0.9651
vn -0.1458 0.1393 -0.9795
vn -0.1458 0.4975 -0.8551
vn 0.1057 0.5386 -0.8359
vn 0.1057 0.0952 -0.9898
vn -0.2346 0.4168 -0.8782
vn -0.2346 0.2170 -0.9476
vn 0.7071 -0.4368 0.5561
vn 0.7068 -0.0025 0.7074
vn 0.2296 0.4483 0.8639
vn 0.2328 -0.8807 0.4125
vn 0.1456 -0.4584 0.8768
vn 0.1454 -0.1840 0.9721
vn 0.1417 0.0497 0.9887
vn 0.1448 -0.4597 0.8762
vn -0.1317 -0.5309 0.8371
vn -0.1317 -0.1019 0.9860
vn -0.7069 0.6413 0.2985
vn 0.2271 -0.1920 0.9548
vn -0.7025 0.0237 0.7113
vn -0.7015 -0.4598 0.5445
vn -0.2559 -0.8808 0.3984
vn -0.2506 0.4550 0.8545
vn 0.8903 -0.4313 -0.1457
vn 0.8903 0.4289 0.1529
vn 0.4553 0.8399 0.2955
vn 0.4553 -0.8423 -0.2884
vn 0.1450 -0.1836 0.9722
vn 0.2271 -0.4408 0.8684
vn -0.6972 0.6501 0.3021
vn 0.2315 -0.5725 0.7866
vn 0.6701 0.6800 0.2977
vn -0.2034 -0.9182 -0.3401
vn -0.0587 0.3817 -0.9224
vn 0.8419 -0.5060 -0.1874
vn 0.0587 -0.3817 0.9224
vn -0.8401 0.4825 0.2477
vn 0.7423 -0.6139 -0.2687
vn -0.2315 0.5725 -0.7866
vn -0.7422 0.6073 0.2836
vn -0.1417 -0.0497 -0.9887
vn -0.9614 0.2258 0.1573
vn 0.9716 -0.2219 -0.0822
vn 0.6848 0.4461 -0.5763
vn 0.6848 0.0069 -0.7287
vn 0.2325 -0.4204 -0.8770
vn 0.2351 0.8675 -0.4383
vn 0.1895 0.4561 -0.8695
vn 0.1895 0.1807 -0.9651
vn 0.1458 0.1393 -0.9795
vn 0.1458 0.4975 -0.8551
vn -0.1057 0.5385 -0.8359
vn -0.1057 0.0952 -0.9898
vn 0.2346 0.4168 -0.8782
vn 0.2346 0.2170 -0.9476
vn -0.7071 -0.4368 0.5561
vn -0.7068 -0.0025 0.7074
vn -0.2296 0.4483 0.8639
vn -0.2328 -0.8807 0.4125
vn -0.1456 -0.4584 0.8768
vn -0.1454 -0.1840 0.9721
vn -0.1417 0.0497 0.9887
vn -0.1448 -0.4597 0.8762
vn 0.1317 -0.5309 0.8371
vn 0.1317 -0.1019 0.9860
vn 0.7069 0.6413 0.2985
vn -0.2271 -0.1920 0.9548
vn 0.7025 0.0237 0.7113
vn 0.7015 -0.4598 0.5445
vn 0.2559 -0.8808 0.3984
vn 0.2506 0.4550 0.8545
vn -0.8903 -0.4313 -0.1457
vn -0.8903 0.4289 0.1529
vn -0.4553 0.8399 0.2955
vn -0.4553 -0.8423 -0.2884
vn -0.1450 -0.1836 0.9722
vn -0.2271 -0.4408 0.8684
vn 0.6972 0.6501 0.3021
vn -0.2315 -0.5725 0.7866
vn -0.6701 0.6800 0.2977
vn 0.2034 -0.9182 -0.3401
vn 0.0587 0.3817 -0.9224
vn -0.8419 -0.5060 -0.1874
vn -0.0587 -0.3817 0.9224
vn 0.8401 0.4825 0.2477
vn -0.7423 -0.6139 -0.2687
vn 0.2315 0.5725 -0.7866
vn 0.7422 0.6073 0.2836
vn 0.1417 -0.0497 -0.9887
vn 0.9614 0.2258 0.1573
vn -0.9716 -0.2219 -0.0822
vn 0.1247 -0.0296 -0.9918
vn 0.1152 -0.3372 0.9344
vn -0.5653 -0.8074 -0.1689
vn 0.1678 -0.0625 -0.9838
vn -0.5653 -0.8095 -0.1583
vn 0.1276 -0.1118 -0.9855
vn 0.1164 -0.0451 -0.9922
vn 0.1410 -0.1899 -0.9716
vn 0.1314 -0.1215 -0.9839
vn 0.2047 -0.2365 -0.9498
vn 0.1949 -0.1655 -0.9668
vn 0.2857 -0.2905 -0.9132
vn 0.2595 -0.2374 -0.9361
vn 0.2803 -0.4437 -0.8512
vn 0.2598 -0.3819 -0.8870
vn 0.1979 -0.5769 -0.7925
vn 0.2057 -0.6452 -0.7358
vn 0.2417 -0.5973 -0.7648
vn 0.2645 -0.6534 -0.7093
vn 0.2536 -0.1240 0.9593
vn 0.0311 0.5971 0.8015
vn 0.0316 0.0288 -0.9991
vn 0.2674 -0.1710 0.9483
vn 0.0082 0.8966 0.4427
vn 0.0067 0.5154 -0.8569
vn -0.0839 -0.0687 -0.9941
vn -0.2439 0.3438 -0.9068
vn -0.1146 -0.1058 -0.9878
vn -0.3546 0.1714 -0.9192
vn -0.1186 -0.0883 -0.9890
vn -0.3744 0.1035 -0.9215
vn -0.0712 -0.0128 -0.9974
vn -0.2550 0.1983 -0.9464
vn -0.0535 0.0219 -0.9983
vn -0.1831 0.2398 -0.9534
vn -0.0489 0.0622 -0.9969
vn -0.1689 0.2618 -0.9502
vn -0.2454 0.3212 -0.9147
vn -0.0754 0.1314 -0.9885
vn -0.1013 -0.0119 0.9948
vn -0.0483 0.0957 0.9942
vn -0.2625 0.1250 0.9568
vn -0.1685 0.2201 0.9608
vn -0.5653 -0.8133 -0.1378
vn -0.5653 -0.8110 -0.1505
vn 0.1543 -0.3083 0.9387
vn -0.1831 0.3017 0.9356
vn -0.0531 0.1566 0.9862
vn -0.2534 0.3549 0.8999
vn -0.0694 0.2134 0.9745
vn -0.3736 0.3744 0.8487
vn -0.1168 0.2572 0.9593
vn -0.3546 0.5452 0.7597
vn -0.1127 0.3646 0.9243
vn -0.0837 0.4846 0.8707
vn -0.2459 0.7571 0.6052
vn 0.2829 -0.0585 0.9574
vn 0.2070 -0.1874 0.9602
vn 0.2622 -0.0279 0.9646
vn 0.1984 -0.1392 0.9702
vn 0.2616 -0.0189 0.9650
vn 0.2878 -0.0325 0.9571
vn 0.2000 -0.0949 0.9752
vn 0.2086 -0.1121 0.9716
vn 0.1319 -0.1736 0.9759
vn 0.1416 -0.1757 0.9742
vn 0.1179 -0.2212 0.9681
vn 0.1288 -0.2135 0.9684
vn 0.1247 0.6377 -0.7601
vn 0.1152 -0.3142 0.9423
vn -0.5653 0.7384 0.3677
vn 0.1678 0.6586 -0.7335
vn -0.5653 0.7335 0.3773
vn 0.1276 0.6984 -0.7043
vn 0.1164 0.6501 -0.7509
vn 0.1410 0.7511 -0.6450
vn 0.1314 0.7050 -0.6970
vn 0.2047 0.7741 -0.5991
vn 0.1949 0.7289 -0.6563
vn 0.2857 0.7938 -0.5368
vn 0.2595 0.7663 -0.5877
vn 0.2803 0.8756 -0.3933
vn 0.2598 0.8493 -0.4596
vn 0.1979 0.9438 -0.2646
vn 0.2057 0.9623 -0.1778
vn 0.2417 0.9426 -0.2302
vn 0.2645 0.9523 -0.1520
vn 0.2536 -0.4971 0.8298
vn 0.0311 -0.9653 0.2592
vn 0.0316 0.5964 -0.8021
vn 0.2674 -0.4534 0.8503
vn 0.0082 -0.9781 -0.2081
vn 0.0067 0.1264 -0.9920
vn -0.0839 0.6698 -0.7378
vn -0.2439 0.2920 -0.9248
vn -0.1146 0.6951 -0.7097
vn -0.3546 0.4350 -0.8277
vn -0.1186 0.6821 -0.7216
vn -0.3744 0.4897 -0.7874
vn -0.0712 0.6280 -0.7750
vn -0.2550 0.4307 -0.8657
vn -0.0535 0.6013 -0.7972
vn -0.1831 0.4025 -0.8969
vn -0.0489 0.5689 -0.8210
vn -0.1689 0.3833 -0.9081
vn -0.2454 0.3146 -0.9170
vn -0.0754 0.5093 -0.8573
vn -0.1013 -0.6070 0.7882
vn -0.0483 -0.6911 0.7211
vn -0.2625 -0.6909 0.6736
vn -0.1685 -0.7681 0.6178
vn -0.5653 0.7237 0.3957
vn -0.5653 0.7298 0.3844
vn 0.1543 -0.3396 0.9278
vn -0.1831 -0.8165 0.5475
vn -0.0531 -0.7340 0.6771
vn -0.2534 -0.8362 0.4864
vn -0.0694 -0.7713 0.6327
vn -0.3736 -0.8197 0.4342
vn -0.1168 -0.7963 0.5936
vn -0.3546 -0.8986 0.2585
vn -0.1127 -0.8589 0.4996
vn -0.0837 -0.9199 0.3832
vn -0.2459 -0.9693 0.0059
vn 0.2829 -0.5473 0.7877
vn 0.2070 -0.4479 0.8698
vn 0.2622 -0.5758 0.7744
vn 0.1984 -0.4918 0.8478
vn 0.2616 -0.5831 0.7691
vn 0.2878 -0.5675 0.7714
vn 0.2000 -0.5297 0.8243
vn 0.2086 -0.5140 0.8321
vn 0.1319 -0.4684 0.8736
vn 0.1416 -0.4657 0.8736
vn 0.1179 -0.4261 0.8969
vn 0.1288 -0.4324 0.8924
vn -0.1247 0.6377 -0.7601
vn -0.1152 -0.3142 0.9423
vn 0.5653 0.7384 0.3677
vn -0.1678 0.6586 -0.7335
vn 0.5653 0.7335 0.3773
vn -0.1276 0.6984 -0.7043
vn -0.1164 0.6501 -0.7509
vn -0.1410 0.7511 -0.6450
vn -0.1314 0.7050 -0.6970
vn -0.2047 0.7741 -0.5991
vn -0.1949 0.7289 -0.6563
vn -0.2857 0.7938 -0.5368
vn -0.2595 0.7663 -0.5877
vn -0.2803 0.8756 -0.3933
vn -0.2598 0.8493 -0.4596
vn -0.1979 0.9438 -0.2646
vn -0.2057 0.9623 -0.1778
vn -0.2417 0.9426 -0.2302
vn -0.2645 0.9523 -0.1520
vn -0.2536 -0.4971 0.8298
vn -0.0311 -0.9653 0.2592
vn -0.0316 0.5964 -0.8021
vn -0.2674 -0.4534 0.8503
vn -0.0082 -0.9781 -0.2081
vn -0.0067 0.1264 -0.9920
vn 0.0839 0.6698 -0.7378
vn 0.2439 0.2920 -0.9248
vn 0.1146 0.6951 -0.7097
vn 0.3546 0.4349 -0.8277
vn 0.1186 0.6821 -0.7216
vn 0.3744 0.4897 -0.7874
vn 0.0712 0.6280 -0.7750
vn 0.2550 0.4307 -0.8657
vn 0.0535 0.6013 -0.7972
vn 0.1831 0.4025 -0.8969
vn 0.0489 0.5689 -0.8210
vn 0.1689 0.3833 -0.9081
vn 0.2454 0.3146 -0.9170
vn 0.0754 0.5093 -0.8573
vn 0.1013 -0.6070 0.7882
vn 0.0483 -0.6911 0.7211
vn 0.2625 -0.6909 0.6736
vn 0.1685 -0.7681 0.6178
vn 0.5653 0.7237 0.3957
vn 0.5653 0.7298 0.3844
vn -0.1543 -0.3396 0.9278
vn 0.1831 -0.8165 0.5475
vn 0.0531 -0.7340 0.6771
vn 0.2534 -0.8362 0.4864
vn 0.0694 -0.7713 0.6327
vn 0.3736 -0.8197 0.4342
vn 0.1168 -0.7963 0.5936
vn 0.3546 -0.8986 0.2585
vn 0.1127 -0.8589 0.4996
vn 0.0837 -0.9199 0.3832
vn 0.2459 -0.9693 0.0059
vn -0.2829 -0.5473 0.7877
vn -0.2070 -0.4479 0.8698
vn -0.2622 -0.5758 0.7744
vn -0.1984 -0.4918 0.8478
vn -0.2616 -0.5831 0.7691
vn -0.2878 -0.5675 0.7714
vn -0.2000 -0.5297 0.8243
vn -0.2086 -0.5140 0.8321
vn -0.1319 -0.4684 0.8736
vn -0.1416 -0.4657 0.8736
vn -0.1179 -0.4261 0.8969
vn -0.1288 -0.4324 0.8924
vn -0.1247 -0.0296 -0.9918
vn -0.1152 -0.3372 0.9344
vn 0.5653 -0.8074 -0.1689
vn -0.1678 -0.0625 -0.9838
vn 0.5653 -0.8095 -0.1583
vn -0.1276 -0.1118 -0.9855
vn -0.1164 -0.0451 -0.9922
vn -0.1410 -0.1899 -0.9716
vn -0.1314 -0.1215 -0.9839
vn -0.2047 -0.2365 -0.9498
vn -0.1949 -0.1655 -0.9668
vn -0.2857 -0.2905 -0.9132
vn -0.2595 -0.2374 -0.9361
vn -0.2803 -0.4437 -0.8512
vn -0.2598 -0.3819 -0.8870
vn -0.1979 -0.5769 -0.7925
vn -0.2057 -0.6452 -0.7358
vn -0.2417 -0.5973 -0.7648
vn -0.2645 -0.6534 -0.7094
vn -0.2536 -0.1240 0.9593
vn -0.0311 0.5971 0.8015
vn -0.0316 0.0288 -0.9991
vn -0.2674 -0.1710 0.9483
vn -0.0082 0.8966 0.4427
vn -0.0067 0.5154 -0.8569
vn 0.0839 -0.0687 -0.9941
vn 0.2439 0.3438 -0.9068
vn 0.1146 -0.1058 -0.9878
vn 0.3546 0.1714 -0.9192
vn 0.1186 -0.0883 -0.9890
vn 0.3744 0.1035 -0.9215
vn 0.0712 -0.0127 -0.9974
vn 0.2550 0.1983 -0.9464
vn 0.0535 0.0219 -0.9983
vn 0.1831 0.2398 -0.9534
vn 0.0489 0.0622 -0.9969
vn 0.1689 0.2618 -0.9502
vn 0.2454 0.3212 -0.9147
vn 0.0754 0.1314 -0.9885
vn 0.1013 -0.0119 0.9948
vn 0.0483 0.0957 0.9942
vn 0.2625 0.1250 0.9568
vn 0.1685 0.2201 0.9608
vn 0.5653 -0.8133 -0.1378
vn 0.5653 -0.8110 -0.1505
vn -0.1543 -0.3083 0.9387
vn 0.1831 0.3017 0.9356
vn 0.0531 0.1566 0.9862
vn 0.2534 0.3549 0.8999
vn 0.0694 0.2134 0.9745
vn 0.3736 0.3744 0.8487
vn 0.1168 0.2572 0.9593
vn 0.3546 0.5452 0.7597
vn 0.1127 0.3646 0.9243
vn 0.0837 0.4846 0.8707
vn 0.2459 0.7571 0.6052
vn -0.2829 -0.0585 0.9574
vn -0.2070 -0.1874 0.9602
vn -0.2622 -0.0279 0.9646
vn -0.1984 -0.1392 0.9702
vn -0.2616 -0.0189 0.9650
vn -0.2878 -0.0325 0.9571
vn -0.2000 -0.0949 0.9752
vn -0.2086 -0.1121 0.9716
vn -0.1319 -0.1736 0.9759
vn -0.1416 -0.1757 0.9742
vn -0.1179 -0.2212 0.9681
vn -0.1288 -0.2135 0.9684
vn 0.1736 -0.4225 0.8896
vn 0.1736 0.2196 -0.9600
vn -0.5170 -0.8086 -0.2807
vn 0.2921 0.1593 -0.9430
vn 0.2768 0.0701 -0.9584
vn 0.1788 0.1979 -0.9638
vn 0.3769 0.1424 -0.9152
vn 0.2411 0.2424 -0.9397
vn 0.5012 0.2294 -0.8344
vn 0.3266 0.3089 -0.8933
vn 0.6268 0.2726 -0.7300
vn 0.4287 0.3326 -0.8400
vn 0.5613 0.3147 -0.7655
vn 0.7523 0.1995 -0.6279
vn 0.8469 0.1962 -0.4942
vn 0.6861 0.2928 -0.6660
vn 0.6861 -0.1828 0.7042
vn 0.5613 -0.2273 0.7958
vn 0.7523 -0.2324 0.6165
vn 0.8469 -0.1522 0.5095
vn 0.4287 -0.2594 0.8654
vn 0.6268 -0.2383 0.7419
vn 0.3266 -0.3110 0.8925
vn 0.5012 -0.3369 0.7970
vn 0.2411 -0.3920 0.8878
vn 0.3769 -0.4552 0.8066
vn 0.1788 -0.4418 0.8791
vn 0.2768 -0.5388 0.7957
vn 0.2921 -0.4592 0.8389
vn -0.3008 0.0191 0.9535
vn -0.3804 -0.2456 0.8916
vn -0.4119 -0.8608 -0.2988
vn -0.0319 -0.9442 -0.3278
vn -0.0812 -0.3247 0.9423
vn -0.0215 0.3341 -0.9423
vn -0.3789 0.3599 -0.8526
vn -0.0443 0.3811 -0.9235
vn -0.3008 0.6058 -0.7366
vn -0.0624 0.3740 -0.9253
vn -0.4142 0.5222 -0.7455
vn -0.0919 0.3583 -0.9291
vn -0.5561 0.3971 -0.7301
vn -0.1294 0.3380 -0.9322
vn -0.6882 0.2644 -0.6756
vn -0.1795 0.3635 -0.9142
vn -0.7959 0.3002 -0.5258
vn -0.2286 0.4311 -0.8729
vn -0.8158 0.4751 -0.3299
vn -0.1795 -0.2811 0.9428
vn -0.2286 -0.2024 0.9522
vn -0.7959 -0.0902 0.5987
vn -0.8158 0.1685 0.5533
vn -0.1294 -0.3123 0.9411
vn -0.6882 -0.2110 0.6942
vn -0.0919 -0.2944 0.9513
vn -0.5561 -0.1407 0.8192
vn -0.0624 -0.2798 0.9580
vn -0.4142 -0.0520 0.9087
vn -0.0443 -0.2731 0.9610
vn -0.2010 -0.3291 0.9226
vn -0.2174 -0.3142 0.9241
vn -0.2010 0.3133 -0.9281
vn -0.2174 0.3260 -0.9201
vn -0.3638 0.2924 -0.8844
vn -0.3827 0.3247 -0.8649
vn 0.2907 0.3235 -0.9005
vn 0.3080 0.3069 -0.9005
vn 0.3031 0.4080 -0.8612
vn -0.3765 0.1891 -0.9069
vn 0.3349 0.3480 -0.8756
vn -0.4150 0.2702 -0.8688
vn 0.3962 0.2849 -0.8728
vn -0.4845 0.3345 -0.8083
vn 0.4676 0.1874 -0.8639
vn -0.5532 0.4030 -0.7291
vn 0.5065 0.2672 -0.8198
vn -0.5937 0.2953 -0.7486
vn 0.5538 0.4364 -0.7091
vn -0.6410 0.0900 -0.7622
vn 0.5445 0.7184 -0.4329
vn -0.7064 0.1528 -0.6912
vn -0.5684 -0.2756 0.7752
vn -0.5684 0.2640 -0.7793
vn 0.5404 0.7182 -0.4384
vn 0.5404 0.2921 0.7891
vn -0.7064 -0.3083 0.6372
vn 0.5445 0.2957 0.7849
vn -0.6410 -0.4016 0.6540
vn 0.5538 -0.0968 0.8270
vn -0.5937 -0.2320 0.7705
vn 0.5065 -0.2982 0.8090
vn -0.5532 -0.1355 0.8220
vn 0.4676 -0.3882 0.7942
vn -0.4845 -0.2382 0.8417
vn 0.3962 -0.3171 0.8616
vn -0.4150 -0.3262 0.8493
vn 0.3349 -0.2694 0.9029
vn -0.3765 -0.4135 0.8290
vn 0.3031 -0.2134 0.9288
vn -0.3638 -0.3185 0.8753
vn 0.2907 -0.3040 0.9072
vn -0.3827 -0.2810 0.8801
vn 0.3080 -0.3170 0.8970
vn -0.0000 -0.9447 -0.3279
vn 0.2457 -0.3323 0.9106
vn 0.2457 0.3034 -0.9206
vn 0.2276 0.3261 -0.9175
vn 0.2276 -0.3125 0.9222
vn 0.2449 0.4043 -0.8812
vn 0.2449 -0.2286 0.9422
vn 0.2830 0.3664 -0.8864
vn 0.2830 -0.2616 0.9228
vn 0.3499 0.3219 -0.8797
vn 0.3499 -0.2924 0.8900
vn 0.4382 0.2205 -0.8714
vn 0.4382 -0.3668 0.8206
vn 0.4871 0.2854 -0.8254
vn 0.4871 -0.2874 0.8247
vn 0.5353 0.4799 -0.6951
vn 0.5353 -0.0540 0.8429
vn -0.2167 -0.3734 0.9020
vn -0.2582 -0.3139 0.9137
vn -0.2167 0.2658 -0.9394
vn -0.2582 0.3198 -0.9117
vn -0.3277 -0.2498 0.9111
vn -0.3277 0.3685 -0.8700
vn -0.3985 -0.1885 0.8976
vn -0.3985 0.4081 -0.8213
vn -0.4418 -0.2565 0.8597
vn -0.4418 0.3314 -0.8337
vn -0.5027 -0.3666 0.7829
vn -0.5027 0.1973 -0.8416
vn -0.1736 -0.4225 0.8896
vn -0.1736 0.2196 -0.9600
vn 0.5170 -0.8086 -0.2807
vn -0.2921 0.1593 -0.9430
vn -0.2768 0.0701 -0.9584
vn -0.1788 0.1979 -0.9638
vn -0.3769 0.1424 -0.9152
vn -0.2411 0.2424 -0.9397
vn -0.5012 0.2294 -0.8344
vn -0.3266 0.3089 -0.8933
vn -0.6268 0.2726 -0.7300
vn -0.4287 0.3326 -0.8400
vn -0.5613 0.3147 -0.7655
vn -0.7523 0.1995 -0.6279
vn -0.8469 0.1962 -0.4942
vn -0.6861 0.2928 -0.6660
vn -0.6861 -0.1828 0.7042
vn -0.5613 -0.2273 0.7958
vn -0.7523 -0.2324 0.6165
vn -0.8469 -0.1522 0.5095
vn -0.4287 -0.2594 0.8654
vn -0.6268 -0.2383 0.7419
vn -0.3266 -0.3110 0.8925
vn -0.5012 -0.3369 0.7970
vn -0.2411 -0.3920 0.8878
vn -0.3769 -0.4552 0.8066
vn -0.1788 -0.4418 0.8791
vn -0.2768 -0.5388 0.7957
vn -0.2921 -0.4592 0.8389
vn 0.3008 0.0191 0.9535
vn 0.3804 -0.2456 0.8916
vn 0.4119 -0.8608 -0.2988
vn 0.0319 -0.9442 -0.3278
vn 0.0812 -0.3247 0.9423
vn 0.0215 0.3341 -0.9423
vn 0.3789 0.3599 -0.8526
vn 0.0443 0.3811 -0.9235
vn 0.3008 0.6058 -0.7366
vn 0.0624 0.3740 -0.9253
vn 0.4142 0.5222 -0.7455
vn 0.0919 0.3583 -0.9291
vn 0.5561 0.3971 -0.7301
vn 0.1294 0.3380 -0.9322
vn 0.6882 0.2644 -0.6756
vn 0.1795 0.3635 -0.9142
vn 0.7959 0.3002 -0.5258
vn 0.2286 0.4311 -0.8729
vn 0.8158 0.4751 -0.3299
vn 0.1795 -0.2811 0.9428
vn 0.2286 -0.2025 0.9522
vn 0.7959 -0.0902 0.5987
vn 0.8158 0.1685 0.5533
vn 0.1294 -0.3123 0.9411
vn 0.6882 -0.2110 0.6942
vn 0.0919 -0.2944 0.9513
vn 0.5561 -0.1407 0.8191
vn 0.0624 -0.2798 0.9580
vn 0.4142 -0.0520 0.9087
vn 0.0443 -0.2731 0.9610
vn 0.1736 -0.2196 0.9600
vn 0.1736 0.4225 -0.8896
vn -0.5170 0.8086 0.2807
vn 0.2921 0.4592 -0.8389
vn 0.2768 0.5388 -0.7957
vn 0.1788 0.4418 -0.8791
vn 0.3769 0.4552 -0.8066
vn 0.2411 0.3920 -0.8878
vn 0.5012 0.3369 -0.7970
vn 0.3266 0.3110 -0.8925
vn 0.6268 0.2383 -0.7419
vn 0.4287 0.2594 -0.8654
vn 0.5613 0.2273 -0.7958
vn 0.7523 0.2324 -0.6165
vn 0.8469 0.1522 -0.5095
vn 0.6861 0.1828 -0.7042
vn 0.6861 -0.2928 0.6660
vn 0.5613 -0.3147 0.7655
vn 0.7523 -0.1995 0.6279
vn 0.8469 -0.1962 0.4942
vn 0.4287 -0.3326 0.8400
vn 0.6268 -0.2726 0.7300
vn 0.3266 -0.3089 0.8933
vn 0.5012 -0.2294 0.8344
vn 0.2411 -0.2424 0.9397
vn 0.3769 -0.1424 0.9152
vn 0.1788 -0.1979 0.9638
vn 0.2768 -0.0701 0.9584
vn 0.2921 -0.1593 0.9430
vn -0.3008 -0.6058 0.7366
vn -0.3804 -0.3596 0.8520
vn -0.4119 0.8608 0.2988
vn -0.0319 0.9442 0.3278
vn -0.0812 -0.3289 0.9409
vn -0.0215 0.3216 -0.9466
vn -0.3789 0.2457 -0.8922
vn -0.0443 0.2731 -0.9610
vn -0.3008 -0.0191 -0.9535
vn -0.0624 0.2798 -0.9580
vn -0.4142 0.0520 -0.9087
vn -0.0919 0.2944 -0.9513
vn -0.5561 0.1407 -0.8192
vn -0.1294 0.3123 -0.9411
vn -0.6882 0.2110 -0.6942
vn -0.1795 0.2811 -0.9428
vn -0.7959 0.0902 -0.5987
vn -0.2286 0.2024 -0.9522
vn -0.8158 -0.1685 -0.5533
vn -0.1795 -0.3635 0.9141
vn -0.2286 -0.4311 0.8729
vn -0.7959 -0.3002 0.5258
vn -0.8158 -0.4751 0.3299
vn -0.1294 -0.3380 0.9322
vn -0.6882 -0.2644 0.6756
vn -0.0919 -0.3583 0.9291
vn -0.5561 -0.3971 0.7301
vn -0.0624 -0.3740 0.9253
vn -0.4142 -0.5222 0.7455
vn -0.0443 -0.3811 0.9235
vn -0.2010 -0.3133 0.9281
vn -0.2174 -0.3260 0.9201
vn -0.2010 0.3291 -0.9226
vn -0.2174 0.3142 -0.9241
vn -0.3638 0.3185 -0.8753
vn -0.3827 0.2810 -0.8801
vn 0.2907 0.3040 -0.9072
vn 0.3080 0.3170 -0.8970
vn 0.3031 0.2134 -0.9288
vn -0.3765 0.4135 -0.8290
vn 0.3349 0.2694 -0.9029
vn -0.4150 0.3262 -0.8493
vn 0.3962 0.3171 -0.8616
vn -0.4845 0.2382 -0.8417
vn 0.4676 0.3882 -0.7942
vn -0.5532 0.1355 -0.8220
vn 0.5065 0.2982 -0.8090
vn -0.5937 0.2320 -0.7705
vn 0.5538 0.0968 -0.8270
vn -0.6410 0.4016 -0.6540
vn 0.5445 -0.2957 -0.7849
vn -0.7064 0.3083 -0.6372
vn -0.5684 -0.2640 0.7793
vn -0.5684 0.2756 -0.7752
vn 0.5404 -0.2921 -0.7891
vn 0.5404 -0.7182 0.4384
vn -0.7064 -0.1528 0.6912
vn 0.5445 -0.7184 0.4329
vn -0.6410 -0.0900 0.7622
vn 0.5538 -0.4364 0.7091
vn -0.5937 -0.2953 0.7486
vn 0.5065 -0.2672 0.8198
vn -0.5532 -0.4030 0.7291
vn 0.4676 -0.1874 0.8639
vn -0.4845 -0.3345 0.8083
vn 0.3962 -0.2849 0.8728
vn -0.4150 -0.2702 0.8688
vn 0.3349 -0.3480 0.8756
vn -0.3765 -0.1891 0.9069
vn 0.3031 -0.4080 0.8612
vn -0.3638 -0.2924 0.8844
vn 0.2907 -0.3235 0.9005
vn -0.3827 -0.3247 0.8649
vn 0.3080 -0.3069 0.9005
vn -0.0000 0.9447 0.3279
vn 0.2457 -0.3034 0.9206
vn 0.2457 0.3323 -0.9106
vn 0.2276 0.3125 -0.9222
vn 0.2276 -0.3261 0.9175
vn 0.2449 0.2286 -0.9422
vn 0.2449 -0.4043 0.8812
vn 0.2830 0.2616 -0.9228
vn 0.2830 -0.3664 0.8864
vn 0.3499 0.2924 -0.8900
vn 0.3499 -0.3219 0.8797
vn 0.4382 0.3668 -0.8206
vn 0.4382 -0.2205 0.8714
vn 0.4871 0.2874 -0.8247
vn 0.4871 -0.2854 0.8254
vn 0.5353 0.0540 -0.8429
vn 0.5353 -0.4799 0.6951
vn -0.2167 -0.2658 0.9394
vn -0.2582 -0.3198 0.9117
vn -0.2167 0.3734 -0.9020
vn -0.2582 0.3139 -0.9137
vn -0.3277 -0.3685 0.8700
vn -0.3277 0.2498 -0.9111
vn -0.3985 -0.4081 0.8213
vn -0.3985 0.1885 -0.8976
vn -0.4418 -0.3314 0.8337
vn -0.4418 0.2565 -0.8597
vn -0.5027 -0.1973 0.8416
vn -0.5027 0.3666 -0.7829
vn -0.1736 -0.2196 0.9600
vn -0.1736 0.4225 -0.8896
vn 0.5170 0.8086 0.2807
vn -0.2921 0.4592 -0.8389
vn -0.2768 0.5388 -0.7957
vn -0.1788 0.4418 -0.8791
vn -0.3769 0.4552 -0.8066
vn -0.2411 0.3920 -0.8878
vn -0.5012 0.3369 -0.7970
vn -0.3266 0.3110 -0.8925
vn -0.6268 0.2383 -0.7419
vn -0.4287 0.2594 -0.8654
vn -0.5613 0.2273 -0.7958
vn -0.7523 0.2324 -0.6165
vn -0.8469 0.1522 -0.5095
vn -0.6861 0.1828 -0.7042
vn -0.6861 -0.2928 0.6660
vn -0.5613 -0.3147 0.7655
vn -0.7523 -0.1995 0.6279
vn -0.8469 -0.1962 0.4942
vn -0.4287 -0.3326 0.8400
vn -0.6268 -0.2726 0.7300
vn -0.3266 -0.3089 0.8933
vn -0.5012 -0.2294 0.8344
vn -0.2411 -0.2424 0.9397
vn -0.3769 -0.1424 0.9152
vn -0.1788 -0.1979 0.9638
vn -0.2768 -0.0701 0.9584
vn -0.2921 -0.1593 0.9430
vn 0.3008 -0.6058 0.7366
vn 0.3804 -0.3596 0.8520
vn 0.4119 0.8608 0.2988
vn 0.0319 0.9442 0.3278
vn 0.0812 -0.3289 0.9409
vn 0.0215 0.3216 -0.9466
vn 0.3789 0.2457 -0.8922
vn 0.0443 0.2731 -0.9610
vn 0.3008 -0.0191 -0.9535
vn 0.0624 0.2798 -0.9580
vn 0.4142 0.0520 -0.9087
vn 0.0919 0.2944 -0.9513
vn 0.5561 0.1407 -0.8191
vn 0.1294 0.3123 -0.9411
vn 0.6882 0.2110 -0.6942
vn 0.1795 0.2811 -0.9428
vn 0.7959 0.0902 -0.5987
vn 0.2286 0.2025 -0.9522
vn 0.8158 -0.1685 -0.5533
vn 0.1795 -0.3635 0.9141
vn 0.2286 -0.4311 0.8729
vn 0.7959 -0.3002 0.5258
vn 0.8158 -0.4751 0.3299
vn 0.1294 -0.3380 0.9322
vn 0.6882 -0.2644 0.6756
vn 0.0919 -0.3583 0.9291
vn 0.5561 -0.3971 0.7301
vn 0.0624 -0.3740 0.9253
vn 0.4142 -0.5222 0.7455
vn 0.0443 -0.3811 0.9235
vn -0.0993 -0.4895 0.8663
vn -0.0993 0.1526 -0.9833
vn -0.8789 0.4507 0.1564
vn -0.1451 0.0267 -0.9891
vn -0.2351 0.0324 -0.9714
vn -0.1207 0.1455 -0.9820
vn -0.1480 -0.0641 -0.9869
vn -0.0680 0.0862 -0.9940
vn -0.0338 -0.1924 -0.9807
vn 0.0139 0.0016 -0.9999
vn 0.0470 -0.3352 -0.9410
vn 0.0585 -0.1069 -0.9925
vn 0.0721 -0.2567 -0.9638
vn 0.0173 -0.4947 -0.8689
vn 0.0623 -0.6240 -0.7789
vn 0.0898 -0.4071 -0.9090
vn 0.0898 -0.8827 0.4612
vn 0.0721 -0.7986 0.5975
vn 0.0173 -0.9267 0.3755
vn 0.0623 -0.9724 0.2248
vn 0.0585 -0.6989 0.7128
vn 0.0470 -0.8461 0.5309
vn 0.0139 -0.6182 0.7859
vn -0.0338 -0.7586 0.6506
vn -0.0680 -0.5482 0.8336
vn -0.1480 -0.6618 0.7350
vn -0.1207 -0.4942 0.8609
vn -0.2351 -0.5765 0.7826
vn -0.1451 -0.5919 0.7929
vn 0.3165 0.0049 0.9486
vn 0.0428 0.0590 0.9973
vn -0.9292 0.3490 0.1212
vn -0.9999 -0.0134 -0.0047
vn -0.0015 -0.2501 0.9682
vn 0.0056 0.3484 -0.9373
vn 0.0429 0.6631 -0.7473
vn 0.0550 0.3713 -0.9269
vn 0.3165 0.5916 -0.7415
vn 0.0469 0.3879 -0.9205
vn 0.2296 0.6888 -0.6876
vn 0.0296 0.4145 -0.9096
vn 0.1099 0.7996 -0.5904
vn 0.0076 0.4478 -0.8941
vn -0.0035 0.8884 -0.4590
vn 0.0353 0.4935 -0.8690
vn 0.0743 0.9511 -0.2999
vn 0.1103 0.5378 -0.8358
vn 0.3027 0.9380 -0.1692
vn 0.0353 -0.1510 0.9879
vn 0.1103 -0.0957 0.9893
vn 0.0743 0.5607 0.8247
vn 0.3027 0.6314 0.7140
vn 0.0076 -0.2025 0.9793
vn -0.0035 0.4129 0.9108
vn 0.0296 -0.2382 0.9708
vn 0.1099 0.2618 0.9589
vn 0.0469 -0.2658 0.9629
vn 0.2296 0.1146 0.9665
vn 0.0550 -0.2828 0.9576
vn -0.0176 -0.1319 0.9911
vn -0.0038 -0.1147 0.9934
vn -0.0176 0.5106 -0.8597
vn -0.0038 0.5255 -0.8508
vn -0.0306 0.6482 -0.7609
vn 0.0054 0.6650 -0.7468
vn 0.0237 0.0398 -0.9989
vn 0.0088 0.0210 -0.9997
vn 0.1169 0.0291 -0.9927
vn -0.1360 0.6514 -0.7464
vn 0.0570 -0.0055 -0.9984
vn -0.0488 0.6886 -0.7235
vn 0.0012 -0.0736 -0.9973
vn 0.0286 0.7458 -0.6655
vn -0.0846 -0.1581 -0.9838
vn 0.1159 0.7974 -0.5922
vn 0.0069 -0.1960 -0.9806
vn 0.0061 0.8254 -0.5646
vn 0.2050 -0.2482 -0.9468
vn -0.1943 0.8436 -0.5006
vn 0.5613 -0.2791 -0.7792
vn -0.1148 0.8936 -0.4340
vn -0.0324 0.2663 0.9633
vn -0.0324 0.8059 -0.5912
vn 0.5590 -0.2736 -0.7827
vn 0.5590 -0.6997 0.4448
vn -0.1148 0.4325 0.8943
vn 0.5613 -0.7018 0.4386
vn -0.1943 0.3520 0.9156
vn 0.2050 -0.7814 0.5894
vn 0.0061 0.2980 0.9545
vn 0.0069 -0.7614 0.6482
vn 0.1159 0.2590 0.9589
vn -0.0846 -0.7336 0.6743
vn 0.0286 0.1731 0.9845
vn 0.0012 -0.6757 0.7372
vn -0.0488 0.0922 0.9945
vn 0.0570 -0.6229 0.7802
vn -0.1360 0.0488 0.9895
vn 0.1169 -0.5922 0.7973
vn -0.0306 0.0373 0.9988
vn 0.0237 -0.5877 0.8088
vn 0.0054 0.0593 0.9982
vn 0.0088 -0.6029 0.7978
vn -0.9989 -0.0435 -0.0151
vn -0.0039 -0.5503 0.8349
vn -0.0039 0.0854 -0.9963
vn 0.0177 0.1048 -0.9943
vn 0.0177 -0.5338 0.8454
vn 0.1042 0.0894 -0.9905
vn 0.1042 -0.5435 0.8329
vn 0.0684 0.0494 -0.9964
vn 0.0684 -0.5786 0.8127
vn 0.0317 -0.0224 -0.9992
vn 0.0317 -0.6367 0.7705
vn -0.0571 -0.1233 -0.9907
vn -0.0571 -0.7106 0.7013
vn 0.0214 -0.1733 -0.9846
vn 0.0214 -0.7461 0.6655
vn 0.2499 -0.2285 -0.9409
vn 0.2499 -0.7623 0.5970
vn -0.0668 -0.1176 0.9908
vn -0.0088 -0.0730 0.9973
vn -0.0668 0.5216 -0.8506
vn -0.0088 0.5606 -0.8281
vn 0.0476 0.0029 0.9989
vn 0.0476 0.6212 -0.7822
vn 0.0977 0.0828 0.9918
vn 0.0977 0.6795 -0.7271
vn 0.0192 0.1247 0.9920
vn 0.0192 0.7125 -0.7014
vn -0.1126 0.1886 0.9756
vn -0.1126 0.7525 -0.6489
vn -0.1153 -0.1619 0.9800
vn -0.1153 0.4801 -0.8696
vn -0.8312 -0.5252 -0.1823
vn -0.1721 0.5780 -0.7977
vn -0.2606 0.5549 -0.7901
vn -0.1372 0.4830 -0.8648
vn -0.1828 0.6473 -0.7400
vn -0.0902 0.5413 -0.8360
vn -0.0800 0.7537 -0.6524
vn -0.0162 0.6181 -0.7859
vn -0.0108 0.8477 -0.5303
vn 0.0190 0.7023 -0.7117
vn 0.0204 0.8027 -0.5961
vn -0.0521 0.9251 -0.3760
vn -0.0158 0.9744 -0.2241
vn 0.0265 0.8878 -0.4595
vn 0.0265 0.4122 0.9107
vn 0.0204 0.2607 0.9652
vn -0.0521 0.4932 0.8684
vn -0.0158 0.6260 0.7796
vn 0.0190 0.1103 0.9937
vn -0.0108 0.3368 0.9415
vn -0.0162 -0.0017 0.9999
vn -0.0800 0.1874 0.9790
vn -0.0902 -0.0931 0.9916
vn -0.1828 0.0496 0.9819
vn -0.1372 -0.1567 0.9781
vn -0.2606 -0.0540 0.9639
vn -0.1721 -0.0405 0.9843
vn 0.3443 -0.5628 0.7515
vn 0.0778 -0.6590 0.7481
vn -0.8913 -0.4284 -0.1487
vn -0.9970 -0.0736 -0.0255
vn 0.0060 -0.4034 0.9150
vn 0.0076 0.3079 -0.9514
vn 0.0779 -0.0522 -0.9956
vn 0.0591 0.2878 -0.9559
vn 0.3443 0.0239 -0.9386
vn 0.0527 0.2702 -0.9614
vn 0.2677 -0.0929 -0.9590
vn 0.0381 0.2411 -0.9698
vn 0.1612 -0.2499 -0.9547
vn 0.0196 0.2036 -0.9788
vn 0.0600 -0.4105 -0.9099
vn 0.0518 0.1548 -0.9866
vn 0.1477 -0.5511 -0.8213
vn 0.1314 0.1063 -0.9856
vn 0.3779 -0.6017 -0.7037
vn 0.0518 -0.4898 0.8703
vn 0.1314 -0.5272 0.8395
vn 0.1477 -0.9414 0.3032
vn 0.3779 -0.9083 0.1795
vn 0.0196 -0.4466 0.8945
vn 0.0600 -0.8859 0.4599
vn 0.0381 -0.4116 0.9106
vn 0.1612 -0.7877 0.5945
vn 0.0527 -0.3836 0.9220
vn 0.2677 -0.6671 0.6952
vn 0.0591 -0.3664 0.9286
vn 0.1153 -0.4801 0.8696
vn 0.1153 0.1619 -0.9800
vn 0.8312 0.5252 0.1823
vn 0.1721 0.0405 -0.9843
vn 0.2606 0.0540 -0.9639
vn 0.1372 0.1567 -0.9781
vn 0.1828 -0.0496 -0.9819
vn 0.0902 0.0931 -0.9916
vn 0.0800 -0.1874 -0.9790
vn 0.0162 0.0017 -0.9999
vn 0.0108 -0.3368 -0.9415
vn -0.0190 -0.1103 -0.9937
vn -0.0204 -0.2607 -0.9652
vn 0.0521 -0.4932 -0.8684
vn 0.0158 -0.6260 -0.7796
vn -0.0265 -0.4122 -0.9107
vn -0.0265 -0.8878 0.4595
vn -0.0204 -0.8027 0.5961
vn 0.0521 -0.9251 0.3760
vn 0.0158 -0.9744 0.2241
vn -0.0190 -0.7023 0.7117
vn 0.0108 -0.8477 0.5303
vn 0.0162 -0.6181 0.7859
vn 0.0800 -0.7537 0.6524
vn 0.0902 -0.5413 0.8360
vn 0.1828 -0.6473 0.7400
vn 0.1372 -0.4830 0.8648
vn 0.2606 -0.5549 0.7901
vn 0.1721 -0.5780 0.7977
vn -0.3443 -0.0239 0.9386
vn -0.0778 0.0538 0.9955
vn 0.8913 0.4284 0.1487
vn 0.9970 0.0736 0.0256
vn -0.0060 -0.2503 0.9681
vn -0.0076 0.3478 -0.9375
vn -0.0779 0.6578 -0.7492
vn -0.0591 0.3664 -0.9286
vn -0.3443 0.5628 -0.7515
vn -0.0527 0.3836 -0.9220
vn -0.2677 0.6671 -0.6952
vn -0.0381 0.4116 -0.9106
vn -0.1612 0.7877 -0.5946
vn -0.0196 0.4466 -0.8945
vn -0.0600 0.8859 -0.4599
vn -0.0518 0.4898 -0.8703
vn -0.1477 0.9414 -0.3032
vn -0.1314 0.5272 -0.8395
vn -0.3779 0.9083 -0.1795
vn -0.0518 -0.1548 0.9866
vn -0.1314 -0.1063 0.9856
vn -0.1477 0.5511 0.8213
vn -0.3779 0.6017 0.7037
vn -0.0196 -0.2036 0.9789
vn -0.0600 0.4105 0.9099
vn -0.0381 -0.2411 0.9698
vn -0.1612 0.2499 0.9547
vn -0.0527 -0.2702 0.9614
vn -0.2677 0.0929 0.9590
vn -0.0591 -0.2878 0.9559
vn -0.0009 -0.1311 0.9914
vn -0.0162 -0.1152 0.9932
vn -0.0009 0.5113 -0.8594
vn -0.0162 0.5249 -0.8510
vn -0.0030 0.6494 -0.7605
vn -0.0407 0.6630 -0.7475
vn 0.0031 0.0389 -0.9992
vn 0.0196 0.0215 -0.9996
vn -0.0889 0.0202 -0.9958
vn 0.1013 0.6618 -0.7428
vn -0.0262 -0.0091 -0.9996
vn 0.0105 0.6911 -0.7226
vn 0.0353 -0.0722 -0.9968
vn -0.0732 0.7414 -0.6670
vn 0.1277 -0.1488 -0.9806
vn -0.1669 0.7851 -0.5965
vn 0.0397 -0.1946 -0.9801
vn -0.0608 0.8224 -0.5656
vn -0.1540 -0.2639 -0.9522
vn 0.1352 0.8579 -0.4957
vn -0.5111 -0.3259 -0.7954
vn 0.0496 0.9007 -0.4316
vn -0.0200 0.2668 0.9635
vn -0.0200 0.8064 -0.5910
vn -0.5092 -0.3202 -0.7989
vn -0.5092 -0.7463 0.4287
vn 0.0496 0.4396 0.8968
vn -0.5111 -0.7486 0.4224
vn 0.1352 0.3663 0.9206
vn -0.1540 -0.7971 0.5839
vn -0.0608 0.2951 0.9535
vn 0.0397 -0.7600 0.6487
vn -0.1669 0.2467 0.9546
vn 0.1277 -0.7244 0.6775
vn -0.0732 0.1687 0.9829
vn 0.0353 -0.6742 0.7377
vn 0.0105 0.0948 0.9954
vn -0.0262 -0.6265 0.7790
vn 0.1013 0.0592 0.9931
vn -0.0889 -0.6012 0.7942
vn -0.0030 0.0385 0.9993
vn 0.0031 -0.5885 0.8085
vn -0.0407 0.0573 0.9975
vn 0.0196 -0.6024 0.7979
vn 0.9989 0.0435 0.0151
vn 0.0266 -0.5490 0.8354
vn 0.0266 0.0867 -0.9959
vn 0.0033 0.1042 -0.9946
vn 0.0033 -0.5344 0.8452
vn -0.0816 0.0813 -0.9933
vn -0.0816 -0.5516 0.8301
vn -0.0423 0.0445 -0.9981
vn -0.0423 -0.5834 0.8110
vn 0.0005 -0.0237 -0.9997
vn 0.0005 -0.6380 0.7700
vn 0.0975 -0.1165 -0.9884
vn 0.0975 -0.7039 0.7036
vn 0.0235 -0.1732 -0.9846
vn 0.0235 -0.7460 0.6655
vn -0.2005 -0.2481 -0.9478
vn -0.2005 -0.7819 0.5902
vn 0.0469 -0.1126 0.9925
vn -0.0150 -0.0733 0.9972
vn 0.0469 0.5266 -0.8488
vn -0.0150 0.5603 -0.8282
vn -0.0778 -0.0026 0.9970
vn -0.0778 0.6157 -0.7841
vn -0.1345 0.0727 0.9882
vn -0.1345 0.6694 -0.7307
vn -0.0600 0.1213 0.9908
vn -0.0600 0.7091 -0.7026
vn 0.0663 0.1964 0.9783
vn 0.0663 0.7603 -0.6462
vn 0.0993 -0.1526 0.9833
vn 0.0993 0.4895 -0.8663
vn 0.8789 -0.4507 -0.1564
vn 0.1451 0.5919 -0.7929
vn 0.2351 0.5765 -0.7826
vn 0.1207 0.4942 -0.8609
vn 0.1480 0.6618 -0.7350
vn 0.0680 0.5482 -0.8336
vn 0.0338 0.7586 -0.6506
vn -0.0139 0.6182 -0.7859
vn -0.0470 0.8461 -0.5309
vn -0.0585 0.6989 -0.7128
vn -0.0721 0.7986 -0.5975
vn -0.0173 0.9267 -0.3755
vn -0.0623 0.9724 -0.2248
vn -0.0898 0.8827 -0.4612
vn -0.0898 0.4071 0.9090
vn -0.0721 0.2567 0.9638
vn -0.0173 0.4947 0.8689
vn -0.0623 0.6240 0.7789
vn -0.0585 0.1069 0.9925
vn -0.0470 0.3352 0.9410
vn -0.0139 -0.0016 0.9999
vn 0.0338 0.1924 0.9807
vn 0.0680 -0.0862 0.9940
vn 0.1480 0.0641 0.9869
vn 0.1207 -0.1455 0.9820
vn 0.2351 -0.0324 0.9714
vn 0.1451 -0.0267 0.9891
vn -0.3165 -0.5916 0.7415
vn -0.0428 -0.6643 0.7463
vn 0.9292 -0.3490 -0.1212
vn 0.9999 0.0134 0.0047
vn 0.0015 -0.4036 0.9150
vn -0.0056 0.3073 -0.9516
vn -0.0429 -0.0574 -0.9974
vn -0.0550 0.2828 -0.9576
vn -0.3165 -0.0049 -0.9486
vn -0.0469 0.2658 -0.9629
vn -0.2296 -0.1146 -0.9665
vn -0.0296 0.2382 -0.9708
vn -0.1099 -0.2618 -0.9589
vn -0.0076 0.2025 -0.9793
vn 0.0035 -0.4129 -0.9108
vn -0.0353 0.1510 -0.9879
vn -0.0743 -0.5607 -0.8247
vn -0.1103 0.0957 -0.9893
vn -0.3027 -0.6314 -0.7140
vn -0.0353 -0.4935 0.8690
vn -0.1103 -0.5378 0.8358
vn -0.0743 -0.9511 0.2999
vn -0.3027 -0.9380 0.1692
vn -0.0076 -0.4478 0.8941
vn 0.0035 -0.8884 0.4590
vn -0.0296 -0.4145 0.9096
vn -0.1099 -0.7996 0.5904
vn -0.0469 -0.3879 0.9205
vn -0.2296 -0.6888 0.6876
vn -0.0551 -0.3713 0.9269
vt 0.702309 0.637702
vt 0.791829 0.637702
vt 0.780313 0.663995
vt 0.716609 0.674507
vt 0.636245 0.698169
vt 0.662502 0.709744
vt 0.672984 0.773456
vt 0.636165 0.787738
vt 0.815689 0.718103
vt 0.851879 0.704065
vt 0.757892 0.714997
vt 0.734113 0.719536
vt 0.713501 0.732218
vt 0.718035 0.755982
vt 0.770586 0.735598
vt 0.751032 0.730551
vt 0.739436 0.733241
vt 0.729060 0.739074
vt 0.731748 0.750663
vt 0.756865 0.740920
vt 0.853896 0.802185
vt 0.864634 0.831437
vt 0.820408 0.858725
vt 0.799159 0.848940
vt 0.925622 0.802542
vt 0.915811 0.823709
vt 0.972164 0.856993
vt 0.942912 0.867759
vt 0.828138 0.910077
vt 0.799366 0.920663
vt 0.860720 0.877260
vt 0.876560 0.863906
vt 0.897286 0.864055
vt 0.330525 0.392095
vt 0.309324 0.390228
vt 0.310560 0.352080
vt 0.331718 0.353985
vt 0.860923 0.898018
vt 0.874081 0.883238
vt 0.879766 0.872389
vt 0.891378 0.877119
vt 0.075069 0.012624
vt 0.068673 0.012939
vt 0.064865 0.003215
vt 0.071409 0.003020
vt 0.869585 0.894815
vt 0.041875 0.079975
vt 0.032076 0.152068
vt 0.003186 0.150960
vt 0.010186 0.078373
vt 0.036677 0.223928
vt 0.004677 0.223892
vt 0.031521 0.296131
vt 0.002553 0.296131
vt 0.035488 0.002723
vt 0.006575 0.011076
vt 0.293875 0.275544
vt 0.298906 0.263772
vt 0.330076 0.265394
vt 0.324698 0.276859
vt 0.297585 0.287826
vt 0.328868 0.288580
vt 0.293196 0.300020
vt 0.323994 0.300020
vt 0.295418 0.251900
vt 0.326431 0.253228
vt 0.216313 0.312518
vt 0.230105 0.300076
vt 0.233188 0.320823
vt 0.218844 0.320823
vt 0.211782 0.316323
vt 0.214884 0.320823
vt 0.046431 0.011032
vt 0.045954 0.002145
vt 0.192895 0.443386
vt 0.178067 0.442803
vt 0.185790 0.437512
vt 0.188732 0.439062
vt 0.182009 0.002071
vt 0.193776 0.006119
vt 0.193398 0.069054
vt 0.182539 0.065846
vt 0.089607 0.450176
vt 0.045954 0.440741
vt 0.050797 0.376652
vt 0.091251 0.383623
vt 0.103842 0.450776
vt 0.104278 0.383835
vt 0.913317 0.021824
vt 0.916331 0.073315
vt 0.850560 0.073315
vt 0.848144 0.025783
vt 0.193118 0.089690
vt 0.182677 0.086089
vt 0.051104 0.356648
vt 0.090648 0.361799
vt 0.103273 0.361100
vt 0.022524 0.727576
vt 0.005736 0.683333
vt 0.203242 0.683416
vt 0.220051 0.727634
vt 0.363202 0.050907
vt 0.363202 0.003576
vt 0.384268 0.004951
vt 0.384267 0.050821
vt 0.005749 0.662225
vt 0.203230 0.662304
vt 0.005736 0.791526
vt 0.021991 0.748646
vt 0.219515 0.748682
vt 0.203183 0.791517
vt 0.193776 0.424287
vt 0.183971 0.422749
vt 0.198500 0.008000
vt 0.243975 0.002011
vt 0.266643 0.347780
vt 0.244944 0.350603
vt 0.186164 0.431188
vt 0.188125 0.432550
vt 0.206913 0.296701
vt 0.206913 0.318581
vt 0.198040 0.318002
vt 0.198040 0.296737
vt 0.301110 0.393556
vt 0.279265 0.394121
vt 0.280460 0.355963
vt 0.302359 0.355440
vt 0.271293 0.390216
vt 0.272469 0.352080
vt 0.786181 0.853928
vt 0.771922 0.817107
vt 0.826052 0.781912
vt 0.852286 0.793563
vt 0.696623 0.853825
vt 0.708206 0.827572
vt 0.775104 0.759370
vt 0.754484 0.772053
vt 0.730711 0.776587
vt 0.759550 0.752510
vt 0.749172 0.758343
vt 0.737578 0.761032
vt 0.917732 0.975449
vt 0.845707 0.975449
vt 0.855531 0.954216
vt 0.906899 0.946232
vt 0.972017 0.928599
vt 0.950818 0.918861
vt 0.874166 0.913994
vt 0.894872 0.913805
vt 0.910512 0.900164
vt 0.258270 0.354105
vt 0.259463 0.392216
vt 0.238305 0.394121
vt 0.237068 0.355973
vt 0.880396 0.900922
vt 0.891800 0.905276
vt 0.897454 0.894002
vt 0.137472 0.440297
vt 0.133812 0.449901
vt 0.127267 0.449706
vt 0.131075 0.439981
vt 0.041875 0.512286
vt 0.010186 0.513889
vt 0.003186 0.441301
vt 0.032076 0.440193
vt 0.004677 0.368370
vt 0.036677 0.368333
vt 0.035488 0.589539
vt 0.006575 0.581185
vt 0.293875 0.324496
vt 0.324698 0.323181
vt 0.330076 0.334646
vt 0.298906 0.336268
vt 0.297585 0.312214
vt 0.328868 0.311460
vt 0.326431 0.346812
vt 0.295418 0.348140
vt 0.216313 0.329129
vt 0.230105 0.341571
vt 0.211782 0.325324
vt 0.108356 0.450776
vt 0.108834 0.441889
vt 0.170038 0.440431
vt 0.172497 0.433942
vt 0.174861 0.433319
vt 0.171734 0.069221
vt 0.170311 0.006316
vt 0.152009 0.002745
vt 0.153653 0.069298
vt 0.113199 0.076269
vt 0.108356 0.012179
vt 0.166245 0.002145
vt 0.166680 0.069086
vt 0.913317 0.124805
vt 0.848144 0.120846
vt 0.172208 0.089700
vt 0.153051 0.091122
vt 0.113506 0.096272
vt 0.165675 0.091821
vt 0.231080 0.759019
vt 0.428606 0.758960
vt 0.411798 0.803178
vt 0.214291 0.803261
vt 0.338570 0.346789
vt 0.359635 0.346875
vt 0.359635 0.392746
vt 0.338570 0.394121
vt 0.411785 0.824291
vt 0.214305 0.824369
vt 0.214291 0.695069
vt 0.411739 0.695078
vt 0.428071 0.737912
vt 0.230547 0.737949
vt 0.168822 0.423290
vt 0.289843 0.002011
vt 0.288525 0.347746
vt 0.177461 0.428532
vt 0.173936 0.428160
vt 0.037108 0.276995
vt 0.045981 0.277031
vt 0.045981 0.298296
vt 0.037108 0.298875
vt 0.228854 0.352644
vt 0.230104 0.390761
vt 0.208204 0.390237
vt 0.207010 0.352080
vt 0.200213 0.394121
vt 0.199038 0.355984
vt 0.532900 0.327196
vt 0.545091 0.322788
vt 0.547402 0.386429
vt 0.526624 0.391151
vt 0.386071 0.438764
vt 0.373851 0.434258
vt 0.367282 0.370097
vt 0.388214 0.374609
vt 0.198970 0.289022
vt 0.198948 0.276009
vt 0.205886 0.278047
vt 0.557382 0.318304
vt 0.568159 0.381512
vt 0.198531 0.262788
vt 0.213482 0.267363
vt 0.569171 0.416176
vt 0.550293 0.421803
vt 0.531392 0.427246
vt 0.569325 0.451038
vt 0.552481 0.454606
vt 0.535596 0.457974
vt 0.573928 0.480050
vt 0.560675 0.483701
vt 0.547542 0.487082
vt 0.585284 0.511193
vt 0.573675 0.514113
vt 0.562199 0.516724
vt 0.590515 0.542898
vt 0.580799 0.545626
vt 0.571275 0.548375
vt 0.579800 0.576609
vt 0.572091 0.578943
vt 0.587699 0.574366
vt 0.580414 0.610887
vt 0.413132 0.180235
vt 0.421187 0.148110
vt 0.420895 0.182494
vt 0.438377 0.185112
vt 0.445730 0.186499
vt 0.604319 0.572198
vt 0.597013 0.573664
vt 0.428952 0.184543
vt 0.610066 0.537949
vt 0.601130 0.540359
vt 0.608810 0.505773
vt 0.597685 0.508210
vt 0.600591 0.472805
vt 0.587789 0.476206
vt 0.603251 0.443781
vt 0.586741 0.447384
vt 0.607166 0.404925
vt 0.588550 0.410544
vt 0.610066 0.372189
vt 0.589429 0.376718
vt 0.570183 0.313158
vt 0.581950 0.308707
vt 0.423686 0.451597
vt 0.411784 0.447440
vt 0.430919 0.383338
vt 0.451597 0.387857
vt 0.430092 0.349277
vt 0.448765 0.354875
vt 0.398525 0.443262
vt 0.409388 0.378842
vt 0.410391 0.344035
vt 0.211428 0.253697
vt 0.208007 0.252624
vt 0.213482 0.241263
vt 0.410510 0.309014
vt 0.428209 0.312234
vt 0.444784 0.315758
vt 0.415064 0.279742
vt 0.429177 0.283208
vt 0.442039 0.286511
vt 0.426605 0.248068
vt 0.439112 0.250871
vt 0.450256 0.253297
vt 0.431879 0.216027
vt 0.442631 0.218486
vt 0.451597 0.220904
vt 0.414761 0.245501
vt 0.421977 0.213624
vt 0.403209 0.243051
vt 0.412360 0.211031
vt 0.388417 0.273161
vt 0.401631 0.276434
vt 0.376382 0.302650
vt 0.393325 0.305900
vt 0.372089 0.333683
vt 0.391118 0.338956
vt 0.060343 0.520584
vt 0.124298 0.514307
vt 0.119577 0.535086
vt 0.055935 0.532774
vt 0.371435 0.443547
vt 0.307280 0.445690
vt 0.302768 0.424758
vt 0.366930 0.431327
vt 0.205539 0.195282
vt 0.212455 0.206257
vt 0.205517 0.208295
vt 0.114660 0.555843
vt 0.051451 0.545065
vt 0.220051 0.216941
vt 0.205100 0.221515
vt 0.154950 0.537977
vt 0.149324 0.556854
vt 0.160393 0.519076
vt 0.187753 0.540164
vt 0.184186 0.557009
vt 0.191122 0.523279
vt 0.216849 0.548358
vt 0.213197 0.561612
vt 0.220230 0.535225
vt 0.247261 0.561358
vt 0.244341 0.572968
vt 0.249872 0.549882
vt 0.278773 0.568482
vt 0.276046 0.578198
vt 0.281522 0.558959
vt 0.312091 0.559775
vt 0.309756 0.567483
vt 0.307514 0.575382
vt 0.344034 0.568098
vt 0.112906 0.470608
vt 0.115165 0.478371
vt 0.080781 0.478663
vt 0.117783 0.495853
vt 0.119170 0.503206
vt 0.305345 0.592003
vt 0.306812 0.584697
vt 0.117214 0.486428
vt 0.271097 0.597750
vt 0.273507 0.588813
vt 0.238921 0.596494
vt 0.241358 0.585368
vt 0.205952 0.588275
vt 0.209354 0.575473
vt 0.176928 0.590935
vt 0.180531 0.574425
vt 0.138073 0.594850
vt 0.143691 0.576234
vt 0.105337 0.597750
vt 0.109865 0.577113
vt 0.046306 0.557867
vt 0.041855 0.569634
vt 0.384268 0.481162
vt 0.320528 0.509072
vt 0.316009 0.488395
vt 0.380111 0.469260
vt 0.287547 0.506241
vt 0.281948 0.487568
vt 0.311513 0.466864
vt 0.375933 0.456000
vt 0.276706 0.467867
vt 0.217997 0.230607
vt 0.220051 0.243041
vt 0.214576 0.231680
vt 0.244906 0.485685
vt 0.241686 0.467986
vt 0.248429 0.502260
vt 0.215879 0.486653
vt 0.212413 0.472539
vt 0.219182 0.499515
vt 0.183542 0.496588
vt 0.180739 0.484081
vt 0.185968 0.507732
vt 0.151157 0.500107
vt 0.148698 0.489355
vt 0.153575 0.509073
vt 0.178172 0.472237
vt 0.146295 0.479453
vt 0.175722 0.460684
vt 0.143702 0.469835
vt 0.205832 0.445893
vt 0.209105 0.459107
vt 0.235321 0.433858
vt 0.238571 0.450801
vt 0.266354 0.429565
vt 0.271627 0.448594
vt 0.534102 0.478708
vt 0.538510 0.490899
vt 0.474868 0.493211
vt 0.470147 0.472432
vt 0.467358 0.367329
vt 0.455138 0.362824
vt 0.448570 0.298662
vt 0.469501 0.303174
vt 0.212107 0.308728
vt 0.212085 0.295715
vt 0.219023 0.297753
vt 0.542994 0.503190
vt 0.479785 0.513968
vt 0.211668 0.282494
vt 0.226619 0.287069
vt 0.445121 0.514979
vt 0.439495 0.496102
vt 0.434052 0.477200
vt 0.410259 0.515134
vt 0.406692 0.498289
vt 0.403323 0.481404
vt 0.381248 0.519736
vt 0.377596 0.506483
vt 0.374215 0.493350
vt 0.350104 0.531092
vt 0.347184 0.519483
vt 0.344573 0.508007
vt 0.318399 0.536323
vt 0.315672 0.526607
vt 0.312923 0.517084
vt 0.284689 0.525608
vt 0.282354 0.517899
vt 0.286931 0.533507
vt 0.250410 0.526223
vt 0.494420 0.108800
vt 0.502475 0.076676
vt 0.502182 0.111059
vt 0.519664 0.113677
vt 0.527018 0.115065
vt 0.289100 0.550128
vt 0.287633 0.542822
vt 0.510240 0.113109
vt 0.323348 0.555874
vt 0.320938 0.546938
vt 0.355524 0.554619
vt 0.353087 0.543493
vt 0.388492 0.546400
vt 0.385091 0.533598
vt 0.417516 0.549060
vt 0.413913 0.532550
vt 0.456372 0.552974
vt 0.450754 0.534358
vt 0.489108 0.555874
vt 0.484580 0.535237
vt 0.548139 0.515991
vt 0.552590 0.527758
vt 0.504973 0.380162
vt 0.493071 0.376006
vt 0.512206 0.311904
vt 0.532884 0.316423
vt 0.511380 0.277843
vt 0.530052 0.283441
vt 0.479812 0.371828
vt 0.490676 0.307407
vt 0.491679 0.272600
vt 0.224565 0.273403
vt 0.221145 0.272330
vt 0.226619 0.260969
vt 0.491797 0.237580
vt 0.509496 0.240800
vt 0.526071 0.244323
vt 0.496351 0.208308
vt 0.510465 0.211773
vt 0.523326 0.215077
vt 0.507892 0.176634
vt 0.520399 0.179436
vt 0.531543 0.181862
vt 0.513166 0.144593
vt 0.523918 0.147051
vt 0.532884 0.149469
vt 0.496048 0.174066
vt 0.503265 0.142190
vt 0.484496 0.171616
vt 0.493647 0.139596
vt 0.469705 0.201726
vt 0.482918 0.205000
vt 0.457669 0.231215
vt 0.474613 0.234466
vt 0.453377 0.262248
vt 0.472406 0.267521
vt 0.607895 0.020931
vt 0.614171 0.084886
vt 0.593393 0.080165
vt 0.595704 0.016523
vt 0.312173 0.048455
vt 0.314316 0.112609
vt 0.293384 0.117121
vt 0.299953 0.052960
vt 0.294216 0.190355
vt 0.301132 0.201330
vt 0.294194 0.203368
vt 0.572636 0.075248
vt 0.583413 0.012039
vt 0.308728 0.212015
vt 0.293777 0.216589
vt 0.590502 0.115538
vt 0.571624 0.109912
vt 0.609403 0.120981
vt 0.588314 0.148341
vt 0.571470 0.144774
vt 0.605199 0.151709
vt 0.580120 0.177437
vt 0.566867 0.173785
vt 0.593253 0.180818
vt 0.567120 0.207849
vt 0.555511 0.204929
vt 0.578596 0.210460
vt 0.559996 0.239361
vt 0.550280 0.236633
vt 0.569520 0.242110
vt 0.568704 0.272679
vt 0.560995 0.270344
vt 0.553096 0.268102
vt 0.560381 0.304622
vt 0.339235 0.306983
vt 0.346997 0.304724
vt 0.347290 0.339108
vt 0.364479 0.302106
vt 0.371833 0.300719
vt 0.536476 0.265933
vt 0.543782 0.267399
vt 0.355055 0.302675
vt 0.530729 0.231685
vt 0.539665 0.234095
vt 0.531985 0.199508
vt 0.543110 0.201946
vt 0.540204 0.166540
vt 0.553006 0.169942
vt 0.537544 0.137516
vt 0.554054 0.141119
vt 0.533629 0.098661
vt 0.552245 0.104279
vt 0.530729 0.065925
vt 0.551366 0.070453
vt 0.570612 0.006894
vt 0.558845 0.002443
vt 0.349788 0.035622
vt 0.377699 0.099361
vt 0.357021 0.103880
vt 0.337886 0.039778
vt 0.374867 0.132343
vt 0.356195 0.137941
vt 0.335491 0.108377
vt 0.324627 0.043956
vt 0.336493 0.143183
vt 0.306674 0.225680
vt 0.308728 0.238115
vt 0.303253 0.226753
vt 0.354311 0.174984
vt 0.336612 0.178204
vt 0.370886 0.171460
vt 0.355280 0.204011
vt 0.341166 0.207476
vt 0.368141 0.200707
vt 0.365214 0.236347
vt 0.352707 0.239150
vt 0.376358 0.233921
vt 0.368733 0.268733
vt 0.357981 0.271191
vt 0.377699 0.266314
vt 0.340863 0.241718
vt 0.348080 0.273594
vt 0.329311 0.244167
vt 0.338462 0.276187
vt 0.314520 0.214057
vt 0.327733 0.210784
vt 0.302484 0.184568
vt 0.319428 0.181318
vt 0.298192 0.153536
vt 0.317221 0.148263
vt 0.809442 0.197638
vt 0.817800 0.197826
vt 0.817613 0.252299
vt 0.803211 0.248735
vt 0.008978 0.857212
vt 0.008790 0.848854
vt 0.059887 0.842623
vt 0.063451 0.857026
vt 0.305359 0.036128
vt 0.301424 0.028753
vt 0.304825 0.027776
vt 0.296250 0.021753
vt 0.305444 0.019075
vt 0.008606 0.840135
vt 0.056379 0.827714
vt 0.077771 0.832062
vt 0.080005 0.844963
vt 0.082208 0.857212
vt 0.099815 0.830839
vt 0.103255 0.841553
vt 0.106521 0.851522
vt 0.127486 0.823251
vt 0.129932 0.831271
vt 0.132071 0.838335
vt 0.146787 0.816372
vt 0.148739 0.823538
vt 0.150178 0.829571
vt 0.170075 0.816731
vt 0.171201 0.820851
vt 0.168366 0.811294
vt 0.190492 0.807737
vt 0.781444 0.360049
vt 0.768331 0.379341
vt 0.777324 0.358924
vt 0.790163 0.339025
vt 0.784130 0.337587
vt 0.771887 0.357215
vt 0.776963 0.335636
vt 0.798925 0.320918
vt 0.791861 0.318780
vt 0.783841 0.316335
vt 0.812111 0.295368
vt 0.802141 0.292103
vt 0.791428 0.288663
vt 0.817800 0.271056
vt 0.805551 0.268853
vt 0.792650 0.266619
vt 0.788302 0.245227
vt 0.800723 0.197454
vt 0.776324 0.263665
vt 0.769681 0.240218
vt 0.789535 0.195475
vt 0.297575 0.010472
vt 0.298310 0.010265
vt 0.296250 0.002033
vt 0.782260 0.191046
vt 0.758863 0.237101
vt 0.006635 0.828965
vt 0.002229 0.821736
vt 0.048252 0.798276
vt 0.051370 0.809094
vt 0.072449 0.806674
vt 0.074817 0.815736
vt 0.092550 0.809951
vt 0.095357 0.817222
vt 0.122600 0.807632
vt 0.124270 0.812634
vt 0.143247 0.802668
vt 0.144375 0.806813
vt 0.167904 0.800707
vt 0.168087 0.803221
vt 0.767404 0.333225
vt 0.763814 0.356937
vt 0.761300 0.356754
vt 0.763259 0.332096
vt 0.773224 0.313119
vt 0.768222 0.311449
vt 0.777810 0.284205
vt 0.770539 0.281399
vt 0.767262 0.261298
vt 0.661293 0.617616
vt 0.641525 0.620652
vt 0.641180 0.597521
vt 0.661033 0.594595
vt 0.644812 0.664884
vt 0.663436 0.663927
vt 0.518838 0.598828
vt 0.515801 0.618596
vt 0.492781 0.618336
vt 0.495706 0.598484
vt 0.562113 0.620740
vt 0.563069 0.602116
vt 0.520398 0.588436
vt 0.497109 0.588023
vt 0.563623 0.592227
vt 0.522518 0.574084
vt 0.499147 0.573603
vt 0.564238 0.578665
vt 0.473976 0.593870
vt 0.473499 0.581107
vt 0.474357 0.603165
vt 0.450561 0.594867
vt 0.448711 0.583871
vt 0.451855 0.602932
vt 0.427102 0.592400
vt 0.425041 0.583284
vt 0.428482 0.599182
vt 0.403564 0.586874
vt 0.403506 0.579108
vt 0.403543 0.592723
vt 0.382319 0.585432
vt 0.381690 0.578135
vt 0.382736 0.591003
vt 0.360402 0.589390
vt 0.360351 0.583534
vt 0.359406 0.593790
vt 0.338292 0.595656
vt 0.644134 0.459326
vt 0.636486 0.461221
vt 0.638352 0.440106
vt 0.357511 0.601438
vt 0.360237 0.576909
vt 0.626230 0.462165
vt 0.619605 0.462051
vt 0.632086 0.462216
vt 0.633700 0.484551
vt 0.628128 0.484134
vt 0.620831 0.483504
vt 0.635420 0.505358
vt 0.629570 0.505378
vt 0.621804 0.505320
vt 0.641879 0.530297
vt 0.635096 0.528917
vt 0.625980 0.526856
vt 0.645629 0.553670
vt 0.637564 0.552375
vt 0.626568 0.550525
vt 0.645861 0.576171
vt 0.636567 0.575790
vt 0.623804 0.575314
vt 0.630720 0.598923
vt 0.616299 0.600962
vt 0.631132 0.622213
vt 0.616780 0.624332
vt 0.634923 0.665437
vt 0.621361 0.666052
vt 0.098530 0.025710
vt 0.098100 0.039304
vt 0.090522 0.041645
vt 0.082468 0.030700
vt 0.092007 0.018249
vt 0.083610 0.020846
vt 0.082468 0.002219
vt 0.606504 0.666721
vt 0.601027 0.626700
vt 0.098528 0.054192
vt 0.524885 0.558330
vt 0.564906 0.563807
vt 0.501502 0.557788
vt 0.600484 0.603317
vt 0.473074 0.567109
vt 0.609805 0.574889
vt 0.446661 0.571776
vt 0.614472 0.548476
vt 0.422664 0.573277
vt 0.615974 0.524478
vt 0.403382 0.570559
vt 0.613255 0.505197
vt 0.381048 0.570137
vt 0.612834 0.482862
vt 0.663436 0.576779
vt 0.660701 0.556215
vt 0.474964 0.620740
vt 0.454400 0.618005
vt 0.654278 0.533258
vt 0.431444 0.611582
vt 0.645929 0.505594
vt 0.403779 0.603232
vt 0.643607 0.485221
vt 0.383406 0.600911
vt 0.770030 0.183900
vt 0.763799 0.132802
vt 0.778201 0.129239
vt 0.778388 0.183711
vt 0.844075 0.008978
vt 0.843888 0.063451
vt 0.829486 0.059887
vt 0.835716 0.008790
vt 0.103372 0.166250
vt 0.102839 0.174601
vt 0.099437 0.173625
vt 0.103457 0.183303
vt 0.094263 0.180625
vt 0.814577 0.056379
vt 0.826997 0.008606
vt 0.831826 0.080005
vt 0.818925 0.077771
vt 0.844075 0.082208
vt 0.828415 0.103255
vt 0.817702 0.099815
vt 0.838385 0.106521
vt 0.818134 0.129932
vt 0.810114 0.127486
vt 0.825198 0.132071
vt 0.810401 0.148739
vt 0.803235 0.146787
vt 0.816434 0.150178
vt 0.807714 0.171201
vt 0.803594 0.170075
vt 0.798157 0.168366
vt 0.794599 0.190492
vt 0.742032 0.021488
vt 0.737912 0.022613
vt 0.728919 0.002196
vt 0.750751 0.042512
vt 0.744718 0.043950
vt 0.737551 0.045902
vt 0.732475 0.024322
vt 0.759513 0.060619
vt 0.752449 0.062758
vt 0.744429 0.065203
vt 0.772699 0.086169
vt 0.762729 0.089434
vt 0.752016 0.092874
vt 0.778388 0.110482
vt 0.766139 0.112685
vt 0.753238 0.114919
vt 0.748890 0.136311
vt 0.761311 0.184083
vt 0.730269 0.141319
vt 0.736912 0.117872
vt 0.750123 0.186062
vt 0.096323 0.192113
vt 0.095588 0.191906
vt 0.094263 0.200345
vt 0.742848 0.190492
vt 0.719451 0.144436
vt 0.815828 0.006635
vt 0.795957 0.051370
vt 0.785139 0.048252
vt 0.808598 0.002229
vt 0.802599 0.074817
vt 0.793537 0.072449
vt 0.804084 0.095357
vt 0.796814 0.092550
vt 0.799497 0.124270
vt 0.794495 0.122600
vt 0.793676 0.144375
vt 0.789531 0.143247
vt 0.790083 0.168087
vt 0.787569 0.167904
vt 0.727992 0.048313
vt 0.723847 0.049441
vt 0.721888 0.024783
vt 0.724402 0.024600
vt 0.733812 0.068419
vt 0.728810 0.070088
vt 0.738398 0.097332
vt 0.731127 0.100138
vt 0.727850 0.120240
vt 0.708104 0.222270
vt 0.714335 0.273368
vt 0.699933 0.276931
vt 0.699745 0.222459
vt 0.320042 0.890056
vt 0.265569 0.889869
vt 0.269133 0.875467
vt 0.320231 0.881697
vt 0.097631 0.226619
vt 0.098165 0.218268
vt 0.101567 0.219244
vt 0.097547 0.209566
vt 0.106741 0.212244
vt 0.272642 0.860558
vt 0.320415 0.872978
vt 0.249015 0.877807
vt 0.251250 0.864905
vt 0.246812 0.890056
vt 0.225765 0.874396
vt 0.229205 0.863682
vt 0.222499 0.884366
vt 0.199089 0.864114
vt 0.201534 0.856095
vt 0.196950 0.871178
vt 0.180281 0.856382
vt 0.182234 0.849215
vt 0.178843 0.862415
vt 0.157820 0.853694
vt 0.158945 0.849575
vt 0.160654 0.844138
vt 0.138529 0.840580
vt 0.736102 0.384682
vt 0.740221 0.383557
vt 0.749214 0.403974
vt 0.727383 0.363658
vt 0.733416 0.362220
vt 0.740582 0.360268
vt 0.745658 0.381848
vt 0.718620 0.345551
vt 0.725684 0.343412
vt 0.733704 0.340967
vt 0.705434 0.320001
vt 0.715404 0.316736
vt 0.726118 0.313296
vt 0.699745 0.295688
vt 0.711994 0.293485
vt 0.724896 0.291251
vt 0.729244 0.269859
vt 0.716823 0.222086
vt 0.747864 0.264850
vt 0.741222 0.288298
vt 0.728010 0.220108
vt 0.104680 0.200756
vt 0.105416 0.200963
vt 0.106741 0.192525
vt 0.735285 0.215678
vt 0.758682 0.261734
vt 0.322386 0.861809
vt 0.277651 0.841938
vt 0.280768 0.831120
vt 0.326792 0.854579
vt 0.254204 0.848580
vt 0.256571 0.839518
vt 0.233664 0.850065
vt 0.236470 0.842794
vt 0.204751 0.845478
vt 0.206421 0.840476
vt 0.184645 0.839656
vt 0.185774 0.835512
vt 0.160933 0.836064
vt 0.161116 0.833550
vt 0.750141 0.357857
vt 0.754286 0.356729
vt 0.756246 0.381387
vt 0.753732 0.381570
vt 0.744321 0.337751
vt 0.749323 0.336082
vt 0.739735 0.308838
vt 0.747007 0.306032
vt 0.750284 0.285930
vt 0.713842 0.057320
vt 0.713582 0.080341
vt 0.693730 0.077416
vt 0.694074 0.054284
vt 0.697362 0.010052
vt 0.715986 0.011009
vt 0.049358 0.634956
vt 0.072489 0.634612
vt 0.075415 0.654464
vt 0.052394 0.654724
vt 0.006083 0.656868
vt 0.005126 0.638243
vt 0.047797 0.624564
vt 0.071087 0.624151
vt 0.004572 0.628355
vt 0.045677 0.610212
vt 0.069048 0.609731
vt 0.003958 0.614792
vt 0.094696 0.617235
vt 0.094219 0.629998
vt 0.093838 0.639293
vt 0.119485 0.619999
vt 0.117635 0.630995
vt 0.116340 0.639060
vt 0.143154 0.619411
vt 0.141093 0.628528
vt 0.139713 0.635310
vt 0.164690 0.615235
vt 0.164632 0.623002
vt 0.164652 0.628851
vt 0.186506 0.614262
vt 0.185876 0.621559
vt 0.185459 0.627131
vt 0.207845 0.619661
vt 0.207793 0.625517
vt 0.208789 0.629917
vt 0.229904 0.631783
vt 0.696684 0.215611
vt 0.690902 0.234830
vt 0.689036 0.213715
vt 0.210684 0.637566
vt 0.207958 0.613037
vt 0.678780 0.212771
vt 0.672155 0.212885
vt 0.684636 0.212720
vt 0.686249 0.190386
vt 0.680678 0.190803
vt 0.673381 0.191432
vt 0.687969 0.169579
vt 0.682120 0.169558
vt 0.674354 0.169616
vt 0.694428 0.144640
vt 0.687646 0.146020
vt 0.678530 0.148081
vt 0.698178 0.121267
vt 0.690113 0.122561
vt 0.679117 0.124411
vt 0.698411 0.098765
vt 0.689116 0.099146
vt 0.676353 0.099623
vt 0.683269 0.076013
vt 0.668849 0.073974
vt 0.683682 0.052724
vt 0.669330 0.050604
vt 0.687473 0.009499
vt 0.673911 0.008884
vt 0.105099 0.084892
vt 0.089037 0.079903
vt 0.097091 0.068957
vt 0.104669 0.071298
vt 0.098575 0.092353
vt 0.090178 0.089756
vt 0.089037 0.108383
vt 0.659053 0.008216
vt 0.653576 0.048237
vt 0.105097 0.056411
vt 0.003289 0.599935
vt 0.043310 0.594458
vt 0.066693 0.593915
vt 0.653034 0.071620
vt 0.095121 0.603237
vt 0.662355 0.100047
vt 0.121534 0.607904
vt 0.667022 0.126461
vt 0.145531 0.609405
vt 0.668523 0.150458
vt 0.164813 0.606687
vt 0.665805 0.169740
vt 0.187147 0.606265
vt 0.665383 0.192074
vt 0.715986 0.098158
vt 0.713251 0.118722
vt 0.093231 0.656868
vt 0.113795 0.654133
vt 0.706828 0.141678
vt 0.136751 0.647710
vt 0.698478 0.169342
vt 0.164416 0.639360
vt 0.696157 0.189716
vt 0.184789 0.637038
vt 0.610864 0.812726
vt 0.610675 0.821085
vt 0.556203 0.820897
vt 0.559766 0.806495
vt 0.893340 0.656687
vt 0.884982 0.656876
vt 0.878751 0.605778
vt 0.893153 0.602214
vt 0.206829 0.147795
vt 0.202894 0.140420
vt 0.206295 0.139444
vt 0.197719 0.133420
vt 0.206913 0.130742
vt 0.876262 0.657059
vt 0.863842 0.609286
vt 0.868190 0.587895
vt 0.881091 0.585660
vt 0.893340 0.583457
vt 0.866967 0.565850
vt 0.877680 0.562410
vt 0.887650 0.559144
vt 0.859379 0.538179
vt 0.867399 0.535734
vt 0.874463 0.533595
vt 0.852500 0.518878
vt 0.859666 0.516926
vt 0.865699 0.515488
vt 0.852859 0.495590
vt 0.856979 0.494464
vt 0.847422 0.497299
vt 0.843865 0.475174
vt 0.448452 0.784728
vt 0.429160 0.771616
vt 0.449577 0.780609
vt 0.469476 0.793447
vt 0.470914 0.787414
vt 0.451286 0.775172
vt 0.472866 0.780248
vt 0.487583 0.802210
vt 0.489722 0.795146
vt 0.492167 0.787126
vt 0.513133 0.815396
vt 0.516399 0.805426
vt 0.519838 0.794712
vt 0.537446 0.821085
vt 0.539649 0.808836
vt 0.541883 0.795934
vt 0.563275 0.791586
vt 0.611048 0.804007
vt 0.544836 0.779608
vt 0.568284 0.772966
vt 0.613026 0.792820
vt 0.199044 0.122139
vt 0.199780 0.121932
vt 0.197719 0.113700
vt 0.617456 0.785545
vt 0.571400 0.762148
vt 0.865093 0.659030
vt 0.857863 0.663436
vt 0.834404 0.617413
vt 0.845222 0.614296
vt 0.842802 0.593216
vt 0.851864 0.590848
vt 0.846079 0.573115
vt 0.853350 0.570308
vt 0.843760 0.543065
vt 0.848762 0.541396
vt 0.838796 0.522419
vt 0.842941 0.521290
vt 0.836834 0.497761
vt 0.839348 0.497578
vt 0.475277 0.770689
vt 0.451564 0.767098
vt 0.451747 0.764584
vt 0.476405 0.766544
vt 0.495383 0.776509
vt 0.497052 0.771507
vt 0.524296 0.781095
vt 0.527102 0.773824
vt 0.547204 0.770546
vt 0.694967 0.620717
vt 0.686608 0.620528
vt 0.686795 0.566056
vt 0.701198 0.569619
vt 0.814698 0.301284
vt 0.823057 0.301096
vt 0.829287 0.352194
vt 0.814885 0.355757
vt 0.321781 0.036128
vt 0.317845 0.028752
vt 0.321247 0.027776
vt 0.312671 0.021753
vt 0.321865 0.019075
vt 0.831776 0.300912
vt 0.844196 0.348685
vt 0.839849 0.370077
vt 0.826947 0.372311
vt 0.814698 0.374515
vt 0.841072 0.392121
vt 0.830358 0.395562
vt 0.820388 0.398827
vt 0.848659 0.419792
vt 0.840640 0.422238
vt 0.833576 0.424377
vt 0.855539 0.439093
vt 0.848372 0.441045
vt 0.842339 0.442484
vt 0.855179 0.462381
vt 0.851060 0.463507
vt 0.860616 0.460672
vt 0.864174 0.482798
vt 0.722964 0.458305
vt 0.736077 0.439013
vt 0.727084 0.459430
vt 0.714245 0.479329
vt 0.720278 0.480767
vt 0.732521 0.461139
vt 0.727445 0.482719
vt 0.705483 0.497436
vt 0.712547 0.499575
vt 0.720567 0.502020
vt 0.692297 0.522986
vt 0.702267 0.526251
vt 0.712981 0.529691
vt 0.686608 0.547299
vt 0.698857 0.549502
vt 0.711758 0.551736
vt 0.716106 0.573128
vt 0.703686 0.620901
vt 0.728084 0.554689
vt 0.734727 0.578137
vt 0.714873 0.622879
vt 0.313996 0.010472
vt 0.314732 0.010265
vt 0.312671 0.002033
vt 0.722148 0.627309
vt 0.745545 0.581253
vt 0.842945 0.298941
vt 0.850175 0.294535
vt 0.873634 0.340559
vt 0.862816 0.343676
vt 0.865236 0.364755
vt 0.856174 0.367123
vt 0.861960 0.384857
vt 0.854689 0.387663
vt 0.864278 0.414906
vt 0.859276 0.416576
vt 0.869242 0.435553
vt 0.865098 0.436681
vt 0.871204 0.460211
vt 0.868690 0.460393
vt 0.737004 0.485130
vt 0.740595 0.461417
vt 0.743109 0.461600
vt 0.741149 0.486258
vt 0.731184 0.505236
vt 0.736186 0.506905
vt 0.726598 0.534149
vt 0.733869 0.536955
vt 0.737146 0.557057
vt 0.707273 0.427124
vt 0.687506 0.430161
vt 0.687161 0.407029
vt 0.707014 0.404103
vt 0.690793 0.474392
vt 0.709417 0.473436
vt 0.638241 0.213574
vt 0.658008 0.216611
vt 0.657749 0.239632
vt 0.637896 0.236706
vt 0.660152 0.170300
vt 0.641528 0.169343
vt 0.627848 0.212014
vt 0.627436 0.235304
vt 0.631639 0.168789
vt 0.613496 0.209894
vt 0.613015 0.233265
vt 0.618077 0.168175
vt 0.633282 0.258436
vt 0.620520 0.258913
vt 0.642577 0.258055
vt 0.634280 0.281852
vt 0.623284 0.283701
vt 0.642345 0.280557
vt 0.631812 0.305310
vt 0.622696 0.307371
vt 0.638595 0.303930
vt 0.626286 0.328849
vt 0.618520 0.328907
vt 0.632135 0.328869
vt 0.624844 0.350093
vt 0.617547 0.350722
vt 0.630415 0.349676
vt 0.628802 0.372010
vt 0.622946 0.372062
vt 0.633202 0.373006
vt 0.635068 0.394121
vt 0.690115 0.268834
vt 0.682467 0.270729
vt 0.684333 0.249614
vt 0.640850 0.374901
vt 0.616321 0.372175
vt 0.672211 0.271673
vt 0.665586 0.271560
vt 0.678067 0.271725
vt 0.679681 0.294059
vt 0.674109 0.293642
vt 0.666812 0.293013
vt 0.681400 0.314866
vt 0.675551 0.314887
vt 0.667785 0.314828
vt 0.687860 0.339805
vt 0.681077 0.338425
vt 0.671961 0.336364
vt 0.691610 0.363178
vt 0.683545 0.361884
vt 0.672549 0.360034
vt 0.691842 0.385680
vt 0.682548 0.385299
vt 0.669785 0.384822
vt 0.676701 0.408432
vt 0.662280 0.410470
vt 0.677113 0.431721
vt 0.662761 0.433841
vt 0.680904 0.474946
vt 0.667342 0.475560
vt 0.108383 0.135736
vt 0.107953 0.149330
vt 0.100375 0.151670
vt 0.092321 0.140725
vt 0.101860 0.128274
vt 0.093463 0.130871
vt 0.092321 0.112244
vt 0.652484 0.476229
vt 0.647007 0.436208
vt 0.108381 0.164217
vt 0.597742 0.207527
vt 0.603219 0.167506
vt 0.597200 0.230910
vt 0.646465 0.412825
vt 0.606521 0.259338
vt 0.655786 0.384397
vt 0.611188 0.285751
vt 0.660453 0.357984
vt 0.612690 0.309748
vt 0.661955 0.333987
vt 0.609971 0.329030
vt 0.659236 0.314705
vt 0.609549 0.351364
vt 0.658814 0.292371
vt 0.709417 0.386287
vt 0.706682 0.365723
vt 0.660152 0.257448
vt 0.657417 0.278012
vt 0.700259 0.342767
vt 0.650994 0.300968
vt 0.691910 0.315102
vt 0.642644 0.328633
vt 0.689588 0.294729
vt 0.640323 0.349006
vt 0.439037 0.750323
vt 0.490134 0.744093
vt 0.493698 0.758495
vt 0.439225 0.758682
vt 0.778570 0.625486
vt 0.778757 0.571013
vt 0.793159 0.574577
vt 0.786929 0.625674
vt 0.156750 0.272600
vt 0.157283 0.264249
vt 0.160685 0.265225
vt 0.156665 0.255547
vt 0.165859 0.258225
vt 0.808068 0.578085
vt 0.795648 0.625858
vt 0.790819 0.554459
vt 0.803721 0.556693
vt 0.778570 0.552256
vt 0.794230 0.531209
vt 0.804944 0.534649
vt 0.784260 0.527943
vt 0.804512 0.504532
vt 0.812531 0.506978
vt 0.797448 0.502393
vt 0.812244 0.485725
vt 0.819411 0.487677
vt 0.806211 0.484286
vt 0.814932 0.463263
vt 0.819051 0.464389
vt 0.824488 0.466098
vt 0.828046 0.443972
vt 0.601448 0.722326
vt 0.600323 0.718206
vt 0.620740 0.709213
vt 0.580424 0.731045
vt 0.578986 0.725012
vt 0.577035 0.717845
vt 0.598614 0.712769
vt 0.562317 0.739807
vt 0.560179 0.732743
vt 0.557734 0.724723
vt 0.536767 0.752993
vt 0.533502 0.743023
vt 0.530062 0.732309
vt 0.512455 0.758682
vt 0.510252 0.746433
vt 0.508018 0.733532
vt 0.486626 0.729184
vt 0.438853 0.741604
vt 0.481617 0.710563
vt 0.505064 0.717206
vt 0.436874 0.730417
vt 0.163799 0.246737
vt 0.164534 0.246944
vt 0.165859 0.238505
vt 0.432445 0.723142
vt 0.478500 0.699745
vt 0.806817 0.627829
vt 0.826689 0.583094
vt 0.837506 0.586212
vt 0.814047 0.632235
vt 0.820047 0.559647
vt 0.829109 0.562015
vt 0.818561 0.539107
vt 0.825832 0.541914
vt 0.823148 0.510194
vt 0.828150 0.511864
vt 0.828970 0.490089
vt 0.833114 0.491217
vt 0.832562 0.466377
vt 0.835076 0.466560
vt 0.574624 0.708286
vt 0.573495 0.704141
vt 0.598153 0.702181
vt 0.598336 0.704695
vt 0.554518 0.714106
vt 0.552848 0.709104
vt 0.525604 0.718692
vt 0.522798 0.711421
vt 0.502697 0.708144
vt 0.415798 0.008788
vt 0.422029 0.059886
vt 0.407627 0.063449
vt 0.407439 0.008977
vt 0.419520 0.817982
vt 0.473993 0.818169
vt 0.470430 0.832572
vt 0.419332 0.826341
vt 0.164133 0.271349
vt 0.163599 0.279700
vt 0.160197 0.278724
vt 0.164217 0.288402
vt 0.155023 0.285724
vt 0.466921 0.847480
vt 0.419148 0.835060
vt 0.490547 0.830231
vt 0.488313 0.843133
vt 0.492751 0.817982
vt 0.513798 0.833642
vt 0.510358 0.844356
vt 0.517063 0.823673
vt 0.540474 0.843924
vt 0.538029 0.851943
vt 0.542613 0.836860
vt 0.559281 0.851657
vt 0.557329 0.858823
vt 0.560720 0.845623
vt 0.581743 0.854344
vt 0.580618 0.858463
vt 0.578908 0.863900
vt 0.601034 0.867458
vt 0.443796 0.171200
vt 0.447915 0.170075
vt 0.456908 0.190492
vt 0.435076 0.150176
vt 0.441110 0.148738
vt 0.448276 0.146786
vt 0.453352 0.168366
vt 0.426314 0.132069
vt 0.433378 0.129930
vt 0.441398 0.127485
vt 0.413128 0.106519
vt 0.423098 0.103253
vt 0.433812 0.099814
vt 0.407439 0.082206
vt 0.419688 0.080003
vt 0.432590 0.077769
vt 0.436938 0.056377
vt 0.424517 0.008604
vt 0.455558 0.051368
vt 0.448916 0.074816
vt 0.435704 0.006626
vt 0.157083 0.297212
vt 0.156348 0.297005
vt 0.155023 0.305444
vt 0.442979 0.002196
vt 0.466376 0.048251
vt 0.417177 0.846229
vt 0.461912 0.866101
vt 0.458795 0.876918
vt 0.412771 0.853459
vt 0.485359 0.859459
vt 0.482991 0.868521
vt 0.505899 0.857973
vt 0.503093 0.865244
vt 0.534812 0.862560
vt 0.533142 0.867562
vt 0.554917 0.868382
vt 0.553789 0.872527
vt 0.578630 0.871974
vt 0.578447 0.874488
vt 0.457835 0.144375
vt 0.461980 0.143247
vt 0.463940 0.167905
vt 0.461426 0.168087
vt 0.452015 0.124269
vt 0.457017 0.122600
vt 0.447429 0.095356
vt 0.454700 0.092550
vt 0.457978 0.072448
vt 0.285582 0.605912
vt 0.308603 0.606172
vt 0.305677 0.626024
vt 0.282546 0.625680
vt 0.238314 0.622393
vt 0.239271 0.603768
vt 0.550039 0.661808
vt 0.526907 0.662152
vt 0.523982 0.642300
vt 0.547003 0.642040
vt 0.593314 0.639896
vt 0.594271 0.658521
vt 0.551599 0.672200
vt 0.528310 0.672613
vt 0.594824 0.668409
vt 0.553719 0.686552
vt 0.530349 0.687033
vt 0.595439 0.681971
vt 0.504700 0.679529
vt 0.505177 0.666766
vt 0.505558 0.657471
vt 0.479912 0.676765
vt 0.481762 0.665769
vt 0.483056 0.657704
vt 0.456242 0.677352
vt 0.458303 0.668236
vt 0.459683 0.661454
vt 0.434707 0.681529
vt 0.434765 0.673762
vt 0.434744 0.667913
vt 0.412891 0.682501
vt 0.413520 0.675205
vt 0.413937 0.669633
vt 0.391552 0.677103
vt 0.391603 0.671246
vt 0.390608 0.666847
vt 0.369493 0.664980
vt 0.443872 0.623071
vt 0.463092 0.628853
vt 0.441977 0.630719
vt 0.388712 0.659198
vt 0.391438 0.683727
vt 0.441033 0.640975
vt 0.441146 0.647600
vt 0.440982 0.635119
vt 0.418647 0.633505
vt 0.419064 0.639077
vt 0.419694 0.646374
vt 0.397840 0.631785
vt 0.397820 0.637635
vt 0.397878 0.645401
vt 0.372901 0.625326
vt 0.374281 0.632108
vt 0.376342 0.641225
vt 0.349528 0.621576
vt 0.350823 0.629641
vt 0.352673 0.640637
vt 0.327027 0.621344
vt 0.327408 0.630638
vt 0.327884 0.643401
vt 0.304275 0.636485
vt 0.302236 0.650906
vt 0.280985 0.636073
vt 0.278865 0.650425
vt 0.237760 0.632282
vt 0.237146 0.645844
vt 0.213482 0.176853
vt 0.197420 0.171864
vt 0.205474 0.160919
vt 0.213052 0.163260
vt 0.206959 0.184315
vt 0.198561 0.181718
vt 0.197420 0.200345
vt 0.236477 0.660701
vt 0.276498 0.666178
vt 0.213480 0.148372
vt 0.596107 0.696829
vt 0.556086 0.702306
vt 0.532703 0.702848
vt 0.299881 0.666721
vt 0.504276 0.693527
vt 0.328309 0.657400
vt 0.477862 0.688860
vt 0.354722 0.652733
vt 0.453865 0.687359
vt 0.378719 0.651231
vt 0.434583 0.690077
vt 0.398001 0.653950
vt 0.412249 0.690499
vt 0.420335 0.654371
vt 0.326419 0.603768
vt 0.346983 0.606504
vt 0.506166 0.639896
vt 0.485601 0.642631
vt 0.369940 0.612926
vt 0.462645 0.649054
vt 0.397604 0.621276
vt 0.434981 0.657404
vt 0.417977 0.623598
vt 0.414607 0.659725
vt 0.793020 0.396340
vt 0.801379 0.396529
vt 0.801191 0.451001
vt 0.786789 0.447438
vt 0.824551 0.143636
vt 0.832910 0.143447
vt 0.839140 0.194545
vt 0.824738 0.198109
vt 0.197804 0.085784
vt 0.201739 0.093159
vt 0.198337 0.094135
vt 0.206913 0.100159
vt 0.197719 0.102837
vt 0.841629 0.143264
vt 0.854049 0.191037
vt 0.849702 0.212428
vt 0.836800 0.214663
vt 0.824551 0.216866
vt 0.850925 0.234473
vt 0.840211 0.237913
vt 0.830241 0.241179
vt 0.858512 0.262144
vt 0.850492 0.264589
vt 0.843429 0.266728
vt 0.865392 0.281445
vt 0.858225 0.283397
vt 0.852192 0.284835
vt 0.865032 0.304733
vt 0.860913 0.305859
vt 0.870469 0.303024
vt 0.874027 0.325150
vt 0.765022 0.558752
vt 0.751909 0.578044
vt 0.760903 0.557627
vt 0.773741 0.537728
vt 0.767708 0.536290
vt 0.755466 0.555918
vt 0.760542 0.534338
vt 0.782504 0.519621
vt 0.775440 0.517482
vt 0.767420 0.515037
vt 0.795690 0.494071
vt 0.785720 0.490805
vt 0.775006 0.487366
vt 0.801379 0.469758
vt 0.789130 0.467555
vt 0.776228 0.465321
vt 0.771880 0.443929
vt 0.784301 0.396156
vt 0.759902 0.462368
vt 0.753260 0.438920
vt 0.773114 0.394178
vt 0.205588 0.111440
vt 0.204853 0.111647
vt 0.206913 0.119878
vt 0.765839 0.389748
vt 0.742442 0.435804
vt 0.852798 0.141293
vt 0.860028 0.136887
vt 0.883487 0.182910
vt 0.872669 0.186027
vt 0.875089 0.207107
vt 0.866027 0.209475
vt 0.871813 0.227208
vt 0.864542 0.230015
vt 0.874131 0.257258
vt 0.869129 0.258928
vt 0.879095 0.277904
vt 0.874950 0.279033
vt 0.881057 0.302562
vt 0.878543 0.302745
vt 0.750983 0.531927
vt 0.747392 0.555640
vt 0.744878 0.555457
vt 0.746838 0.530799
vt 0.756802 0.511821
vt 0.751801 0.510152
vt 0.761388 0.482908
vt 0.754117 0.480102
vt 0.750840 0.460000
s 0
usemtl 
f 8/1/1 4/2/1 11/3/1 12/4/1
f 3/5/2 8/1/2 12/4/2 13/6/2
f 13/6/3 14/7/3 9/8/3 3/5/3
f 15/9/4 11/3/4 4/2/4 10/10/4
f 16/11/5 17/12/5 12/4/5 11/3/5
f 17/12/6 18/13/6 13/6/6 12/4/6
f 18/13/7 19/14/7 14/7/7 13/6/7
f 20/15/8 16/11/8 11/3/8 15/9/8
f 2/16/9 5/17/9 17/12/9 16/11/9
f 5/17/10 1/18/10 18/13/10 17/12/10
f 1/18/11 6/19/11 19/14/11 18/13/11
f 7/20/12 2/16/12 16/11/12 20/15/12
f 28/21/13 32/22/13 31/23/13 24/24/13
f 23/25/14 33/26/14 32/22/14 28/21/14
f 33/26/15 23/25/15 29/27/15 34/28/15
f 35/29/16 30/30/16 24/24/16 31/23/16
f 36/31/17 31/23/17 32/22/17 37/32/17
f 37/32/18 32/22/18 33/26/18 38/33/18
f 40/34/19 41/35/19 71/36/19 70/37/19
f 39/38/20 35/29/20 31/23/20 36/31/20
f 22/39/21 36/31/21 37/32/21 25/40/21
f 25/40/22 37/32/22 38/33/22 21/41/22
f 64/42/23 61/43/23 43/44/23 46/45/23
f 27/46/24 39/38/24 36/31/24 22/39/24
f 4/47/25 8/48/25 28/49/25 24/50/25
f 8/48/26 3/51/26 23/52/26 28/49/26
f 3/51/27 9/53/27 29/54/27 23/52/27
f 10/55/28 4/47/28 24/50/28 30/56/28
f 5/57/29 2/58/29 22/59/29 25/60/29
f 1/61/30 5/57/30 25/60/30 21/62/30
f 6/63/31 1/61/31 21/62/31 26/64/31
f 2/58/32 7/65/32 27/66/32 22/59/32
f 43/67/33 41/68/33 40/69/33 42/70/33
f 46/71/34 43/67/34 42/70/34 45/72/34
f 61/43/35 65/73/35 41/74/35 43/44/35
f 46/75/36 45/76/36 66/77/36 67/78/36
f 26/79/37 21/80/37 48/81/37 50/82/37
f 38/83/35 33/84/35 51/85/35 49/86/35
f 21/87/23 38/83/23 49/86/23 48/88/23
f 33/89/38 34/90/38 47/91/38 51/92/38
f 50/82/37 48/81/37 55/93/37 53/94/37
f 49/86/35 51/85/35 56/95/35 52/96/35
f 48/88/23 49/86/23 52/96/23 55/97/23
f 51/98/39 47/99/39 58/100/39 60/101/39
f 60/102/38 58/103/38 57/104/38 59/105/38
f 47/99/40 54/106/40 57/107/40 58/100/40
f 54/108/41 56/109/41 59/110/41 57/111/41
f 56/109/42 51/98/42 60/101/42 59/110/42
f 53/94/37 55/93/37 64/112/37 62/113/37
f 52/96/35 56/95/35 65/73/35 61/43/35
f 55/97/23 52/96/23 61/43/23 64/42/23
f 56/114/38 54/115/38 63/116/38 65/117/38
f 68/118/37 69/119/37 67/78/37 66/77/37
f 45/76/43 62/113/43 68/118/43 66/77/43
f 62/113/44 64/112/44 69/119/44 68/118/44
f 64/112/45 46/75/45 67/78/45 69/119/45
f 73/120/38 72/121/38 70/122/38 71/123/38
f 65/124/46 63/125/46 72/126/46 73/127/46
f 41/35/47 65/124/47 73/127/47 71/36/47
f 63/125/48 40/128/48 70/129/48 72/126/48
f 79/130/49 81/131/49 80/132/49 77/133/49
f 76/134/50 82/135/50 81/131/50 79/130/50
f 82/135/51 76/134/51 9/8/51 14/7/51
f 15/9/52 10/10/52 77/133/52 80/132/52
f 83/136/53 80/132/53 81/131/53 84/137/53
f 84/137/54 81/131/54 82/135/54 85/138/54
f 85/138/55 82/135/55 14/7/55 19/14/55
f 20/15/56 15/9/56 80/132/56 83/136/56
f 75/139/57 83/136/57 84/137/57 78/140/57
f 78/140/58 84/137/58 85/138/58 74/141/58
f 74/141/59 85/138/59 19/14/59 6/19/59
f 7/20/60 20/15/60 83/136/60 75/139/60
f 91/142/61 89/143/61 92/144/61 93/145/61
f 88/146/62 91/142/62 93/145/62 94/147/62
f 94/147/63 34/28/63 29/27/63 88/146/63
f 35/29/64 92/144/64 89/143/64 30/30/64
f 95/148/65 96/149/65 93/145/65 92/144/65
f 96/149/66 97/150/66 94/147/66 93/145/66
f 40/151/67 119/152/67 120/153/67 98/154/67
f 39/38/68 95/148/68 92/144/68 35/29/68
f 87/155/69 90/156/69 96/149/69 95/148/69
f 90/156/70 86/157/70 97/150/70 96/149/70
f 113/158/71 101/159/71 99/160/71 112/161/71
f 27/46/72 87/155/72 95/148/72 39/38/72
f 77/162/73 89/163/73 91/164/73 79/165/73
f 79/165/74 91/164/74 88/166/74 76/167/74
f 76/167/75 88/166/75 29/54/75 9/53/75
f 10/168/76 30/169/76 89/163/76 77/162/76
f 78/170/77 90/171/77 87/172/77 75/173/77
f 74/174/78 86/175/78 90/171/78 78/170/78
f 6/63/79 26/64/79 86/175/79 74/174/79
f 75/173/80 87/172/80 27/176/80 7/177/80
f 99/178/81 42/70/81 40/69/81 98/179/81
f 101/180/82 45/72/82 42/70/82 99/178/82
f 112/161/83 99/160/83 98/181/83 114/182/83
f 101/183/84 116/184/84 115/185/84 45/76/84
f 26/79/85 50/82/85 102/186/85 86/187/85
f 97/188/83 103/189/83 104/190/83 94/191/83
f 86/192/71 102/193/71 103/189/71 97/188/71
f 94/194/86 104/195/86 47/91/86 34/90/86
f 50/82/85 53/94/85 106/196/85 102/186/85
f 103/189/83 105/197/83 107/198/83 104/190/83
f 102/193/71 106/199/71 105/197/71 103/189/71
f 104/200/87 111/201/87 109/202/87 47/203/87
f 111/204/86 110/205/86 108/206/86 109/207/86
f 47/203/88 109/202/88 108/208/88 54/209/88
f 54/210/89 108/211/89 110/212/89 107/213/89
f 107/213/90 110/212/90 111/201/90 104/200/90
f 53/94/85 62/113/85 113/214/85 106/196/85
f 105/197/83 112/161/83 114/182/83 107/198/83
f 106/199/71 113/158/71 112/161/71 105/197/71
f 107/215/86 114/216/86 63/116/86 54/115/86
f 117/217/85 115/185/85 116/184/85 118/218/85
f 45/76/91 115/185/91 117/217/91 62/113/91
f 62/113/92 117/217/92 118/218/92 113/214/92
f 113/214/93 118/218/93 116/184/93 101/183/93
f 122/219/86 120/220/86 119/221/86 121/222/86
f 114/223/94 122/224/94 121/225/94 63/226/94
f 98/154/95 120/153/95 122/224/95 114/223/95
f 63/226/96 121/225/96 119/227/96 40/228/96
usemtl 
f 123/229/97 126/230/97 128/231/97 124/232/97
f 125/233/98 123/234/98 124/235/98 187/236/98
f 123/237/99 125/238/99 126/239/99
f 126/230/100 127/240/100 129/241/100 128/231/100
f 126/239/101 125/238/101 172/242/101 127/243/101
f 129/241/102 131/244/102 130/245/102 128/231/102
f 128/231/103 130/245/103 132/246/103 124/232/103
f 131/244/104 134/247/104 133/248/104 130/245/104
f 130/245/105 133/248/105 135/249/105 132/246/105
f 134/247/106 137/250/106 136/251/106 133/248/106
f 133/248/107 136/251/107 138/252/107 135/249/107
f 137/250/108 140/253/108 139/254/108 136/251/108
f 136/251/109 139/254/109 141/255/109 138/252/109
f 140/253/110 144/256/110 142/257/110 139/254/110
f 139/254/111 142/257/111 143/258/111 141/255/111
f 142/257/112 145/259/112 146/260/112 143/258/112
f 144/256/113 147/261/113 145/259/113 142/257/113
f 145/259/114 148/262/114 146/260/114
f 147/261/115 148/262/115 145/259/115
f 146/263/116 148/264/116 150/265/116
f 152/266/117 148/264/117 149/267/117
f 149/268/118 148/262/118 153/269/118
f 148/264/119 151/270/119 150/265/119
f 151/270/120 148/264/120 152/266/120
f 148/262/121 147/261/121 153/269/121
f 155/271/122 149/268/122 153/269/122 154/272/122
f 154/272/123 153/269/123 147/261/123 144/256/123
f 157/273/124 155/271/124 154/272/124 156/274/124
f 156/274/125 154/272/125 144/256/125 140/253/125
f 159/275/126 157/273/126 156/274/126 158/276/126
f 158/276/127 156/274/127 140/253/127 137/250/127
f 161/277/128 159/275/128 158/276/128 160/278/128
f 160/278/129 158/276/129 137/250/129 134/247/129
f 163/279/130 161/277/130 160/278/130 162/280/130
f 162/280/131 160/278/131 134/247/131 131/244/131
f 166/281/132 163/279/132 162/280/132 164/282/132
f 164/282/133 162/280/133 131/244/133 129/241/133
f 127/240/134 165/283/134 164/282/134 129/241/134
f 165/283/135 167/284/135 166/281/135 164/282/135
f 167/285/136 171/286/136 168/287/136 166/288/136
f 168/287/137 170/289/137 163/290/137 166/288/137
f 171/286/138 172/291/138 169/292/138 168/287/138
f 169/292/139 173/293/139 170/289/139 168/287/139
f 165/294/140 171/295/140 167/296/140
f 127/243/141 172/242/141 171/295/141 165/294/141
f 172/291/142 125/233/142 187/236/142 169/292/142
f 173/293/143 175/297/143 174/298/143 170/289/143
f 170/289/144 174/298/144 161/299/144 163/290/144
f 175/297/145 177/300/145 176/301/145 174/298/145
f 174/298/146 176/301/146 159/302/146 161/299/146
f 177/300/147 179/303/147 178/304/147 176/301/147
f 176/301/148 178/304/148 157/305/148 159/302/148
f 179/303/149 181/306/149 180/307/149 178/304/149
f 178/304/150 180/307/150 155/308/150 157/305/150
f 180/307/151 152/266/151 149/267/151 155/308/151
f 181/306/152 151/270/152 152/266/152 180/307/152
f 183/309/153 182/310/153 181/306/153 179/303/153
f 182/310/154 150/265/154 151/270/154 181/306/154
f 141/311/155 143/312/155 182/310/155 183/309/155
f 143/312/156 146/263/156 150/265/156 182/310/156
f 138/313/157 141/311/157 183/309/157 184/314/157
f 184/314/158 183/309/158 179/303/158 177/300/158
f 135/315/159 138/313/159 184/314/159 185/316/159
f 185/316/160 184/314/160 177/300/160 175/297/160
f 132/317/161 135/315/161 185/316/161 186/318/161
f 186/318/162 185/316/162 175/297/162 173/293/162
f 124/235/163 132/317/163 186/318/163 187/236/163
f 187/236/164 186/318/164 173/293/164 169/292/164
f 188/319/165 189/320/165 193/321/165 191/322/165
f 190/323/166 252/324/166 189/325/166 188/326/166
f 188/327/167 191/328/167 190/329/167
f 191/322/168 193/321/168 194/330/168 192/331/168
f 191/328/169 192/332/169 237/333/169 190/329/169
f 194/330/170 193/321/170 195/334/170 196/335/170
f 193/321/171 189/320/171 197/336/171 195/334/171
f 196/335/172 195/334/172 198/337/172 199/338/172
f 195/334/173 197/336/173 200/339/173 198/337/173
f 199/338/174 198/337/174 201/340/174 202/341/174
f 198/337/175 200/339/175 203/342/175 201/340/175
f 202/341/176 201/340/176 204/343/176 205/344/176
f 201/340/177 203/342/177 206/345/177 204/343/177
f 205/344/178 204/343/178 207/346/178 209/347/178
f 204/343/179 206/345/179 208/348/179 207/346/179
f 207/346/180 208/348/180 211/349/180 210/350/180
f 209/347/181 207/346/181 210/350/181 212/351/181
f 210/350/182 211/349/182 213/352/182
f 212/351/183 210/350/183 213/352/183
f 211/353/184 215/354/184 213/355/184
f 217/356/185 214/357/185 213/355/185
f 214/358/186 218/359/186 213/352/186
f 213/355/187 215/354/187 216/360/187
f 216/360/188 217/356/188 213/355/188
f 213/352/189 218/359/189 212/351/189
f 220/361/190 219/362/190 218/359/190 214/358/190
f 219/362/191 209/347/191 212/351/191 218/359/191
f 222/363/192 221/364/192 219/362/192 220/361/192
f 221/364/193 205/344/193 209/347/193 219/362/193
f 224/365/194 223/366/194 221/364/194 222/363/194
f 223/366/195 202/341/195 205/344/195 221/364/195
f 226/367/196 225/368/196 223/366/196 224/365/196
f 225/368/197 199/338/197 202/341/197 223/366/197
f 228/369/198 227/370/198 225/368/198 226/367/198
f 227/370/199 196/335/199 199/338/199 225/368/199
f 231/371/200 229/372/200 227/370/200 228/369/200
f 229/372/201 194/330/201 196/335/201 227/370/201
f 192/331/202 194/330/202 229/372/202 230/373/202
f 230/373/203 229/372/203 231/371/203 232/374/203
f 232/375/204 231/376/204 233/377/204 236/378/204
f 233/377/205 231/376/205 228/379/205 235/380/205
f 236/378/206 233/377/206 234/381/206 237/382/206
f 234/381/207 233/377/207 235/380/207 238/383/207
f 230/384/208 232/385/208 236/386/208
f 192/332/209 230/384/209 236/386/209 237/333/209
f 237/382/210 234/381/210 252/324/210 190/323/210
f 238/383/211 235/380/211 239/387/211 240/388/211
f 235/380/212 228/379/212 226/389/212 239/387/212
f 240/388/213 239/387/213 241/390/213 242/391/213
f 239/387/214 226/389/214 224/392/214 241/390/214
f 242/391/215 241/390/215 243/393/215 244/394/215
f 241/390/216 224/392/216 222/395/216 243/393/216
f 244/394/217 243/393/217 245/396/217 246/397/217
f 243/393/218 222/395/218 220/398/218 245/396/218
f 245/396/219 220/398/219 214/357/219 217/356/219
f 246/397/220 245/396/220 217/356/220 216/360/220
f 248/399/221 244/394/221 246/397/221 247/400/221
f 247/400/222 246/397/222 216/360/222 215/354/222
f 206/401/223 248/399/223 247/400/223 208/402/223
f 208/402/224 247/400/224 215/354/224 211/353/224
f 203/403/225 249/404/225 248/399/225 206/401/225
f 249/404/226 242/391/226 244/394/226 248/399/226
f 200/405/227 250/406/227 249/404/227 203/403/227
f 250/406/228 240/388/228 242/391/228 249/404/228
f 197/407/229 251/408/229 250/406/229 200/405/229
f 251/408/230 238/383/230 240/388/230 250/406/230
f 189/325/231 252/324/231 251/408/231 197/407/231
f 252/324/232 234/381/232 238/383/232 251/408/232
f 253/409/233 256/410/233 258/411/233 254/412/233
f 255/413/234 253/414/234 254/415/234 317/416/234
f 253/417/235 255/418/235 256/419/235
f 256/410/236 257/420/236 259/421/236 258/411/236
f 256/419/237 255/418/237 302/422/237 257/423/237
f 259/421/238 261/424/238 260/425/238 258/411/238
f 258/411/239 260/425/239 262/426/239 254/412/239
f 261/424/240 264/427/240 263/428/240 260/425/240
f 260/425/241 263/428/241 265/429/241 262/426/241
f 264/427/242 267/430/242 266/431/242 263/428/242
f 263/428/243 266/431/243 268/432/243 265/429/243
f 267/430/244 270/433/244 269/434/244 266/431/244
f 266/431/245 269/434/245 271/435/245 268/432/245
f 270/433/246 274/436/246 272/437/246 269/434/246
f 269/434/247 272/437/247 273/438/247 271/435/247
f 272/437/248 275/439/248 276/440/248 273/438/248
f 274/436/249 277/441/249 275/439/249 272/437/249
f 275/439/250 278/442/250 276/440/250
f 277/441/251 278/442/251 275/439/251
f 276/443/252 278/444/252 280/445/252
f 282/446/253 278/444/253 279/447/253
f 279/448/254 278/442/254 283/449/254
f 278/444/255 281/450/255 280/445/255
f 281/450/256 278/444/256 282/446/256
f 278/442/257 277/441/257 283/449/257
f 285/451/258 279/448/258 283/449/258 284/452/258
f 284/452/259 283/449/259 277/441/259 274/436/259
f 287/453/260 285/451/260 284/452/260 286/454/260
f 286/454/261 284/452/261 274/436/261 270/433/261
f 289/455/262 287/453/262 286/454/262 288/456/262
f 288/456/263 286/454/263 270/433/263 267/430/263
f 291/457/264 289/455/264 288/456/264 290/458/264
f 290/458/265 288/456/265 267/430/265 264/427/265
f 293/459/266 291/457/266 290/458/266 292/460/266
f 292/460/267 290/458/267 264/427/267 261/424/267
f 296/461/268 293/459/268 292/460/268 294/462/268
f 294/462/269 292/460/269 261/424/269 259/421/269
f 257/420/270 295/463/270 294/462/270 259/421/270
f 295/463/271 297/464/271 296/461/271 294/462/271
f 297/465/272 301/466/272 298/467/272 296/468/272
f 298/467/273 300/469/273 293/470/273 296/468/273
f 301/466/274 302/471/274 299/472/274 298/467/274
f 299/472/275 303/473/275 300/469/275 298/467/275
f 295/474/276 301/475/276 297/476/276
f 257/423/277 302/422/277 301/475/277 295/474/277
f 302/471/278 255/413/278 317/416/278 299/472/278
f 303/473/279 305/477/279 304/478/279 300/469/279
f 300/469/280 304/478/280 291/479/280 293/470/280
f 305/477/281 307/480/281 306/481/281 304/478/281
f 304/478/282 306/481/282 289/482/282 291/479/282
f 307/480/283 309/483/283 308/484/283 306/481/283
f 306/481/284 308/484/284 287/485/284 289/482/284
f 309/483/285 311/486/285 310/487/285 308/484/285
f 308/484/286 310/487/286 285/488/286 287/485/286
f 310/487/287 282/446/287 279/447/287 285/488/287
f 311/486/288 281/450/288 282/446/288 310/487/288
f 313/489/289 312/490/289 311/486/289 309/483/289
f 312/490/290 280/445/290 281/450/290 311/486/290
f 271/491/291 273/492/291 312/490/291 313/489/291
f 273/492/292 276/443/292 280/445/292 312/490/292
f 268/493/293 271/491/293 313/489/293 314/494/293
f 314/494/294 313/489/294 309/483/294 307/480/294
f 265/495/295 268/493/295 314/494/295 315/496/295
f 315/496/296 314/494/296 307/480/296 305/477/296
f 262/497/297 265/495/297 315/496/297 316/498/297
f 316/498/298 315/496/298 305/477/298 303/473/298
f 254/415/299 262/497/299 316/498/299 317/416/299
f 317/416/300 316/498/300 303/473/300 299/472/300
f 318/499/301 319/500/301 323/501/301 321/502/301
f 320/503/302 382/504/302 319/505/302 318/506/302
f 318/507/303 321/508/303 320/509/303
f 321/502/304 323/501/304 324/510/304 322/511/304
f 321/508/305 322/512/305 367/513/305 320/509/305
f 324/510/306 323/501/306 325/514/306 326/515/306
f 323/501/307 319/500/307 327/516/307 325/514/307
f 326/515/308 325/514/308 328/517/308 329/518/308
f 325/514/309 327/516/309 330/519/309 328/517/309
f 329/518/310 328/517/310 331/520/310 332/521/310
f 328/517/311 330/519/311 333/522/311 331/520/311
f 332/521/312 331/520/312 334/523/312 335/524/312
f 331/520/313 333/522/313 336/525/313 334/523/313
f 335/524/314 334/523/314 337/526/314 339/527/314
f 334/523/315 336/525/315 338/528/315 337/526/315
f 337/526/316 338/528/316 341/529/316 340/530/316
f 339/527/317 337/526/317 340/530/317 342/531/317
f 340/530/318 341/529/318 343/532/318
f 342/531/319 340/530/319 343/532/319
f 341/533/320 345/534/320 343/535/320
f 347/536/321 344/537/321 343/535/321
f 344/538/322 348/539/322 343/532/322
f 343/535/323 345/534/323 346/540/323
f 346/540/324 347/536/324 343/535/324
f 343/532/325 348/539/325 342/531/325
f 350/541/326 349/542/326 348/539/326 344/538/326
f 349/542/327 339/527/327 342/531/327 348/539/327
f 352/543/328 351/544/328 349/542/328 350/541/328
f 351/544/329 335/524/329 339/527/329 349/542/329
f 354/545/330 353/546/330 351/544/330 352/543/330
f 353/546/331 332/521/331 335/524/331 351/544/331
f 356/547/332 355/548/332 353/546/332 354/545/332
f 355/548/333 329/518/333 332/521/333 353/546/333
f 358/549/334 357/550/334 355/548/334 356/547/334
f 357/550/335 326/515/335 329/518/335 355/548/335
f 361/551/336 359/552/336 357/550/336 358/549/336
f 359/552/337 324/510/337 326/515/337 357/550/337
f 322/511/338 324/510/338 359/552/338 360/553/338
f 360/553/339 359/552/339 361/551/339 362/554/339
f 362/555/340 361/556/340 363/557/340 366/558/340
f 363/557/341 361/556/341 358/559/341 365/560/341
f 366/558/342 363/557/342 364/561/342 367/562/342
f 364/561/343 363/557/343 365/560/343 368/563/343
f 360/564/344 362/565/344 366/566/344
f 322/512/345 360/564/345 366/566/345 367/513/345
f 367/562/346 364/561/346 382/504/346 320/503/346
f 368/563/347 365/560/347 369/567/347 370/568/347
f 365/560/348 358/559/348 356/569/348 369/567/348
f 370/568/349 369/567/349 371/570/349 372/571/349
f 369/567/350 356/569/350 354/572/350 371/570/350
f 372/571/351 371/570/351 373/573/351 374/574/351
f 371/570/352 354/572/352 352/575/352 373/573/352
f 374/574/353 373/573/353 375/576/353 376/577/353
f 373/573/354 352/575/354 350/578/354 375/576/354
f 375/576/355 350/578/355 344/537/355 347/536/355
f 376/577/356 375/576/356 347/536/356 346/540/356
f 378/579/357 374/574/357 376/577/357 377/580/357
f 377/580/358 376/577/358 346/540/358 345/534/358
f 336/581/359 378/579/359 377/580/359 338/582/359
f 338/582/360 377/580/360 345/534/360 341/533/360
f 333/583/361 379/584/361 378/579/361 336/581/361
f 379/584/362 372/571/362 374/574/362 378/579/362
f 330/585/363 380/586/363 379/584/363 333/583/363
f 380/586/364 370/568/364 372/571/364 379/584/364
f 327/587/365 381/588/365 380/586/365 330/585/365
f 381/588/366 368/563/366 370/568/366 380/586/366
f 319/505/367 382/504/367 381/588/367 327/587/367
f 382/504/368 364/561/368 368/563/368 381/588/368
usemtl 
f 385/589/369 383/590/369 384/591/369 416/592/369
f 383/593/370 386/594/370 388/595/370 384/596/370
f 383/597/371 385/598/371 386/599/371
f 386/599/371 385/598/371 419/600/371 387/601/371
f 386/594/372 387/602/372 389/603/372 388/595/372
f 389/603/373 391/604/373 390/605/373 388/595/373
f 388/595/374 390/605/374 392/606/374 384/596/374
f 391/604/375 394/607/375 393/608/375 390/605/375
f 390/605/376 393/608/376 395/609/376 392/606/376
f 394/607/377 397/610/377 396/611/377 393/608/377
f 393/608/378 396/611/378 398/612/378 395/609/378
f 397/610/379 401/613/379 399/614/379 396/611/379
f 396/611/380 399/614/380 400/615/380 398/612/380
f 399/614/381 402/616/381 405/617/381 400/615/381
f 401/613/382 403/618/382 402/616/382 399/614/382
f 403/618/383 404/619/383 402/616/383
f 402/616/384 404/619/384 405/617/384
f 405/620/385 404/621/385 406/622/385
f 400/623/386 405/620/386 406/622/386 408/624/386
f 408/624/387 406/622/387 407/625/387 409/626/387
f 404/621/388 407/625/388 406/622/388
f 398/627/389 400/623/389 408/624/389 410/628/389
f 410/628/390 408/624/390 409/626/390 411/629/390
f 395/630/391 398/627/391 410/628/391 412/631/391
f 412/631/392 410/628/392 411/629/392 413/632/392
f 392/633/393 395/630/393 412/631/393 414/634/393
f 414/634/394 412/631/394 413/632/394 415/635/394
f 384/591/395 392/633/395 414/634/395 416/592/395
f 416/592/396 414/634/396 415/635/396 417/636/396
f 419/637/397 385/589/397 416/592/397 417/636/397
f 417/636/398 415/635/398 439/638/398 418/639/398
f 420/640/399 419/637/399 417/636/399 418/639/399
f 387/601/400 419/600/400 420/641/400 422/642/400
f 422/642/401 420/641/401 421/643/401
f 421/644/402 420/640/402 418/639/402 424/645/402
f 422/646/403 421/647/403 424/648/403 423/649/403
f 387/602/404 422/646/404 423/649/404 389/603/404
f 424/648/405 426/650/405 425/651/405 423/649/405
f 423/649/406 425/651/406 391/604/406 389/603/406
f 426/650/407 428/652/407 427/653/407 425/651/407
f 425/651/408 427/653/408 394/607/408 391/604/408
f 428/652/409 430/654/409 429/655/409 427/653/409
f 427/653/410 429/655/410 397/610/410 394/607/410
f 430/654/411 432/656/411 431/657/411 429/655/411
f 429/655/412 431/657/412 401/613/412 397/610/412
f 432/656/413 434/658/413 433/659/413 431/657/413
f 431/657/414 433/659/414 403/618/414 401/613/414
f 434/658/415 404/619/415 433/659/415
f 433/659/416 404/619/416 403/618/416
f 436/660/417 435/661/417 434/662/417 432/663/417
f 435/661/418 404/621/418 434/662/418
f 409/626/419 407/625/419 435/661/419 436/660/419
f 407/625/420 404/621/420 435/661/420
f 437/664/421 436/660/421 432/663/421 430/665/421
f 411/629/422 409/626/422 436/660/422 437/664/422
f 438/666/423 437/664/423 430/665/423 428/667/423
f 413/632/424 411/629/424 437/664/424 438/666/424
f 439/638/425 438/666/425 428/667/425 426/668/425
f 415/635/426 413/632/426 438/666/426 439/638/426
f 418/639/427 439/638/427 426/668/427 424/645/427
f 440/669/428 441/670/428 492/671/428 442/672/428
f 498/673/429 441/670/429 440/669/429 443/674/429
f 444/675/430 440/676/430 442/677/430 445/678/430
f 443/679/431 440/676/431 444/675/431 446/680/431
f 447/681/432 444/675/432 445/678/432 450/682/432
f 446/680/433 444/675/433 447/681/433 449/683/433
f 448/684/434 447/681/434 450/682/434 451/685/434
f 449/683/435 447/681/435 448/684/435 500/686/435
f 451/685/436 450/682/436 452/687/436 453/688/436
f 450/682/437 445/678/437 454/689/437 452/687/437
f 453/688/438 452/687/438 455/690/438 456/691/438
f 452/687/439 454/689/439 457/692/439 455/690/439
f 456/691/440 455/690/440 458/693/440 459/694/440
f 455/690/441 457/692/441 460/695/441 458/693/441
f 459/694/442 458/693/442 461/696/442 462/697/442
f 458/693/443 460/695/443 463/698/443 461/696/443
f 462/697/444 461/696/444 464/699/444 465/700/444
f 461/696/445 463/698/445 466/701/445 464/699/445
f 465/700/446 464/699/446 467/702/446 468/703/446
f 464/699/447 466/701/447 469/704/447 467/702/447
f 468/703/448 467/702/448 470/705/448
f 467/702/449 469/704/449 470/705/449
f 471/706/450 473/707/450 470/708/450
f 469/704/451 471/709/451 470/705/451
f 472/710/452 468/703/452 470/705/452
f 474/711/453 472/712/453 470/708/453
f 473/707/454 475/713/454 470/708/454
f 475/713/455 474/711/455 470/708/455
f 477/714/456 476/715/456 475/713/456 473/707/456
f 476/715/457 478/716/457 474/711/457 475/713/457
f 480/717/458 479/718/458 476/715/458 477/714/458
f 479/718/459 481/719/459 478/716/459 476/715/459
f 483/720/460 482/721/460 479/718/460 480/717/460
f 482/721/461 484/722/461 481/719/461 479/718/461
f 486/723/462 485/724/462 482/721/462 483/720/462
f 485/724/463 487/725/463 484/722/463 482/721/463
f 489/726/464 488/727/464 485/724/464 486/723/464
f 488/727/465 490/728/465 487/725/465 485/724/465
f 492/671/466 491/729/466 488/727/466 489/726/466
f 491/729/467 493/730/467 490/728/467 488/727/467
f 441/670/468 494/731/468 491/729/468 492/671/468
f 494/731/469 495/732/469 493/730/469 491/729/469
f 496/733/470 494/731/470 441/670/470 498/673/470
f 497/734/471 495/732/471 494/731/471 496/733/471
f 449/735/472 500/736/472 497/737/472 496/738/472
f 446/739/472 449/735/472 496/738/472 498/740/472
f 443/741/472 446/739/472 498/740/472
f 499/742/473 501/743/473 495/732/473 497/734/473
f 500/736/472 499/744/472 497/737/472
f 500/686/474 448/684/474 501/745/474 499/746/474
f 501/745/475 448/684/475 451/685/475 502/747/475
f 495/732/476 501/743/476 502/748/476 493/730/476
f 502/747/477 451/685/477 453/688/477 503/749/477
f 493/730/478 502/748/478 503/750/478 490/728/478
f 503/749/479 453/688/479 456/691/479 504/751/479
f 490/728/480 503/750/480 504/752/480 487/725/480
f 504/751/481 456/691/481 459/694/481 505/753/481
f 487/725/482 504/752/482 505/754/482 484/722/482
f 505/753/483 459/694/483 462/697/483 506/755/483
f 484/722/484 505/754/484 506/756/484 481/719/484
f 506/755/485 462/697/485 465/700/485 507/757/485
f 481/719/486 506/756/486 507/758/486 478/716/486
f 507/757/487 465/700/487 468/703/487 472/710/487
f 478/716/488 507/758/488 472/712/488 474/711/488
f 442/672/489 492/671/489 489/726/489 508/759/489
f 508/759/490 489/726/490 486/723/490 509/760/490
f 445/678/491 442/677/491 508/761/491 454/689/491
f 454/689/492 508/761/492 509/762/492 457/692/492
f 509/760/493 486/723/493 483/720/493 510/763/493
f 457/692/494 509/762/494 510/764/494 460/695/494
f 510/763/495 483/720/495 480/717/495 511/765/495
f 460/695/496 510/764/496 511/766/496 463/698/496
f 511/765/497 480/717/497 477/714/497 512/767/497
f 463/698/498 511/766/498 512/768/498 466/701/498
f 512/767/499 477/714/499 473/707/499 471/706/499
f 466/701/500 512/768/500 471/709/500 469/704/500
f 515/769/501 546/770/501 514/771/501 513/772/501
f 513/773/502 514/774/502 518/775/502 516/776/502
f 513/777/503 516/778/503 515/779/503
f 516/778/503 517/780/503 549/781/503 515/779/503
f 516/776/504 518/775/504 519/782/504 517/783/504
f 519/782/505 518/775/505 520/784/505 521/785/505
f 518/775/506 514/774/506 522/786/506 520/784/506
f 521/785/507 520/784/507 523/787/507 524/788/507
f 520/784/508 522/786/508 525/789/508 523/787/508
f 524/788/509 523/787/509 526/790/509 527/791/509
f 523/787/510 525/789/510 528/792/510 526/790/510
f 527/791/511 526/790/511 529/793/511 531/794/511
f 526/790/512 528/792/512 530/795/512 529/793/512
f 529/793/513 530/795/513 535/796/513 532/797/513
f 531/794/514 529/793/514 532/797/514 533/798/514
f 533/798/515 532/797/515 534/799/515
f 532/797/516 535/796/516 534/799/516
f 535/800/517 536/801/517 534/802/517
f 530/803/518 538/804/518 536/801/518 535/800/518
f 538/804/519 539/805/519 537/806/519 536/801/519
f 534/802/520 536/801/520 537/806/520
f 528/807/521 540/808/521 538/804/521 530/803/521
f 540/808/522 541/809/522 539/805/522 538/804/522
f 525/810/523 542/811/523 540/808/523 528/807/523
f 542/811/524 543/812/524 541/809/524 540/808/524
f 522/813/525 544/814/525 542/811/525 525/810/525
f 544/814/526 545/815/526 543/812/526 542/811/526
f 514/771/527 546/770/527 544/814/527 522/813/527
f 546/770/528 547/816/528 545/815/528 544/814/528
f 549/817/529 547/816/529 546/770/529 515/769/529
f 547/816/530 548/818/530 569/819/530 545/815/530
f 550/820/531 548/818/531 547/816/531 549/817/531
f 517/780/532 552/821/532 550/822/532 549/781/532
f 552/821/533 551/823/533 550/822/533
f 551/824/534 554/825/534 548/818/534 550/820/534
f 552/826/535 553/827/535 554/828/535 551/829/535
f 517/783/536 519/782/536 553/827/536 552/826/536
f 554/828/537 553/827/537 555/830/537 556/831/537
f 553/827/538 519/782/538 521/785/538 555/830/538
f 556/831/539 555/830/539 557/832/539 558/833/539
f 555/830/540 521/785/540 524/788/540 557/832/540
f 558/833/541 557/832/541 559/834/541 560/835/541
f 557/832/542 524/788/542 527/791/542 559/834/542
f 560/835/543 559/834/543 561/836/543 562/837/543
f 559/834/544 527/791/544 531/794/544 561/836/544
f 562/837/545 561/836/545 563/838/545 564/839/545
f 561/836/546 531/794/546 533/798/546 563/838/546
f 564/839/547 563/838/547 534/799/547
f 563/838/548 533/798/548 534/799/548
f 566/840/549 562/841/549 564/842/549 565/843/549
f 565/843/550 564/842/550 534/802/550
f 539/805/551 566/840/551 565/843/551 537/806/551
f 537/806/552 565/843/552 534/802/552
f 567/844/553 560/845/553 562/841/553 566/840/553
f 541/809/554 567/844/554 566/840/554 539/805/554
f 568/846/555 558/847/555 560/845/555 567/844/555
f 543/812/556 568/846/556 567/844/556 541/809/556
f 569/819/557 556/848/557 558/847/557 568/846/557
f 545/815/558 569/819/558 568/846/558 543/812/558
f 548/818/559 554/825/559 556/848/559 569/819/559
f 572/849/560 603/850/560 571/851/560 570/852/560
f 570/853/561 571/854/561 575/855/561 573/856/561
f 570/857/562 573/858/562 572/859/562
f 573/858/562 574/860/562 606/861/562 572/859/562
f 573/856/563 575/855/563 576/862/563 574/863/563
f 576/862/564 575/855/564 577/864/564 578/865/564
f 575/855/565 571/854/565 579/866/565 577/864/565
f 578/865/566 577/864/566 580/867/566 581/868/566
f 577/864/567 579/866/567 582/869/567 580/867/567
f 581/868/568 580/867/568 583/870/568 584/871/568
f 580/867/569 582/869/569 585/872/569 583/870/569
f 584/871/570 583/870/570 586/873/570 588/874/570
f 583/870/571 585/872/571 587/875/571 586/873/571
f 586/873/572 587/875/572 592/876/572 589/877/572
f 588/874/573 586/873/573 589/877/573 590/878/573
f 590/878/574 589/877/574 591/879/574
f 589/877/575 592/876/575 591/879/575
f 592/880/576 593/881/576 591/882/576
f 587/883/577 595/884/577 593/881/577 592/880/577
f 595/884/578 596/885/578 594/886/578 593/881/578
f 591/882/579 593/881/579 594/886/579
f 585/887/580 597/888/580 595/884/580 587/883/580
f 597/888/581 598/889/581 596/885/581 595/884/581
f 582/890/582 599/891/582 597/888/582 585/887/582
f 599/891/583 600/892/583 598/889/583 597/888/583
f 579/893/584 601/894/584 599/891/584 582/890/584
f 601/894/585 602/895/585 600/892/585 599/891/585
f 571/851/586 603/850/586 601/894/586 579/893/586
f 603/850/587 604/896/587 602/895/587 601/894/587
f 606/897/588 604/896/588 603/850/588 572/849/588
f 604/896/589 605/898/589 626/899/589 602/895/589
f 607/900/590 605/898/590 604/896/590 606/897/590
f 574/860/591 609/901/591 607/902/591 606/861/591
f 609/901/592 608/903/592 607/902/592
f 608/904/593 611/905/593 605/898/593 607/900/593
f 609/906/594 610/907/594 611/908/594 608/909/594
f 574/863/595 576/862/595 610/907/595 609/906/595
f 611/908/596 610/907/596 612/910/596 613/911/596
f 610/907/597 576/862/597 578/865/597 612/910/597
f 613/911/598 612/910/598 614/912/598 615/913/598
f 612/910/599 578/865/599 581/868/599 614/912/599
f 615/913/600 614/912/600 616/914/600 617/915/600
f 614/912/601 581/868/601 584/871/601 616/914/601
f 617/915/602 616/914/602 618/916/602 619/917/602
f 616/914/603 584/871/603 588/874/603 618/916/603
f 619/917/604 618/916/604 620/918/604 621/919/604
f 618/916/605 588/874/605 590/878/605 620/918/605
f 621/919/606 620/918/606 591/879/606
f 620/918/607 590/878/607 591/879/607
f 623/920/608 619/921/608 621/922/608 622/923/608
f 622/923/609 621/922/609 591/882/609
f 596/885/610 623/920/610 622/923/610 594/886/610
f 594/886/611 622/923/611 591/882/611
f 624/924/612 617/925/612 619/921/612 623/920/612
f 598/889/613 624/924/613 623/920/613 596/885/613
f 625/926/614 615/927/614 617/925/614 624/924/614
f 600/892/615 625/926/615 624/924/615 598/889/615
f 626/899/616 613/928/616 615/927/616 625/926/616
f 602/895/617 626/899/617 625/926/617 600/892/617
f 605/898/618 611/905/618 613/928/618 626/899/618
f 627/929/619 629/930/619 679/931/619 628/932/619
f 685/933/620 630/934/620 627/929/620 628/932/620
f 631/935/621 632/936/621 629/937/621 627/938/621
f 630/939/622 633/940/622 631/935/622 627/938/622
f 634/941/623 637/942/623 632/936/623 631/935/623
f 633/940/624 636/943/624 634/941/624 631/935/624
f 635/944/625 638/945/625 637/942/625 634/941/625
f 636/943/626 687/946/626 635/944/626 634/941/626
f 638/945/627 640/947/627 639/948/627 637/942/627
f 637/942/628 639/948/628 641/949/628 632/936/628
f 640/947/629 643/950/629 642/951/629 639/948/629
f 639/948/630 642/951/630 644/952/630 641/949/630
f 643/950/631 646/953/631 645/954/631 642/951/631
f 642/951/632 645/954/632 647/955/632 644/952/632
f 646/953/633 649/956/633 648/957/633 645/954/633
f 645/954/634 648/957/634 650/958/634 647/955/634
f 649/956/635 652/959/635 651/960/635 648/957/635
f 648/957/636 651/960/636 653/961/636 650/958/636
f 652/959/637 655/962/637 654/963/637 651/960/637
f 651/960/638 654/963/638 656/964/638 653/961/638
f 655/962/639 657/965/639 654/963/639
f 654/963/640 657/965/640 656/964/640
f 658/966/641 657/967/641 660/968/641
f 656/964/642 657/965/642 658/969/642
f 659/970/643 657/965/643 655/962/643
f 661/971/644 657/967/644 659/972/644
f 660/968/645 657/967/645 662/973/645
f 662/973/646 657/967/646 661/971/646
f 664/974/647 660/968/647 662/973/647 663/975/647
f 663/975/648 662/973/648 661/971/648 665/976/648
f 667/977/649 664/974/649 663/975/649 666/978/649
f 666/978/650 663/975/650 665/976/650 668/979/650
f 670/980/651 667/977/651 666/978/651 669/981/651
f 669/981/652 666/978/652 668/979/652 671/982/652
f 673/983/653 670/980/653 669/981/653 672/984/653
f 672/984/654 669/981/654 671/982/654 674/985/654
f 676/986/655 673/983/655 672/984/655 675/987/655
f 675/987/656 672/984/656 674/985/656 677/988/656
f 679/931/657 676/986/657 675/987/657 678/989/657
f 678/989/658 675/987/658 677/988/658 680/990/658
f 628/932/659 679/931/659 678/989/659 681/991/659
f 681/991/660 678/989/660 680/990/660 682/992/660
f 683/993/661 685/933/661 628/932/661 681/991/661
f 684/994/662 683/993/662 681/991/662 682/992/662
f 636/995/663 683/996/663 684/997/663 687/998/663
f 633/999/663 685/1000/663 683/996/663 636/995/663
f 630/1001/663 685/1000/663 633/999/663
f 686/1002/664 684/994/664 682/992/664 688/1003/664
f 687/998/663 684/997/663 686/1004/663
f 687/946/665 686/1005/665 688/1006/665 635/944/665
f 688/1006/666 689/1007/666 638/945/666 635/944/666
f 682/992/667 680/990/667 689/1008/667 688/1003/667
f 689/1007/668 690/1009/668 640/947/668 638/945/668
f 680/990/669 677/988/669 690/1010/669 689/1008/669
f 690/1009/670 691/1011/670 643/950/670 640/947/670
f 677/988/671 674/985/671 691/1012/671 690/1010/671
f 691/1011/672 692/1013/672 646/953/672 643/950/672
f 674/985/673 671/982/673 692/1014/673 691/1012/673
f 692/1013/674 693/1015/674 649/956/674 646/953/674
f 671/982/675 668/979/675 693/1016/675 692/1014/675
f 693/1015/676 694/1017/676 652/959/676 649/956/676
f 668/979/677 665/976/677 694/1018/677 693/1016/677
f 694/1017/678 659/970/678 655/962/678 652/959/678
f 665/976/679 661/971/679 659/972/679 694/1018/679
f 629/930/680 695/1019/680 676/986/680 679/931/680
f 695/1019/681 696/1020/681 673/983/681 676/986/681
f 632/936/682 641/949/682 695/1021/682 629/937/682
f 641/949/683 644/952/683 696/1022/683 695/1021/683
f 696/1020/684 697/1023/684 670/980/684 673/983/684
f 644/952/685 647/955/685 697/1024/685 696/1022/685
f 697/1023/686 698/1025/686 667/977/686 670/980/686
f 647/955/687 650/958/687 698/1026/687 697/1024/687
f 698/1025/688 699/1027/688 664/974/688 667/977/688
f 650/958/689 653/961/689 699/1028/689 698/1026/689
f 699/1027/690 658/966/690 660/968/690 664/974/690
f 653/961/691 656/964/691 658/969/691 699/1028/691
f 702/1029/692 700/1030/692 701/1031/692 733/1032/692
f 700/1033/693 703/1034/693 705/1035/693 701/1036/693
f 700/1037/694 702/1038/694 703/1039/694
f 703/1039/694 702/1038/694 736/1040/694 704/1041/694
f 703/1034/695 704/1042/695 706/1043/695 705/1035/695
f 706/1043/696 708/1044/696 707/1045/696 705/1035/696
f 705/1035/697 707/1045/697 709/1046/697 701/1036/697
f 708/1044/698 711/1047/698 710/1048/698 707/1045/698
f 707/1045/699 710/1048/699 712/1049/699 709/1046/699
f 711/1047/700 714/1050/700 713/1051/700 710/1048/700
f 710/1048/701 713/1051/701 715/1052/701 712/1049/701
f 714/1050/702 718/1053/702 716/1054/702 713/1051/702
f 713/1051/703 716/1054/703 717/1055/703 715/1052/703
f 716/1054/704 719/1056/704 722/1057/704 717/1055/704
f 718/1053/705 720/1058/705 719/1056/705 716/1054/705
f 720/1058/706 721/1059/706 719/1056/706
f 719/1056/707 721/1059/707 722/1057/707
f 722/1060/708 721/1061/708 723/1062/708
f 717/1063/709 722/1060/709 723/1062/709 725/1064/709
f 725/1064/710 723/1062/710 724/1065/710 726/1066/710
f 721/1061/711 724/1065/711 723/1062/711
f 715/1067/712 717/1063/712 725/1064/712 727/1068/712
f 727/1068/713 725/1064/713 726/1066/713 728/1069/713
f 712/1070/714 715/1067/714 727/1068/714 729/1071/714
f 729/1071/715 727/1068/715 728/1069/715 730/1072/715
f 709/1073/716 712/1070/716 729/1071/716 731/1074/716
f 731/1074/717 729/1071/717 730/1072/717 732/1075/717
f 701/1031/718 709/1073/718 731/1074/718 733/1032/718
f 733/1032/719 731/1074/719 732/1075/719 734/1076/719
f 736/1077/720 702/1029/720 733/1032/720 734/1076/720
f 734/1076/721 732/1075/721 756/1078/721 735/1079/721
f 737/1080/722 736/1077/722 734/1076/722 735/1079/722
f 704/1041/723 736/1040/723 737/1081/723 739/1082/723
f 739/1082/724 737/1081/724 738/1083/724
f 738/1084/725 737/1080/725 735/1079/725 741/1085/725
f 739/1086/726 738/1087/726 741/1088/726 740/1089/726
f 704/1042/727 739/1086/727 740/1089/727 706/1043/727
f 741/1088/728 743/1090/728 742/1091/728 740/1089/728
f 740/1089/729 742/1091/729 708/1044/729 706/1043/729
f 743/1090/730 745/1092/730 744/1093/730 742/1091/730
f 742/1091/731 744/1093/731 711/1047/731 708/1044/731
f 745/1092/732 747/1094/732 746/1095/732 744/1093/732
f 744/1093/733 746/1095/733 714/1050/733 711/1047/733
f 747/1094/734 749/1096/734 748/1097/734 746/1095/734
f 746/1095/735 748/1097/735 718/1053/735 714/1050/735
f 749/1096/736 751/1098/736 750/1099/736 748/1097/736
f 748/1097/737 750/1099/737 720/1058/737 718/1053/737
f 751/1098/738 721/1059/738 750/1099/738
f 750/1099/739 721/1059/739 720/1058/739
f 753/1100/740 752/1101/740 751/1102/740 749/1103/740
f 752/1101/741 721/1061/741 751/1102/741
f 726/1066/742 724/1065/742 752/1101/742 753/1100/742
f 724/1065/743 721/1061/743 752/1101/743
f 754/1104/744 753/1100/744 749/1103/744 747/1105/744
f 728/1069/745 726/1066/745 753/1100/745 754/1104/745
f 755/1106/746 754/1104/746 747/1105/746 745/1107/746
f 730/1072/747 728/1069/747 754/1104/747 755/1106/747
f 756/1078/748 755/1106/748 745/1107/748 743/1108/748
f 732/1075/749 730/1072/749 755/1106/749 756/1078/749
f 735/1079/750 756/1078/750 743/1108/750 741/1085/750
f 759/1109/751 757/1110/751 758/1111/751 790/1112/751
f 757/1113/752 760/1114/752 762/1115/752 758/1116/752
f 757/1117/753 759/1118/753 760/1119/753
f 760/1119/753 759/1118/753 793/1120/753 761/1121/753
f 760/1114/754 761/1122/754 763/1123/754 762/1115/754
f 763/1123/755 765/1124/755 764/1125/755 762/1115/755
f 762/1115/756 764/1125/756 766/1126/756 758/1116/756
f 765/1124/757 768/1127/757 767/1128/757 764/1125/757
f 764/1125/758 767/1128/758 769/1129/758 766/1126/758
f 768/1127/759 771/1130/759 770/1131/759 767/1128/759
f 767/1128/760 770/1131/760 772/1132/760 769/1129/760
f 771/1130/761 775/1133/761 773/1134/761 770/1131/761
f 770/1131/762 773/1134/762 774/1135/762 772/1132/762
f 773/1134/763 776/1136/763 779/1137/763 774/1135/763
f 775/1133/764 777/1138/764 776/1136/764 773/1134/764
f 777/1138/765 778/1139/765 776/1136/765
f 776/1136/766 778/1139/766 779/1137/766
f 779/1140/767 778/1141/767 780/1142/767
f 774/1143/768 779/1140/768 780/1142/768 782/1144/768
f 782/1144/769 780/1142/769 781/1145/769 783/1146/769
f 778/1141/770 781/1145/770 780/1142/770
f 772/1147/771 774/1143/771 782/1144/771 784/1148/771
f 784/1148/772 782/1144/772 783/1146/772 785/1149/772
f 769/1150/773 772/1147/773 784/1148/773 786/1151/773
f 786/1151/774 784/1148/774 785/1149/774 787/1152/774
f 766/1153/775 769/1150/775 786/1151/775 788/1154/775
f 788/1154/776 786/1151/776 787/1152/776 789/1155/776
f 758/1111/777 766/1153/777 788/1154/777 790/1112/777
f 790/1112/778 788/1154/778 789/1155/778 791/1156/778
f 793/1157/779 759/1109/779 790/1112/779 791/1156/779
f 791/1156/780 789/1155/780 813/1158/780 792/1159/780
f 794/1160/781 793/1157/781 791/1156/781 792/1159/781
f 761/1121/782 793/1120/782 794/1161/782 796/1162/782
f 796/1162/783 794/1161/783 795/1163/783
f 795/1164/784 794/1160/784 792/1159/784 798/1165/784
f 796/1166/785 795/1167/785 798/1168/785 797/1169/785
f 761/1122/786 796/1166/786 797/1169/786 763/1123/786
f 798/1168/787 800/1170/787 799/1171/787 797/1169/787
f 797/1169/788 799/1171/788 765/1124/788 763/1123/788
f 800/1170/789 802/1172/789 801/1173/789 799/1171/789
f 799/1171/790 801/1173/790 768/1127/790 765/1124/790
f 802/1172/791 804/1174/791 803/1175/791 801/1173/791
f 801/1173/792 803/1175/792 771/1130/792 768/1127/792
f 804/1174/793 806/1176/793 805/1177/793 803/1175/793
f 803/1175/794 805/1177/794 775/1133/794 771/1130/794
f 806/1176/795 808/1178/795 807/1179/795 805/1177/795
f 805/1177/796 807/1179/796 777/1138/796 775/1133/796
f 808/1178/797 778/1139/797 807/1179/797
f 807/1179/798 778/1139/798 777/1138/798
f 810/1180/799 809/1181/799 808/1182/799 806/1183/799
f 809/1181/800 778/1141/800 808/1182/800
f 783/1146/801 781/1145/801 809/1181/801 810/1180/801
f 781/1145/802 778/1141/802 809/1181/802
f 811/1184/803 810/1180/803 806/1183/803 804/1185/803
f 785/1149/804 783/1146/804 810/1180/804 811/1184/804
f 812/1186/805 811/1184/805 804/1185/805 802/1187/805
f 787/1152/806 785/1149/806 811/1184/806 812/1186/806
f 813/1158/807 812/1186/807 802/1187/807 800/1188/807
f 789/1155/808 787/1152/808 812/1186/808 813/1158/808
f 792/1159/809 813/1158/809 800/1188/809 798/1165/809
f 814/1189/810 815/1190/810 866/1191/810 816/1192/810
f 872/1193/811 815/1190/811 814/1189/811 817/1194/811
f 818/1195/812 814/1196/812 816/1197/812 819/1198/812
f 817/1199/813 814/1196/813 818/1195/813 820/1200/813
f 821/1201/814 818/1195/814 819/1198/814 824/1202/814
f 820/1200/815 818/1195/815 821/1201/815 823/1203/815
f 822/1204/816 821/1201/816 824/1202/816 825/1205/816
f 823/1203/817 821/1201/817 822/1204/817 874/1206/817
f 825/1205/818 824/1202/818 826/1207/818 827/1208/818
f 824/1202/819 819/1198/819 828/1209/819 826/1207/819
f 827/1208/820 826/1207/820 829/1210/820 830/1211/820
f 826/1207/821 828/1209/821 831/1212/821 829/1210/821
f 830/1211/822 829/1210/822 832/1213/822 833/1214/822
f 829/1210/823 831/1212/823 834/1215/823 832/1213/823
f 833/1214/824 832/1213/824 835/1216/824 836/1217/824
f 832/1213/825 834/1215/825 837/1218/825 835/1216/825
f 836/1217/826 835/1216/826 838/1219/826 839/1220/826
f 835/1216/827 837/1218/827 840/1221/827 838/1219/827
f 839/1220/828 838/1219/828 841/1222/828 842/1223/828
f 838/1219/829 840/1221/829 843/1224/829 841/1222/829
f 842/1223/830 841/1222/830 844/1225/830
f 841/1222/831 843/1224/831 844/1225/831
f 845/1226/832 847/1227/832 844/1228/832
f 843/1224/833 845/1229/833 844/1225/833
f 846/1230/834 842/1223/834 844/1225/834
f 848/1231/835 846/1232/835 844/1228/835
f 847/1227/836 849/1233/836 844/1228/836
f 849/1233/837 848/1231/837 844/1228/837
f 851/1234/838 850/1235/838 849/1233/838 847/1227/838
f 850/1235/839 852/1236/839 848/1231/839 849/1233/839
f 854/1237/840 853/1238/840 850/1235/840 851/1234/840
f 853/1238/841 855/1239/841 852/1236/841 850/1235/841
f 857/1240/842 856/1241/842 853/1238/842 854/1237/842
f 856/1241/843 858/1242/843 855/1239/843 853/1238/843
f 860/1243/844 859/1244/844 856/1241/844 857/1240/844
f 859/1244/845 861/1245/845 858/1242/845 856/1241/845
f 863/1246/846 862/1247/846 859/1244/846 860/1243/846
f 862/1247/847 864/1248/847 861/1245/847 859/1244/847
f 866/1191/848 865/1249/848 862/1247/848 863/1246/848
f 865/1249/849 867/1250/849 864/1248/849 862/1247/849
f 815/1190/850 868/1251/850 865/1249/850 866/1191/850
f 868/1251/851 869/1252/851 867/1250/851 865/1249/851
f 870/1253/852 868/1251/852 815/1190/852 872/1193/852
f 871/1254/853 869/1252/853 868/1251/853 870/1253/853
f 823/1255/854 874/1256/854 871/1257/854 870/1258/854
f 820/1259/854 823/1255/854 870/1258/854 872/1260/854
f 817/1261/854 820/1259/854 872/1260/854
f 873/1262/855 875/1263/855 869/1252/855 871/1254/855
f 874/1256/854 873/1264/854 871/1257/854
f 874/1206/856 822/1204/856 875/1265/856 873/1266/856
f 875/1265/857 822/1204/857 825/1205/857 876/1267/857
f 869/1252/858 875/1263/858 876/1268/858 867/1250/858
f 876/1267/859 825/1205/859 827/1208/859 877/1269/859
f 867/1250/860 876/1268/860 877/1270/860 864/1248/860
f 877/1269/861 827/1208/861 830/1211/861 878/1271/861
f 864/1248/862 877/1270/862 878/1272/862 861/1245/862
f 878/1271/863 830/1211/863 833/1214/863 879/1273/863
f 861/1245/864 878/1272/864 879/1274/864 858/1242/864
f 879/1273/865 833/1214/865 836/1217/865 880/1275/865
f 858/1242/866 879/1274/866 880/1276/866 855/1239/866
f 880/1275/867 836/1217/867 839/1220/867 881/1277/867
f 855/1239/868 880/1276/868 881/1278/868 852/1236/868
f 881/1277/869 839/1220/869 842/1223/869 846/1230/869
f 852/1236/870 881/1278/870 846/1232/870 848/1231/870
f 816/1192/871 866/1191/871 863/1246/871 882/1279/871
f 882/1279/872 863/1246/872 860/1243/872 883/1280/872
f 819/1198/873 816/1197/873 882/1281/873 828/1209/873
f 828/1209/874 882/1281/874 883/1282/874 831/1212/874
f 883/1280/875 860/1243/875 857/1240/875 884/1283/875
f 831/1212/876 883/1282/876 884/1284/876 834/1215/876
f 884/1283/877 857/1240/877 854/1237/877 885/1285/877
f 834/1215/878 884/1284/878 885/1286/878 837/1218/878
f 885/1285/879 854/1237/879 851/1234/879 886/1287/879
f 837/1218/880 885/1286/880 886/1288/880 840/1221/880
f 886/1287/881 851/1234/881 847/1227/881 845/1226/881
f 840/1221/882 886/1288/882 845/1229/882 843/1224/882
f 889/1289/883 920/1290/883 888/1291/883 887/1292/883
f 887/1293/884 888/1294/884 892/1295/884 890/1296/884
f 887/1297/885 890/1298/885 889/1299/885
f 890/1298/885 891/1300/885 923/1301/885 889/1299/885
f 890/1296/886 892/1295/886 893/1302/886 891/1303/886
f 893/1302/887 892/1295/887 894/1304/887 895/1305/887
f 892/1295/888 888/1294/888 896/1306/888 894/1304/888
f 895/1305/889 894/1304/889 897/1307/889 898/1308/889
f 894/1304/890 896/1306/890 899/1309/890 897/1307/890
f 898/1308/891 897/1307/891 900/1310/891 901/1311/891
f 897/1307/892 899/1309/892 902/1312/892 900/1310/892
f 901/1311/893 900/1310/893 903/1313/893 905/1314/893
f 900/1310/894 902/1312/894 904/1315/894 903/1313/894
f 903/1313/895 904/1315/895 909/1316/895 906/1317/895
f 905/1314/896 903/1313/896 906/1317/896 907/1318/896
f 907/1318/897 906/1317/897 908/1319/897
f 906/1317/898 909/1316/898 908/1319/898
f 909/1320/899 910/1321/899 908/1322/899
f 904/1323/900 912/1324/900 910/1321/900 909/1320/900
f 912/1324/901 913/1325/901 911/1326/901 910/1321/901
f 908/1322/902 910/1321/902 911/1326/902
f 902/1327/903 914/1328/903 912/1324/903 904/1323/903
f 914/1328/904 915/1329/904 913/1325/904 912/1324/904
f 899/1330/905 916/1331/905 914/1328/905 902/1327/905
f 916/1331/906 917/1332/906 915/1329/906 914/1328/906
f 896/1333/907 918/1334/907 916/1331/907 899/1330/907
f 918/1334/908 919/1335/908 917/1332/908 916/1331/908
f 888/1291/909 920/1290/909 918/1334/909 896/1333/909
f 920/1290/910 921/1336/910 919/1335/910 918/1334/910
f 923/1337/911 921/1336/911 920/1290/911 889/1289/911
f 921/1336/912 922/1338/912 943/1339/912 919/1335/912
f 924/1340/913 922/1338/913 921/1336/913 923/1337/913
f 891/1300/914 926/1341/914 924/1342/914 923/1301/914
f 926/1341/915 925/1343/915 924/1342/915
f 925/1344/916 928/1345/916 922/1338/916 924/1340/916
f 926/1346/917 927/1347/917 928/1348/917 925/1349/917
f 891/1303/918 893/1302/918 927/1347/918 926/1346/918
f 928/1348/919 927/1347/919 929/1350/919 930/1351/919
f 927/1347/920 893/1302/920 895/1305/920 929/1350/920
f 930/1351/921 929/1350/921 931/1352/921 932/1353/921
f 929/1350/922 895/1305/922 898/1308/922 931/1352/922
f 932/1353/923 931/1352/923 933/1354/923 934/1355/923
f 931/1352/924 898/1308/924 901/1311/924 933/1354/924
f 934/1355/925 933/1354/925 935/1356/925 936/1357/925
f 933/1354/926 901/1311/926 905/1314/926 935/1356/926
f 936/1357/927 935/1356/927 937/1358/927 938/1359/927
f 935/1356/928 905/1314/928 907/1318/928 937/1358/928
f 938/1359/929 937/1358/929 908/1319/929
f 937/1358/930 907/1318/930 908/1319/930
f 940/1360/931 936/1361/931 938/1362/931 939/1363/931
f 939/1363/932 938/1362/932 908/1322/932
f 913/1325/933 940/1360/933 939/1363/933 911/1326/933
f 911/1326/934 939/1363/934 908/1322/934
f 941/1364/935 934/1365/935 936/1361/935 940/1360/935
f 915/1329/936 941/1364/936 940/1360/936 913/1325/936
f 942/1366/937 932/1367/937 934/1365/937 941/1364/937
f 917/1332/938 942/1366/938 941/1364/938 915/1329/938
f 943/1339/939 930/1368/939 932/1367/939 942/1366/939
f 919/1335/940 943/1339/940 942/1366/940 917/1332/940
f 922/1338/941 928/1345/941 930/1368/941 943/1339/941
f 946/1369/942 977/1370/942 945/1371/942 944/1372/942
f 944/1373/943 945/1374/943 949/1375/943 947/1376/943
f 944/1377/944 947/1378/944 946/1379/944
f 947/1378/944 948/1380/944 980/1381/944 946/1379/944
f 947/1376/945 949/1375/945 950/1382/945 948/1383/945
f 950/1382/946 949/1375/946 951/1384/946 952/1385/946
f 949/1375/947 945/1374/947 953/1386/947 951/1384/947
f 952/1385/948 951/1384/948 954/1387/948 955/1388/948
f 951/1384/949 953/1386/949 956/1389/949 954/1387/949
f 955/1388/950 954/1387/950 957/1390/950 958/1391/950
f 954/1387/951 956/1389/951 959/1392/951 957/1390/951
f 958/1391/952 957/1390/952 960/1393/952 962/1394/952
f 957/1390/953 959/1392/953 961/1395/953 960/1393/953
f 960/1393/954 961/1395/954 966/1396/954 963/1397/954
f 962/1394/955 960/1393/955 963/1397/955 964/1398/955
f 964/1398/956 963/1397/956 965/1399/956
f 963/1397/957 966/1396/957 965/1399/957
f 966/1400/958 967/1401/958 965/1402/958
f 961/1403/959 969/1404/959 967/1401/959 966/1400/959
f 969/1404/960 970/1405/960 968/1406/960 967/1401/960
f 965/1402/961 967/1401/961 968/1406/961
f 959/1407/962 971/1408/962 969/1404/962 961/1403/962
f 971/1408/963 972/1409/963 970/1405/963 969/1404/963
f 956/1410/964 973/1411/964 971/1408/964 959/1407/964
f 973/1411/965 974/1412/965 972/1409/965 971/1408/965
f 953/1413/966 975/1414/966 973/1411/966 956/1410/966
f 975/1414/967 976/1415/967 974/1412/967 973/1411/967
f 945/1371/968 977/1370/968 975/1414/968 953/1413/968
f 977/1370/969 978/1416/969 976/1415/969 975/1414/969
f 980/1417/970 978/1416/970 977/1370/970 946/1369/970
f 978/1416/971 979/1418/971 1000/1419/971 976/1415/971
f 981/1420/972 979/1418/972 978/1416/972 980/1417/972
f 948/1380/973 983/1421/973 981/1422/973 980/1381/973
f 983/1421/974 982/1423/974 981/1422/974
f 982/1424/975 985/1425/975 979/1418/975 981/1420/975
f 983/1426/976 984/1427/976 985/1428/976 982/1429/976
f 948/1383/977 950/1382/977 984/1427/977 983/1426/977
f 985/1428/978 984/1427/978 986/1430/978 987/1431/978
f 984/1427/979 950/1382/979 952/1385/979 986/1430/979
f 987/1431/980 986/1430/980 988/1432/980 989/1433/980
f 986/1430/981 952/1385/981 955/1388/981 988/1432/981
f 989/1433/982 988/1432/982 990/1434/982 991/1435/982
f 988/1432/983 955/1388/983 958/1391/983 990/1434/983
f 991/1435/984 990/1434/984 992/1436/984 993/1437/984
f 990/1434/985 958/1391/985 962/1394/985 992/1436/985
f 993/1437/986 992/1436/986 994/1438/986 995/1439/986
f 992/1436/987 962/1394/987 964/1398/987 994/1438/987
f 995/1439/988 994/1438/988 965/1399/988
f 994/1438/989 964/1398/989 965/1399/989
f 997/1440/990 993/1441/990 995/1442/990 996/1443/990
f 996/1443/991 995/1442/991 965/1402/991
f 970/1405/992 997/1440/992 996/1443/992 968/1406/992
f 968/1406/993 996/1443/993 965/1402/993
f 998/1444/994 991/1445/994 993/1441/994 997/1440/994
f 972/1409/995 998/1444/995 997/1440/995 970/1405/995
f 999/1446/996 989/1447/996 991/1445/996 998/1444/996
f 974/1412/997 999/1446/997 998/1444/997 972/1409/997
f 1000/1419/998 987/1448/998 989/1447/998 999/1446/998
f 976/1415/999 1000/1419/999 999/1446/999 974/1412/999
f 979/1418/1000 985/1425/1000 987/1448/1000 1000/1419/1000
f 1001/1449/1001 1003/1450/1001 1053/1451/1001 1002/1452/1001
f 1059/1453/1002 1004/1454/1002 1001/1449/1002 1002/1452/1002
f 1005/1455/1003 1006/1456/1003 1003/1457/1003 1001/1458/1003
f 1004/1459/1004 1007/1460/1004 1005/1455/1004 1001/1458/1004
f 1008/1461/1005 1011/1462/1005 1006/1456/1005 1005/1455/1005
f 1007/1460/1006 1010/1463/1006 1008/1461/1006 1005/1455/1006
f 1009/1464/1007 1012/1465/1007 1011/1462/1007 1008/1461/1007
f 1010/1463/1008 1061/1466/1008 1009/1464/1008 1008/1461/1008
f 1012/1465/1009 1014/1467/1009 1013/1468/1009 1011/1462/1009
f 1011/1462/1010 1013/1468/1010 1015/1469/1010 1006/1456/1010
f 1014/1467/1011 1017/1470/1011 1016/1471/1011 1013/1468/1011
f 1013/1468/1012 1016/1471/1012 1018/1472/1012 1015/1469/1012
f 1017/1470/1013 1020/1473/1013 1019/1474/1013 1016/1471/1013
f 1016/1471/1014 1019/1474/1014 1021/1475/1014 1018/1472/1014
f 1020/1473/1015 1023/1476/1015 1022/1477/1015 1019/1474/1015
f 1019/1474/1016 1022/1477/1016 1024/1478/1016 1021/1475/1016
f 1023/1476/1017 1026/1479/1017 1025/1480/1017 1022/1477/1017
f 1022/1477/1018 1025/1480/1018 1027/1481/1018 1024/1478/1018
f 1026/1479/1019 1029/1482/1019 1028/1483/1019 1025/1480/1019
f 1025/1480/1020 1028/1483/1020 1030/1484/1020 1027/1481/1020
f 1029/1482/1021 1031/1485/1021 1028/1483/1021
f 1028/1483/1022 1031/1485/1022 1030/1484/1022
f 1032/1486/1023 1031/1487/1023 1034/1488/1023
f 1030/1484/1024 1031/1485/1024 1032/1489/1024
f 1033/1490/1025 1031/1485/1025 1029/1482/1025
f 1035/1491/1026 1031/1487/1026 1033/1492/1026
f 1034/1488/1027 1031/1487/1027 1036/1493/1027
f 1036/1493/1028 1031/1487/1028 1035/1491/1028
f 1038/1494/1029 1034/1488/1029 1036/1493/1029 1037/1495/1029
f 1037/1495/1030 1036/1493/1030 1035/1491/1030 1039/1496/1030
f 1041/1497/1031 1038/1494/1031 1037/1495/1031 1040/1498/1031
f 1040/1498/1032 1037/1495/1032 1039/1496/1032 1042/1499/1032
f 1044/1500/1033 1041/1497/1033 1040/1498/1033 1043/1501/1033
f 1043/1501/1034 1040/1498/1034 1042/1499/1034 1045/1502/1034
f 1047/1503/1035 1044/1500/1035 1043/1501/1035 1046/1504/1035
f 1046/1504/1036 1043/1501/1036 1045/1502/1036 1048/1505/1036
f 1050/1506/1037 1047/1503/1037 1046/1504/1037 1049/1507/1037
f 1049/1507/1038 1046/1504/1038 1048/1505/1038 1051/1508/1038
f 1053/1451/1039 1050/1506/1039 1049/1507/1039 1052/1509/1039
f 1052/1509/1040 1049/1507/1040 1051/1508/1040 1054/1510/1040
f 1002/1452/1041 1053/1451/1041 1052/1509/1041 1055/1511/1041
f 1055/1511/1042 1052/1509/1042 1054/1510/1042 1056/1512/1042
f 1057/1513/1043 1059/1453/1043 1002/1452/1043 1055/1511/1043
f 1058/1514/1044 1057/1513/1044 1055/1511/1044 1056/1512/1044
f 1010/1515/1045 1057/1516/1045 1058/1517/1045 1061/1518/1045
f 1007/1519/1045 1059/1520/1045 1057/1516/1045 1010/1515/1045
f 1004/1521/1045 1059/1520/1045 1007/1519/1045
f 1060/1522/1046 1058/1514/1046 1056/1512/1046 1062/1523/1046
f 1061/1518/1045 1058/1517/1045 1060/1524/1045
f 1061/1466/1047 1060/1525/1047 1062/1526/1047 1009/1464/1047
f 1062/1526/1048 1063/1527/1048 1012/1465/1048 1009/1464/1048
f 1056/1512/1049 1054/1510/1049 1063/1528/1049 1062/1523/1049
f 1063/1527/1050 1064/1529/1050 1014/1467/1050 1012/1465/1050
f 1054/1510/1051 1051/1508/1051 1064/1530/1051 1063/1528/1051
f 1064/1529/1052 1065/1531/1052 1017/1470/1052 1014/1467/1052
f 1051/1508/1053 1048/1505/1053 1065/1532/1053 1064/1530/1053
f 1065/1531/1054 1066/1533/1054 1020/1473/1054 1017/1470/1054
f 1048/1505/1055 1045/1502/1055 1066/1534/1055 1065/1532/1055
f 1066/1533/1056 1067/1535/1056 1023/1476/1056 1020/1473/1056
f 1045/1502/1057 1042/1499/1057 1067/1536/1057 1066/1534/1057
f 1067/1535/1058 1068/1537/1058 1026/1479/1058 1023/1476/1058
f 1042/1499/1059 1039/1496/1059 1068/1538/1059 1067/1536/1059
f 1068/1537/1060 1033/1490/1060 1029/1482/1060 1026/1479/1060
f 1039/1496/1061 1035/1491/1061 1033/1492/1061 1068/1538/1061
f 1003/1450/1062 1069/1539/1062 1050/1506/1062 1053/1451/1062
f 1069/1539/1063 1070/1540/1063 1047/1503/1063 1050/1506/1063
f 1006/1456/1064 1015/1469/1064 1069/1541/1064 1003/1457/1064
f 1015/1469/1065 1018/1472/1065 1070/1542/1065 1069/1541/1065
f 1070/1540/1066 1071/1543/1066 1044/1500/1066 1047/1503/1066
f 1018/1472/1067 1021/1475/1067 1071/1544/1067 1070/1542/1067
f 1071/1543/1068 1072/1545/1068 1041/1497/1068 1044/1500/1068
f 1021/1475/1069 1024/1478/1069 1072/1546/1069 1071/1544/1069
f 1072/1545/1070 1073/1547/1070 1038/1494/1070 1041/1497/1070
f 1024/1478/1071 1027/1481/1071 1073/1548/1071 1072/1546/1071
f 1073/1547/1072 1032/1486/1072 1034/1488/1072 1038/1494/1072
f 1027/1481/1073 1030/1484/1073 1032/1489/1073 1073/1548/1073
f 1076/1549/1074 1074/1550/1074 1075/1551/1074 1107/1552/1074
f 1074/1553/1075 1077/1554/1075 1079/1555/1075 1075/1556/1075
f 1074/1557/1076 1076/1558/1076 1077/1559/1076
f 1077/1559/1076 1076/1558/1076 1110/1560/1076 1078/1561/1076
f 1077/1554/1077 1078/1562/1077 1080/1563/1077 1079/1555/1077
f 1080/1563/1078 1082/1564/1078 1081/1565/1078 1079/1555/1078
f 1079/1555/1079 1081/1565/1079 1083/1566/1079 1075/1556/1079
f 1082/1564/1080 1085/1567/1080 1084/1568/1080 1081/1565/1080
f 1081/1565/1081 1084/1568/1081 1086/1569/1081 1083/1566/1081
f 1085/1567/1082 1088/1570/1082 1087/1571/1082 1084/1568/1082
f 1084/1568/1083 1087/1571/1083 1089/1572/1083 1086/1569/1083
f 1088/1570/1084 1092/1573/1084 1090/1574/1084 1087/1571/1084
f 1087/1571/1085 1090/1574/1085 1091/1575/1085 1089/1572/1085
f 1090/1574/1086 1093/1576/1086 1096/1577/1086 1091/1575/1086
f 1092/1573/1087 1094/1578/1087 1093/1576/1087 1090/1574/1087
f 1094/1578/1088 1095/1579/1088 1093/1576/1088
f 1093/1576/1089 1095/1579/1089 1096/1577/1089
f 1096/1580/1090 1095/1581/1090 1097/1582/1090
f 1091/1583/1091 1096/1580/1091 1097/1582/1091 1099/1584/1091
f 1099/1584/1092 1097/1582/1092 1098/1585/1092 1100/1586/1092
f 1095/1581/1093 1098/1585/1093 1097/1582/1093
f 1089/1587/1094 1091/1583/1094 1099/1584/1094 1101/1588/1094
f 1101/1588/1095 1099/1584/1095 1100/1586/1095 1102/1589/1095
f 1086/1590/1096 1089/1587/1096 1101/1588/1096 1103/1591/1096
f 1103/1591/1097 1101/1588/1097 1102/1589/1097 1104/1592/1097
f 1083/1593/1098 1086/1590/1098 1103/1591/1098 1105/1594/1098
f 1105/1594/1099 1103/1591/1099 1104/1592/1099 1106/1595/1099
f 1075/1551/1100 1083/1593/1100 1105/1594/1100 1107/1552/1100
f 1107/1552/1101 1105/1594/1101 1106/1595/1101 1108/1596/1101
f 1110/1597/1102 1076/1549/1102 1107/1552/1102 1108/1596/1102
f 1108/1596/1103 1106/1595/1103 1130/1598/1103 1109/1599/1103
f 1111/1600/1104 1110/1597/1104 1108/1596/1104 1109/1599/1104
f 1078/1561/1105 1110/1560/1105 1111/1601/1105 1113/1602/1105
f 1113/1602/1106 1111/1601/1106 1112/1603/1106
f 1112/1604/1107 1111/1600/1107 1109/1599/1107 1115/1605/1107
f 1113/1606/1108 1112/1607/1108 1115/1608/1108 1114/1609/1108
f 1078/1562/1109 1113/1606/1109 1114/1609/1109 1080/1563/1109
f 1115/1608/1110 1117/1610/1110 1116/1611/1110 1114/1609/1110
f 1114/1609/1111 1116/1611/1111 1082/1564/1111 1080/1563/1111
f 1117/1610/1112 1119/1612/1112 1118/1613/1112 1116/1611/1112
f 1116/1611/1113 1118/1613/1113 1085/1567/1113 1082/1564/1113
f 1119/1612/1114 1121/1614/1114 1120/1615/1114 1118/1613/1114
f 1118/1613/1115 1120/1615/1115 1088/1570/1115 1085/1567/1115
f 1121/1614/1116 1123/1616/1116 1122/1617/1116 1120/1615/1116
f 1120/1615/1117 1122/1617/1117 1092/1573/1117 1088/1570/1117
f 1123/1616/1118 1125/1618/1118 1124/1619/1118 1122/1617/1118
f 1122/1617/1119 1124/1619/1119 1094/1578/1119 1092/1573/1119
f 1125/1618/1120 1095/1579/1120 1124/1619/1120
f 1124/1619/1121 1095/1579/1121 1094/1578/1121
f 1127/1620/1122 1126/1621/1122 1125/1622/1122 1123/1623/1122
f 1126/1621/1123 1095/1581/1123 1125/1622/1123
f 1100/1586/1124 1098/1585/1124 1126/1621/1124 1127/1620/1124
f 1098/1585/1125 1095/1581/1125 1126/1621/1125
f 1128/1624/1126 1127/1620/1126 1123/1623/1126 1121/1625/1126
f 1102/1589/1127 1100/1586/1127 1127/1620/1127 1128/1624/1127
f 1129/1626/1128 1128/1624/1128 1121/1625/1128 1119/1627/1128
f 1104/1592/1129 1102/1589/1129 1128/1624/1129 1129/1626/1129
f 1130/1598/1130 1129/1626/1130 1119/1627/1130 1117/1628/1130
f 1106/1595/1131 1104/1592/1131 1129/1626/1131 1130/1598/1131
f 1109/1599/1132 1130/1598/1132 1117/1628/1132 1115/1605/1132
l 44 45
l 100 45
