# Blender 5.1.2
# www.blender.org
mtllib plaza base.mtl
o techo
v 0.000000 4.422872 -4.361369
v 0.000000 4.689992 -4.361369
v 1.669024 4.422872 -4.029379
v 1.669024 4.689992 -4.029379
v 3.083953 4.422872 -3.083953
v 3.083953 4.689992 -3.083953
v 4.029379 4.422872 -1.669024
v 4.029379 4.689992 -1.669024
v 4.361369 4.422872 0.000000
v 4.361369 4.689992 0.000000
v 4.029379 4.422872 1.669024
v 4.029379 4.689992 1.669024
v 3.083953 4.422872 3.083953
v 3.083953 4.689992 3.083953
v 1.669024 4.422872 4.029379
v 1.669024 4.689992 4.029379
v 0.000000 4.422872 4.361369
v 0.000000 4.689992 4.361369
v -1.669024 4.422872 4.029379
v -1.669024 4.689992 4.029379
v -3.083953 4.422872 3.083953
v -3.083953 4.689992 3.083953
v -4.029379 4.422872 1.669024
v -4.029379 4.689992 1.669024
v -4.361369 4.422872 0.000000
v -4.361369 4.689992 0.000000
v -4.029379 4.422872 -1.669024
v -4.029379 4.689992 -1.669024
v -3.083953 4.422872 -3.083953
v -3.083953 4.689992 -3.083953
v -1.669024 4.422872 -4.029379
v -1.669024 4.689992 -4.029379
v 0.000000 4.689992 -5.120757
v 1.959629 4.689992 -4.730962
v 3.620922 4.689992 -3.620922
v 4.730962 4.689992 -1.959629
v 5.120757 4.689992 0.000000
v 4.730962 4.689992 1.959629
v 3.620922 4.689992 3.620922
v 1.959629 4.689992 4.730962
v 0.000000 4.689992 5.120757
v -1.959629 4.689992 4.730962
v -3.620922 4.689992 3.620922
v -4.730962 4.689992 1.959629
v -5.120757 4.689992 0.000000
v -4.730962 4.689992 -1.959629
v -3.620922 4.689992 -3.620922
v -1.959629 4.689992 -4.730962
v 0.000000 4.689992 -4.741063
v 1.814326 4.689992 -4.380170
v 3.352437 4.689992 -3.352437
v 4.380170 4.689992 -1.814326
v 4.741063 4.689992 0.000000
v 4.380170 4.689992 1.814326
v 3.352437 4.689992 3.352437
v 1.814326 4.689992 4.380170
v 0.000000 4.689992 4.741063
v -1.814326 4.689992 4.380170
v -3.352437 4.689992 3.352437
v -4.380170 4.689992 1.814326
v -4.741063 4.689992 0.000000
v -4.380170 4.689992 -1.814326
v -3.352437 4.689992 -3.352437
v -1.814326 4.689992 -4.380170
v 1.814326 5.466930 -4.380170
v 1.959629 5.466930 -4.730962
v 3.352437 5.466930 -3.352437
v 3.620922 5.466930 -3.620922
v 4.380170 5.466930 -1.814326
v 4.730962 5.466930 -1.959629
v 4.741063 5.466930 0.000000
v 5.120757 5.466930 0.000000
v 4.380170 5.466930 1.814326
v 4.730962 5.466930 1.959629
v 3.352437 5.466930 3.352437
v 3.620922 5.466930 3.620922
v 1.814326 5.466930 4.380170
v 1.959629 5.466930 4.730962
v 0.000000 5.466930 4.741063
v 0.000000 5.466930 5.120757
v -1.814326 5.466930 4.380170
v -1.959629 5.466930 4.730962
v -3.352437 5.466930 3.352437
v -3.620922 5.466930 3.620922
v -4.380170 5.466930 1.814326
v -4.730962 5.466930 1.959629
v -4.741063 5.466930 0.000000
v -5.120757 5.466930 0.000000
v -4.380170 5.466930 -1.814326
v -4.730962 5.466930 -1.959629
v -3.352437 5.466930 -3.352437
v -3.620922 5.466930 -3.620922
v -1.814326 5.466930 -4.380170
v -1.959629 5.466930 -4.730962
v 0.000000 5.466930 -5.120757
v 0.000000 5.466930 -4.741063
v 0.000000 5.734050 -4.361369
v 0.000000 5.466930 -4.361369
v 1.669024 5.734050 -4.029379
v 1.669024 5.466930 -4.029379
v 3.083953 5.734050 -3.083953
v 3.083953 5.466930 -3.083953
v 4.029379 5.734050 -1.669024
v 4.029379 5.466930 -1.669024
v 4.361369 5.734050 0.000000
v 4.361369 5.466930 0.000000
v 4.029379 5.734050 1.669024
v 4.029379 5.466930 1.669024
v 3.083953 5.734050 3.083953
v 3.083953 5.466930 3.083953
v 1.669024 5.734050 4.029379
v 1.669024 5.466930 4.029379
v 0.000000 5.734050 4.361369
v 0.000000 5.466930 4.361369
v -1.669024 5.734050 4.029379
v -1.669024 5.466930 4.029379
v -3.083953 5.734050 3.083953
v -3.083953 5.466930 3.083953
v -4.029379 5.734050 1.669024
v -4.029379 5.466930 1.669024
v -4.361369 5.734050 0.000000
v -4.361369 5.466930 0.000000
v -4.029379 5.734050 -1.669024
v -4.029379 5.466930 -1.669024
v -3.083953 5.734050 -3.083953
v -3.083953 5.466930 -3.083953
v -1.669024 5.734050 -4.029379
v -1.669024 5.466930 -4.029379
v 0.000000 6.455483 4.745927
v 0.000000 7.296558 4.023403
v 0.000000 7.940289 2.688352
v 0.000000 8.155901 1.851769
v 0.000000 8.288673 0.944024
v -1.851769 6.000296 4.470565
v -1.816188 6.455483 4.384665
v -1.710812 6.893177 4.130264
v -1.539690 7.296558 3.717139
v -1.309398 7.650125 3.161167
v -1.028788 7.940289 2.483713
v -0.708641 8.155901 1.710812
v -0.361262 8.288673 0.872164
v -3.421623 6.000296 3.421623
v -3.355878 6.455483 3.355877
v -3.161167 6.893177 3.161167
v -2.844975 7.296558 2.844975
v -2.419453 7.650125 2.419452
v -1.900952 7.940289 1.900952
v -1.309399 8.155901 1.309398
v -0.667526 8.288673 0.667525
v -4.470566 6.000296 1.851768
v -4.384665 6.455483 1.816187
v -4.130264 6.893177 1.710811
v -3.717139 7.296558 1.539689
v -3.161167 7.650125 1.309398
v -2.483713 7.940289 1.028788
v -1.710812 8.155901 0.708641
v -0.872164 8.288673 0.361262
v -4.838905 6.000296 -0.000001
v -4.745927 6.455483 -0.000001
v -4.470565 6.893177 -0.000001
v -4.023403 7.296558 -0.000000
v -3.421623 7.650125 -0.000000
v -2.688352 7.940289 -0.000000
v -1.851769 8.155901 -0.000000
v -0.944023 8.288673 -0.000000
v -4.470565 6.000296 -1.851770
v -4.384665 6.455483 -1.816188
v -4.130264 6.893177 -1.710812
v -3.717139 7.296558 -1.539690
v -3.161167 7.650125 -1.309399
v -2.483713 7.940289 -1.028788
v -1.710811 8.155901 -0.708642
v -0.872164 8.288673 -0.361262
v -3.421622 6.000296 -3.421623
v -3.355876 6.455483 -3.355878
v -3.161167 6.893177 -3.161168
v -2.844975 7.296558 -2.844975
v -2.419452 7.650125 -2.419453
v -1.900952 7.940289 -1.900952
v -1.309398 8.155901 -1.309399
v -0.667525 8.288673 -0.667526
v -1.851767 6.000296 -4.470566
v -1.816186 6.455483 -4.384665
v -1.710810 6.893177 -4.130264
v -1.539689 7.296558 -3.717139
v -1.309397 7.650125 -3.161167
v -1.028787 7.940289 -2.483714
v -0.708641 8.155901 -1.710812
v -0.361262 8.288673 -0.872164
v 0.000002 6.000296 -4.838905
v 0.000001 6.455483 -4.745927
v 0.000001 6.893177 -4.470565
v 0.000001 7.296558 -4.023402
v 0.000001 7.650125 -3.421622
v 0.000001 7.940289 -2.688352
v 0.000001 8.155901 -1.851769
v 0.000000 8.288673 -0.944023
v 1.851771 6.000296 -4.470565
v 1.816189 6.455483 -4.384664
v 1.710812 6.893177 -4.130263
v 1.539690 7.296558 -3.717139
v 1.309399 7.650125 -3.161166
v 1.028788 7.940289 -2.483713
v 0.708642 8.155901 -1.710811
v 0.361262 8.288673 -0.872164
v 3.421624 6.000296 -3.421621
v 3.355878 6.455483 -3.355875
v 3.161168 6.893177 -3.161166
v 2.844976 7.296558 -2.844974
v 2.419453 7.650125 -2.419451
v 1.900953 7.940289 -1.900952
v 1.309399 8.155901 -1.309398
v 0.667526 8.288673 -0.667525
v 4.470566 6.000296 -1.851767
v 4.384665 6.455483 -1.816186
v 4.130264 6.893177 -1.710810
v 3.717139 7.296558 -1.539688
v 3.161167 7.650125 -1.309397
v 2.483714 7.940289 -1.028787
v 1.710812 8.155901 -0.708641
v 0.872164 8.288673 -0.361262
v 4.838905 6.000296 0.000002
v 4.745926 6.455483 0.000002
v 4.470565 6.893177 0.000002
v 4.023402 7.296558 0.000002
v 3.421622 7.650125 0.000002
v 2.688352 7.940289 0.000001
v 1.851769 8.155901 0.000001
v 0.944023 8.288673 0.000000
v 4.470564 6.000296 1.851771
v 4.384664 6.455483 1.816189
v 4.130263 6.893177 1.710813
v 3.717138 7.296558 1.539691
v 3.161166 7.650125 1.309400
v 2.483713 7.940289 1.028789
v 1.710811 8.155901 0.708642
v 0.872164 8.288673 0.361263
v 3.421621 6.000296 3.421624
v 3.355875 6.455483 3.355878
v 3.161165 6.893177 3.161168
v 2.844974 7.296558 2.844976
v 2.419451 7.650125 2.419453
v 1.900951 7.940289 1.900953
v 1.309398 8.155901 1.309399
v 0.667525 8.288673 0.667526
v 1.851766 6.000296 4.470567
v 1.816185 6.455483 4.384665
v 1.710809 6.893177 4.130264
v 1.539687 7.296558 3.717139
v 1.309396 7.650125 3.161167
v 1.028787 7.940289 2.483714
v 0.708640 8.155901 1.710812
v 0.361262 8.288673 0.872164
v -0.000003 6.000296 4.838905
v -0.000002 6.893177 4.470565
v -0.000002 7.650125 3.421622
v -0.000000 6.441987 4.603484
v -0.000000 7.258060 3.902165
v -0.000000 7.882483 2.606491
v 0.000000 8.091537 1.794713
v 0.000000 8.220191 0.914001
v -0.000000 8.263510 0.000000
v -1.796483 5.993435 4.337094
v -1.761677 6.441987 4.253064
v -1.659390 6.866687 4.006122
v -1.493294 7.258060 3.605130
v -1.269783 7.601053 3.065527
v -0.997461 7.882483 2.408083
v -0.686807 8.091537 1.658099
v -0.349773 8.220191 0.844427
v -3.319468 5.993435 3.319468
v -3.255155 6.441987 3.255154
v -3.066153 6.866687 3.066153
v -2.759247 7.258060 2.759247
v -2.346253 7.601053 2.346253
v -1.843067 7.882483 1.843067
v -1.269054 8.091537 1.269054
v -0.646296 8.220191 0.646296
v -4.337095 5.993435 1.796483
v -4.253065 6.441987 1.761676
v -4.006122 6.866687 1.659390
v -3.605131 7.258060 1.493294
v -3.065527 7.601053 1.269783
v -2.408083 7.882483 0.997461
v -1.658099 8.091537 0.686807
v -0.844427 8.220191 0.349773
v -4.694437 5.993435 -0.000001
v -4.603484 6.441987 -0.000001
v -4.336195 6.866687 -0.000001
v -3.902165 7.258060 -0.000000
v -3.318103 7.601053 -0.000000
v -2.606491 7.882483 -0.000000
v -1.794713 8.091537 -0.000000
v -0.914001 8.220191 -0.000000
v -4.337094 5.993435 -1.796484
v -4.253064 6.441987 -1.761678
v -4.006122 6.866687 -1.659391
v -3.605130 7.258060 -1.493294
v -3.065527 7.601053 -1.269783
v -2.408083 7.882483 -0.997461
v -1.658099 8.091537 -0.686807
v -0.844426 8.220191 -0.349773
v -3.319467 5.993435 -3.319469
v -3.255154 6.441987 -3.255155
v -3.066153 6.866687 -3.066154
v -2.759247 7.258060 -2.759248
v -2.346252 7.601053 -2.346253
v -1.843067 7.882483 -1.843068
v -1.269054 8.091537 -1.269054
v -0.646296 8.220191 -0.646296
v -1.796482 5.993435 -4.337095
v -1.761676 6.441987 -4.253065
v -1.659389 6.866687 -4.006122
v -1.493293 7.258060 -3.605130
v -1.269782 7.601053 -3.065527
v -0.997460 7.882483 -2.408084
v -0.686807 8.091537 -1.658099
v -0.349773 8.220191 -0.844427
v 0.000002 5.993435 -4.694437
v 0.000001 6.441987 -4.603483
v 0.000001 6.866687 -4.336195
v 0.000001 7.258060 -3.902165
v 0.000001 7.601053 -3.318102
v 0.000001 7.882483 -2.606491
v 0.000001 8.091537 -1.794713
v 0.000000 8.220191 -0.914001
v 1.796485 5.993435 -4.337094
v 1.761678 6.441987 -4.253063
v 1.659391 6.866687 -4.006121
v 1.493295 7.258060 -3.605130
v 1.269784 7.601053 -3.065526
v 0.997462 7.882483 -2.408083
v 0.686808 8.091537 -1.658099
v 0.349773 8.220191 -0.844426
v 3.319469 5.993435 -3.319467
v 3.255155 6.441987 -3.255153
v 3.066154 6.866687 -3.066152
v 2.759248 7.258060 -2.759246
v 2.346253 7.601053 -2.346251
v 1.843068 7.882483 -1.843067
v 1.269055 8.091537 -1.269054
v 0.646296 8.220191 -0.646296
v 4.337095 5.993435 -1.796481
v 4.253065 6.441987 -1.761675
v 4.006122 6.866687 -1.659389
v 3.605131 7.258060 -1.493292
v 3.065527 7.601053 -1.269781
v 2.408084 7.882483 -0.997460
v 1.658099 8.091537 -0.686806
v 0.844426 8.220191 -0.349772
v 4.694437 5.993435 0.000002
v 4.603483 6.441987 0.000002
v 4.336195 6.866687 0.000002
v 3.902165 7.258060 0.000002
v 3.318102 7.601053 0.000002
v 2.606491 7.882483 0.000001
v 1.794713 8.091537 0.000001
v 0.914001 8.220191 0.000000
v 4.337093 5.993435 1.796486
v 4.253063 6.441987 1.761678
v 4.006121 6.866687 1.659391
v 3.605129 7.258060 1.493295
v 3.065526 7.601053 1.269784
v 2.408083 7.882483 0.997462
v 1.658099 8.091537 0.686808
v 0.844426 8.220191 0.349773
v 3.319467 5.993435 3.319470
v 3.255152 6.441987 3.255156
v 3.066151 6.866687 3.066154
v 2.759246 7.258060 2.759248
v 2.346251 7.601053 2.346253
v 1.843067 7.882483 1.843068
v 1.269053 8.091537 1.269055
v 0.646296 8.220191 0.646296
v 1.796481 5.993435 4.337095
v 1.761674 6.441987 4.253065
v 1.659388 6.866687 4.006122
v 1.493292 7.258060 3.605131
v 1.269781 7.601053 3.065527
v 0.997460 7.882483 2.408084
v 0.686806 8.091537 1.658099
v 0.349772 8.220191 0.844427
v -0.000003 5.993435 4.694437
v -0.000002 6.866687 4.336195
v -0.000002 7.601053 3.318102
v 1.879432 5.734050 -4.537350
v 0.000000 5.734050 -4.911192
v 3.472737 5.734050 -3.472737
v 4.537350 5.734050 -1.879432
v 4.911192 5.734050 0.000000
v 4.537350 5.734050 1.879432
v 3.472737 5.734050 3.472737
v 1.879432 5.734050 4.537350
v 0.000000 5.734050 4.911192
v -1.879432 5.734050 4.537350
v -3.472737 5.734050 3.472737
v -4.537350 5.734050 1.879432
v -4.911192 5.734050 0.000000
v -4.537350 5.734050 -1.879432
v -3.472737 5.734050 -3.472737
v -1.879432 5.734050 -4.537350
v 1.738062 5.734050 -4.196053
v 3.211520 5.734050 -3.211520
v 4.196053 5.734050 -1.738062
v 4.541775 5.734050 0.000000
v 4.196053 5.734050 1.738062
v 3.211520 5.734050 3.211520
v 1.738062 5.734050 4.196053
v 0.000000 5.734050 4.541775
v -1.738062 5.734050 4.196053
v -3.211520 5.734050 3.211520
v -4.196053 5.734050 1.738062
v -4.541775 5.734050 0.000000
v -4.196053 5.734050 -1.738062
v -3.211520 5.734050 -3.211520
v -1.738062 5.734050 -4.196053
v 0.000000 5.734050 -4.541775
v 0.000000 8.532437 0.000000
v 0.000000 8.497227 0.741431
v 0.000000 8.288673 0.944024
v 0.000000 8.478992 0.852036
v 0.000000 8.397908 0.930802
v -0.361262 8.288673 0.872164
v -0.283733 8.497227 0.684993
v -0.356203 8.397908 0.859949
v -0.326060 8.478992 0.787178
v -0.667526 8.288673 0.667525
v -0.524271 8.497227 0.524271
v -0.658176 8.397908 0.658176
v -0.602480 8.478992 0.602480
v -0.872164 8.288673 0.361262
v -0.684993 8.497227 0.283733
v -0.859949 8.397908 0.356202
v -0.787178 8.478992 0.326060
v -0.944023 8.288673 -0.000000
v -0.741431 8.497227 -0.000000
v -0.930802 8.397908 -0.000000
v -0.852036 8.478992 -0.000000
v -0.872164 8.288673 -0.361262
v -0.684993 8.497227 -0.283733
v -0.859949 8.397908 -0.356203
v -0.787178 8.478992 -0.326060
v -0.667525 8.288673 -0.667526
v -0.524271 8.497227 -0.524271
v -0.658176 8.397908 -0.658176
v -0.602480 8.478992 -0.602480
v -0.361262 8.288673 -0.872164
v -0.283733 8.497227 -0.684993
v -0.356202 8.397908 -0.859949
v -0.326060 8.478992 -0.787178
v 0.000000 8.288673 -0.944023
v 0.000000 8.497227 -0.741431
v 0.000000 8.397908 -0.930802
v 0.000000 8.478992 -0.852036
v 0.361262 8.288673 -0.872164
v 0.283734 8.497227 -0.684993
v 0.356203 8.397908 -0.859949
v 0.326060 8.478992 -0.787178
v 0.667526 8.288673 -0.667525
v 0.524271 8.497227 -0.524270
v 0.658177 8.397908 -0.658176
v 0.602480 8.478992 -0.602480
v 0.872164 8.288673 -0.361262
v 0.684993 8.497227 -0.283733
v 0.859949 8.397908 -0.356202
v 0.787178 8.478992 -0.326060
v 0.944023 8.288673 0.000000
v 0.741431 8.497227 0.000000
v 0.930802 8.397908 0.000000
v 0.852036 8.478992 0.000000
v 0.872164 8.288673 0.361263
v 0.684993 8.497227 0.283734
v 0.859949 8.397908 0.356203
v 0.787178 8.478992 0.326060
v 0.667525 8.288673 0.667526
v 0.524270 8.497227 0.524271
v 0.658176 8.397908 0.658176
v 0.602480 8.478992 0.602480
v 0.361262 8.288673 0.872164
v 0.283733 8.497227 0.684993
v 0.356202 8.397908 0.859949
v 0.326060 8.478992 0.787178
v 0.000000 5.634050 -5.478543
v 0.000000 5.734050 -5.376584
v 0.000000 5.688645 -5.471889
v 0.000000 5.727525 -5.432249
v 2.057530 5.734050 -4.967316
v 2.096548 5.634050 -5.061514
v 2.078831 5.727525 -5.018743
v 2.094001 5.688645 -5.055366
v 3.801819 5.734050 -3.801819
v 3.873915 5.634050 -3.873915
v 3.841180 5.727525 -3.841180
v 3.869210 5.688645 -3.869210
v 4.967316 5.734050 -2.057530
v 5.061514 5.634050 -2.096548
v 5.018743 5.727525 -2.078831
v 5.055366 5.688645 -2.094001
v 5.376584 5.734050 0.000000
v 5.478543 5.634050 0.000000
v 5.432249 5.727525 0.000000
v 5.471889 5.688645 0.000000
v 4.967316 5.734050 2.057530
v 5.061514 5.634050 2.096548
v 5.018743 5.727525 2.078831
v 5.055366 5.688645 2.094001
v 3.801819 5.734050 3.801819
v 3.873915 5.634050 3.873915
v 3.841180 5.727525 3.841180
v 3.869210 5.688645 3.869210
v 2.057530 5.734050 4.967316
v 2.096548 5.634050 5.061514
v 2.078831 5.727525 5.018743
v 2.094001 5.688645 5.055366
v 0.000000 5.734050 5.376584
v 0.000000 5.634050 5.478543
v 0.000000 5.727525 5.432249
v 0.000000 5.688645 5.471889
v -2.057530 5.734050 4.967316
v -2.096548 5.634050 5.061514
v -2.078831 5.727525 5.018743
v -2.094001 5.688645 5.055366
v -3.801819 5.734050 3.801819
v -3.873915 5.634050 3.873915
v -3.841180 5.727525 3.841180
v -3.869210 5.688645 3.869210
v -4.967316 5.734050 2.057530
v -5.061514 5.634050 2.096548
v -5.018743 5.727525 2.078831
v -5.055366 5.688645 2.094001
v -5.376584 5.734050 0.000000
v -5.478543 5.634050 0.000000
v -5.432249 5.727525 0.000000
v -5.471889 5.688645 0.000000
v -4.967316 5.734050 -2.057530
v -5.061514 5.634050 -2.096548
v -5.018743 5.727525 -2.078831
v -5.055366 5.688645 -2.094001
v -3.801819 5.734050 -3.801819
v -3.873915 5.634050 -3.873915
v -3.841180 5.727525 -3.841180
v -3.869210 5.688645 -3.869210
v -2.057530 5.734050 -4.967316
v -2.096548 5.634050 -5.061514
v -2.078831 5.727525 -5.018743
v -2.094001 5.688645 -5.055366
v 2.096548 5.566930 -5.061514
v 2.057530 5.466930 -4.967316
v 2.094001 5.512336 -5.055366
v 2.078831 5.473457 -5.018743
v 0.000000 5.466930 -5.376584
v 0.000000 5.566930 -5.478543
v 0.000000 5.473457 -5.432249
v 0.000000 5.512336 -5.471889
v 3.873915 5.566930 -3.873915
v 3.801819 5.466930 -3.801819
v 3.869210 5.512336 -3.869210
v 3.841180 5.473457 -3.841180
v 5.061514 5.566930 -2.096548
v 4.967316 5.466930 -2.057530
v 5.055366 5.512336 -2.094001
v 5.018743 5.473457 -2.078831
v 5.478543 5.566930 0.000000
v 5.376584 5.466930 0.000000
v 5.471889 5.512336 0.000000
v 5.432249 5.473457 0.000000
v 5.061514 5.566930 2.096548
v 4.967316 5.466930 2.057530
v 5.055366 5.512336 2.094001
v 5.018743 5.473457 2.078831
v 3.873915 5.566930 3.873915
v 3.801819 5.466930 3.801819
v 3.869210 5.512336 3.869210
v 3.841180 5.473457 3.841180
v 2.096548 5.566930 5.061514
v 2.057530 5.466930 4.967316
v 2.094001 5.512336 5.055366
v 2.078831 5.473457 5.018743
v 0.000000 5.566930 5.478543
v 0.000000 5.466930 5.376584
v 0.000000 5.512336 5.471889
v 0.000000 5.473457 5.432249
v -2.096548 5.566930 5.061514
v -2.057530 5.466930 4.967316
v -2.094001 5.512336 5.055366
v -2.078831 5.473457 5.018743
v -3.873915 5.566930 3.873915
v -3.801819 5.466930 3.801819
v -3.869210 5.512336 3.869210
v -3.841180 5.473457 3.841180
v -5.061514 5.566930 2.096548
v -4.967316 5.466930 2.057530
v -5.055366 5.512336 2.094001
v -5.018743 5.473457 2.078831
v -5.478543 5.566930 0.000000
v -5.376584 5.466930 0.000000
v -5.471889 5.512336 0.000000
v -5.432249 5.473457 0.000000
v -5.061514 5.566930 -2.096548
v -4.967316 5.466930 -2.057530
v -5.055366 5.512336 -2.094001
v -5.018743 5.473457 -2.078831
v -3.873915 5.566930 -3.873915
v -3.801819 5.466930 -3.801819
v -3.869210 5.512336 -3.869210
v -3.841180 5.473457 -3.841180
v -2.096548 5.566930 -5.061514
v -2.057530 5.466930 -4.967316
v -2.094001 5.512336 -5.055366
v -2.078831 5.473457 -5.018743
v 0.000000 4.422872 -5.376584
v 0.000000 4.522872 -5.478543
v 0.000000 4.429398 -5.432249
v 0.000000 4.468277 -5.471889
v 2.096548 4.522872 -5.061514
v 2.057530 4.422872 -4.967316
v 2.094001 4.468277 -5.055366
v 2.078831 4.429398 -5.018743
v 2.057530 4.689992 -4.967316
v 2.096548 4.589992 -5.061514
v 2.078831 4.683465 -5.018743
v 2.094001 4.644586 -5.055366
v 0.000000 4.589992 -5.478543
v 0.000000 4.689992 -5.376584
v 0.000000 4.644586 -5.471889
v 0.000000 4.683465 -5.432249
v 3.873915 4.522872 -3.873915
v 3.801819 4.422872 -3.801819
v 3.869210 4.468277 -3.869210
v 3.841180 4.429398 -3.841180
v 3.801819 4.689992 -3.801819
v 3.873915 4.589992 -3.873915
v 3.841180 4.683465 -3.841180
v 3.869210 4.644586 -3.869210
v 5.061514 4.522872 -2.096548
v 4.967316 4.422872 -2.057530
v 5.055366 4.468277 -2.094001
v 5.018743 4.429398 -2.078831
v 4.967316 4.689992 -2.057530
v 5.061514 4.589992 -2.096548
v 5.018743 4.683465 -2.078831
v 5.055366 4.644586 -2.094001
v 5.478543 4.522872 0.000000
v 5.376584 4.422872 0.000000
v 5.471889 4.468277 0.000000
v 5.432249 4.429398 0.000000
v 5.376584 4.689992 0.000000
v 5.478543 4.589992 0.000000
v 5.432249 4.683465 0.000000
v 5.471889 4.644586 0.000000
v 5.061514 4.522872 2.096548
v 4.967316 4.422872 2.057530
v 5.055366 4.468277 2.094001
v 5.018743 4.429398 2.078831
v 4.967316 4.689992 2.057530
v 5.061514 4.589992 2.096548
v 5.018743 4.683465 2.078831
v 5.055366 4.644586 2.094001
v 3.873915 4.522872 3.873915
v 3.801819 4.422872 3.801819
v 3.869210 4.468277 3.869210
v 3.841180 4.429398 3.841180
v 3.801819 4.689992 3.801819
v 3.873915 4.589992 3.873915
v 3.841180 4.683465 3.841180
v 3.869210 4.644586 3.869210
v 2.096548 4.522872 5.061514
v 2.057530 4.422872 4.967316
v 2.094001 4.468277 5.055366
v 2.078831 4.429398 5.018743
v 2.057530 4.689992 4.967316
v 2.096548 4.589992 5.061514
v 2.078831 4.683465 5.018743
v 2.094001 4.644586 5.055366
v 0.000000 4.522872 5.478543
v 0.000000 4.422872 5.376584
v 0.000000 4.468277 5.471889
v 0.000000 4.429398 5.432249
v 0.000000 4.689992 5.376584
v 0.000000 4.589992 5.478543
v 0.000000 4.683465 5.432249
v 0.000000 4.644586 5.471889
v -2.096548 4.522872 5.061514
v -2.057530 4.422872 4.967316
v -2.094001 4.468277 5.055366
v -2.078831 4.429398 5.018743
v -2.057530 4.689992 4.967316
v -2.096548 4.589992 5.061514
v -2.078831 4.683465 5.018743
v -2.094001 4.644586 5.055366
v -3.873915 4.522872 3.873915
v -3.801819 4.422872 3.801819
v -3.869210 4.468277 3.869210
v -3.841180 4.429398 3.841180
v -3.801819 4.689992 3.801819
v -3.873915 4.589992 3.873915
v -3.841180 4.683465 3.841180
v -3.869210 4.644586 3.869210
v -5.061514 4.522872 2.096548
v -4.967316 4.422872 2.057530
v -5.055366 4.468277 2.094001
v -5.018743 4.429398 2.078831
v -4.967316 4.689992 2.057530
v -5.061514 4.589992 2.096548
v -5.018743 4.683465 2.078831
v -5.055366 4.644586 2.094001
v -5.478543 4.522872 0.000000
v -5.376584 4.422872 0.000000
v -5.471889 4.468277 0.000000
v -5.432249 4.429398 0.000000
v -5.376584 4.689992 0.000000
v -5.478543 4.589992 0.000000
v -5.432249 4.683465 0.000000
v -5.471889 4.644586 0.000000
v -5.061514 4.522872 -2.096548
v -4.967316 4.422872 -2.057530
v -5.055366 4.468277 -2.094001
v -5.018743 4.429398 -2.078831
v -4.967316 4.689992 -2.057530
v -5.061514 4.589992 -2.096548
v -5.018743 4.683465 -2.078831
v -5.055366 4.644586 -2.094001
v -3.873915 4.522872 -3.873915
v -3.801819 4.422872 -3.801819
v -3.869210 4.468277 -3.869210
v -3.841180 4.429398 -3.841180
v -3.801819 4.689992 -3.801819
v -3.873915 4.589992 -3.873915
v -3.841180 4.683465 -3.841180
v -3.869210 4.644586 -3.869210
v -2.096548 4.522872 -5.061514
v -2.057530 4.422872 -4.967316
v -2.094001 4.468277 -5.055366
v -2.078831 4.429398 -5.018743
v -2.057530 4.689992 -4.967316
v -2.096548 4.589992 -5.061514
v -2.078831 4.683465 -5.018743
v -2.094001 4.644586 -5.055366
v -0.034308 0.353509 -5.241082
v 0.106040 0.353509 -5.213165
v 0.225021 0.353509 -5.133664
v 0.304522 0.353509 -5.014682
v 0.332440 0.353509 -4.874334
v 0.304522 0.353509 -4.733986
v 0.225021 0.353509 -4.615004
v 0.106040 0.353509 -4.535503
v -0.034308 0.353509 -4.507586
v -0.174657 0.353509 -4.535503
v -0.293638 0.353509 -4.615004
v -0.373139 0.353509 -4.733986
v -0.401056 0.353509 -4.874334
v -0.373139 0.353509 -5.014682
v -0.293638 0.353509 -5.133664
v -0.174657 0.353509 -5.213165
v 0.399791 4.407950 -4.864802
v -0.473946 4.407950 -4.864802
v -0.036774 3.618100 -5.115321
v -0.037078 4.407950 -5.301671
v -0.036774 3.802036 -5.201289
v -0.036774 3.985973 -5.287256
v -0.038691 4.196961 -5.285645
v 0.130105 4.407950 -5.268416
v 0.059387 3.618107 -5.096193
v 0.122505 4.196965 -5.253581
v 0.125184 3.985980 -5.255041
v 0.092285 3.802043 -5.175617
v 0.271835 4.407950 -5.173715
v 0.140908 3.618114 -5.041722
v 0.259159 4.196969 -5.162271
v 0.262485 3.985988 -5.163299
v 0.201697 3.802051 -5.102510
v 0.366536 4.407950 -5.031984
v 0.195379 3.618120 -4.960201
v 0.350469 4.196972 -5.025616
v 0.354227 3.985993 -5.025997
v 0.274803 3.802057 -4.993099
v 0.214507 3.618124 -4.864040
v 0.382533 4.196974 -4.864421
v 0.386442 3.985997 -4.864040
v 0.300475 3.802061 -4.864040
v 0.366536 4.407950 -4.697619
v 0.195379 3.618124 -4.767878
v 0.350469 4.196974 -4.703225
v 0.354227 3.985997 -4.702082
v 0.274803 3.802061 -4.734980
v 0.271835 4.407950 -4.555889
v 0.140908 3.618121 -4.686357
v 0.259159 4.196972 -4.566570
v 0.262485 3.985994 -4.564780
v 0.201697 3.802057 -4.625568
v 0.130105 4.407950 -4.461188
v 0.059387 3.618114 -4.631886
v 0.122505 4.196969 -4.475261
v 0.125184 3.985988 -4.473039
v 0.092285 3.802051 -4.552462
v -0.037078 4.407950 -4.427933
v -0.036774 3.618107 -4.612758
v -0.038691 4.196965 -4.443197
v -0.036774 3.985980 -4.440823
v -0.036774 3.802043 -4.526791
v -0.204260 4.407950 -4.461188
v -0.132936 3.618100 -4.631886
v -0.199886 4.196961 -4.475261
v -0.198732 3.985973 -4.473038
v -0.165834 3.802036 -4.552462
v -0.345991 4.407950 -4.555889
v -0.214457 3.618094 -4.686357
v -0.336541 4.196959 -4.566570
v -0.336033 3.985967 -4.564780
v -0.275245 3.802030 -4.625568
v -0.440692 4.407950 -4.697619
v -0.268928 3.618090 -4.767878
v -0.427851 4.196957 -4.703225
v -0.427775 3.985963 -4.702081
v -0.348352 3.802027 -4.734980
v -0.288056 3.618088 -4.864039
v -0.459915 4.196956 -4.864421
v -0.459991 3.985961 -4.864039
v -0.374023 3.802025 -4.864039
v -0.440692 4.407950 -5.031984
v -0.268928 3.618088 -4.960201
v -0.427851 4.196956 -5.025616
v -0.427775 3.985961 -5.025997
v -0.348352 3.802025 -4.993099
v -0.345991 4.407950 -5.173715
v -0.214457 3.618090 -5.041722
v -0.336541 4.196957 -5.162271
v -0.336033 3.985963 -5.163299
v -0.275245 3.802027 -5.102510
v -0.204260 4.407950 -5.268416
v -0.132935 3.618094 -5.096193
v -0.199886 4.196959 -5.253581
v -0.198732 3.985967 -5.255041
v -0.165834 3.802030 -5.175617
v -0.037078 4.407950 -4.864802
v -0.034309 0.353509 -4.874334
v -3.108387 0.353509 -4.219958
v -2.978433 0.353509 -4.279867
v -2.835446 0.353509 -4.285485
v -2.701193 0.353509 -4.235957
v -2.596113 0.353509 -4.138823
v -2.536203 0.353509 -4.008869
v -2.530586 0.353509 -3.865881
v -2.580114 0.353509 -3.731628
v -2.677249 0.353509 -3.626548
v -2.807202 0.353509 -3.566638
v -2.950190 0.353509 -3.561021
v -3.084443 0.353509 -3.610549
v -3.189523 0.353509 -3.707684
v -3.249432 0.353509 -3.837637
v -3.255050 0.353509 -3.980625
v -3.205522 0.353509 -4.114878
v -2.536022 4.407950 -4.170699
v -3.242890 4.407950 -3.657129
v -3.036461 3.618100 -4.116766
v -3.146241 4.407950 -4.267347
v -3.086992 3.802036 -4.186316
v -3.137522 3.985973 -4.255865
v -3.138126 4.196961 -4.253434
v -2.991441 4.407950 -4.338711
v -2.947423 3.618107 -4.157814
v -2.988869 4.196965 -4.322243
v -2.987560 3.985980 -4.324998
v -2.967491 3.802043 -4.241405
v -2.821115 4.407950 -4.345403
v -2.849453 3.618114 -4.161663
v -2.824643 4.196969 -4.328695
v -2.822556 3.985988 -4.331481
v -2.836005 3.802051 -4.246572
v -2.661193 4.407950 -4.286405
v -2.757468 3.618120 -4.127728
v -2.670448 4.196972 -4.271810
v -2.667632 3.985993 -4.274326
v -2.712550 3.802057 -4.201027
v -2.685471 3.618124 -4.061174
v -2.549759 4.196974 -4.160246
v -2.546373 3.985997 -4.162236
v -2.615922 3.802061 -4.111705
v -2.464658 4.407950 -4.015898
v -2.644424 3.618124 -3.972136
v -2.480951 4.196974 -4.010990
v -2.477239 3.985997 -4.012273
v -2.560831 3.802061 -3.992204
v -2.457966 4.407950 -3.845572
v -2.640574 3.618121 -3.874166
v -2.474499 4.196972 -3.846763
v -2.470756 3.985994 -3.847269
v -2.555665 3.802057 -3.860718
v -2.516964 4.407950 -3.685651
v -2.674509 3.618114 -3.782181
v -2.531384 4.196969 -3.692568
v -2.527910 3.985988 -3.692345
v -2.601210 3.802051 -3.737263
v -2.632671 4.407950 -3.560479
v -2.741062 3.618107 -3.710184
v -2.642947 4.196965 -3.571880
v -2.640001 3.985980 -3.571086
v -2.690532 3.802043 -3.640635
v -2.787471 4.407950 -3.489116
v -2.830101 3.618100 -3.669137
v -2.792204 4.196961 -3.503072
v -2.789964 3.985973 -3.501952
v -2.810033 3.802036 -3.585544
v -2.957797 4.407950 -3.482423
v -2.928071 3.618094 -3.665287
v -2.956430 4.196959 -3.496619
v -2.954967 3.985967 -3.495469
v -2.941519 3.802030 -3.580378
v -3.117719 4.407950 -3.541422
v -3.020056 3.618090 -3.699222
v -3.110626 4.196957 -3.553504
v -3.109892 3.985963 -3.552624
v -3.064974 3.802027 -3.625923
v -3.092053 3.618088 -3.765775
v -3.231314 4.196956 -3.665068
v -3.231151 3.985961 -3.664714
v -3.161602 3.802025 -3.715245
v -3.314254 4.407950 -3.811929
v -3.133100 3.618088 -3.854815
v -3.300122 4.196956 -3.814324
v -3.300285 3.985961 -3.814677
v -3.216693 3.802025 -3.834746
v -3.320946 4.407950 -3.982255
v -3.136950 3.618090 -3.952784
v -3.306575 4.196957 -3.978551
v -3.306768 3.985963 -3.979681
v -3.221859 3.802027 -3.966232
v -3.261947 4.407950 -4.142177
v -3.103014 3.618094 -4.044769
v -3.249689 4.196959 -4.132746
v -3.249613 3.985967 -4.134605
v -3.176314 3.802030 -4.089687
v -2.889456 4.407950 -3.913914
v -2.892818 0.353509 -3.923253
v -4.995167 0.353509 -1.586954
v -4.925246 0.353509 -1.711806
v -4.812869 0.353509 -1.800397
v -4.675144 0.353509 -1.839240
v -4.533038 0.353509 -1.822421
v -4.408185 0.353509 -1.752500
v -4.319594 0.353509 -1.640123
v -4.280752 0.353509 -1.502398
v -4.297571 0.353509 -1.360292
v -4.367492 0.353509 -1.235439
v -4.479869 0.353509 -1.146848
v -4.617595 0.353509 -1.108006
v -4.759700 0.353509 -1.124825
v -4.884552 0.353509 -1.194746
v -4.973144 0.353509 -1.307123
v -5.011986 0.353509 -1.444848
v -4.503160 4.407950 -1.883530
v -4.773160 4.407950 -1.052557
v -4.876323 3.618100 -1.545747
v -5.053646 4.407950 -1.603043
v -4.958084 3.802036 -1.572312
v -5.039844 3.985973 -1.598878
v -5.038903 4.196961 -1.596557
v -4.970356 4.407950 -1.751767
v -4.828416 3.618107 -1.631291
v -4.958596 4.196965 -1.739954
v -4.959157 3.985980 -1.742954
v -4.893786 3.802043 -1.687122
v -4.836493 4.407950 -1.857296
v -4.751420 3.618114 -1.691989
v -4.829527 4.196969 -1.841705
v -4.829476 3.985988 -1.845185
v -4.790448 3.802051 -1.768587
v -4.672436 4.407950 -1.903565
v -4.657056 3.618120 -1.718603
v -4.671344 4.196972 -1.886317
v -4.670546 3.985993 -1.890008
v -4.663801 3.802057 -1.804305
v -4.559690 3.618124 -1.707079
v -4.508130 4.196974 -1.866999
v -4.506559 3.985997 -1.870599
v -4.533124 3.802061 -1.788839
v -4.354436 4.407950 -1.800241
v -4.474146 3.618124 -1.659172
v -4.364732 4.196974 -1.786693
v -4.362484 3.985997 -1.789913
v -4.418315 3.802061 -1.724542
v -4.248907 4.407950 -1.666377
v -4.413447 3.618121 -1.582175
v -4.262982 4.196972 -1.657623
v -4.260252 3.985994 -1.660233
v -4.336850 3.802057 -1.621204
v -4.202638 4.407950 -1.502320
v -4.386833 3.618114 -1.487812
v -4.218370 4.196969 -1.499440
v -4.215428 3.985988 -1.501302
v -4.301131 3.802051 -1.494557
v -4.222672 4.407950 -1.333043
v -4.398357 3.618107 -1.390446
v -4.237688 4.196965 -1.336226
v -4.234838 3.985980 -1.337315
v -4.316597 3.802043 -1.363881
v -4.305962 4.407950 -1.184320
v -4.446264 3.618100 -1.304902
v -4.317994 4.196961 -1.192828
v -4.315524 3.985973 -1.193239
v -4.380895 3.802036 -1.249071
v -4.439825 4.407950 -1.078790
v -4.523261 3.618094 -1.244203
v -4.447063 4.196959 -1.091078
v -4.445204 3.985967 -1.091008
v -4.484232 3.802030 -1.167605
v -4.603883 4.407950 -1.032521
v -4.617625 3.618090 -1.217589
v -4.605247 4.196957 -1.046466
v -4.604135 3.985963 -1.046185
v -4.610880 3.802027 -1.131887
v -4.714991 3.618088 -1.229113
v -4.768460 4.196956 -1.065784
v -4.768121 3.985961 -1.065593
v -4.741556 3.802025 -1.147353
v -4.921883 4.407950 -1.135846
v -4.800535 3.618088 -1.277020
v -4.911858 4.196956 -1.146090
v -4.912198 3.985961 -1.146280
v -4.856366 3.802025 -1.211650
v -5.027412 4.407950 -1.269709
v -4.861234 3.618090 -1.354017
v -5.013608 4.196957 -1.275160
v -5.014429 3.985963 -1.275960
v -4.937831 3.802027 -1.314989
v -5.073681 4.407950 -1.433767
v -4.887847 3.618094 -1.448381
v -5.058221 4.196959 -1.433342
v -5.059252 3.985967 -1.434891
v -4.973550 3.802030 -1.441636
v -4.638160 4.407950 -1.468043
v -4.646369 0.353509 -1.473623
v -4.973963 0.353509 1.652214
v -4.990782 0.353509 1.510108
v -4.951940 0.353509 1.372382
v -4.863349 0.353509 1.260005
v -4.738497 0.353509 1.190084
v -4.596391 0.353509 1.173265
v -4.458665 0.353509 1.212108
v -4.346288 0.353509 1.300699
v -4.276367 0.353509 1.425551
v -4.259548 0.353509 1.567657
v -4.298391 0.353509 1.705382
v -4.386982 0.353509 1.817759
v -4.511834 0.353509 1.887680
v -4.653940 0.353509 1.904500
v -4.791665 0.353509 1.865657
v -4.904043 0.353509 1.777066
v -4.750244 4.407950 1.123084
v -4.480244 4.407950 1.954057
v -4.853595 3.618100 1.615697
v -5.030731 4.407950 1.673571
v -4.935355 3.802036 1.642262
v -5.017116 3.985973 1.668827
v -5.014991 4.196961 1.670152
v -5.050766 4.407950 1.504295
v -4.865119 3.618107 1.518331
v -5.034308 4.196965 1.506938
v -5.036524 3.985980 1.504841
v -4.950821 3.802043 1.511586
v -5.004497 4.407950 1.340237
v -4.838506 3.618114 1.423967
v -4.989696 4.196969 1.348756
v -4.991701 3.985988 1.345910
v -4.915103 3.802051 1.384939
v -4.898967 4.407950 1.206374
v -4.777807 3.618120 1.346971
v -4.887946 4.196972 1.219686
v -4.889470 3.985993 1.216230
v -4.833638 3.802057 1.281600
v -4.692263 3.618124 1.299064
v -4.744548 4.196974 1.139379
v -4.745394 3.985997 1.135544
v -4.718828 3.802061 1.217304
v -4.580967 4.407950 1.103049
v -4.594897 3.618124 1.287540
v -4.581334 4.196974 1.120062
v -4.581408 3.985997 1.116135
v -4.588152 3.802061 1.201837
v -4.416910 4.407950 1.149318
v -4.500533 3.618121 1.314153
v -4.423151 4.196972 1.164674
v -4.422476 3.985994 1.160958
v -4.461505 3.802057 1.237555
v -4.283046 4.407950 1.254847
v -4.423537 3.618114 1.374852
v -4.294082 4.196969 1.266424
v -4.292796 3.985988 1.263189
v -4.358166 3.802051 1.319021
v -4.199758 4.407950 1.403571
v -4.375629 3.618107 1.460396
v -4.213775 4.196965 1.409822
v -4.212110 3.985980 1.407265
v -4.293869 3.802043 1.433831
v -4.179722 4.407950 1.572847
v -4.364105 3.618100 1.557762
v -4.194458 4.196961 1.573036
v -4.192700 3.985973 1.571251
v -4.278403 3.802036 1.564507
v -4.225991 4.407950 1.736905
v -4.390719 3.618094 1.652126
v -4.239069 4.196959 1.731219
v -4.237524 3.985967 1.730183
v -4.314121 3.802030 1.691154
v -4.331520 4.407950 1.870768
v -4.451418 3.618090 1.729122
v -4.340819 4.196957 1.860288
v -4.339755 3.985963 1.859862
v -4.395586 3.802027 1.794492
v -4.536962 3.618088 1.777029
v -4.484217 4.196956 1.940595
v -4.483831 3.985961 1.940549
v -4.510396 3.802025 1.858789
v -4.649520 4.407950 1.974093
v -4.634328 3.618088 1.788553
v -4.647432 4.196956 1.959912
v -4.647818 3.985961 1.959958
v -4.641073 3.802025 1.874256
v -4.813578 4.407950 1.927824
v -4.728692 3.618090 1.761940
v -4.805614 4.196957 1.915300
v -4.806749 3.985963 1.915135
v -4.767720 3.802027 1.838537
v -4.947442 4.407950 1.822294
v -4.805688 3.618094 1.701241
v -4.934684 4.196959 1.813550
v -4.936429 3.985967 1.812903
v -4.871058 3.802030 1.757072
v -4.615244 4.407950 1.538571
v -4.625165 0.353509 1.538883
v -3.052875 0.353509 4.260290
v -3.150009 0.353509 4.155210
v -3.199538 0.353509 4.020957
v -3.193920 0.353509 3.877970
v -3.134011 0.353509 3.748016
v -3.028931 0.353509 3.650882
v -2.894678 0.353509 3.601353
v -2.751690 0.353509 3.606971
v -2.621737 0.353509 3.666880
v -2.524601 0.353509 3.771960
v -2.475073 0.353509 3.906213
v -2.480691 0.353509 4.049201
v -2.540601 0.353509 4.179154
v -2.645680 0.353509 4.276289
v -2.779933 0.353509 4.325817
v -2.922921 0.353509 4.320199
v -3.182896 4.407950 3.700717
v -2.476028 4.407950 4.214286
v -2.976959 3.618100 4.159997
v -3.086247 4.407950 4.310935
v -3.027490 3.802036 4.229547
v -3.078020 3.985973 4.299096
v -3.075522 4.196961 4.298919
v -3.201954 4.407950 4.185765
v -3.043512 3.618107 4.088000
v -3.187085 4.196965 4.178230
v -3.190111 3.985980 4.177836
v -3.116811 3.802043 4.132918
v -3.260952 4.407950 4.025843
v -3.077447 3.618114 3.996015
v -3.243971 4.196969 4.024035
v -3.247266 3.985988 4.022912
v -3.162356 3.802051 4.009464
v -3.254260 4.407950 3.855517
v -3.073598 3.618120 3.898046
v -3.237518 4.196972 3.859808
v -3.240782 3.985993 3.857908
v -3.157190 3.802057 3.877977
v -3.032550 3.618124 3.809007
v -3.168710 4.196974 3.710552
v -3.171649 3.985997 3.707946
v -3.102100 3.802061 3.758476
v -3.057725 4.407950 3.585010
v -2.960553 3.618124 3.742454
v -3.048022 4.196974 3.598989
v -3.050390 3.985997 3.595855
v -3.005472 3.802061 3.669154
v -2.897803 4.407950 3.526012
v -2.868568 3.618121 3.708519
v -2.893827 4.196972 3.542103
v -2.895465 3.985994 3.538700
v -2.882017 3.802057 3.623610
v -2.727477 4.407950 3.532704
v -2.770599 3.618114 3.712368
v -2.729600 4.196969 3.548556
v -2.730462 3.985988 3.545183
v -2.750530 3.802051 3.628776
v -2.572677 4.407950 3.604068
v -2.681560 3.618107 3.753415
v -2.580344 4.196965 3.617364
v -2.580499 3.985980 3.614316
v -2.631029 3.802043 3.683866
v -2.456970 4.407950 3.729238
v -2.615007 3.618100 3.825412
v -2.468781 4.196961 3.738052
v -2.468408 3.985973 3.735576
v -2.541708 3.802036 3.780494
v -2.397972 4.407950 3.889160
v -2.581072 3.618094 3.917397
v -2.411895 4.196959 3.892247
v -2.411253 3.985967 3.890500
v -2.496162 3.802030 3.903949
v -2.404664 4.407950 4.059486
v -2.584921 3.618090 4.015367
v -2.418348 4.196957 4.056474
v -2.417736 3.985963 4.055503
v -2.501328 3.802027 4.035435
v -2.625968 3.618088 4.104406
v -2.487156 4.196956 4.205730
v -2.486870 3.985961 4.205466
v -2.556419 3.802025 4.154936
v -2.601199 4.407950 4.329993
v -2.697965 3.618088 4.170959
v -2.607844 4.196956 4.317294
v -2.608130 3.985961 4.317557
v -2.653048 3.802025 4.244258
v -2.761121 4.407950 4.388991
v -2.789950 3.618090 4.204894
v -2.762039 4.196957 4.374179
v -2.763054 3.985963 4.374712
v -2.776502 3.802027 4.289803
v -2.931447 4.407950 4.382299
v -2.887920 3.618094 4.201045
v -2.926266 4.196959 4.367727
v -2.928058 3.985967 4.368229
v -2.907989 3.802030 4.284637
v -2.829462 4.407950 3.957501
v -2.837306 0.353509 3.963586
v 0.034309 0.353509 5.241082
v -0.106039 0.353509 5.213165
v -0.225021 0.353509 5.133664
v -0.304522 0.353509 5.014682
v -0.332439 0.353509 4.874334
v -0.304522 0.353509 4.733986
v -0.225021 0.353509 4.615004
v -0.106039 0.353509 4.535503
v 0.034309 0.353509 4.507586
v 0.174657 0.353509 4.535503
v 0.293639 0.353509 4.615004
v 0.373140 0.353509 4.733986
v 0.401057 0.353509 4.874334
v 0.373140 0.353509 5.014682
v 0.293639 0.353509 5.133664
v 0.174657 0.353509 5.213165
v -0.399790 4.407950 4.864802
v 0.473947 4.407950 4.864802
v 0.036775 3.618100 5.115321
v 0.037079 4.407950 5.301671
v 0.036775 3.802036 5.201289
v 0.036775 3.985973 5.287256
v 0.038691 4.196961 5.285645
v -0.130104 4.407950 5.268416
v -0.059386 3.618107 5.096193
v -0.122504 4.196965 5.253581
v -0.125183 3.985980 5.255041
v -0.092285 3.802043 5.175617
v -0.271834 4.407950 5.173715
v -0.140908 3.618114 5.041722
v -0.259159 4.196969 5.162271
v -0.262485 3.985988 5.163299
v -0.201696 3.802051 5.102510
v -0.366535 4.407950 5.031985
v -0.195379 3.618120 4.960201
v -0.350469 4.196972 5.025616
v -0.354226 3.985993 5.025997
v -0.274802 3.802057 4.993099
v -0.214506 3.618124 4.864040
v -0.382532 4.196974 4.864421
v -0.386442 3.985997 4.864040
v -0.300474 3.802061 4.864040
v -0.366535 4.407950 4.697619
v -0.195379 3.618124 4.767878
v -0.350469 4.196974 4.703225
v -0.354226 3.985997 4.702082
v -0.274802 3.802061 4.734980
v -0.271834 4.407950 4.555889
v -0.140908 3.618121 4.686357
v -0.259159 4.196972 4.566570
v -0.262484 3.985994 4.564780
v -0.201696 3.802057 4.625568
v -0.130104 4.407950 4.461188
v -0.059386 3.618114 4.631886
v -0.122504 4.196969 4.475261
v -0.125183 3.985988 4.473039
v -0.092285 3.802051 4.552462
v 0.037078 4.407950 4.427933
v 0.036775 3.618107 4.612758
v 0.038691 4.196965 4.443197
v 0.036775 3.985980 4.440823
v 0.036775 3.802043 4.526791
v 0.204261 4.407950 4.461188
v 0.132936 3.618100 4.631886
v 0.199887 4.196961 4.475261
v 0.198733 3.985973 4.473038
v 0.165834 3.802036 4.552462
v 0.345991 4.407950 4.555889
v 0.214458 3.618094 4.686357
v 0.336542 4.196959 4.566570
v 0.336034 3.985967 4.564780
v 0.275246 3.802030 4.625568
v 0.440692 4.407950 4.697619
v 0.268929 3.618090 4.767878
v 0.427852 4.196957 4.703225
v 0.427776 3.985963 4.702081
v 0.348352 3.802027 4.734980
v 0.288056 3.618088 4.864039
v 0.459916 4.196956 4.864421
v 0.459991 3.985961 4.864039
v 0.374024 3.802025 4.864039
v 0.440692 4.407950 5.031984
v 0.268929 3.618088 4.960201
v 0.427852 4.196956 5.025616
v 0.427776 3.985961 5.025997
v 0.348352 3.802025 4.993099
v 0.345991 4.407950 5.173715
v 0.214458 3.618090 5.041722
v 0.336542 4.196957 5.162271
v 0.336034 3.985963 5.163299
v 0.275246 3.802027 5.102510
v 0.204261 4.407950 5.268416
v 0.132936 3.618094 5.096193
v 0.199887 4.196959 5.253581
v 0.198733 3.985967 5.255041
v 0.165834 3.802030 5.175617
v 0.037079 4.407950 4.864802
v 0.034309 0.353509 4.874334
v 3.108388 0.353509 4.219958
v 2.978435 0.353509 4.279867
v 2.835447 0.353509 4.285485
v 2.701194 0.353509 4.235956
v 2.596114 0.353509 4.138822
v 2.536205 0.353509 4.008868
v 2.530586 0.353509 3.865880
v 2.580115 0.353509 3.731627
v 2.677250 0.353509 3.626548
v 2.807203 0.353509 3.566638
v 2.950191 0.353509 3.561020
v 3.084444 0.353509 3.610549
v 3.189524 0.353509 3.707684
v 3.249434 0.353509 3.837637
v 3.255051 0.353509 3.980624
v 3.205523 0.353509 4.114878
v 2.536023 4.407950 4.170698
v 3.242891 4.407950 3.657128
v 3.036463 3.618100 4.116765
v 3.146242 4.407950 4.267347
v 3.086993 3.802036 4.186315
v 3.137524 3.985973 4.255864
v 3.138127 4.196961 4.253434
v 2.991442 4.407950 4.338711
v 2.947424 3.618107 4.157813
v 2.988870 4.196965 4.322242
v 2.987561 3.985980 4.324997
v 2.967492 3.802043 4.241405
v 2.821116 4.407950 4.345403
v 2.849454 3.618114 4.161662
v 2.824644 4.196969 4.328694
v 2.822557 3.985988 4.331481
v 2.836006 3.802051 4.246572
v 2.661194 4.407950 4.286405
v 2.757469 3.618120 4.127728
v 2.670449 4.196972 4.271809
v 2.667633 3.985993 4.274326
v 2.712551 3.802057 4.201026
v 2.685472 3.618124 4.061174
v 2.549761 4.196974 4.160246
v 2.546374 3.985997 4.162235
v 2.615923 3.802061 4.111705
v 2.464659 4.407950 4.015898
v 2.644425 3.618124 3.972135
v 2.480953 4.196974 4.010990
v 2.477240 3.985997 4.012273
v 2.560833 3.802061 3.992204
v 2.457967 4.407950 3.845572
v 2.640576 3.618121 3.874166
v 2.474500 4.196972 3.846763
v 2.470757 3.985994 3.847269
v 2.555666 3.802057 3.860718
v 2.516965 4.407950 3.685650
v 2.674510 3.618114 3.782181
v 2.531385 4.196969 3.692568
v 2.527911 3.985988 3.692345
v 2.601211 3.802051 3.737263
v 2.632672 4.407950 3.560479
v 2.741063 3.618107 3.710183
v 2.642948 4.196965 3.571879
v 2.640002 3.985980 3.571085
v 2.690533 3.802043 3.640634
v 2.787472 4.407950 3.489115
v 2.830102 3.618100 3.669136
v 2.792205 4.196961 3.503071
v 2.789965 3.985973 3.501951
v 2.810034 3.802036 3.585544
v 2.957798 4.407950 3.482423
v 2.928072 3.618094 3.665287
v 2.956432 4.196959 3.496618
v 2.954968 3.985967 3.495468
v 2.941520 3.802030 3.580378
v 3.117720 4.407950 3.541421
v 3.020057 3.618090 3.699222
v 3.110627 4.196957 3.553504
v 3.109893 3.985963 3.552623
v 3.064975 3.802027 3.625922
v 3.092054 3.618088 3.765775
v 3.231315 4.196956 3.665067
v 3.231152 3.985961 3.664714
v 3.161603 3.802025 3.715244
v 3.314255 4.407950 3.811928
v 3.133101 3.618088 3.854814
v 3.300123 4.196956 3.814324
v 3.300286 3.985961 3.814677
v 3.216694 3.802025 3.834745
v 3.320947 4.407950 3.982254
v 3.136951 3.618090 3.952783
v 3.306576 4.196957 3.978550
v 3.306769 3.985963 3.979680
v 3.221860 3.802027 3.966232
v 3.261949 4.407950 4.142176
v 3.103016 3.618094 4.044769
v 3.249691 4.196959 4.132745
v 3.249614 3.985967 4.134604
v 3.176315 3.802030 4.089687
v 2.889457 4.407950 3.913913
v 2.892819 0.353509 3.923252
v 4.995166 0.353509 1.586955
v 4.925246 0.353509 1.711807
v 4.812869 0.353509 1.800398
v 4.675143 0.353509 1.839241
v 4.533037 0.353509 1.822422
v 4.408185 0.353509 1.752501
v 4.319594 0.353509 1.640123
v 4.280751 0.353509 1.502398
v 4.297571 0.353509 1.360292
v 4.367491 0.353509 1.235440
v 4.479868 0.353509 1.146849
v 4.617594 0.353509 1.108006
v 4.759700 0.353509 1.124826
v 4.884552 0.353509 1.194746
v 4.973143 0.353509 1.307124
v 5.011986 0.353509 1.444849
v 4.503159 4.407950 1.883530
v 4.773159 4.407950 1.052557
v 4.876323 3.618100 1.545747
v 5.053646 4.407950 1.603044
v 4.958083 3.802036 1.572313
v 5.039843 3.985973 1.598879
v 5.038903 4.196961 1.596557
v 4.970356 4.407950 1.751767
v 4.828416 3.618107 1.631291
v 4.958596 4.196965 1.739955
v 4.959156 3.985980 1.742954
v 4.893786 3.802043 1.687123
v 4.836493 4.407950 1.857296
v 4.751419 3.618114 1.691990
v 4.829526 4.196969 1.841705
v 4.829476 3.985988 1.845186
v 4.790448 3.802051 1.768588
v 4.672435 4.407950 1.903566
v 4.657055 3.618120 1.718604
v 4.671344 4.196972 1.886317
v 4.670545 3.985993 1.890009
v 4.663800 3.802057 1.804306
v 4.559690 3.618124 1.707080
v 4.508129 4.196974 1.867000
v 4.506559 3.985997 1.870600
v 4.533124 3.802061 1.788840
v 4.354435 4.407950 1.800241
v 4.474145 3.618124 1.659173
v 4.364732 4.196974 1.786693
v 4.362483 3.985997 1.789913
v 4.418314 3.802061 1.724543
v 4.248906 4.407950 1.666378
v 4.413447 3.618121 1.582176
v 4.262981 4.196972 1.657624
v 4.260251 3.985994 1.660233
v 4.336849 3.802057 1.621205
v 4.202637 4.407950 1.502320
v 4.386833 3.618114 1.487812
v 4.218369 4.196969 1.499441
v 4.215428 3.985988 1.501302
v 4.301130 3.802051 1.494557
v 4.222672 4.407950 1.333044
v 4.398356 3.618107 1.390447
v 4.237687 4.196965 1.336226
v 4.234837 3.985980 1.337316
v 4.316597 3.802043 1.363881
v 4.305962 4.407950 1.184320
v 4.446264 3.618100 1.304903
v 4.317994 4.196961 1.192829
v 4.315524 3.985973 1.193240
v 4.380894 3.802036 1.249071
v 4.439825 4.407950 1.078791
v 4.523260 3.618094 1.244203
v 4.447063 4.196959 1.091078
v 4.445204 3.985967 1.091008
v 4.484232 3.802030 1.167606
v 4.603883 4.407950 1.032522
v 4.617625 3.618090 1.217590
v 4.605246 4.196957 1.046467
v 4.604135 3.985963 1.046185
v 4.610879 3.802027 1.131888
v 4.714990 3.618088 1.229114
v 4.768460 4.196956 1.065784
v 4.768121 3.985961 1.065594
v 4.741556 3.802025 1.147354
v 4.921883 4.407950 1.135846
v 4.800534 3.618088 1.277021
v 4.911858 4.196956 1.146091
v 4.912197 3.985961 1.146281
v 4.856366 3.802025 1.211651
v 5.027411 4.407950 1.269710
v 4.861233 3.618090 1.354017
v 5.013608 4.196957 1.275160
v 5.014429 3.985963 1.275961
v 4.937831 3.802027 1.314989
v 5.073681 4.407950 1.433768
v 4.887847 3.618094 1.448382
v 5.058220 4.196959 1.433343
v 5.059252 3.985967 1.434892
v 4.973549 3.802030 1.441637
v 4.638159 4.407950 1.468044
v 4.646369 0.353509 1.473623
v 4.973963 0.353509 -1.652213
v 4.990782 0.353509 -1.510107
v 4.951940 0.353509 -1.372382
v 4.863349 0.353509 -1.260005
v 4.738497 0.353509 -1.190084
v 4.596391 0.353509 -1.173265
v 4.458665 0.353509 -1.212108
v 4.346288 0.353509 -1.300698
v 4.276367 0.353509 -1.425550
v 4.259548 0.353509 -1.567657
v 4.298391 0.353509 -1.705382
v 4.386982 0.353509 -1.817759
v 4.511834 0.353509 -1.887680
v 4.653940 0.353509 -1.904499
v 4.791665 0.353509 -1.865657
v 4.904043 0.353509 -1.777066
v 4.750244 4.407950 -1.123084
v 4.480244 4.407950 -1.954057
v 4.853595 3.618100 -1.615696
v 5.030731 4.407950 -1.673571
v 4.935355 3.802036 -1.642262
v 5.017116 3.985973 -1.668827
v 5.014991 4.196961 -1.670152
v 5.050766 4.407950 -1.504294
v 4.865119 3.618107 -1.518331
v 5.034308 4.196965 -1.506938
v 5.036524 3.985980 -1.504841
v 4.950821 3.802043 -1.511586
v 5.004496 4.407950 -1.340237
v 4.838506 3.618114 -1.423967
v 4.989696 4.196969 -1.348755
v 4.991701 3.985988 -1.345910
v 4.915103 3.802051 -1.384938
v 4.898967 4.407950 -1.206373
v 4.777807 3.618120 -1.346970
v 4.887946 4.196972 -1.219686
v 4.889470 3.985993 -1.216230
v 4.833638 3.802057 -1.281600
v 4.692263 3.618124 -1.299064
v 4.744548 4.196974 -1.139379
v 4.745394 3.985997 -1.135543
v 4.718828 3.802061 -1.217304
v 4.580967 4.407950 -1.103049
v 4.594897 3.618124 -1.287540
v 4.581334 4.196974 -1.120062
v 4.581408 3.985997 -1.116134
v 4.588152 3.802061 -1.201837
v 4.416910 4.407950 -1.149318
v 4.500533 3.618121 -1.314153
v 4.423151 4.196972 -1.164673
v 4.422476 3.985994 -1.160957
v 4.461505 3.802057 -1.237555
v 4.283046 4.407950 -1.254847
v 4.423537 3.618114 -1.374852
v 4.294082 4.196969 -1.266424
v 4.292796 3.985988 -1.263189
v 4.358166 3.802051 -1.319020
v 4.199758 4.407950 -1.403571
v 4.375629 3.618107 -1.460396
v 4.213775 4.196965 -1.409821
v 4.212110 3.985980 -1.407265
v 4.293869 3.802043 -1.433830
v 4.179722 4.407950 -1.572847
v 4.364105 3.618100 -1.557762
v 4.194458 4.196961 -1.573036
v 4.192700 3.985973 -1.571251
v 4.278403 3.802036 -1.564506
v 4.225991 4.407950 -1.736905
v 4.390719 3.618094 -1.652126
v 4.239069 4.196959 -1.731219
v 4.237524 3.985967 -1.730182
v 4.314121 3.802030 -1.691154
v 4.331520 4.407950 -1.870768
v 4.451418 3.618090 -1.729122
v 4.340820 4.196957 -1.860288
v 4.339755 3.985963 -1.859862
v 4.395586 3.802027 -1.794492
v 4.536962 3.618088 -1.777029
v 4.484217 4.196956 -1.940595
v 4.483831 3.985961 -1.940549
v 4.510396 3.802025 -1.858789
v 4.649520 4.407950 -1.974092
v 4.634328 3.618088 -1.788553
v 4.647432 4.196956 -1.959912
v 4.647818 3.985961 -1.959958
v 4.641073 3.802025 -1.874256
v 4.813578 4.407950 -1.927823
v 4.728692 3.618090 -1.761940
v 4.805614 4.196957 -1.915300
v 4.806749 3.985963 -1.915135
v 4.767720 3.802027 -1.838537
v 4.947442 4.407950 -1.822294
v 4.805688 3.618094 -1.701240
v 4.934684 4.196959 -1.813550
v 4.936429 3.985967 -1.812903
v 4.871058 3.802030 -1.757072
v 4.615244 4.407950 -1.538571
v 4.625165 0.353509 -1.538882
v 3.052875 0.353509 -4.260290
v 3.150010 0.353509 -4.155210
v 3.199538 0.353509 -4.020957
v 3.193920 0.353509 -3.877969
v 3.134011 0.353509 -3.748016
v 3.028931 0.353509 -3.650881
v 2.894678 0.353509 -3.601352
v 2.751691 0.353509 -3.606970
v 2.621737 0.353509 -3.666880
v 2.524602 0.353509 -3.771960
v 2.475074 0.353509 -3.906213
v 2.480692 0.353509 -4.049201
v 2.540601 0.353509 -4.179154
v 2.645681 0.353509 -4.276289
v 2.779934 0.353509 -4.325817
v 2.922922 0.353509 -4.320199
v 3.182896 4.407950 -3.700716
v 2.476028 4.407950 -4.214286
v 2.976959 3.618100 -4.159997
v 3.086247 4.407950 -4.310935
v 3.027490 3.802036 -4.229546
v 3.078021 3.985973 -4.299095
v 3.075523 4.196961 -4.298918
v 3.201954 4.407950 -4.185764
v 3.043512 3.618107 -4.088000
v 3.187086 4.196965 -4.178230
v 3.190112 3.985980 -4.177835
v 3.116812 3.802043 -4.132918
v 3.260952 4.407950 -4.025843
v 3.077447 3.618114 -3.996015
v 3.243971 4.196969 -4.024035
v 3.247266 3.985988 -4.022912
v 3.162357 3.802051 -4.009463
v 3.254261 4.407950 -3.855516
v 3.073598 3.618120 -3.898046
v 3.237519 4.196972 -3.859808
v 3.240783 3.985993 -3.857908
v 3.157191 3.802057 -3.877977
v 3.032551 3.618124 -3.809007
v 3.168711 4.196974 -3.710552
v 3.171649 3.985997 -3.707946
v 3.102100 3.802061 -3.758476
v 3.057726 4.407950 -3.585010
v 2.960554 3.618124 -3.742453
v 3.048022 4.196974 -3.598989
v 3.050390 3.985997 -3.595855
v 3.005472 3.802061 -3.669154
v 2.897804 4.407950 -3.526011
v 2.868569 3.618121 -3.708519
v 2.893827 4.196972 -3.542103
v 2.895465 3.985994 -3.538700
v 2.882017 3.802057 -3.623609
v 2.727478 4.407950 -3.532703
v 2.770599 3.618114 -3.712368
v 2.729601 4.196969 -3.548555
v 2.730462 3.985988 -3.545183
v 2.750531 3.802051 -3.628775
v 2.572678 4.407950 -3.604067
v 2.681560 3.618107 -3.753415
v 2.580344 4.196965 -3.617363
v 2.580500 3.985980 -3.614316
v 2.631030 3.802043 -3.683866
v 2.456971 4.407950 -3.729238
v 2.615007 3.618100 -3.825412
v 2.468781 4.196961 -3.738052
v 2.468408 3.985973 -3.735576
v 2.541708 3.802036 -3.780494
v 2.397972 4.407950 -3.889160
v 2.581072 3.618094 -3.917397
v 2.411895 4.196959 -3.892247
v 2.411254 3.985967 -3.890500
v 2.496163 3.802030 -3.903948
v 2.404665 4.407950 -4.059486
v 2.584922 3.618090 -4.015366
v 2.418348 4.196957 -4.056474
v 2.417737 3.985963 -4.055503
v 2.501329 3.802027 -4.035435
v 2.625969 3.618088 -4.104405
v 2.487156 4.196956 -4.205730
v 2.486871 3.985961 -4.205466
v 2.556420 3.802025 -4.154936
v 2.601199 4.407950 -4.329993
v 2.697966 3.618088 -4.170959
v 2.607845 4.196956 -4.317294
v 2.608130 3.985961 -4.317557
v 2.653048 3.802025 -4.244258
v 2.761121 4.407950 -4.388991
v 2.789951 3.618090 -4.204894
v 2.762039 4.196957 -4.374179
v 2.763054 3.985963 -4.374712
v 2.776503 3.802027 -4.289803
v 2.931448 4.407950 -4.382299
v 2.887921 3.618094 -4.201045
v 2.926266 4.196959 -4.367726
v 2.928058 3.985967 -4.368229
v 2.907990 3.802030 -4.284636
v 2.829463 4.407950 -3.957501
v 2.837306 0.353509 -3.963585
vn 0.5556 -0.0000 0.8315
vn 0.1951 -0.0000 0.9808
vn 0.8315 -0.0000 0.5556
vn 0.9808 -0.0000 0.1951
vn 0.9808 -0.0000 -0.1951
vn 0.8315 -0.0000 -0.5556
vn 0.5556 -0.0000 -0.8315
vn 0.1951 -0.0000 -0.9808
vn -0.1951 -0.0000 -0.9808
vn -0.5556 -0.0000 -0.8315
vn -0.8315 -0.0000 -0.5556
vn -0.9808 -0.0000 -0.1951
vn -0.9808 -0.0000 0.1951
vn -0.8315 -0.0000 0.5556
vn -0.5556 -0.0000 0.8315
vn -0.1951 -0.0000 0.9808
vn -0.0000 1.0000 -0.0000
vn -0.0000 -1.0000 -0.0000
vn -0.0730 0.9274 0.3670
vn -0.0496 0.9672 0.2493
vn -0.0288 0.9891 0.1447
vn -0.1913 0.1964 0.9617
vn -0.1660 0.5251 0.8347
vn -0.1321 0.7360 0.6640
vn -0.1003 0.8579 0.5040
vn -0.2855 0.8579 0.4273
vn -0.2079 0.9274 0.3111
vn -0.1412 0.9672 0.2113
vn -0.0819 0.9891 0.1226
vn -0.5447 0.1964 0.8153
vn -0.4728 0.5251 0.7076
vn -0.3761 0.7360 0.5629
vn -0.8153 0.1964 0.5447
vn -0.7076 0.5251 0.4728
vn -0.5629 0.7360 0.3761
vn -0.4273 0.8579 0.2855
vn -0.3111 0.9274 0.2079
vn -0.2113 0.9672 0.1412
vn -0.1226 0.9891 0.0819
vn -0.5040 0.8579 0.1003
vn -0.3670 0.9274 0.0730
vn -0.2493 0.9672 0.0496
vn -0.1447 0.9891 0.0288
vn -0.9617 0.1964 0.1913
vn -0.8347 0.5251 0.1660
vn -0.6640 0.7360 0.1321
vn -0.9617 0.1964 -0.1913
vn -0.8347 0.5251 -0.1660
vn -0.6640 0.7360 -0.1321
vn -0.5040 0.8579 -0.1003
vn -0.3670 0.9274 -0.0730
vn -0.2493 0.9672 -0.0496
vn -0.1447 0.9891 -0.0288
vn -0.3111 0.9274 -0.2079
vn -0.2113 0.9672 -0.1412
vn -0.1226 0.9891 -0.0819
vn -0.8153 0.1964 -0.5447
vn -0.7076 0.5251 -0.4728
vn -0.5629 0.7360 -0.3761
vn -0.4273 0.8579 -0.2855
vn -0.4728 0.5251 -0.7076
vn -0.3761 0.7360 -0.5629
vn -0.2855 0.8579 -0.4273
vn -0.2079 0.9274 -0.3111
vn -0.1412 0.9672 -0.2113
vn -0.0819 0.9891 -0.1226
vn -0.5447 0.1964 -0.8153
vn -0.0496 0.9672 -0.2493
vn -0.0288 0.9891 -0.1447
vn -0.1913 0.1964 -0.9617
vn -0.1660 0.5251 -0.8347
vn -0.1321 0.7360 -0.6640
vn -0.1003 0.8579 -0.5040
vn -0.0730 0.9274 -0.3670
vn 0.1660 0.5251 -0.8347
vn 0.1321 0.7360 -0.6640
vn 0.1003 0.8579 -0.5040
vn 0.0730 0.9274 -0.3670
vn 0.0496 0.9672 -0.2493
vn 0.0288 0.9891 -0.1447
vn 0.1913 0.1964 -0.9617
vn 0.1412 0.9672 -0.2113
vn 0.0819 0.9891 -0.1226
vn 0.5447 0.1964 -0.8153
vn 0.4728 0.5251 -0.7076
vn 0.3761 0.7360 -0.5629
vn 0.2855 0.8579 -0.4273
vn 0.2079 0.9274 -0.3111
vn 0.5629 0.7360 -0.3761
vn 0.4273 0.8579 -0.2855
vn 0.3111 0.9274 -0.2079
vn 0.2113 0.9672 -0.1412
vn 0.1226 0.9891 -0.0819
vn 0.8153 0.1964 -0.5447
vn 0.7076 0.5251 -0.4728
vn 0.1447 0.9891 -0.0288
vn 0.9617 0.1964 -0.1913
vn 0.8347 0.5251 -0.1660
vn 0.6640 0.7360 -0.1321
vn 0.5040 0.8579 -0.1003
vn 0.3670 0.9274 -0.0730
vn 0.2493 0.9672 -0.0496
vn 0.6640 0.7360 0.1321
vn 0.5040 0.8579 0.1003
vn 0.3670 0.9274 0.0730
vn 0.2493 0.9672 0.0496
vn 0.1447 0.9891 0.0288
vn 0.9617 0.1964 0.1913
vn 0.8347 0.5251 0.1660
vn 0.1226 0.9891 0.0819
vn 0.8153 0.1964 0.5447
vn 0.7076 0.5251 0.4728
vn 0.5629 0.7360 0.3761
vn 0.4273 0.8579 0.2855
vn 0.3111 0.9274 0.2079
vn 0.2113 0.9672 0.1412
vn 0.2855 0.8579 0.4273
vn 0.2079 0.9274 0.3111
vn 0.1412 0.9672 0.2113
vn 0.0819 0.9891 0.1226
vn 0.5447 0.1964 0.8153
vn 0.4728 0.5251 0.7076
vn 0.3761 0.7360 0.5629
vn 0.1913 0.1964 0.9617
vn 0.1660 0.5251 0.8347
vn 0.1321 0.7360 0.6640
vn 0.1003 0.8579 0.5040
vn 0.0730 0.9274 0.3670
vn 0.0496 0.9672 0.2493
vn 0.0288 0.9891 0.1447
vn -0.0730 0.9274 0.3668
vn -0.0495 0.9672 0.2491
vn -0.0287 0.9891 0.1445
vn -0.0094 0.9988 0.0473
vn -0.1913 0.1951 0.9619
vn -0.1660 0.5253 0.8346
vn -0.1320 0.7362 0.6638
vn -0.1002 0.8580 0.5038
vn -0.2854 0.8580 0.4271
vn -0.2078 0.9274 0.3109
vn -0.1411 0.9672 0.2112
vn -0.0818 0.9891 0.1225
vn -0.0268 0.9988 0.0401
vn -0.5449 0.1951 0.8155
vn -0.4728 0.5253 0.7075
vn -0.3760 0.7362 0.5627
vn -0.0401 0.9988 0.0268
vn -0.8155 0.1951 0.5449
vn -0.7075 0.5253 0.4728
vn -0.5627 0.7362 0.3760
vn -0.4271 0.8580 0.2854
vn -0.3109 0.9274 0.2078
vn -0.2112 0.9672 0.1411
vn -0.1225 0.9891 0.0818
vn -0.5038 0.8580 0.1002
vn -0.3668 0.9274 0.0730
vn -0.2491 0.9672 0.0495
vn -0.1445 0.9891 0.0287
vn -0.0473 0.9988 0.0094
vn -0.9619 0.1951 0.1913
vn -0.8346 0.5253 0.1660
vn -0.6638 0.7362 0.1320
vn -0.0473 0.9988 -0.0094
vn -0.9619 0.1951 -0.1913
vn -0.8346 0.5253 -0.1660
vn -0.6638 0.7362 -0.1320
vn -0.5038 0.8580 -0.1002
vn -0.3668 0.9274 -0.0730
vn -0.2491 0.9672 -0.0495
vn -0.1445 0.9891 -0.0287
vn -0.3109 0.9274 -0.2078
vn -0.2112 0.9672 -0.1411
vn -0.1225 0.9891 -0.0818
vn -0.0401 0.9988 -0.0268
vn -0.8155 0.1951 -0.5449
vn -0.7075 0.5253 -0.4728
vn -0.5627 0.7362 -0.3760
vn -0.4271 0.8580 -0.2854
vn -0.4728 0.5253 -0.7075
vn -0.3760 0.7362 -0.5627
vn -0.2854 0.8580 -0.4271
vn -0.2078 0.9274 -0.3109
vn -0.1411 0.9672 -0.2112
vn -0.0818 0.9891 -0.1225
vn -0.0268 0.9988 -0.0401
vn -0.5449 0.1951 -0.8155
vn -0.0495 0.9672 -0.2491
vn -0.0287 0.9891 -0.1445
vn -0.0094 0.9988 -0.0473
vn -0.1913 0.1951 -0.9619
vn -0.1660 0.5253 -0.8346
vn -0.1320 0.7362 -0.6638
vn -0.1002 0.8580 -0.5038
vn -0.0730 0.9274 -0.3668
vn 0.1660 0.5253 -0.8346
vn 0.1320 0.7362 -0.6638
vn 0.1002 0.8580 -0.5038
vn 0.0730 0.9274 -0.3668
vn 0.0495 0.9672 -0.2491
vn 0.0287 0.9891 -0.1445
vn 0.0094 0.9988 -0.0473
vn 0.1913 0.1951 -0.9619
vn 0.1411 0.9672 -0.2112
vn 0.0818 0.9891 -0.1225
vn 0.0268 0.9988 -0.0401
vn 0.5449 0.1951 -0.8155
vn 0.4728 0.5253 -0.7075
vn 0.3760 0.7362 -0.5627
vn 0.2854 0.8580 -0.4271
vn 0.2078 0.9274 -0.3109
vn 0.5627 0.7362 -0.3760
vn 0.4271 0.8580 -0.2854
vn 0.3109 0.9274 -0.2078
vn 0.2112 0.9672 -0.1411
vn 0.1225 0.9891 -0.0818
vn 0.0401 0.9988 -0.0268
vn 0.8155 0.1951 -0.5449
vn 0.7075 0.5253 -0.4728
vn 0.1445 0.9891 -0.0287
vn 0.0473 0.9988 -0.0094
vn 0.9619 0.1951 -0.1913
vn 0.8346 0.5253 -0.1660
vn 0.6638 0.7362 -0.1320
vn 0.5038 0.8580 -0.1002
vn 0.3668 0.9274 -0.0730
vn 0.2491 0.9672 -0.0495
vn 0.6638 0.7362 0.1320
vn 0.5038 0.8580 0.1002
vn 0.3668 0.9274 0.0730
vn 0.2491 0.9672 0.0495
vn 0.1445 0.9891 0.0287
vn 0.0473 0.9988 0.0094
vn 0.9619 0.1951 0.1913
vn 0.8346 0.5253 0.1660
vn 0.1225 0.9891 0.0818
vn 0.0401 0.9988 0.0268
vn 0.8155 0.1951 0.5449
vn 0.7075 0.5253 0.4728
vn 0.5627 0.7362 0.3760
vn 0.4271 0.8580 0.2854
vn 0.3109 0.9274 0.2078
vn 0.2112 0.9672 0.1411
vn 0.2854 0.8580 0.4271
vn 0.2078 0.9274 0.3109
vn 0.1411 0.9672 0.2112
vn 0.0818 0.9891 0.1225
vn 0.0268 0.9988 0.0401
vn 0.5449 0.1951 0.8155
vn 0.4728 0.5253 0.7075
vn 0.3760 0.7362 0.5627
vn 0.0094 0.9988 0.0473
vn 0.1913 0.1951 0.9619
vn 0.1660 0.5253 0.8346
vn 0.1320 0.7362 0.6638
vn 0.1002 0.8580 0.5038
vn 0.0730 0.9274 0.3668
vn 0.0495 0.9672 0.2491
vn 0.0287 0.9891 0.1445
vn -0.5369 0.2573 0.8035
vn -0.8035 0.2573 0.5369
vn -0.9478 0.2573 0.1885
vn -0.9478 0.2573 -0.1885
vn -0.8035 0.2573 -0.5369
vn -0.5369 0.2573 -0.8035
vn -0.1885 0.2573 -0.9478
vn 0.1885 0.2573 -0.9478
vn 0.5369 0.2573 -0.8035
vn 0.8035 0.2573 -0.5369
vn 0.9478 0.2573 -0.1885
vn -0.8494 0.4999 -0.1690
vn -0.7201 0.4999 -0.4812
vn -0.8494 0.4999 0.1690
vn -0.7201 0.4999 0.4812
vn -0.4812 0.4999 0.7201
vn -0.1690 0.4999 0.8494
vn 0.1690 0.4999 0.8494
vn 0.4812 0.4999 0.7201
vn 0.7201 0.4999 0.4812
vn 0.8494 0.4999 0.1690
vn 0.8494 0.4999 -0.1690
vn 0.7201 0.4999 -0.4812
vn 0.4812 0.4999 -0.7201
vn 0.1690 0.4999 -0.8494
vn -0.1690 0.4999 -0.8494
vn -0.0000 -0.0000 -1.0000
vn -0.4812 0.4999 -0.7201
vn 0.5369 0.2573 0.8035
vn 0.1885 0.2573 0.9478
vn -0.1885 0.2573 0.9478
vn 0.8035 0.2573 0.5369
vn 0.9478 0.2573 0.1885
vn -0.0323 0.9862 0.1626
vn -0.1412 0.6898 0.7101
vn -0.1937 0.1179 0.9739
vn -0.0921 0.9862 0.1378
vn -0.4022 0.6898 0.6020
vn -0.5517 0.1179 0.8257
vn -0.8257 0.1179 0.5517
vn -0.6020 0.6898 0.4022
vn -0.1378 0.9862 0.0921
vn -0.1626 0.9862 0.0323
vn -0.7101 0.6898 0.1412
vn -0.9739 0.1179 0.1937
vn -0.9739 0.1179 -0.1937
vn -0.7101 0.6898 -0.1412
vn -0.1626 0.9862 -0.0323
vn -0.1378 0.9862 -0.0921
vn -0.6020 0.6898 -0.4022
vn -0.8257 0.1179 -0.5517
vn -0.0921 0.9862 -0.1378
vn -0.4022 0.6898 -0.6020
vn -0.5517 0.1179 -0.8257
vn -0.0323 0.9862 -0.1626
vn -0.1412 0.6898 -0.7101
vn -0.1937 0.1179 -0.9739
vn 0.0323 0.9862 -0.1626
vn 0.1412 0.6898 -0.7101
vn 0.1937 0.1179 -0.9739
vn 0.0921 0.9862 -0.1378
vn 0.4022 0.6898 -0.6020
vn 0.5517 0.1179 -0.8257
vn 0.1378 0.9862 -0.0921
vn 0.6020 0.6898 -0.4022
vn 0.8257 0.1179 -0.5517
vn 0.1626 0.9862 -0.0323
vn 0.7101 0.6898 -0.1412
vn 0.9739 0.1179 -0.1937
vn 0.1626 0.9862 0.0323
vn 0.7101 0.6898 0.1412
vn 0.9739 0.1179 0.1937
vn 0.1378 0.9862 0.0921
vn 0.6020 0.6898 0.4022
vn 0.8257 0.1179 0.5517
vn 0.0921 0.9862 0.1378
vn 0.4022 0.6898 0.6020
vn 0.5517 0.1179 0.8257
vn 0.1937 0.1179 0.9739
vn 0.1412 0.6898 0.7101
vn 0.0323 0.9862 0.1626
vn 0.0094 0.9988 0.0474
vn -0.0094 0.9988 0.0474
vn -0.0269 0.9988 0.0402
vn -0.0402 0.9988 0.0269
vn -0.0474 0.9988 0.0094
vn -0.0474 0.9988 -0.0094
vn -0.0402 0.9988 -0.0269
vn -0.0269 0.9988 -0.0402
vn -0.0094 0.9988 -0.0474
vn 0.0094 0.9988 -0.0474
vn 0.0269 0.9988 -0.0402
vn 0.0402 0.9988 -0.0269
vn 0.0474 0.9988 -0.0094
vn 0.0474 0.9988 0.0094
vn 0.0402 0.9988 0.0269
vn 0.0269 0.9988 0.0402
vn 0.0232 0.9929 -0.1164
vn 0.1380 0.7071 -0.6935
vn 0.1937 0.1187 -0.9739
vn 0.0659 0.9929 -0.0987
vn 0.3928 0.7071 -0.5879
vn 0.5516 0.1187 -0.8256
vn 0.0987 0.9929 -0.0659
vn 0.5879 0.7071 -0.3928
vn 0.8256 0.1187 -0.5516
vn 0.1164 0.9929 -0.0232
vn 0.6935 0.7071 -0.1380
vn 0.9739 0.1187 -0.1937
vn 0.1164 0.9929 0.0232
vn 0.6935 0.7071 0.1380
vn 0.9739 0.1187 0.1937
vn 0.0987 0.9929 0.0659
vn 0.5879 0.7071 0.3928
vn 0.8256 0.1187 0.5516
vn 0.0659 0.9929 0.0987
vn 0.3928 0.7071 0.5879
vn 0.5516 0.1187 0.8256
vn 0.0232 0.9929 0.1164
vn 0.1379 0.7071 0.6935
vn 0.1937 0.1187 0.9739
vn -0.0232 0.9929 0.1164
vn -0.1380 0.7071 0.6935
vn -0.1937 0.1187 0.9739
vn -0.0659 0.9929 0.0987
vn -0.3928 0.7071 0.5879
vn -0.5516 0.1187 0.8256
vn -0.0987 0.9929 0.0659
vn -0.5879 0.7071 0.3928
vn -0.8256 0.1187 0.5516
vn -0.1164 0.9929 0.0232
vn -0.6935 0.7071 0.1380
vn -0.9739 0.1187 0.1937
vn -0.1164 0.9929 -0.0232
vn -0.6935 0.7071 -0.1380
vn -0.9739 0.1187 -0.1937
vn -0.0987 0.9929 -0.0659
vn -0.5879 0.7071 -0.3928
vn -0.8256 0.1187 -0.5516
vn -0.0659 0.9929 -0.0987
vn -0.3928 0.7071 -0.5879
vn -0.5516 0.1187 -0.8256
vn -0.0232 0.9929 -0.1164
vn -0.1379 0.7071 -0.6935
vn -0.1937 0.1187 -0.9739
vn 0.0232 -0.9929 -0.1164
vn 0.1380 -0.7071 -0.6935
vn 0.1937 -0.1187 -0.9739
vn 0.0659 -0.9929 -0.0987
vn 0.3928 -0.7071 -0.5879
vn 0.5516 -0.1187 -0.8256
vn 0.0987 -0.9929 -0.0659
vn 0.5879 -0.7071 -0.3928
vn 0.8256 -0.1187 -0.5516
vn 0.1164 -0.9929 -0.0232
vn 0.6935 -0.7071 -0.1380
vn 0.9739 -0.1187 -0.1937
vn 0.1164 -0.9929 0.0232
vn 0.6935 -0.7071 0.1380
vn 0.9739 -0.1187 0.1937
vn 0.0987 -0.9929 0.0659
vn 0.5879 -0.7071 0.3928
vn 0.8256 -0.1187 0.5516
vn 0.0659 -0.9929 0.0987
vn 0.3928 -0.7071 0.5879
vn 0.5516 -0.1187 0.8256
vn 0.0232 -0.9929 0.1164
vn 0.1380 -0.7071 0.6935
vn 0.1937 -0.1187 0.9739
vn -0.0232 -0.9929 0.1164
vn -0.1380 -0.7071 0.6935
vn -0.1937 -0.1187 0.9739
vn -0.0659 -0.9929 0.0987
vn -0.3928 -0.7071 0.5879
vn -0.5516 -0.1187 0.8256
vn -0.0987 -0.9929 0.0659
vn -0.5879 -0.7071 0.3928
vn -0.8256 -0.1187 0.5516
vn -0.1164 -0.9929 0.0232
vn -0.6935 -0.7071 0.1380
vn -0.9739 -0.1187 0.1937
vn -0.1164 -0.9929 -0.0232
vn -0.6935 -0.7071 -0.1380
vn -0.9739 -0.1187 -0.1937
vn -0.0987 -0.9929 -0.0659
vn -0.5879 -0.7071 -0.3928
vn -0.8256 -0.1187 -0.5516
vn -0.0659 -0.9929 -0.0987
vn -0.3928 -0.7071 -0.5879
vn -0.5516 -0.1187 -0.8256
vn -0.0232 -0.9929 -0.1164
vn -0.1380 -0.7071 -0.6935
vn -0.1937 -0.1187 -0.9739
vn 0.1379 -0.7071 -0.6935
vn 0.1379 0.7071 -0.6935
vn 0.1379 -0.7071 0.6935
vn -0.1379 -0.7071 0.6935
vn -0.1379 0.7071 0.6935
vn -0.1379 -0.7071 -0.6935
vn 0.1774 -0.4167 -0.8916
vn 0.1951 0.0093 -0.9807
vn 0.1945 -0.0758 -0.9780
vn 0.5051 -0.4167 -0.7558
vn 0.5555 0.0128 -0.8314
vn 0.5539 -0.0782 -0.8289
vn 0.7559 -0.4167 -0.5050
vn 0.8314 0.0158 -0.5555
vn 0.8288 -0.0798 -0.5538
vn 0.8916 -0.4167 -0.1773
vn 0.9806 0.0178 -0.1951
vn 0.9776 -0.0803 -0.1945
vn 0.8916 -0.4167 0.1773
vn 0.9806 0.0185 0.1951
vn 0.9777 -0.0796 0.1945
vn 0.7558 -0.4167 0.5050
vn 0.8313 0.0178 0.5555
vn 0.8289 -0.0778 0.5539
vn 0.5051 -0.4167 0.7558
vn 0.5555 0.0158 0.8314
vn 0.5540 -0.0753 0.8291
vn 0.1774 -0.4167 0.8916
vn 0.1951 0.0128 0.9807
vn 0.1946 -0.0723 0.9782
vn -0.1773 -0.4167 0.8916
vn -0.1951 0.0093 0.9807
vn -0.1946 -0.0693 0.9784
vn -0.5050 -0.4167 0.7559
vn -0.5556 0.0057 0.8315
vn -0.5543 -0.0668 0.8296
vn -0.7558 -0.4167 0.5050
vn -0.8315 0.0027 0.5556
vn -0.8297 -0.0652 0.5544
vn -0.8916 -0.4167 0.1774
vn -0.9808 0.0007 0.1951
vn -0.9787 -0.0647 0.1947
vn -0.8916 -0.4167 -0.1773
vn -0.9787 -0.0654 -0.1947
vn -0.7558 -0.4167 -0.5050
vn -0.8315 0.0007 -0.5556
vn -0.8296 -0.0672 -0.5543
vn -0.5050 -0.4167 -0.7558
vn -0.5556 0.0027 -0.8315
vn -0.5542 -0.0698 -0.8294
vn -0.1773 -0.4167 -0.8916
vn -0.1951 0.0057 -0.9808
vn -0.1946 -0.0728 -0.9782
vn 0.1949 0.0379 -0.9801
vn -0.1950 0.0376 -0.9801
vn 0.5552 0.0377 -0.8309
vn 0.8309 0.0370 -0.5552
vn 0.9801 0.0360 -0.1950
vn 0.9802 0.0348 0.1950
vn 0.8310 0.0335 0.5553
vn 0.5553 0.0325 0.8310
vn 0.1950 0.0317 0.9803
vn -0.1950 0.0314 0.9803
vn -0.5553 0.0316 0.8311
vn -0.8310 0.0323 0.5553
vn -0.9802 0.0333 0.1950
vn -0.9802 0.0345 -0.1950
vn -0.8309 0.0358 -0.5552
vn -0.5552 0.0369 -0.8309
vn -0.3806 -0.4167 -0.8256
vn -0.4186 0.0093 -0.9081
vn -0.4175 -0.0758 -0.9055
vn -0.0357 -0.4167 -0.9083
vn -0.0393 0.0128 -0.9991
vn -0.0391 -0.0782 -0.9962
vn 0.3147 -0.4167 -0.8528
vn 0.3147 -0.4167 -0.8529
vn 0.3461 0.0158 -0.9381
vn 0.3450 -0.0798 -0.9352
vn 0.6171 -0.4167 -0.6675
vn 0.6787 0.0178 -0.7342
vn 0.6766 -0.0803 -0.7319
vn 0.8255 -0.4167 -0.3806
vn 0.9080 0.0185 -0.4186
vn 0.9053 -0.0796 -0.4173
vn 0.9083 -0.4167 -0.0357
vn 0.9991 0.0178 -0.0393
vn 0.9962 -0.0778 -0.0391
vn 0.8529 -0.4167 0.3146
vn 0.9381 0.0158 0.3461
vn 0.9355 -0.0753 0.3451
vn 0.6676 -0.4167 0.6170
vn 0.6675 -0.4167 0.6170
vn 0.7343 0.0128 0.6787
vn 0.7324 -0.0723 0.6770
vn 0.3806 -0.4167 0.8255
vn 0.4186 0.0093 0.9081
vn 0.4177 -0.0693 0.9060
vn 0.0357 -0.4167 0.9083
vn 0.0393 0.0057 0.9992
vn 0.0392 -0.0668 0.9970
vn -0.3146 -0.4167 0.8529
vn -0.3461 0.0027 0.9382
vn -0.3454 -0.0652 0.9362
vn -0.6171 -0.4167 0.6675
vn -0.6788 0.0007 0.7343
vn -0.6774 -0.0647 0.7328
vn -0.8255 -0.4167 0.3806
vn -0.9081 -0.0000 0.4187
vn -0.9062 -0.0654 0.4178
vn -0.9083 -0.4167 0.0357
vn -0.9992 0.0007 0.0393
vn -0.9970 -0.0672 0.0392
vn -0.8529 -0.4167 -0.3146
vn -0.9382 0.0027 -0.3461
vn -0.9359 -0.0698 -0.3453
vn -0.6675 -0.4167 -0.6171
vn -0.7343 0.0057 -0.6788
vn -0.7324 -0.0728 -0.6770
vn -0.4184 0.0379 -0.9075
vn -0.7338 0.0376 -0.6783
vn -0.0392 0.0377 -0.9985
vn 0.3459 0.0370 -0.9375
vn 0.6784 0.0360 -0.7338
vn 0.9076 0.0348 -0.4184
vn 0.9987 0.0335 -0.0392
vn 0.9377 0.0325 0.3459
vn 0.7340 0.0317 0.6785
vn 0.4185 0.0314 0.9077
vn 0.0392 0.0316 0.9987
vn -0.3459 0.0323 0.9377
vn -0.6784 0.0333 0.7339
vn -0.9076 0.0345 0.4184
vn -0.9986 0.0358 0.0392
vn -0.9376 0.0369 -0.3459
vn -0.7931 -0.4167 -0.4442
vn -0.8725 0.0093 -0.4886
vn -0.8700 -0.0758 -0.4872
vn -0.5628 -0.4167 -0.7139
vn -0.6190 0.0128 -0.7853
vn -0.6172 -0.0782 -0.7829
vn -0.2467 -0.4167 -0.8749
vn -0.2714 0.0158 -0.9623
vn -0.2706 -0.0798 -0.9594
vn 0.1069 -0.4167 -0.9027
vn 0.1175 0.0178 -0.9929
vn 0.1172 -0.0803 -0.9899
vn 0.4442 -0.4167 -0.7931
vn 0.4885 0.0185 -0.8723
vn 0.4871 -0.0796 -0.8697
vn 0.7139 -0.4167 -0.5628
vn 0.7852 0.0178 -0.6190
vn 0.7829 -0.0778 -0.6172
vn 0.8749 -0.4167 -0.2468
vn 0.9623 0.0158 -0.2714
vn 0.9597 -0.0753 -0.2707
vn 0.9027 -0.4167 0.1068
vn 0.9930 0.0128 0.1175
vn 0.9905 -0.0723 0.1172
vn 0.7932 -0.4167 0.4442
vn 0.7931 -0.4167 0.4442
vn 0.8725 0.0093 0.4886
vn 0.8704 -0.0693 0.4874
vn 0.5628 -0.4167 0.7139
vn 0.6191 0.0057 0.7853
vn 0.6177 -0.0668 0.7836
vn 0.2468 -0.4167 0.8749
vn 0.2714 0.0027 0.9625
vn 0.2709 -0.0652 0.9604
vn -0.1068 -0.4167 0.9027
vn -0.1175 0.0007 0.9931
vn -0.1173 -0.0647 0.9910
vn -0.4442 -0.4167 0.7931
vn -0.4886 -0.0000 0.8725
vn -0.4876 -0.0654 0.8706
vn -0.7139 -0.4167 0.5628
vn -0.7853 0.0007 0.6191
vn -0.7835 -0.0672 0.6177
vn -0.8749 -0.4167 0.2467
vn -0.9625 0.0027 0.2714
vn -0.9601 -0.0698 0.2708
vn -0.9027 -0.4167 -0.1069
vn -0.9931 0.0057 -0.1175
vn -0.9904 -0.0728 -0.1172
vn -0.8719 0.0379 -0.4883
vn -0.9924 0.0376 -0.1174
vn -0.6187 0.0377 -0.7848
vn -0.2713 0.0370 -0.9618
vn 0.1175 0.0360 -0.9924
vn 0.4883 0.0348 -0.8720
vn 0.7849 0.0335 -0.6187
vn 0.9619 0.0325 -0.2713
vn 0.9926 0.0317 0.1175
vn 0.8721 0.0314 0.4884
vn 0.6188 0.0316 0.7849
vn 0.2713 0.0323 0.9620
vn -0.1175 0.0333 0.9925
vn -0.4883 0.0345 0.8720
vn -0.7848 0.0358 0.6187
vn -0.9618 0.0369 0.2713
vn -0.9027 -0.4167 0.1068
vn -0.9930 0.0093 0.1175
vn -0.9902 -0.0758 0.1172
vn -0.8749 -0.4167 -0.2468
vn -0.9624 0.0128 -0.2714
vn -0.9595 -0.0782 -0.2706
vn -0.7139 -0.4167 -0.5628
vn -0.7852 0.0158 -0.6190
vn -0.7828 -0.0798 -0.6171
vn -0.4442 -0.4167 -0.7931
vn -0.4885 0.0178 -0.8724
vn -0.4870 -0.0803 -0.8697
vn -0.1068 -0.4167 -0.9027
vn -0.1175 0.0185 -0.9929
vn -0.1172 -0.0796 -0.9899
vn 0.2467 -0.4167 -0.8749
vn 0.2714 0.0178 -0.9623
vn 0.2706 -0.0778 -0.9595
vn 0.5628 -0.4167 -0.7139
vn 0.6190 0.0158 -0.7852
vn 0.6173 -0.0753 -0.7831
vn 0.7931 -0.4167 -0.4442
vn 0.8724 0.0128 -0.4886
vn 0.8702 -0.0723 -0.4873
vn 0.9027 -0.4167 -0.1069
vn 0.9930 0.0093 -0.1175
vn 0.9907 -0.0693 -0.1173
vn 0.8749 -0.4167 0.2467
vn 0.9624 0.0057 0.2714
vn 0.9603 -0.0668 0.2708
vn 0.7139 -0.4167 0.5628
vn 0.7853 0.0027 0.6191
vn 0.7836 -0.0652 0.6178
vn 0.4442 -0.4167 0.7931
vn 0.4886 0.0007 0.8725
vn 0.4876 -0.0647 0.8707
vn 0.1068 -0.4167 0.9027
vn 0.1175 -0.0000 0.9931
vn 0.1173 -0.0654 0.9909
vn -0.2468 -0.4167 0.8749
vn -0.2714 0.0007 0.9625
vn -0.2708 -0.0672 0.9603
vn -0.5628 -0.4167 0.7139
vn -0.6191 0.0027 0.7853
vn -0.6176 -0.0698 0.7834
vn -0.7931 -0.4167 0.4442
vn -0.8725 0.0057 0.4886
vn -0.8702 -0.0728 0.4873
vn -0.9924 0.0379 0.1175
vn -0.8719 0.0376 0.4883
vn -0.9618 0.0377 -0.2713
vn -0.7848 0.0370 -0.6187
vn -0.4883 0.0360 -0.8719
vn -0.1175 0.0348 -0.9925
vn 0.2713 0.0335 -0.9619
vn 0.6188 0.0325 -0.7849
vn 0.8721 0.0317 -0.4884
vn 0.9926 0.0314 -0.1175
vn 0.9620 0.0316 0.2713
vn 0.7849 0.0323 0.6188
vn 0.4884 0.0333 0.8720
vn 0.1175 0.0345 0.9925
vn -0.2713 0.0358 0.9618
vn -0.6187 0.0369 0.7848
vn -0.6676 -0.4167 0.6170
vn -0.6675 -0.4167 0.6170
vn -0.7343 0.0093 0.6788
vn -0.7322 -0.0758 0.6768
vn -0.8529 -0.4167 0.3146
vn -0.9381 0.0128 0.3461
vn -0.9353 -0.0782 0.3451
vn -0.9083 -0.4167 -0.0357
vn -0.9991 0.0158 -0.0393
vn -0.9960 -0.0798 -0.0391
vn -0.8255 -0.4167 -0.3806
vn -0.9080 0.0178 -0.4186
vn -0.9052 -0.0803 -0.4173
vn -0.6171 -0.4167 -0.6675
vn -0.6787 0.0185 -0.7342
vn -0.6766 -0.0796 -0.7320
vn -0.3146 -0.4167 -0.8529
vn -0.3461 0.0178 -0.9380
vn -0.3451 -0.0778 -0.9353
vn 0.0357 -0.4167 -0.9083
vn 0.0393 0.0158 -0.9991
vn 0.0391 -0.0753 -0.9964
vn 0.3806 -0.4167 -0.8256
vn 0.4186 0.0128 -0.9081
vn 0.4176 -0.0723 -0.9058
vn 0.6675 -0.4167 -0.6171
vn 0.7343 0.0093 -0.6788
vn 0.7326 -0.0693 -0.6772
vn 0.8528 -0.4167 -0.3147
vn 0.8529 -0.4167 -0.3147
vn 0.9382 0.0057 -0.3461
vn 0.9361 -0.0668 -0.3453
vn 0.9083 -0.4167 0.0357
vn 0.9992 0.0027 0.0393
vn 0.9971 -0.0652 0.0392
vn 0.8255 -0.4167 0.3806
vn 0.9081 0.0007 0.4187
vn 0.9062 -0.0647 0.4178
vn 0.6171 -0.4167 0.6675
vn 0.6788 -0.0000 0.7343
vn 0.6773 -0.0654 0.7327
vn 0.3146 -0.4167 0.8529
vn 0.3461 0.0007 0.9382
vn 0.3453 -0.0672 0.9361
vn -0.0357 -0.4167 0.9083
vn -0.0393 0.0027 0.9992
vn -0.0392 -0.0698 0.9968
vn -0.3806 -0.4167 0.8255
vn -0.4187 0.0057 0.9081
vn -0.4175 -0.0728 0.9057
vn -0.7338 0.0379 0.6783
vn -0.4184 0.0376 0.9075
vn -0.9375 0.0377 0.3459
vn -0.9985 0.0370 -0.0392
vn -0.9076 0.0360 -0.4184
vn -0.6784 0.0348 -0.7339
vn -0.3459 0.0335 -0.9377
vn 0.0392 0.0325 -0.9987
vn 0.4184 0.0317 -0.9077
vn 0.7340 0.0314 -0.6785
vn 0.9377 0.0316 -0.3459
vn 0.9987 0.0323 0.0392
vn 0.9076 0.0333 0.4184
vn 0.6784 0.0345 0.7339
vn 0.3459 0.0358 0.9376
vn -0.0392 0.0369 0.9985
vn -0.1774 -0.4167 0.8916
vn -0.1945 -0.0758 0.9780
vn -0.5051 -0.4167 0.7558
vn -0.5555 0.0128 0.8314
vn -0.5539 -0.0782 0.8289
vn -0.7559 -0.4167 0.5050
vn -0.8314 0.0158 0.5555
vn -0.8288 -0.0798 0.5538
vn -0.8916 -0.4167 0.1773
vn -0.9806 0.0178 0.1951
vn -0.9776 -0.0803 0.1945
vn -0.9806 0.0185 -0.1951
vn -0.9777 -0.0796 -0.1945
vn -0.8313 0.0178 -0.5555
vn -0.8289 -0.0778 -0.5539
vn -0.5051 -0.4167 -0.7558
vn -0.5555 0.0158 -0.8314
vn -0.5540 -0.0753 -0.8291
vn -0.1774 -0.4167 -0.8916
vn -0.1951 0.0128 -0.9807
vn -0.1946 -0.0723 -0.9782
vn 0.1773 -0.4167 -0.8916
vn 0.1946 -0.0693 -0.9784
vn 0.5050 -0.4167 -0.7559
vn 0.5556 0.0057 -0.8315
vn 0.5543 -0.0668 -0.8296
vn 0.7558 -0.4167 -0.5050
vn 0.8315 0.0027 -0.5556
vn 0.8297 -0.0652 -0.5544
vn 0.8916 -0.4167 -0.1774
vn 0.9808 0.0007 -0.1951
vn 0.9787 -0.0647 -0.1947
vn 0.9787 -0.0654 0.1947
vn 0.8315 0.0007 0.5556
vn 0.8296 -0.0672 0.5543
vn 0.5050 -0.4167 0.7558
vn 0.5556 0.0027 0.8315
vn 0.5542 -0.0698 0.8294
vn 0.1773 -0.4167 0.8916
vn 0.1951 0.0057 0.9808
vn 0.1946 -0.0728 0.9782
vn -0.1949 0.0379 0.9801
vn 0.1950 0.0376 0.9801
vn -0.5552 0.0377 0.8309
vn -0.8309 0.0370 0.5552
vn -0.9801 0.0360 0.1950
vn -0.9802 0.0348 -0.1950
vn -0.8310 0.0335 -0.5553
vn -0.5553 0.0325 -0.8310
vn -0.1950 0.0317 -0.9803
vn 0.1950 0.0314 -0.9803
vn 0.5553 0.0316 -0.8311
vn 0.8310 0.0323 -0.5553
vn 0.9802 0.0333 -0.1950
vn 0.9802 0.0345 0.1950
vn 0.8309 0.0358 0.5552
vn 0.5552 0.0369 0.8309
vn 0.3806 -0.4167 0.8256
vn 0.4175 -0.0758 0.9055
vn 0.0393 0.0128 0.9991
vn 0.0391 -0.0782 0.9962
vn -0.3147 -0.4167 0.8529
vn -0.3461 0.0158 0.9381
vn -0.3450 -0.0798 0.9352
vn -0.6787 0.0178 0.7342
vn -0.6766 -0.0803 0.7319
vn -0.9080 0.0185 0.4186
vn -0.9053 -0.0796 0.4173
vn -0.9991 0.0178 0.0393
vn -0.9962 -0.0778 0.0391
vn -0.9381 0.0158 -0.3461
vn -0.9355 -0.0753 -0.3451
vn -0.6675 -0.4167 -0.6170
vn -0.7343 0.0128 -0.6787
vn -0.7324 -0.0723 -0.6770
vn -0.3806 -0.4167 -0.8255
vn -0.4177 -0.0693 -0.9060
vn -0.0393 0.0057 -0.9992
vn -0.0392 -0.0668 -0.9970
vn 0.3146 -0.4167 -0.8529
vn 0.3461 0.0027 -0.9382
vn 0.3454 -0.0652 -0.9362
vn 0.6788 0.0007 -0.7343
vn 0.6774 -0.0647 -0.7328
vn 0.9081 -0.0000 -0.4187
vn 0.9062 -0.0654 -0.4178
vn 0.9992 0.0007 -0.0393
vn 0.9970 -0.0672 -0.0392
vn 0.9382 0.0027 0.3461
vn 0.9359 -0.0698 0.3453
vn 0.6675 -0.4167 0.6171
vn 0.7343 0.0057 0.6788
vn 0.7324 -0.0728 0.6770
vn 0.4184 0.0379 0.9075
vn 0.7338 0.0376 0.6783
vn 0.0392 0.0377 0.9985
vn -0.3459 0.0370 0.9375
vn -0.6784 0.0360 0.7338
vn -0.9076 0.0348 0.4184
vn -0.9987 0.0335 0.0392
vn -0.9377 0.0325 -0.3459
vn -0.7340 0.0317 -0.6785
vn -0.4185 0.0314 -0.9077
vn -0.0392 0.0316 -0.9987
vn 0.3459 0.0323 -0.9377
vn 0.6784 0.0333 -0.7339
vn 0.9076 0.0345 -0.4184
vn 0.9986 0.0358 -0.0392
vn 0.9376 0.0369 0.3459
vn 0.8700 -0.0758 0.4872
vn 0.6190 0.0128 0.7853
vn 0.6172 -0.0782 0.7829
vn 0.2467 -0.4167 0.8749
vn 0.2714 0.0158 0.9623
vn 0.2706 -0.0798 0.9594
vn -0.1069 -0.4167 0.9027
vn -0.1175 0.0178 0.9929
vn -0.1172 -0.0803 0.9899
vn -0.4885 0.0185 0.8723
vn -0.4871 -0.0796 0.8697
vn -0.7852 0.0178 0.6190
vn -0.7829 -0.0778 0.6172
vn -0.8749 -0.4167 0.2468
vn -0.9623 0.0158 0.2714
vn -0.9597 -0.0753 0.2707
vn -0.9027 -0.4167 -0.1068
vn -0.9930 0.0128 -0.1175
vn -0.9905 -0.0723 -0.1172
vn -0.8704 -0.0693 -0.4874
vn -0.6191 0.0057 -0.7853
vn -0.6177 -0.0668 -0.7836
vn -0.2468 -0.4167 -0.8749
vn -0.2714 0.0027 -0.9625
vn -0.2709 -0.0652 -0.9604
vn 0.1068 -0.4167 -0.9027
vn 0.1175 0.0007 -0.9931
vn 0.1173 -0.0647 -0.9910
vn 0.4886 -0.0000 -0.8725
vn 0.4876 -0.0654 -0.8706
vn 0.7853 0.0007 -0.6191
vn 0.7835 -0.0672 -0.6177
vn 0.8749 -0.4167 -0.2467
vn 0.9625 0.0027 -0.2714
vn 0.9601 -0.0698 -0.2708
vn 0.9027 -0.4167 0.1069
vn 0.9931 0.0057 0.1175
vn 0.9904 -0.0728 0.1172
vn 0.8719 0.0379 0.4883
vn 0.9924 0.0376 0.1175
vn 0.6187 0.0377 0.7848
vn 0.2713 0.0370 0.9618
vn -0.1175 0.0360 0.9924
vn -0.4883 0.0348 0.8720
vn -0.7849 0.0335 0.6187
vn -0.9619 0.0325 0.2713
vn -0.9926 0.0317 -0.1175
vn -0.8721 0.0314 -0.4884
vn -0.6188 0.0316 -0.7849
vn -0.2713 0.0323 -0.9620
vn 0.1175 0.0333 -0.9925
vn 0.4883 0.0345 -0.8720
vn 0.7848 0.0358 -0.6187
vn 0.9618 0.0369 -0.2713
vn 0.9027 -0.4167 -0.1068
vn 0.9902 -0.0758 -0.1172
vn 0.8749 -0.4167 0.2468
vn 0.9624 0.0128 0.2714
vn 0.9595 -0.0782 0.2706
vn 0.7852 0.0158 0.6190
vn 0.7828 -0.0798 0.6171
vn 0.4885 0.0178 0.8724
vn 0.4870 -0.0803 0.8697
vn 0.1175 0.0185 0.9929
vn 0.1172 -0.0796 0.9899
vn -0.2467 -0.4167 0.8749
vn -0.2714 0.0178 0.9623
vn -0.2706 -0.0778 0.9595
vn -0.6190 0.0158 0.7852
vn -0.6173 -0.0753 0.7831
vn -0.8724 0.0128 0.4886
vn -0.8702 -0.0723 0.4873
vn -0.9027 -0.4167 0.1069
vn -0.9907 -0.0693 0.1173
vn -0.8749 -0.4167 -0.2467
vn -0.9624 0.0057 -0.2714
vn -0.9603 -0.0668 -0.2708
vn -0.7853 0.0027 -0.6191
vn -0.7836 -0.0652 -0.6178
vn -0.4886 0.0007 -0.8725
vn -0.4876 -0.0647 -0.8707
vn -0.1175 -0.0000 -0.9931
vn -0.1173 -0.0654 -0.9909
vn 0.2468 -0.4167 -0.8749
vn 0.2714 0.0007 -0.9625
vn 0.2708 -0.0672 -0.9603
vn 0.6191 0.0027 -0.7853
vn 0.6176 -0.0698 -0.7834
vn 0.8725 0.0057 -0.4886
vn 0.8702 -0.0728 -0.4873
vn 0.9924 0.0379 -0.1175
vn 0.8719 0.0376 -0.4883
vn 0.9618 0.0377 0.2713
vn 0.7848 0.0370 0.6187
vn 0.4883 0.0360 0.8719
vn 0.1175 0.0348 0.9925
vn -0.2713 0.0335 0.9619
vn -0.6188 0.0325 0.7849
vn -0.8721 0.0317 0.4884
vn -0.9926 0.0314 0.1175
vn -0.9620 0.0316 -0.2713
vn -0.7849 0.0323 -0.6188
vn -0.4884 0.0333 -0.8720
vn -0.1175 0.0345 -0.9925
vn 0.2713 0.0358 -0.9618
vn 0.6187 0.0369 -0.7848
vn 0.6675 -0.4167 -0.6170
vn 0.7322 -0.0758 -0.6768
vn 0.8529 -0.4167 -0.3146
vn 0.9381 0.0128 -0.3461
vn 0.9353 -0.0782 -0.3451
vn 0.9991 0.0158 0.0393
vn 0.9960 -0.0798 0.0391
vn 0.9080 0.0178 0.4186
vn 0.9052 -0.0803 0.4173
vn 0.6787 0.0185 0.7342
vn 0.6766 -0.0796 0.7320
vn 0.3461 0.0178 0.9380
vn 0.3451 -0.0778 0.9353
vn -0.0393 0.0158 0.9991
vn -0.0391 -0.0753 0.9964
vn -0.3806 -0.4167 0.8256
vn -0.4186 0.0128 0.9081
vn -0.4176 -0.0723 0.9058
vn -0.6675 -0.4167 0.6171
vn -0.7326 -0.0693 0.6772
vn -0.8528 -0.4167 0.3147
vn -0.8529 -0.4167 0.3147
vn -0.9382 0.0057 0.3461
vn -0.9361 -0.0668 0.3453
vn -0.9992 0.0027 -0.0393
vn -0.9971 -0.0652 -0.0392
vn -0.9081 0.0007 -0.4187
vn -0.9062 -0.0647 -0.4178
vn -0.6788 -0.0000 -0.7343
vn -0.6773 -0.0654 -0.7327
vn -0.3461 0.0007 -0.9382
vn -0.3453 -0.0672 -0.9361
vn 0.0393 0.0027 -0.9992
vn 0.0392 -0.0698 -0.9968
vn 0.3806 -0.4167 -0.8255
vn 0.4187 0.0057 -0.9081
vn 0.4176 -0.0728 -0.9057
vn 0.7338 0.0379 -0.6783
vn 0.4184 0.0376 -0.9075
vn 0.9375 0.0377 -0.3459
vn 0.9985 0.0370 0.0392
vn 0.9076 0.0360 0.4184
vn 0.6784 0.0348 0.7339
vn 0.3459 0.0335 0.9377
vn -0.0392 0.0325 0.9987
vn -0.4184 0.0317 0.9077
vn -0.7340 0.0314 0.6785
vn -0.9377 0.0316 0.3459
vn -0.9987 0.0323 -0.0392
vn -0.9076 0.0333 -0.4184
vn -0.6784 0.0345 -0.7339
vn -0.3459 0.0358 -0.9376
vn 0.0392 0.0369 -0.9985
vt 0.446212 0.624780
vt 0.452619 0.668518
vt 0.445809 0.670271
vt 0.439176 0.625207
vt 0.446138 0.580324
vt 0.439107 0.580127
vt 0.467233 0.710438
vt 0.460712 0.712948
vt 0.445628 0.000546
vt 0.460531 0.043222
vt 0.453721 0.044975
vt 0.439107 0.003055
vt 0.467163 0.088286
vt 0.460128 0.088713
vt 0.467233 0.133366
vt 0.460202 0.133169
vt 0.465364 0.178138
vt 0.458346 0.177812
vt 0.463209 0.222840
vt 0.456194 0.222498
vt 0.461030 0.267532
vt 0.454014 0.267190
vt 0.458852 0.312225
vt 0.451837 0.311883
vt 0.456678 0.356917
vt 0.449662 0.356576
vt 0.454503 0.401610
vt 0.447487 0.401269
vt 0.452325 0.446303
vt 0.445310 0.445961
vt 0.450146 0.490995
vt 0.443130 0.490654
vt 0.447993 0.535681
vt 0.440975 0.535355
vt 0.276636 0.632444
vt 0.278102 0.583414
vt 0.298538 0.584279
vt 0.297128 0.632501
vt 0.102426 0.736327
vt 0.100877 0.682717
vt 0.121367 0.682842
vt 0.122862 0.734379
vt 0.303748 0.778697
vt 0.287042 0.731958
vt 0.306682 0.726544
vt 0.322644 0.771563
vt 0.111867 0.790052
vt 0.131501 0.784578
vt 0.292598 0.052699
vt 0.276636 0.007681
vt 0.295532 0.000546
vt 0.312238 0.047285
vt 0.130175 0.840414
vt 0.149022 0.833133
vt 0.300610 0.099102
vt 0.321036 0.097089
vt 0.118398 0.056381
vt 0.100877 0.007826
vt 0.119724 0.000546
vt 0.138032 0.050907
vt 0.302151 0.146742
vt 0.322644 0.146799
vt 0.126906 0.210250
vt 0.128532 0.158118
vt 0.149022 0.158242
vt 0.147338 0.211141
vt 0.127037 0.106580
vt 0.147473 0.104632
vt 0.300742 0.194964
vt 0.321178 0.195829
vt 0.124187 0.262589
vt 0.144591 0.263731
vt 0.298247 0.243401
vt 0.318653 0.244542
vt 0.121119 0.314995
vt 0.141514 0.316213
vt 0.388486 0.140430
vt 0.385137 0.186435
vt 0.375267 0.185911
vt 0.378630 0.139653
vt 0.382905 0.232536
vt 0.373026 0.232222
vt 0.381475 0.278705
vt 0.371593 0.278534
vt 0.380555 0.324918
vt 0.370672 0.324831
vt 0.379885 0.371163
vt 0.370002 0.371107
vt 0.379238 0.417433
vt 0.369355 0.417364
vt 0.378426 0.463720
vt 0.368543 0.463602
vt 0.377325 0.510011
vt 0.367442 0.509826
vt 0.375902 0.556291
vt 0.366018 0.556045
vt 0.374348 0.602521
vt 0.364440 0.602323
vt 0.374158 0.648448
vt 0.364208 0.649016
vt 0.381603 0.692886
vt 0.372154 0.696141
vt 0.404146 0.731460
vt 0.396717 0.738124
vt 0.404146 0.003532
vt 0.397127 0.048330
vt 0.387318 0.047375
vt 0.394824 0.000546
vt 0.392874 0.094428
vt 0.383019 0.093557
vt 0.833292 0.989662
vt 0.878232 0.971047
vt 0.883779 0.979349
vt 0.835239 0.999454
vt 0.784648 0.989662
vt 0.782701 0.999454
vt 0.739708 0.971047
vt 0.734161 0.979349
vt 0.705312 0.936651
vt 0.697011 0.942198
vt 0.686697 0.891711
vt 0.676905 0.893659
vt 0.686697 0.843067
vt 0.676905 0.841120
vt 0.705312 0.798127
vt 0.697011 0.792580
vt 0.739708 0.763731
vt 0.734161 0.755430
vt 0.784648 0.745116
vt 0.782701 0.735324
vt 0.833292 0.745116
vt 0.835239 0.735324
vt 0.878232 0.763731
vt 0.883779 0.755430
vt 0.912628 0.798127
vt 0.920930 0.792580
vt 0.931243 0.843067
vt 0.941035 0.841120
vt 0.931243 0.891711
vt 0.941035 0.893659
vt 0.912628 0.936651
vt 0.920930 0.942198
vt 0.278243 0.682154
vt 0.298670 0.680141
vt 0.102561 0.629818
vt 0.122993 0.630709
vt 0.280627 0.534701
vt 0.301032 0.535842
vt 0.105308 0.577229
vt 0.125712 0.578370
vt 0.283492 0.486103
vt 0.303886 0.487330
vt 0.108386 0.524746
vt 0.128780 0.525964
vt 0.286456 0.437543
vt 0.306846 0.438794
vt 0.111558 0.472297
vt 0.131949 0.473536
vt 0.289445 0.388994
vt 0.309835 0.390249
vt 0.114754 0.419858
vt 0.135145 0.421101
vt 0.292433 0.340449
vt 0.312824 0.341700
vt 0.117950 0.367423
vt 0.138341 0.368662
vt 0.295394 0.291913
vt 0.315788 0.293140
vt 0.475430 0.088713
vt 0.468394 0.088286
vt 0.475026 0.043222
vt 0.481836 0.044975
vt 0.475355 0.133169
vt 0.468324 0.133366
vt 0.489929 0.000546
vt 0.496450 0.003055
vt 0.474845 0.712947
vt 0.468324 0.710438
vt 0.482938 0.668518
vt 0.489748 0.670271
vt 0.489345 0.624780
vt 0.496381 0.625207
vt 0.489420 0.580324
vt 0.496450 0.580127
vt 0.487564 0.535681
vt 0.494582 0.535355
vt 0.485411 0.490995
vt 0.492427 0.490653
vt 0.483232 0.446303
vt 0.490247 0.445961
vt 0.481054 0.401610
vt 0.488070 0.401268
vt 0.478880 0.356917
vt 0.485895 0.356576
vt 0.476705 0.312224
vt 0.483720 0.311883
vt 0.474528 0.267532
vt 0.481543 0.267190
vt 0.472348 0.222839
vt 0.479364 0.222498
vt 0.470193 0.178138
vt 0.477211 0.177812
vt 0.354845 0.598753
vt 0.344980 0.599711
vt 0.339719 0.553702
vt 0.349583 0.552828
vt 0.336970 0.507206
vt 0.347027 0.507046
vt 0.337550 0.460921
vt 0.347226 0.460827
vt 0.335448 0.414858
vt 0.345337 0.414313
vt 0.332145 0.368683
vt 0.342030 0.368174
vt 0.330621 0.322231
vt 0.340689 0.322238
vt 0.331576 0.276031
vt 0.341245 0.275932
vt 0.329136 0.230027
vt 0.339022 0.229376
vt 0.325255 0.183887
vt 0.335142 0.183283
vt 0.323735 0.137307
vt 0.333786 0.137456
vt 0.326448 0.090708
vt 0.336181 0.091593
vt 0.333776 0.043969
vt 0.343362 0.046764
vt 0.355182 0.000546
vt 0.363117 0.006601
vt 0.363117 0.736536
vt 0.353650 0.739230
vt 0.348066 0.691896
vt 0.358102 0.691653
vt 0.348645 0.645581
vt 0.358315 0.645337
vt 0.593925 0.201075
vt 0.601453 0.171142
vt 0.581665 0.163223
vt 0.573790 0.195125
vt 0.615175 0.207781
vt 0.622159 0.180948
vt 0.638915 0.215810
vt 0.645458 0.191637
vt 0.528000 0.183716
vt 0.537534 0.148031
vt 0.526012 0.144724
vt 0.516295 0.181085
vt 0.540982 0.186773
vt 0.550101 0.151944
vt 0.556133 0.190597
vt 0.564784 0.156964
vt 0.592918 0.132336
vt 0.577235 0.123992
vt 0.610845 0.142963
vt 0.631116 0.156181
vt 0.652047 0.169932
vt 0.550765 0.112405
vt 0.539567 0.108147
vt 0.563084 0.117487
vt 0.568958 0.077262
vt 0.558294 0.071911
vt 0.580591 0.083711
vt 0.593799 0.092015
vt 0.608594 0.102887
vt 0.624122 0.116977
vt 0.641118 0.134348
vt 0.658994 0.152398
vt 0.628807 0.075756
vt 0.615638 0.061668
vt 0.641730 0.094340
vt 0.654037 0.116894
vt 0.666827 0.140077
vt 0.592911 0.042986
vt 0.582755 0.036535
vt 0.603765 0.050980
vt 0.621603 0.008135
vt 0.611427 0.000546
vt 0.632281 0.018669
vt 0.643677 0.033347
vt 0.654177 0.053416
vt 0.664014 0.078056
vt 0.670495 0.106314
vt 0.675702 0.134004
vt 0.664823 0.502851
vt 0.642387 0.487355
vt 0.630139 0.506231
vt 0.656547 0.527701
vt 0.670605 0.474876
vt 0.654300 0.464550
vt 0.675701 0.447252
vt 0.666786 0.441351
vt 0.625684 0.574201
vt 0.595517 0.539969
vt 0.585626 0.546732
vt 0.615591 0.582010
vt 0.635898 0.563096
vt 0.606063 0.531742
vt 0.646399 0.547825
vt 0.617585 0.520812
vt 0.582001 0.499630
vt 0.570687 0.506455
vt 0.594774 0.490997
vt 0.608981 0.479642
vt 0.624307 0.465294
vt 0.640880 0.447560
vt 0.658860 0.428910
vt 0.560257 0.512221
vt 0.629759 0.426081
vt 0.610736 0.439448
vt 0.649531 0.412240
vt 0.551308 0.472050
vt 0.540393 0.476902
vt 0.563302 0.466394
vt 0.577099 0.459418
vt 0.592935 0.450504
vt 0.548675 0.432413
vt 0.536159 0.437053
vt 0.563254 0.426853
vt 0.579680 0.420168
vt 0.598742 0.412031
vt 0.620357 0.401866
vt 0.642494 0.391667
vt 0.524889 0.441118
vt 0.612112 0.376065
vt 0.590214 0.383118
vt 0.636270 0.368599
vt 0.524009 0.401589
vt 0.512477 0.404853
vt 0.536879 0.398042
vt 0.552180 0.393777
vt 0.570168 0.388635
vt 0.544412 0.360249
vt 0.528675 0.362957
vt 0.562945 0.357000
vt 0.584260 0.353239
vt 0.607001 0.349004
vt 0.630545 0.344405
vt 0.515293 0.365310
vt 0.503399 0.367631
vt 0.628232 0.319339
vt 0.604074 0.321253
vt 0.509869 0.328414
vt 0.497542 0.329074
vt 0.523700 0.327552
vt 0.539605 0.326513
vt 0.558477 0.325234
vt 0.579786 0.323476
vt 0.540178 0.292634
vt 0.524312 0.292092
vt 0.558790 0.292946
vt 0.580047 0.293335
vt 0.603604 0.293056
vt 0.628229 0.293493
vt 0.510716 0.291322
vt 0.498783 0.290309
vt 0.630014 0.267320
vt 0.605817 0.264474
vt 0.515068 0.255023
vt 0.503213 0.253329
vt 0.528173 0.256686
vt 0.543704 0.258566
vt 0.561950 0.260321
vt 0.582736 0.262669
vt 0.567097 0.227586
vt 0.549197 0.224505
vt 0.587395 0.231763
vt 0.609888 0.235846
vt 0.633813 0.241174
vt 0.520624 0.219245
vt 0.508841 0.217129
vt 0.533912 0.221627
vt 0.806956 0.186608
vt 0.801229 0.160844
vt 0.781433 0.162285
vt 0.788315 0.193441
vt 0.826945 0.178317
vt 0.822896 0.159306
vt 0.848282 0.168195
vt 0.846019 0.157711
vt 0.870169 0.156069
vt 0.744888 0.207767
vt 0.735774 0.165547
vt 0.723950 0.166397
vt 0.733491 0.211448
vt 0.757289 0.203749
vt 0.748888 0.164615
vt 0.771707 0.199054
vt 0.764053 0.163521
vt 0.783767 0.130440
vt 0.766554 0.127254
vt 0.803130 0.134580
vt 0.824494 0.139966
vt 0.846921 0.147010
vt 0.738814 0.122470
vt 0.726921 0.120378
vt 0.751651 0.124678
vt 0.850861 0.137261
vt 0.752884 0.081664
vt 0.741855 0.077248
vt 0.764926 0.086504
vt 0.778849 0.092411
vt 0.794790 0.099881
vt 0.812501 0.109533
vt 0.831262 0.121827
vt 0.813219 0.071924
vt 0.798942 0.060251
vt 0.828054 0.087392
vt 0.843122 0.106661
vt 0.857489 0.129723
vt 0.775325 0.044254
vt 0.764926 0.038466
vt 0.786457 0.051176
vt 0.866110 0.125634
vt 0.801809 0.007562
vt 0.791147 0.000546
vt 0.812931 0.017145
vt 0.825032 0.030376
vt 0.836926 0.048447
vt 0.848979 0.070488
vt 0.858934 0.096671
vt 0.616927 0.828868
vt 0.596710 0.811307
vt 0.581074 0.825689
vt 0.604774 0.850469
vt 0.627891 0.803861
vt 0.612830 0.793235
vt 0.636769 0.776176
vt 0.628566 0.771600
vt 0.643039 0.746860
vt 0.568119 0.889501
vt 0.542254 0.851698
vt 0.531617 0.857130
vt 0.557331 0.896397
vt 0.579316 0.880117
vt 0.553695 0.845272
vt 0.591394 0.867159
vt 0.566723 0.836952
vt 0.533638 0.808645
vt 0.521325 0.812903
vt 0.547844 0.803503
vt 0.564079 0.796858
vt 0.582248 0.788431
vt 0.602030 0.777556
vt 0.622534 0.763769
vt 0.510009 0.816796
vt 0.596215 0.759175
vt 0.574624 0.762889
vt 0.619160 0.753961
vt 0.509463 0.770775
vt 0.497542 0.772112
vt 0.522471 0.769335
vt 0.537551 0.767660
vt 0.554963 0.765602
vt 0.522394 0.728678
vt 0.509434 0.726800
vt 0.537455 0.730894
vt 0.554832 0.733551
vt 0.574489 0.736583
vt 0.596070 0.739967
vt 0.618920 0.743414
vt 0.497568 0.725066
vt 0.601527 0.721649
vt 0.581992 0.711515
vt 0.622045 0.733380
vt 0.522038 0.684364
vt 0.511048 0.679653
vt 0.534042 0.689515
vt 0.547965 0.695580
vt 0.563990 0.702855
vt 0.568289 0.664245
vt 0.556429 0.654708
vt 0.581782 0.675789
vt 0.596591 0.689648
vt 0.612229 0.705958
vt 0.627977 0.725000
vt 0.546136 0.646690
vt 0.536619 0.639526
vt 0.636070 0.719322
vt 0.627090 0.694513
vt 0.579398 0.615411
vt 0.571847 0.605745
vt 0.587554 0.626099
vt 0.596640 0.638936
vt 0.606668 0.654371
vt 0.617096 0.672845
vt 0.632023 0.621776
vt 0.626431 0.606357
vt 0.637211 0.640705
vt 0.642044 0.663168
vt 0.644599 0.689015
vt 0.645355 0.717268
vt 0.620983 0.593842
vt 0.615452 0.583101
vt 0.870169 0.186622
vt 0.861042 0.183800
vt 0.850329 0.208626
vt 0.867335 0.216243
vt 0.824017 0.312511
vt 0.792102 0.280011
vt 0.782632 0.287202
vt 0.814575 0.321167
vt 0.833406 0.301254
vt 0.802184 0.271621
vt 0.842985 0.286221
vt 0.813453 0.261007
vt 0.853092 0.267157
vt 0.825441 0.247145
vt 0.860857 0.243336
vt 0.838082 0.229835
vt 0.803420 0.222127
vt 0.788797 0.231860
vt 0.819575 0.210184
vt 0.836459 0.195281
vt 0.853503 0.177276
vt 0.764597 0.246126
vt 0.754210 0.252090
vt 0.775858 0.239641
vt 0.677817 0.144457
vt 0.676905 0.189277
vt 0.684936 0.188702
vt 0.685873 0.144528
vt 0.684458 0.097918
vt 0.692471 0.098799
vt 0.697607 0.050354
vt 0.705526 0.051864
vt 0.715008 0.000546
vt 0.722859 0.002710
vt 0.779147 0.665792
vt 0.792799 0.716255
vt 0.800723 0.714798
vt 0.787049 0.664903
vt 0.769737 0.618306
vt 0.777668 0.617957
vt 0.766299 0.572516
vt 0.774244 0.572796
vt 0.767544 0.528450
vt 0.775458 0.529224
vt 0.772176 0.485399
vt 0.780029 0.486627
vt 0.780668 0.442922
vt 0.788430 0.444637
vt 0.793167 0.400216
vt 0.800723 0.402817
vt 0.646446 0.630954
vt 0.646463 0.583970
vt 0.654252 0.583101
vt 0.654252 0.631823
vt 0.757916 0.734233
vt 0.728676 0.697901
vt 0.735380 0.693685
vt 0.765208 0.730436
vt 0.837738 0.435910
vt 0.870972 0.400216
vt 0.877872 0.404654
vt 0.844396 0.440125
vt 0.813429 0.478836
vt 0.820875 0.481449
vt 0.801814 0.526867
vt 0.809684 0.527446
vt 0.804261 0.575867
vt 0.812003 0.574403
vt 0.819451 0.621449
vt 0.826674 0.618378
vt 0.843432 0.661369
vt 0.850250 0.657557
vt 0.870520 0.698863
vt 0.877872 0.695466
vt 0.729070 0.436346
vt 0.757880 0.400216
vt 0.765208 0.404090
vt 0.735855 0.440542
vt 0.702442 0.474595
vt 0.709628 0.478100
vt 0.683544 0.518763
vt 0.691318 0.520662
vt 0.676905 0.567138
vt 0.684905 0.567034
vt 0.683516 0.615418
vt 0.691232 0.613352
vt 0.702094 0.659601
vt 0.709202 0.656033
vt 0.655343 0.592814
vt 0.655343 0.583101
vt 0.662165 0.587115
vt 0.662344 0.590915
vt 0.685473 0.273832
vt 0.692901 0.314837
vt 0.700828 0.313392
vt 0.693421 0.272562
vt 0.680033 0.232212
vt 0.688027 0.231221
vt 0.410927 0.178342
vt 0.406226 0.178273
vt 0.406677 0.133042
vt 0.411333 0.133037
vt 0.409948 0.223559
vt 0.405249 0.223509
vt 0.409978 0.268712
vt 0.405237 0.268796
vt 0.411203 0.313922
vt 0.406554 0.314018
vt 0.411516 0.359222
vt 0.406816 0.359226
vt 0.411188 0.404461
vt 0.406490 0.404464
vt 0.411532 0.449632
vt 0.406791 0.449728
vt 0.412659 0.494870
vt 0.408010 0.494929
vt 0.412362 0.540198
vt 0.407661 0.540122
vt 0.411257 0.585418
vt 0.406553 0.585373
vt 0.412109 0.630474
vt 0.407387 0.630828
vt 0.419236 0.674773
vt 0.414714 0.676073
vt 0.438016 0.715392
vt 0.434148 0.718128
vt 0.418375 0.043579
vt 0.413851 0.042247
vt 0.434230 0.000546
vt 0.438016 0.003386
vt 0.411695 0.087905
vt 0.406968 0.087635
vt 0.701918 0.356336
vt 0.709806 0.354612
vt 0.715174 0.399125
vt 0.722859 0.396560
vt 0.128711 0.885967
vt 0.129633 0.888748
vt 0.136776 0.885444
vt 0.135022 0.883063
vt 0.673712 0.620952
vt 0.670753 0.620947
vt 0.670700 0.630301
vt 0.673716 0.630293
vt 0.667860 0.620919
vt 0.667801 0.630308
vt 0.121705 0.886702
vt 0.121756 0.889658
vt 0.673842 0.611634
vt 0.670885 0.611586
vt 0.667994 0.611523
vt 0.671165 0.602229
vt 0.668278 0.602105
vt 0.674118 0.602342
vt 0.114706 0.885171
vt 0.113866 0.887991
vt 0.108373 0.881492
vt 0.106743 0.883939
vt 0.674623 0.593143
vt 0.671719 0.592877
vt 0.668842 0.592635
vt 0.672908 0.583498
vt 0.670030 0.583101
vt 0.675814 0.584272
vt 0.103260 0.875990
vt 0.100877 0.877760
vt 0.108381 0.849635
vt 0.106766 0.847169
vt 0.100877 0.853291
vt 0.103239 0.855114
vt 0.674508 0.723607
vt 0.671553 0.723898
vt 0.672925 0.733254
vt 0.675814 0.732420
vt 0.668681 0.724159
vt 0.670052 0.733713
vt 0.114719 0.845972
vt 0.113894 0.843152
vt 0.674033 0.714449
vt 0.671070 0.714548
vt 0.668175 0.714631
vt 0.121716 0.844443
vt 0.121761 0.841505
vt 0.673912 0.705156
vt 0.670952 0.705189
vt 0.668058 0.705205
vt 0.128716 0.845184
vt 0.129649 0.842394
vt 0.673901 0.695811
vt 0.670942 0.695828
vt 0.668049 0.695827
vt 0.135026 0.848085
vt 0.136771 0.845713
vt 0.673907 0.686450
vt 0.670949 0.686466
vt 0.668057 0.686465
vt 0.140026 0.852809
vt 0.142404 0.851089
vt 0.673908 0.677086
vt 0.670950 0.677105
vt 0.668058 0.677106
vt 0.143227 0.858848
vt 0.146032 0.857939
vt 0.673898 0.667722
vt 0.670942 0.667743
vt 0.668050 0.667747
vt 0.144327 0.865572
vt 0.147285 0.865573
vt 0.673833 0.658363
vt 0.670935 0.658376
vt 0.668042 0.658397
vt 0.143228 0.872298
vt 0.146022 0.873200
vt 0.673826 0.648997
vt 0.670811 0.649019
vt 0.667921 0.649041
vt 0.140023 0.878337
vt 0.142415 0.880057
vt 0.673699 0.639642
vt 0.670798 0.639660
vt 0.667913 0.639678
vt 0.645635 0.191604
vt 0.639212 0.215858
vt 0.122657 0.865577
vt 0.634132 0.241224
vt 0.652356 0.170033
vt 0.659336 0.152439
vt 0.666981 0.140152
vt 0.675814 0.134125
vt 0.666978 0.441079
vt 0.675814 0.447130
vt 0.659074 0.428819
vt 0.649653 0.412112
vt 0.642625 0.391543
vt 0.636420 0.368441
vt 0.630703 0.344342
vt 0.628411 0.319243
vt 0.628396 0.293488
vt 0.630336 0.267348
vt 0.026663 0.724735
vt 0.026416 0.669080
vt 0.027876 0.669068
vt 0.028122 0.724732
vt 0.029331 0.669057
vt 0.029575 0.724729
vt 0.030777 0.669046
vt 0.031022 0.724728
vt 0.025858 0.613414
vt 0.027322 0.613398
vt 0.028772 0.613381
vt 0.030218 0.613365
vt 0.025229 0.557724
vt 0.026688 0.557711
vt 0.028141 0.557695
vt 0.029587 0.557680
vt 0.024771 0.502017
vt 0.026227 0.502009
vt 0.027680 0.501999
vt 0.029126 0.501991
vt 0.024547 0.446316
vt 0.026007 0.446310
vt 0.027462 0.446306
vt 0.028908 0.446301
vt 0.024389 0.390627
vt 0.025853 0.390623
vt 0.027303 0.390619
vt 0.028749 0.390614
vt 0.024225 0.334939
vt 0.025681 0.334935
vt 0.027134 0.334931
vt 0.028580 0.334927
vt 0.024079 0.279255
vt 0.025538 0.279249
vt 0.026991 0.279244
vt 0.028438 0.279240
vt 0.023829 0.223585
vt 0.025288 0.223574
vt 0.026744 0.223565
vt 0.028189 0.223556
vt 0.023452 0.167878
vt 0.024916 0.167874
vt 0.026366 0.167870
vt 0.027813 0.167866
vt 0.023757 0.112092
vt 0.025217 0.112117
vt 0.026670 0.112139
vt 0.028115 0.112162
vt 0.025110 0.056360
vt 0.026566 0.056400
vt 0.028016 0.056439
vt 0.029458 0.056479
vt 0.026676 0.000960
vt 0.028133 0.000711
vt 0.029591 0.000546
vt 0.031044 0.000550
vt 0.025874 0.891504
vt 0.026105 0.836065
vt 0.027567 0.836075
vt 0.027319 0.891798
vt 0.029015 0.836085
vt 0.028770 0.892008
vt 0.030458 0.836095
vt 0.030222 0.892048
vt 0.026523 0.780384
vt 0.027978 0.780392
vt 0.029431 0.780400
vt 0.030877 0.780409
vt 0.163075 0.202325
vt 0.150919 0.202896
vt 0.150113 0.150011
vt 0.162398 0.150693
vt 0.157392 0.097196
vt 0.169247 0.099806
vt 0.166018 0.254705
vt 0.154173 0.255077
vt 0.166751 0.307005
vt 0.154404 0.307368
vt 0.170132 0.358733
vt 0.158047 0.359865
vt 0.176225 0.410658
vt 0.164138 0.411846
vt 0.180455 0.463204
vt 0.168632 0.463715
vt 0.181727 0.515467
vt 0.169391 0.515998
vt 0.186038 0.567066
vt 0.173980 0.568480
vt 0.193501 0.618780
vt 0.181448 0.620304
vt 0.199104 0.671242
vt 0.187305 0.672006
vt 0.201120 0.723600
vt 0.188764 0.724148
vt 0.204528 0.775492
vt 0.192488 0.776644
vt 0.212895 0.825901
vt 0.201509 0.829705
vt 0.184832 0.051141
vt 0.173860 0.046044
vt 0.204119 0.000546
vt 0.212895 0.009078
vt 0.036894 0.669001
vt 0.037148 0.724719
vt 0.035688 0.724722
vt 0.035438 0.669012
vt 0.034233 0.724724
vt 0.033988 0.669022
vt 0.032787 0.724726
vt 0.032542 0.669033
vt 0.036345 0.613297
vt 0.034881 0.613313
vt 0.033428 0.613329
vt 0.031983 0.613345
vt 0.035710 0.557617
vt 0.034251 0.557633
vt 0.032798 0.557648
vt 0.031351 0.557662
vt 0.035251 0.501953
vt 0.033792 0.501963
vt 0.032336 0.501972
vt 0.030891 0.501980
vt 0.035032 0.446281
vt 0.033573 0.446287
vt 0.032120 0.446292
vt 0.030673 0.446296
vt 0.034873 0.390594
vt 0.033413 0.390600
vt 0.031960 0.390605
vt 0.030514 0.390609
vt 0.034701 0.334908
vt 0.033241 0.334914
vt 0.031791 0.334918
vt 0.030345 0.334922
vt 0.034564 0.279219
vt 0.033104 0.279225
vt 0.031649 0.279230
vt 0.030203 0.279234
vt 0.034307 0.223516
vt 0.032851 0.223526
vt 0.031400 0.223535
vt 0.029954 0.223544
vt 0.033939 0.167850
vt 0.032476 0.167854
vt 0.031023 0.167857
vt 0.029578 0.167861
vt 0.034238 0.112257
vt 0.032778 0.112235
vt 0.031326 0.112212
vt 0.029880 0.112190
vt 0.035570 0.056652
vt 0.034112 0.056611
vt 0.032660 0.056569
vt 0.031219 0.056528
vt 0.037148 0.001254
vt 0.035711 0.000924
vt 0.034268 0.000677
vt 0.032817 0.000600
vt 0.036572 0.836130
vt 0.036352 0.891535
vt 0.034901 0.891820
vt 0.035112 0.836123
vt 0.033448 0.892022
vt 0.033661 0.836115
vt 0.031996 0.892054
vt 0.032218 0.836107
vt 0.036999 0.780445
vt 0.035539 0.780437
vt 0.034088 0.780429
vt 0.032642 0.780420
vt 0.068802 0.638486
vt 0.062075 0.638566
vt 0.063298 0.585117
vt 0.069965 0.585343
vt 0.071228 0.691585
vt 0.064569 0.691981
vt 0.074676 0.744872
vt 0.068083 0.745312
vt 0.065066 0.531870
vt 0.071646 0.531886
vt 0.063521 0.478628
vt 0.070186 0.478413
vt 0.062070 0.425229
vt 0.068801 0.425229
vt 0.063521 0.371830
vt 0.070186 0.372046
vt 0.065066 0.318589
vt 0.071646 0.318573
vt 0.063298 0.265342
vt 0.069965 0.265115
vt 0.062075 0.211893
vt 0.068802 0.211972
vt 0.064569 0.158477
vt 0.071228 0.158874
vt 0.068083 0.105147
vt 0.074676 0.105586
vt 0.073840 0.051537
vt 0.080395 0.052972
vt 0.094119 0.000546
vt 0.099786 0.004162
vt 0.099786 0.846296
vt 0.094119 0.849913
vt 0.073840 0.798922
vt 0.080395 0.797486
vt 0.015331 0.725753
vt 0.011922 0.670047
vt 0.013365 0.669960
vt 0.016774 0.725674
vt 0.014815 0.669873
vt 0.018228 0.725595
vt 0.016269 0.669787
vt 0.019685 0.725514
vt 0.010160 0.670152
vt 0.013568 0.725849
vt 0.012124 0.725928
vt 0.008717 0.670238
vt 0.010676 0.726007
vt 0.007263 0.670325
vt 0.040939 0.215666
vt 0.043404 0.162034
vt 0.044861 0.162112
vt 0.042398 0.215718
vt 0.008935 0.614317
vt 0.010379 0.614251
vt 0.011828 0.614186
vt 0.013290 0.614119
vt 0.007172 0.614398
vt 0.005727 0.614464
vt 0.004275 0.614529
vt 0.039380 0.269328
vt 0.040839 0.269358
vt 0.006853 0.558546
vt 0.008298 0.558504
vt 0.009751 0.558462
vt 0.011210 0.558417
vt 0.005089 0.558598
vt 0.003643 0.558641
vt 0.002191 0.558683
vt 0.038560 0.322992
vt 0.040023 0.323005
vt 0.005627 0.502750
vt 0.007073 0.502728
vt 0.008526 0.502708
vt 0.009982 0.502686
vt 0.003862 0.502776
vt 0.002417 0.502797
vt 0.000967 0.502818
vt 0.038304 0.376643
vt 0.039760 0.376646
vt 0.005212 0.446941
vt 0.006659 0.446942
vt 0.008114 0.446942
vt 0.009577 0.446942
vt 0.003447 0.446941
vt 0.002001 0.446941
vt 0.000546 0.446941
vt 0.038239 0.430277
vt 0.039699 0.430276
vt 0.005649 0.391133
vt 0.007095 0.391155
vt 0.008545 0.391177
vt 0.010005 0.391198
vt 0.003884 0.391107
vt 0.002438 0.391085
vt 0.000988 0.391063
vt 0.038255 0.483906
vt 0.039714 0.483903
vt 0.006914 0.335338
vt 0.008359 0.335382
vt 0.009811 0.335427
vt 0.011270 0.335471
vt 0.005149 0.335283
vt 0.003704 0.335239
vt 0.002249 0.335194
vt 0.038339 0.537535
vt 0.039799 0.537530
vt 0.009136 0.279573
vt 0.010580 0.279645
vt 0.012034 0.279718
vt 0.013491 0.279789
vt 0.007373 0.279484
vt 0.005929 0.279412
vt 0.004480 0.279339
vt 0.038500 0.591166
vt 0.039959 0.591158
vt 0.012473 0.223864
vt 0.013916 0.223959
vt 0.015366 0.224054
vt 0.016819 0.224150
vt 0.010712 0.223747
vt 0.009269 0.223652
vt 0.007817 0.223556
vt 0.038807 0.644805
vt 0.040266 0.644792
vt 0.016130 0.168171
vt 0.017574 0.168251
vt 0.019022 0.168330
vt 0.020484 0.168410
vt 0.014368 0.168075
vt 0.012924 0.167995
vt 0.011474 0.167915
vt 0.039449 0.698456
vt 0.040908 0.698431
vt 0.018001 0.112370
vt 0.019447 0.112381
vt 0.020901 0.112394
vt 0.022361 0.112404
vt 0.016236 0.112355
vt 0.014790 0.112343
vt 0.013337 0.112331
vt 0.040618 0.752126
vt 0.042081 0.752083
vt 0.017447 0.056553
vt 0.018891 0.056537
vt 0.020342 0.056522
vt 0.021798 0.056505
vt 0.015685 0.056573
vt 0.014241 0.056591
vt 0.012791 0.056608
vt 0.043168 0.805993
vt 0.044622 0.805860
vt 0.017658 0.000546
vt 0.019109 0.000580
vt 0.020559 0.000785
vt 0.022007 0.001073
vt 0.015888 0.000547
vt 0.014438 0.000584
vt 0.012988 0.000790
vt 0.053287 0.859917
vt 0.054666 0.859428
vt 0.017521 0.893369
vt 0.017292 0.837362
vt 0.018736 0.837371
vt 0.018972 0.893336
vt 0.020185 0.837382
vt 0.020423 0.893133
vt 0.021645 0.837391
vt 0.021871 0.892847
vt 0.015531 0.837348
vt 0.015751 0.893365
vt 0.014301 0.893327
vt 0.014086 0.837337
vt 0.012852 0.893118
vt 0.012636 0.837326
vt 0.048774 0.054928
vt 0.053111 0.000546
vt 0.054532 0.000859
vt 0.050235 0.054976
vt 0.017448 0.781540
vt 0.018894 0.781518
vt 0.020348 0.781497
vt 0.021808 0.781472
vt 0.015683 0.781568
vt 0.014237 0.781591
vt 0.012783 0.781613
vt 0.046614 0.108525
vt 0.048072 0.108603
vt 0.241999 0.196806
vt 0.248313 0.149179
vt 0.275545 0.150646
vt 0.268426 0.200926
vt 0.247326 0.102084
vt 0.273581 0.098868
vt 0.234716 0.247730
vt 0.259467 0.248739
vt 0.051513 0.162450
vt 0.049055 0.215937
vt 0.047499 0.269475
vt 0.054730 0.108933
vt 0.237737 0.298982
vt 0.264443 0.297177
vt 0.046683 0.323039
vt 0.239456 0.346817
vt 0.266729 0.348003
vt 0.046420 0.376631
vt 0.233595 0.394324
vt 0.260042 0.398439
vt 0.046359 0.430247
vt 0.226117 0.445065
vt 0.250881 0.446301
vt 0.046375 0.483866
vt 0.228500 0.496285
vt 0.255236 0.494847
vt 0.046460 0.537484
vt 0.229453 0.544070
vt 0.256685 0.545768
vt 0.046620 0.591100
vt 0.222571 0.591364
vt 0.248923 0.596112
vt 0.046927 0.644706
vt 0.213986 0.642206
vt 0.238543 0.643489
vt 0.047568 0.698291
vt 0.218273 0.694745
vt 0.244568 0.691063
vt 0.048746 0.751855
vt 0.229052 0.744070
vt 0.256006 0.738960
vt 0.051288 0.805233
vt 0.235975 0.790108
vt 0.261935 0.791113
vt 0.060979 0.857159
vt 0.237113 0.057032
vt 0.213986 0.018289
vt 0.233993 0.000546
vt 0.261579 0.047383
vt 0.060979 0.002324
vt 0.056889 0.055181
vt 0.664213 0.692262
vt 0.655973 0.685934
vt 0.665844 0.689277
vt 0.073416 0.863118
vt 0.083235 0.870655
vt 0.080213 0.873390
vt 0.753101 0.367403
vt 0.753326 0.363874
vt 0.758669 0.364239
vt 0.758436 0.367949
vt 0.764008 0.364618
vt 0.763765 0.368531
vt 0.769527 0.364914
vt 0.769270 0.369016
vt 0.775068 0.365219
vt 0.774803 0.369476
vt 0.752777 0.370842
vt 0.758093 0.371612
vt 0.763397 0.372438
vt 0.768877 0.373138
vt 0.774392 0.373776
vt 0.752337 0.374150
vt 0.757612 0.375213
vt 0.762873 0.376339
vt 0.768321 0.377282
vt 0.773796 0.378120
vt 0.751761 0.377274
vt 0.756949 0.378731
vt 0.762150 0.380239
vt 0.767569 0.381447
vt 0.773013 0.382498
vt 0.751034 0.380149
vt 0.756132 0.382155
vt 0.761158 0.384169
vt 0.766546 0.385605
vt 0.771992 0.386868
vt 0.750145 0.382702
vt 0.754902 0.385388
vt 0.759823 0.388204
vt 0.765404 0.389748
vt 0.770844 0.391199
vt 0.751157 0.333473
vt 0.750145 0.330996
vt 0.754869 0.328135
vt 0.756180 0.331366
vt 0.759871 0.325305
vt 0.761217 0.329293
vt 0.765508 0.323759
vt 0.766653 0.327921
vt 0.770904 0.322258
vt 0.772068 0.326599
vt 0.751911 0.336284
vt 0.757093 0.334768
vt 0.762237 0.333231
vt 0.767644 0.332084
vt 0.773085 0.330987
vt 0.752480 0.339356
vt 0.757745 0.338278
vt 0.762976 0.337149
vt 0.768410 0.336241
vt 0.773889 0.335391
vt 0.752908 0.342624
vt 0.758208 0.341870
vt 0.763494 0.341062
vt 0.768959 0.340382
vt 0.774469 0.339771
vt 0.753233 0.346031
vt 0.758524 0.345528
vt 0.763837 0.344979
vt 0.769322 0.344502
vt 0.774852 0.344100
vt 0.753516 0.349534
vt 0.758698 0.349236
vt 0.764043 0.348906
vt 0.769533 0.348601
vt 0.775074 0.348369
vt 0.753561 0.353097
vt 0.758892 0.352984
vt 0.764098 0.352831
vt 0.769657 0.352684
vt 0.775204 0.352589
vt 0.753545 0.356680
vt 0.758877 0.356749
vt 0.764185 0.356768
vt 0.769709 0.356751
vt 0.775254 0.356790
vt 0.753469 0.360288
vt 0.758811 0.360501
vt 0.764146 0.360697
vt 0.769669 0.360828
vt 0.775213 0.360995
vt 0.893763 0.088741
vt 0.896113 0.174616
vt 0.893534 0.174702
vt 0.890006 0.088863
vt 0.897521 0.088673
vt 0.898694 0.174568
vt 0.890956 0.174827
vt 0.886251 0.089039
vt 0.888381 0.174990
vt 0.882498 0.089268
vt 0.885809 0.175188
vt 0.878749 0.089550
vt 0.883241 0.175422
vt 0.875003 0.089885
vt 0.880674 0.175676
vt 0.871260 0.090269
vt 0.931308 0.090278
vt 0.921872 0.175676
vt 0.919307 0.175421
vt 0.927565 0.089895
vt 0.916738 0.175199
vt 0.923816 0.089575
vt 0.914166 0.175006
vt 0.920064 0.089304
vt 0.911592 0.174846
vt 0.916309 0.089082
vt 0.909015 0.174721
vt 0.912553 0.088906
vt 0.906436 0.174631
vt 0.908796 0.088775
vt 0.903856 0.174576
vt 0.905038 0.088691
vt 0.901275 0.174555
vt 0.901279 0.088656
vt 0.068194 0.852179
vt 0.064675 0.854680
vt 0.083235 0.855581
vt 0.085177 0.859136
vt 0.080213 0.852846
vt 0.076421 0.851249
vt 0.062070 0.858255
vt 0.062070 0.867980
vt 0.064675 0.871556
vt 0.068194 0.874057
vt 0.085847 0.863118
vt 0.085177 0.867100
vt 0.076421 0.874986
vt 0.072261 0.875232
vt 0.072261 0.851004
vt 0.666407 0.685934
vt 0.665844 0.682590
vt 0.664213 0.679605
vt 0.661675 0.677309
vt 0.658490 0.675970
vt 0.654997 0.675766
vt 0.651583 0.676755
vt 0.648630 0.678857
vt 0.646446 0.681861
vt 0.646446 0.690006
vt 0.648630 0.693010
vt 0.651583 0.695112
vt 0.654997 0.696101
vt 0.658490 0.695897
vt 0.661675 0.694558
vt 0.319270 0.887669
vt 0.311031 0.881341
vt 0.320902 0.884685
vt 0.862896 0.712068
vt 0.872715 0.719605
vt 0.869693 0.722340
vt 0.779261 0.367407
vt 0.779482 0.363869
vt 0.784824 0.364231
vt 0.784595 0.367945
vt 0.790162 0.364604
vt 0.789923 0.368519
vt 0.795679 0.364895
vt 0.795427 0.368993
vt 0.801220 0.365196
vt 0.800960 0.369445
vt 0.778944 0.370855
vt 0.784259 0.371614
vt 0.789563 0.372427
vt 0.795040 0.373111
vt 0.800556 0.373735
vt 0.778513 0.374170
vt 0.783790 0.375221
vt 0.789053 0.376333
vt 0.794494 0.377252
vt 0.799973 0.378068
vt 0.777947 0.377301
vt 0.783142 0.378746
vt 0.788359 0.380246
vt 0.793749 0.381413
vt 0.799207 0.382432
vt 0.777227 0.380179
vt 0.782329 0.382173
vt 0.787351 0.384169
vt 0.792787 0.385589
vt 0.798236 0.386800
vt 0.776345 0.382733
vt 0.781111 0.385411
vt 0.786050 0.388216
vt 0.791670 0.389735
vt 0.797127 0.391141
vt 0.777351 0.333427
vt 0.776345 0.330947
vt 0.781075 0.328097
vt 0.782379 0.331332
vt 0.786084 0.325279
vt 0.787421 0.329270
vt 0.791725 0.323746
vt 0.792860 0.327911
vt 0.797124 0.322258
vt 0.798278 0.326601
vt 0.778097 0.336240
vt 0.783283 0.334736
vt 0.788431 0.333210
vt 0.793841 0.332076
vt 0.799285 0.330991
vt 0.778659 0.339315
vt 0.783926 0.338248
vt 0.789161 0.337130
vt 0.794598 0.336234
vt 0.800078 0.335396
vt 0.779080 0.342586
vt 0.784381 0.341842
vt 0.789669 0.341044
vt 0.795138 0.340376
vt 0.800649 0.339776
vt 0.779398 0.345997
vt 0.784688 0.345502
vt 0.790001 0.344961
vt 0.795494 0.344496
vt 0.801024 0.344103
vt 0.779676 0.349506
vt 0.784856 0.349215
vt 0.790191 0.348886
vt 0.795705 0.348592
vt 0.801241 0.348371
vt 0.779719 0.353074
vt 0.785051 0.352966
vt 0.790265 0.352817
vt 0.795801 0.352669
vt 0.801353 0.352585
vt 0.779701 0.356662
vt 0.785033 0.356732
vt 0.790340 0.356754
vt 0.795858 0.356737
vt 0.801402 0.356779
vt 0.779624 0.360276
vt 0.784965 0.360488
vt 0.790299 0.360683
vt 0.795819 0.360811
vt 0.801362 0.360978
vt 0.427740 0.807415
vt 0.430090 0.893290
vt 0.427511 0.893376
vt 0.423983 0.807537
vt 0.431498 0.807346
vt 0.432671 0.893242
vt 0.424933 0.893501
vt 0.420228 0.807713
vt 0.422358 0.893664
vt 0.416475 0.807942
vt 0.419786 0.893862
vt 0.412726 0.808224
vt 0.417218 0.894096
vt 0.408980 0.808559
vt 0.414651 0.894350
vt 0.405237 0.808943
vt 0.465285 0.808952
vt 0.455849 0.894350
vt 0.453284 0.894095
vt 0.461542 0.808569
vt 0.450715 0.893873
vt 0.457793 0.808249
vt 0.448143 0.893680
vt 0.454041 0.807978
vt 0.445569 0.893520
vt 0.450286 0.807756
vt 0.442992 0.893394
vt 0.446530 0.807579
vt 0.440413 0.893305
vt 0.442773 0.807448
vt 0.437833 0.893250
vt 0.439015 0.807365
vt 0.435252 0.893229
vt 0.435256 0.807330
vt 0.857673 0.701129
vt 0.854154 0.703630
vt 0.872715 0.704531
vt 0.874657 0.708086
vt 0.869693 0.701796
vt 0.865900 0.700200
vt 0.851549 0.707206
vt 0.851549 0.716931
vt 0.854154 0.720506
vt 0.857673 0.723007
vt 0.875326 0.712068
vt 0.874657 0.716050
vt 0.865900 0.723937
vt 0.861740 0.724182
vt 0.861740 0.699954
vt 0.321464 0.881341
vt 0.320902 0.877997
vt 0.319270 0.875013
vt 0.316732 0.872717
vt 0.313547 0.871378
vt 0.310054 0.871173
vt 0.306640 0.872162
vt 0.303687 0.874264
vt 0.301504 0.877268
vt 0.301504 0.885413
vt 0.303687 0.888417
vt 0.306640 0.890519
vt 0.310054 0.891508
vt 0.313547 0.891304
vt 0.316732 0.889965
vt 0.079837 0.892819
vt 0.071597 0.886490
vt 0.081468 0.889834
vt 0.838028 0.712068
vt 0.847847 0.719605
vt 0.844825 0.722340
vt 0.831389 0.367393
vt 0.831616 0.363841
vt 0.836954 0.364207
vt 0.836722 0.367929
vt 0.842290 0.364580
vt 0.842051 0.368496
vt 0.847808 0.364872
vt 0.847557 0.368964
vt 0.853348 0.365177
vt 0.853090 0.369411
vt 0.831069 0.370859
vt 0.836389 0.371608
vt 0.841699 0.372405
vt 0.847180 0.373077
vt 0.852698 0.373687
vt 0.830633 0.374199
vt 0.835932 0.375225
vt 0.841208 0.376311
vt 0.846653 0.377213
vt 0.852136 0.378009
vt 0.830040 0.377365
vt 0.835329 0.378753
vt 0.840542 0.380228
vt 0.845933 0.381372
vt 0.851394 0.382367
vt 0.829457 0.380281
vt 0.834510 0.382180
vt 0.839552 0.384154
vt 0.844994 0.385549
vt 0.850448 0.386736
vt 0.828592 0.382842
vt 0.833343 0.385446
vt 0.838285 0.388205
vt 0.843900 0.389701
vt 0.849362 0.391081
vt 0.829589 0.333355
vt 0.828592 0.330872
vt 0.833334 0.328039
vt 0.834625 0.331278
vt 0.838353 0.325238
vt 0.839675 0.329234
vt 0.844000 0.323725
vt 0.845119 0.327895
vt 0.849405 0.322258
vt 0.850541 0.326605
vt 0.830325 0.336171
vt 0.835517 0.334686
vt 0.840671 0.333178
vt 0.846085 0.332063
vt 0.851532 0.330998
vt 0.830873 0.339250
vt 0.836147 0.338200
vt 0.841387 0.337100
vt 0.846826 0.336223
vt 0.852310 0.335406
vt 0.831278 0.342525
vt 0.836591 0.341796
vt 0.841882 0.341015
vt 0.847351 0.340366
vt 0.852865 0.339787
vt 0.831569 0.345943
vt 0.836891 0.345455
vt 0.842205 0.344933
vt 0.847691 0.344485
vt 0.853222 0.344116
vt 0.831779 0.349456
vt 0.837079 0.349162
vt 0.842393 0.348861
vt 0.847878 0.348583
vt 0.853417 0.348383
vt 0.831958 0.353021
vt 0.837169 0.352919
vt 0.842404 0.352788
vt 0.847971 0.352664
vt 0.853520 0.352596
vt 0.831871 0.356617
vt 0.837171 0.356693
vt 0.842478 0.356727
vt 0.848005 0.356724
vt 0.853549 0.356784
vt 0.831769 0.360238
vt 0.837100 0.360456
vt 0.842431 0.360657
vt 0.847953 0.360794
vt 0.853496 0.360972
vt 0.893763 0.176852
vt 0.896113 0.262727
vt 0.893534 0.262813
vt 0.890006 0.176974
vt 0.897521 0.176784
vt 0.898694 0.262679
vt 0.890956 0.262938
vt 0.886251 0.177150
vt 0.888381 0.263101
vt 0.882499 0.177379
vt 0.885809 0.263299
vt 0.878749 0.177661
vt 0.883241 0.263533
vt 0.875003 0.177996
vt 0.880674 0.263787
vt 0.871260 0.178380
vt 0.931308 0.178389
vt 0.921872 0.263787
vt 0.919307 0.263532
vt 0.927565 0.178006
vt 0.916738 0.263310
vt 0.923816 0.177686
vt 0.914166 0.263117
vt 0.920064 0.177415
vt 0.911592 0.262957
vt 0.916309 0.177193
vt 0.909015 0.262831
vt 0.912553 0.177016
vt 0.906436 0.262742
vt 0.908796 0.176885
vt 0.903856 0.262687
vt 0.905038 0.176802
vt 0.901275 0.262666
vt 0.901279 0.176767
vt 0.832805 0.701129
vt 0.829286 0.703630
vt 0.847847 0.704531
vt 0.849789 0.708086
vt 0.844825 0.701796
vt 0.841032 0.700200
vt 0.826682 0.707206
vt 0.826682 0.716931
vt 0.829286 0.720506
vt 0.832805 0.723007
vt 0.850458 0.712068
vt 0.849789 0.716050
vt 0.841032 0.723937
vt 0.836873 0.724182
vt 0.836873 0.699954
vt 0.082030 0.886490
vt 0.081468 0.883147
vt 0.079837 0.880162
vt 0.077299 0.877866
vt 0.074114 0.876527
vt 0.070621 0.876323
vt 0.067206 0.877312
vt 0.064254 0.879414
vt 0.062070 0.882418
vt 0.062070 0.890563
vt 0.064254 0.893567
vt 0.067206 0.895669
vt 0.070621 0.896658
vt 0.074114 0.896454
vt 0.077299 0.895115
vt 0.648640 0.636753
vt 0.656879 0.643081
vt 0.647008 0.639738
vt 0.483903 0.866106
vt 0.474084 0.858569
vt 0.477105 0.855834
vt 0.653672 0.779953
vt 0.653894 0.776415
vt 0.659235 0.776777
vt 0.659006 0.780491
vt 0.664573 0.777150
vt 0.664334 0.781065
vt 0.670091 0.777441
vt 0.669838 0.781539
vt 0.675632 0.777742
vt 0.675371 0.781991
vt 0.653355 0.783401
vt 0.658671 0.784160
vt 0.663974 0.784973
vt 0.669452 0.785657
vt 0.674967 0.786281
vt 0.652924 0.786717
vt 0.658202 0.787767
vt 0.663464 0.788879
vt 0.668905 0.789798
vt 0.674384 0.790614
vt 0.652359 0.789847
vt 0.657554 0.791292
vt 0.662771 0.792792
vt 0.668160 0.793959
vt 0.673618 0.794978
vt 0.651639 0.792725
vt 0.656740 0.794719
vt 0.661763 0.796715
vt 0.667198 0.798135
vt 0.672647 0.799346
vt 0.650756 0.795280
vt 0.655522 0.797957
vt 0.660461 0.800762
vt 0.666082 0.802281
vt 0.671539 0.803688
vt 0.651762 0.745973
vt 0.650756 0.743493
vt 0.655487 0.740643
vt 0.656790 0.743878
vt 0.660496 0.737825
vt 0.661832 0.741816
vt 0.666136 0.736292
vt 0.667272 0.740457
vt 0.671536 0.734805
vt 0.672689 0.739148
vt 0.652509 0.748786
vt 0.657695 0.747282
vt 0.662843 0.745756
vt 0.668252 0.744622
vt 0.673696 0.743537
vt 0.653070 0.751861
vt 0.658338 0.750794
vt 0.663572 0.749676
vt 0.669009 0.748780
vt 0.674490 0.747943
vt 0.653491 0.755132
vt 0.658793 0.754388
vt 0.664080 0.753590
vt 0.669549 0.752922
vt 0.675061 0.752322
vt 0.653809 0.758543
vt 0.659100 0.758048
vt 0.664413 0.757507
vt 0.669906 0.757042
vt 0.675436 0.756649
vt 0.654087 0.762052
vt 0.659268 0.761761
vt 0.664602 0.761432
vt 0.670117 0.761138
vt 0.675652 0.760917
vt 0.654131 0.765621
vt 0.659463 0.765512
vt 0.664677 0.765363
vt 0.670212 0.765215
vt 0.675765 0.765131
vt 0.654112 0.769208
vt 0.659444 0.769278
vt 0.664752 0.769300
vt 0.670270 0.769283
vt 0.675814 0.769325
vt 0.654036 0.772822
vt 0.659376 0.773034
vt 0.664710 0.773229
vt 0.670231 0.773357
vt 0.675774 0.773524
vt 0.361280 0.827256
vt 0.358930 0.741381
vt 0.361509 0.741295
vt 0.365037 0.827134
vt 0.357522 0.827324
vt 0.356349 0.741429
vt 0.364087 0.741170
vt 0.368792 0.826958
vt 0.366662 0.741007
vt 0.372545 0.826729
vt 0.369234 0.740809
vt 0.376295 0.826447
vt 0.371803 0.740575
vt 0.380041 0.826112
vt 0.374369 0.740321
vt 0.383783 0.825728
vt 0.323735 0.825719
vt 0.333171 0.740321
vt 0.335737 0.740576
vt 0.327478 0.826102
vt 0.338306 0.740798
vt 0.331227 0.826422
vt 0.340877 0.740991
vt 0.334979 0.826693
vt 0.343451 0.741151
vt 0.338734 0.826915
vt 0.346028 0.741277
vt 0.342490 0.827092
vt 0.348607 0.741366
vt 0.346247 0.827223
vt 0.351187 0.741421
vt 0.350006 0.827306
vt 0.353768 0.741442
vt 0.353764 0.827341
vt 0.489125 0.877045
vt 0.492644 0.874544
vt 0.474084 0.873643
vt 0.472141 0.870088
vt 0.477105 0.876378
vt 0.480898 0.877974
vt 0.495249 0.870968
vt 0.495249 0.861243
vt 0.492644 0.857668
vt 0.489125 0.855167
vt 0.471472 0.866106
vt 0.472141 0.862124
vt 0.480898 0.854237
vt 0.485058 0.853992
vt 0.485058 0.878220
vt 0.646446 0.643081
vt 0.647008 0.646425
vt 0.648640 0.649410
vt 0.651178 0.651706
vt 0.654363 0.653045
vt 0.657856 0.653249
vt 0.661270 0.652260
vt 0.664223 0.650158
vt 0.666407 0.647154
vt 0.666407 0.639009
vt 0.664223 0.636005
vt 0.661270 0.633903
vt 0.657856 0.632914
vt 0.654363 0.633118
vt 0.651178 0.634457
vt 0.896730 0.438137
vt 0.888490 0.431809
vt 0.898361 0.435153
vt 0.287982 0.887180
vt 0.297801 0.894717
vt 0.294779 0.897453
vt 0.474297 0.829164
vt 0.474525 0.825619
vt 0.479864 0.825985
vt 0.479631 0.829704
vt 0.485201 0.826361
vt 0.484961 0.830276
vt 0.490718 0.826655
vt 0.490468 0.830750
vt 0.496259 0.826958
vt 0.496002 0.831200
vt 0.473973 0.832622
vt 0.479293 0.833378
vt 0.484604 0.834183
vt 0.490088 0.834866
vt 0.495607 0.835486
vt 0.473529 0.835954
vt 0.478827 0.836988
vt 0.484102 0.838084
vt 0.489555 0.839006
vt 0.495035 0.839820
vt 0.472928 0.839115
vt 0.478212 0.840511
vt 0.483410 0.841989
vt 0.488831 0.843170
vt 0.494279 0.844193
vt 0.472341 0.842028
vt 0.477392 0.843935
vt 0.482438 0.845923
vt 0.487835 0.847330
vt 0.493286 0.848566
vt 0.471472 0.844587
vt 0.476216 0.847197
vt 0.481142 0.849963
vt 0.486718 0.851479
vt 0.492163 0.852901
vt 0.472471 0.795147
vt 0.471472 0.792664
vt 0.476211 0.789828
vt 0.477505 0.793066
vt 0.481229 0.787023
vt 0.482554 0.791017
vt 0.486874 0.785506
vt 0.487997 0.789674
vt 0.492277 0.784033
vt 0.493418 0.788379
vt 0.473209 0.797962
vt 0.478400 0.796473
vt 0.483553 0.794960
vt 0.488966 0.793841
vt 0.494413 0.792771
vt 0.473760 0.801040
vt 0.479033 0.799986
vt 0.484272 0.798881
vt 0.489712 0.798001
vt 0.495195 0.797179
vt 0.474167 0.804316
vt 0.479479 0.803581
vt 0.484770 0.802796
vt 0.490241 0.802144
vt 0.495754 0.801560
vt 0.474461 0.807734
vt 0.479782 0.807240
vt 0.485095 0.806713
vt 0.490587 0.806265
vt 0.496117 0.805889
vt 0.474675 0.811248
vt 0.479973 0.810949
vt 0.485276 0.810637
vt 0.490784 0.810362
vt 0.496318 0.810158
vt 0.474860 0.814811
vt 0.480073 0.814705
vt 0.485317 0.814573
vt 0.490860 0.814438
vt 0.496414 0.814369
vt 0.474776 0.818405
vt 0.480078 0.818476
vt 0.485386 0.818510
vt 0.490906 0.818502
vt 0.496450 0.818557
vt 0.474677 0.822021
vt 0.480009 0.822238
vt 0.485340 0.822440
vt 0.490861 0.822574
vt 0.496404 0.822748
vt 0.908805 0.087480
vt 0.906455 0.001605
vt 0.909035 0.001520
vt 0.912562 0.087359
vt 0.905047 0.087549
vt 0.903875 0.001654
vt 0.911612 0.001395
vt 0.916317 0.087183
vt 0.914187 0.001232
vt 0.920070 0.086954
vt 0.916759 0.001034
vt 0.923820 0.086671
vt 0.919328 0.000800
vt 0.927566 0.086337
vt 0.921894 0.000546
vt 0.931308 0.085953
vt 0.871260 0.085944
vt 0.880697 0.000546
vt 0.883262 0.000801
vt 0.875004 0.086326
vt 0.885831 0.001023
vt 0.878753 0.086647
vt 0.888403 0.001216
vt 0.882505 0.086917
vt 0.890977 0.001376
vt 0.886259 0.087140
vt 0.893553 0.001501
vt 0.890015 0.087316
vt 0.896132 0.001591
vt 0.893773 0.087447
vt 0.898712 0.001646
vt 0.897531 0.087531
vt 0.901293 0.001667
vt 0.901289 0.087565
vt 0.282759 0.876242
vt 0.279240 0.878742
vt 0.297801 0.879644
vt 0.299743 0.883198
vt 0.294779 0.876908
vt 0.290987 0.875312
vt 0.276636 0.882318
vt 0.276636 0.892043
vt 0.279240 0.895619
vt 0.282759 0.898119
vt 0.300412 0.887180
vt 0.299743 0.891163
vt 0.290987 0.899049
vt 0.286827 0.899294
vt 0.286827 0.875067
vt 0.898924 0.431809
vt 0.898361 0.428466
vt 0.896730 0.425481
vt 0.894192 0.423185
vt 0.891007 0.421846
vt 0.887514 0.421642
vt 0.884100 0.422631
vt 0.881147 0.424733
vt 0.878963 0.427737
vt 0.878963 0.435882
vt 0.881147 0.438886
vt 0.884100 0.440988
vt 0.887514 0.441977
vt 0.891007 0.441773
vt 0.894192 0.440434
vt 0.664213 0.713688
vt 0.655973 0.707360
vt 0.665844 0.710703
vt 0.814244 0.712068
vt 0.804425 0.704531
vt 0.807447 0.701796
vt 0.726905 0.367408
vt 0.727131 0.363879
vt 0.732471 0.364243
vt 0.732238 0.367953
vt 0.737809 0.364621
vt 0.737567 0.368535
vt 0.743327 0.364917
vt 0.743071 0.369019
vt 0.748868 0.365223
vt 0.748604 0.369479
vt 0.726580 0.370848
vt 0.731895 0.371617
vt 0.737199 0.372441
vt 0.742679 0.373141
vt 0.748194 0.373777
vt 0.726140 0.374156
vt 0.731415 0.375218
vt 0.736676 0.376343
vt 0.742125 0.377285
vt 0.747599 0.378121
vt 0.725565 0.377281
vt 0.730753 0.378737
vt 0.735954 0.380243
vt 0.741373 0.381450
vt 0.746817 0.382499
vt 0.724839 0.380156
vt 0.729937 0.382160
vt 0.734963 0.384174
vt 0.740352 0.385608
vt 0.745798 0.386870
vt 0.723950 0.382709
vt 0.728708 0.385394
vt 0.733630 0.388209
vt 0.739212 0.389751
vt 0.744652 0.391200
vt 0.724964 0.333482
vt 0.723950 0.331005
vt 0.728673 0.328142
vt 0.729986 0.331373
vt 0.733675 0.325310
vt 0.735023 0.329297
vt 0.739311 0.323761
vt 0.740459 0.327923
vt 0.744706 0.322258
vt 0.745872 0.326598
vt 0.725717 0.336292
vt 0.730900 0.334774
vt 0.736045 0.333234
vt 0.741452 0.332086
vt 0.746893 0.330986
vt 0.726285 0.339365
vt 0.731553 0.338283
vt 0.736786 0.337152
vt 0.742220 0.336243
vt 0.747699 0.335391
vt 0.726710 0.342634
vt 0.732019 0.341874
vt 0.737306 0.341064
vt 0.742771 0.340384
vt 0.748281 0.339773
vt 0.727020 0.346045
vt 0.732341 0.345529
vt 0.737652 0.344980
vt 0.743136 0.344504
vt 0.748665 0.344104
vt 0.727249 0.349550
vt 0.732548 0.349231
vt 0.737862 0.348906
vt 0.743345 0.348605
vt 0.748884 0.348377
vt 0.727444 0.353104
vt 0.732656 0.352982
vt 0.737893 0.352834
vt 0.743459 0.352690
vt 0.749008 0.352598
vt 0.727371 0.356689
vt 0.732673 0.356748
vt 0.737982 0.356771
vt 0.743509 0.356755
vt 0.749054 0.356797
vt 0.727279 0.360294
vt 0.732612 0.360504
vt 0.737946 0.360700
vt 0.743468 0.360831
vt 0.749012 0.361000
vt 0.361280 0.915367
vt 0.358930 0.829492
vt 0.361509 0.829406
vt 0.365037 0.915245
vt 0.357522 0.915435
vt 0.356349 0.829540
vt 0.364087 0.829281
vt 0.368792 0.915069
vt 0.366662 0.829118
vt 0.372545 0.914840
vt 0.369234 0.828920
vt 0.376294 0.914558
vt 0.371803 0.828686
vt 0.380041 0.914223
vt 0.374369 0.828432
vt 0.383783 0.913839
vt 0.323735 0.913830
vt 0.333171 0.828432
vt 0.335737 0.828687
vt 0.327478 0.914213
vt 0.338306 0.828909
vt 0.331227 0.914533
vt 0.340877 0.829102
vt 0.334979 0.914804
vt 0.343451 0.829262
vt 0.338734 0.915026
vt 0.346028 0.829387
vt 0.342490 0.915203
vt 0.348607 0.829477
vt 0.346247 0.915334
vt 0.351187 0.829532
vt 0.350005 0.915417
vt 0.353768 0.829553
vt 0.353764 0.915452
vt 0.819467 0.723007
vt 0.822986 0.720506
vt 0.804425 0.719605
vt 0.802483 0.716050
vt 0.807447 0.722340
vt 0.811240 0.723937
vt 0.825591 0.716931
vt 0.825591 0.707206
vt 0.822986 0.703630
vt 0.819467 0.701129
vt 0.801814 0.712068
vt 0.802483 0.708086
vt 0.811240 0.700200
vt 0.815400 0.699954
vt 0.815400 0.724182
vt 0.666407 0.707360
vt 0.665844 0.704016
vt 0.664213 0.701031
vt 0.661675 0.698735
vt 0.658490 0.697396
vt 0.654997 0.697192
vt 0.651583 0.698181
vt 0.648630 0.700283
vt 0.646446 0.703287
vt 0.646446 0.711432
vt 0.648630 0.714436
vt 0.651583 0.716538
vt 0.654997 0.717527
vt 0.658490 0.717323
vt 0.661675 0.715984
vt 0.319270 0.866243
vt 0.311031 0.859915
vt 0.320902 0.863259
vt 0.662188 0.886802
vt 0.672007 0.894339
vt 0.668985 0.897075
vt 0.824664 0.346007
vt 0.824437 0.349548
vt 0.819096 0.349187
vt 0.819329 0.345468
vt 0.813756 0.348807
vt 0.813997 0.344893
vt 0.808235 0.348510
vt 0.808490 0.344414
vt 0.802693 0.348204
vt 0.802956 0.343960
vt 0.824989 0.342553
vt 0.819669 0.341795
vt 0.814358 0.340986
vt 0.808873 0.340298
vt 0.803356 0.339673
vt 0.825435 0.339223
vt 0.820138 0.338186
vt 0.814864 0.337085
vt 0.809411 0.336158
vt 0.803933 0.335338
vt 0.826039 0.336065
vt 0.820757 0.334664
vt 0.815561 0.333181
vt 0.810141 0.331994
vt 0.804694 0.330965
vt 0.826629 0.333153
vt 0.821580 0.331241
vt 0.816537 0.329248
vt 0.811142 0.327835
vt 0.805692 0.326592
vt 0.827501 0.330595
vt 0.822760 0.327981
vt 0.817838 0.325210
vt 0.812264 0.323687
vt 0.806821 0.322258
vt 0.826503 0.380022
vt 0.827501 0.382505
vt 0.822762 0.385342
vt 0.821469 0.382103
vt 0.817743 0.388146
vt 0.816420 0.384151
vt 0.812097 0.389661
vt 0.810976 0.385492
vt 0.806691 0.391128
vt 0.805554 0.386782
vt 0.825765 0.377205
vt 0.820575 0.378696
vt 0.815423 0.380207
vt 0.810010 0.381324
vt 0.804563 0.382390
vt 0.825212 0.374125
vt 0.819941 0.375183
vt 0.814705 0.376285
vt 0.809269 0.377164
vt 0.803786 0.377983
vt 0.824799 0.370847
vt 0.819492 0.371588
vt 0.814209 0.372370
vt 0.808744 0.373021
vt 0.803231 0.373605
vt 0.824494 0.367430
vt 0.819177 0.367929
vt 0.813890 0.368449
vt 0.808404 0.368901
vt 0.802873 0.369283
vt 0.824276 0.363935
vt 0.818946 0.364210
vt 0.813735 0.364516
vt 0.808212 0.364808
vt 0.802666 0.365027
vt 0.824125 0.360362
vt 0.818942 0.360459
vt 0.813604 0.360585
vt 0.808077 0.360734
vt 0.802535 0.360813
vt 0.824201 0.356756
vt 0.818897 0.356696
vt 0.813563 0.356654
vt 0.808037 0.356663
vt 0.802493 0.356616
vt 0.824289 0.353142
vt 0.818955 0.352934
vt 0.813614 0.352728
vt 0.808088 0.352591
vt 0.802544 0.352417
vt 0.908805 0.351813
vt 0.906455 0.265938
vt 0.909035 0.265852
vt 0.912562 0.351691
vt 0.905047 0.351882
vt 0.903874 0.265987
vt 0.911612 0.265728
vt 0.916317 0.351516
vt 0.914187 0.265564
vt 0.920070 0.351287
vt 0.916759 0.265366
vt 0.923820 0.351004
vt 0.919328 0.265132
vt 0.927566 0.350669
vt 0.921894 0.264878
vt 0.931308 0.350286
vt 0.871260 0.350277
vt 0.880697 0.264878
vt 0.883262 0.265133
vt 0.875004 0.350659
vt 0.885831 0.265356
vt 0.878752 0.350979
vt 0.888403 0.265549
vt 0.882504 0.351250
vt 0.890977 0.265708
vt 0.886259 0.351472
vt 0.893553 0.265834
vt 0.890015 0.351649
vt 0.896132 0.265924
vt 0.893773 0.351780
vt 0.898712 0.265979
vt 0.897531 0.351864
vt 0.901293 0.266000
vt 0.901289 0.351898
vt 0.656965 0.875863
vt 0.653446 0.878364
vt 0.672007 0.879266
vt 0.673949 0.882820
vt 0.668985 0.876530
vt 0.665193 0.874934
vt 0.650842 0.881940
vt 0.650842 0.891665
vt 0.653446 0.895240
vt 0.656965 0.897741
vt 0.674618 0.886802
vt 0.673949 0.890784
vt 0.665193 0.898671
vt 0.661033 0.898916
vt 0.661033 0.874688
vt 0.321464 0.859915
vt 0.320902 0.856571
vt 0.319270 0.853587
vt 0.316732 0.851290
vt 0.313547 0.849952
vt 0.310054 0.849747
vt 0.306640 0.850736
vt 0.303687 0.852838
vt 0.301503 0.855842
vt 0.301503 0.863987
vt 0.303687 0.866991
vt 0.306640 0.869093
vt 0.310054 0.870082
vt 0.313547 0.869878
vt 0.316732 0.868539
vt 0.896730 0.416711
vt 0.888490 0.410383
vt 0.898361 0.413727
vt 0.289066 0.861861
vt 0.279247 0.854325
vt 0.282269 0.851589
vt 0.653646 0.849904
vt 0.653870 0.846355
vt 0.659210 0.846714
vt 0.658980 0.850437
vt 0.664549 0.847090
vt 0.664310 0.851005
vt 0.670070 0.847383
vt 0.669817 0.851476
vt 0.675611 0.847688
vt 0.675350 0.851925
vt 0.653326 0.853366
vt 0.658646 0.854116
vt 0.663956 0.854914
vt 0.669438 0.855589
vt 0.674955 0.856202
vt 0.652889 0.856704
vt 0.658187 0.857731
vt 0.663463 0.858820
vt 0.668907 0.859725
vt 0.674389 0.860525
vt 0.652294 0.859867
vt 0.657582 0.861259
vt 0.662793 0.862737
vt 0.668184 0.863885
vt 0.673644 0.864884
vt 0.651709 0.862782
vt 0.656760 0.864685
vt 0.661800 0.866662
vt 0.667242 0.868061
vt 0.672694 0.869253
vt 0.650842 0.865342
vt 0.655591 0.867949
vt 0.660530 0.870712
vt 0.666143 0.872212
vt 0.671604 0.873597
vt 0.651836 0.815854
vt 0.650842 0.813368
vt 0.655586 0.810539
vt 0.656874 0.813780
vt 0.660610 0.807744
vt 0.661926 0.811741
vt 0.666258 0.806238
vt 0.667371 0.810408
vt 0.671666 0.804779
vt 0.672796 0.809127
vt 0.652569 0.818672
vt 0.657762 0.817189
vt 0.662916 0.815686
vt 0.668331 0.814577
vt 0.673780 0.813520
vt 0.653118 0.821754
vt 0.658390 0.820704
vt 0.663628 0.819609
vt 0.669066 0.818738
vt 0.674550 0.817927
vt 0.653526 0.825033
vt 0.658834 0.824300
vt 0.664118 0.823525
vt 0.669584 0.822881
vt 0.675097 0.822305
vt 0.653826 0.828452
vt 0.659144 0.827960
vt 0.664431 0.827446
vt 0.669918 0.827001
vt 0.675449 0.826626
vt 0.654039 0.831950
vt 0.659369 0.831680
vt 0.664581 0.831380
vt 0.670104 0.831093
vt 0.675651 0.830881
vt 0.654187 0.835526
vt 0.659369 0.835433
vt 0.664707 0.835311
vt 0.670234 0.835166
vt 0.675776 0.835092
vt 0.654108 0.839136
vt 0.659411 0.839198
vt 0.664744 0.839242
vt 0.670271 0.839235
vt 0.675814 0.839287
vt 0.654018 0.842755
vt 0.659351 0.842963
vt 0.664691 0.843169
vt 0.670217 0.843305
vt 0.675761 0.843480
vt 0.187658 0.917731
vt 0.185308 0.831856
vt 0.187888 0.831770
vt 0.191415 0.917609
vt 0.183901 0.917799
vt 0.182728 0.831904
vt 0.190465 0.831645
vt 0.195170 0.917433
vt 0.193040 0.831482
vt 0.198923 0.917204
vt 0.195612 0.831284
vt 0.202673 0.916922
vt 0.198181 0.831050
vt 0.206419 0.916587
vt 0.200747 0.830796
vt 0.210161 0.916203
vt 0.150113 0.916194
vt 0.159550 0.830796
vt 0.162115 0.831051
vt 0.153857 0.916577
vt 0.164684 0.831273
vt 0.157606 0.916897
vt 0.167256 0.831466
vt 0.161358 0.917168
vt 0.169830 0.831626
vt 0.165112 0.917390
vt 0.172406 0.831752
vt 0.168868 0.917567
vt 0.174985 0.831841
vt 0.172626 0.917698
vt 0.177565 0.831896
vt 0.176384 0.917781
vt 0.180146 0.831917
vt 0.180142 0.917816
vt 0.294289 0.872800
vt 0.297808 0.870300
vt 0.279247 0.869398
vt 0.277305 0.865843
vt 0.282269 0.872134
vt 0.286062 0.873730
vt 0.300412 0.866724
vt 0.300412 0.856999
vt 0.297808 0.853423
vt 0.294289 0.850922
vt 0.276636 0.861861
vt 0.277305 0.857879
vt 0.286062 0.849993
vt 0.290221 0.849747
vt 0.290221 0.873975
vt 0.898924 0.410383
vt 0.898361 0.407039
vt 0.896730 0.404055
vt 0.894192 0.401759
vt 0.891007 0.400420
vt 0.887514 0.400216
vt 0.884100 0.401205
vt 0.881147 0.403307
vt 0.878963 0.406311
vt 0.878963 0.414456
vt 0.881147 0.417460
vt 0.884100 0.419562
vt 0.887514 0.420551
vt 0.891007 0.420346
vt 0.894192 0.419007
vt 0.056006 0.877504
vt 0.047766 0.871176
vt 0.057637 0.874519
vt 0.865987 0.378967
vt 0.875806 0.386504
vt 0.872784 0.389239
vt 0.474319 0.759198
vt 0.474540 0.755664
vt 0.479879 0.756023
vt 0.479652 0.759735
vt 0.485216 0.756395
vt 0.484978 0.760309
vt 0.490732 0.756686
vt 0.490480 0.760786
vt 0.496273 0.756986
vt 0.496012 0.761239
vt 0.474003 0.762640
vt 0.479317 0.763402
vt 0.484616 0.764218
vt 0.490091 0.764906
vt 0.495605 0.765533
vt 0.473573 0.765948
vt 0.478850 0.767007
vt 0.484098 0.768124
vt 0.489538 0.769048
vt 0.495017 0.769868
vt 0.473006 0.769067
vt 0.478211 0.770530
vt 0.483381 0.772036
vt 0.488785 0.773210
vt 0.494245 0.774233
vt 0.472263 0.771930
vt 0.477341 0.773946
vt 0.482405 0.775970
vt 0.487829 0.777386
vt 0.493275 0.778600
vt 0.471367 0.774480
vt 0.476121 0.777183
vt 0.481085 0.780009
vt 0.486707 0.781531
vt 0.492162 0.782942
vt 0.472378 0.725241
vt 0.471367 0.722763
vt 0.476094 0.719905
vt 0.477403 0.723137
vt 0.481098 0.717078
vt 0.482442 0.721066
vt 0.486736 0.715535
vt 0.487879 0.719699
vt 0.492133 0.714038
vt 0.493294 0.718380
vt 0.473128 0.728052
vt 0.478313 0.726539
vt 0.483459 0.725005
vt 0.488868 0.723862
vt 0.494310 0.722768
vt 0.473693 0.731126
vt 0.478961 0.730050
vt 0.484196 0.728923
vt 0.489632 0.728020
vt 0.495112 0.727173
vt 0.474113 0.734398
vt 0.479423 0.733641
vt 0.484711 0.732835
vt 0.490180 0.732161
vt 0.495690 0.731554
vt 0.474421 0.737812
vt 0.479741 0.737297
vt 0.485052 0.736751
vt 0.490543 0.736282
vt 0.496072 0.735884
vt 0.474649 0.741322
vt 0.479946 0.741004
vt 0.485249 0.740674
vt 0.490756 0.740381
vt 0.496290 0.740157
vt 0.474846 0.744879
vt 0.480059 0.744756
vt 0.485305 0.744609
vt 0.490847 0.744458
vt 0.496401 0.744372
vt 0.474774 0.748467
vt 0.480076 0.748524
vt 0.485386 0.748546
vt 0.490906 0.748526
vt 0.496450 0.748566
vt 0.474685 0.752076
vt 0.480017 0.752281
vt 0.485350 0.752474
vt 0.490870 0.752601
vt 0.496413 0.752766
vt 0.442782 0.806154
vt 0.440432 0.720279
vt 0.443012 0.720193
vt 0.446539 0.806032
vt 0.439024 0.806223
vt 0.437851 0.720328
vt 0.445589 0.720069
vt 0.450294 0.805856
vt 0.448164 0.719905
vt 0.454047 0.805628
vt 0.450736 0.719707
vt 0.457797 0.805345
vt 0.453305 0.719473
vt 0.461543 0.805010
vt 0.455871 0.719219
vt 0.465285 0.804627
vt 0.405237 0.804618
vt 0.414674 0.719219
vt 0.417239 0.719474
vt 0.408981 0.805000
vt 0.419808 0.719696
vt 0.412729 0.805320
vt 0.422379 0.719890
vt 0.416481 0.805591
vt 0.424954 0.720049
vt 0.420236 0.805813
vt 0.427530 0.720175
vt 0.423992 0.805990
vt 0.430109 0.720265
vt 0.427750 0.806121
vt 0.432689 0.720320
vt 0.431508 0.806205
vt 0.435270 0.720341
vt 0.435266 0.806239
vt 0.860764 0.368028
vt 0.857245 0.370529
vt 0.875806 0.371430
vt 0.877748 0.374985
vt 0.872784 0.368695
vt 0.868991 0.367099
vt 0.854640 0.374105
vt 0.854640 0.383830
vt 0.857245 0.387405
vt 0.860764 0.389906
vt 0.878417 0.378967
vt 0.877748 0.382949
vt 0.868991 0.390836
vt 0.864831 0.391081
vt 0.864831 0.366853
vt 0.058199 0.871176
vt 0.057637 0.867832
vt 0.056006 0.864847
vt 0.053468 0.862551
vt 0.050283 0.861212
vt 0.046790 0.861008
vt 0.043375 0.861997
vt 0.040423 0.864099
vt 0.038239 0.867103
vt 0.038239 0.875248
vt 0.040423 0.878252
vt 0.043375 0.880354
vt 0.046790 0.881343
vt 0.050283 0.881139
vt 0.053468 0.879800
vt 0.664213 0.670836
vt 0.655973 0.664507
vt 0.665844 0.667851
vt 0.887763 0.712068
vt 0.897582 0.719605
vt 0.894560 0.722340
vt 0.298790 0.803526
vt 0.298561 0.807071
vt 0.293223 0.806704
vt 0.293455 0.802986
vt 0.287886 0.806328
vt 0.288125 0.802414
vt 0.282368 0.806035
vt 0.282619 0.801939
vt 0.276827 0.805731
vt 0.277084 0.801489
vt 0.299114 0.800067
vt 0.293793 0.799312
vt 0.288482 0.798507
vt 0.282998 0.797823
vt 0.277480 0.797204
vt 0.299557 0.796735
vt 0.294259 0.795701
vt 0.288984 0.794606
vt 0.283531 0.793684
vt 0.278052 0.792870
vt 0.300158 0.793575
vt 0.294874 0.792179
vt 0.289677 0.790701
vt 0.284255 0.789519
vt 0.278807 0.788497
vt 0.300745 0.790661
vt 0.295694 0.788754
vt 0.290648 0.786767
vt 0.285251 0.785359
vt 0.279800 0.784124
vt 0.301614 0.788102
vt 0.296870 0.785493
vt 0.291944 0.782727
vt 0.286368 0.781211
vt 0.280923 0.779789
vt 0.300615 0.837542
vt 0.301614 0.840025
vt 0.296875 0.842862
vt 0.295581 0.839624
vt 0.291858 0.845667
vt 0.290533 0.841672
vt 0.286213 0.847184
vt 0.285089 0.843016
vt 0.280809 0.848656
vt 0.279668 0.844310
vt 0.299878 0.834727
vt 0.294686 0.836217
vt 0.289533 0.837729
vt 0.284120 0.838848
vt 0.278673 0.839918
vt 0.299326 0.831649
vt 0.294053 0.832703
vt 0.288814 0.833808
vt 0.283374 0.834688
vt 0.277891 0.835511
vt 0.298919 0.828374
vt 0.293608 0.829109
vt 0.288316 0.829894
vt 0.282845 0.830546
vt 0.277332 0.831129
vt 0.298626 0.824956
vt 0.293305 0.825450
vt 0.287992 0.825977
vt 0.282500 0.826425
vt 0.276969 0.826801
vt 0.298411 0.821441
vt 0.293113 0.821740
vt 0.287810 0.822052
vt 0.282302 0.822327
vt 0.276768 0.822531
vt 0.298227 0.817879
vt 0.293014 0.817985
vt 0.287769 0.818116
vt 0.282226 0.818252
vt 0.276673 0.818321
vt 0.298310 0.814285
vt 0.293008 0.814213
vt 0.287700 0.814179
vt 0.282180 0.814187
vt 0.276636 0.814133
vt 0.298409 0.810669
vt 0.293077 0.810452
vt 0.287746 0.810250
vt 0.282225 0.810115
vt 0.276683 0.809941
vt 0.251531 0.879139
vt 0.249181 0.793264
vt 0.251760 0.793179
vt 0.255288 0.879018
vt 0.247773 0.879208
vt 0.246600 0.793313
vt 0.254338 0.793054
vt 0.259043 0.878842
vt 0.256913 0.792890
vt 0.262796 0.878613
vt 0.259485 0.792693
vt 0.266545 0.878330
vt 0.262054 0.792458
vt 0.270292 0.877995
vt 0.264620 0.792204
vt 0.274034 0.877612
vt 0.213986 0.877603
vt 0.223422 0.792204
vt 0.225987 0.792460
vt 0.217729 0.877985
vt 0.228556 0.792682
vt 0.221478 0.878306
vt 0.231128 0.792875
vt 0.225230 0.878576
vt 0.233702 0.793035
vt 0.228985 0.878798
vt 0.236279 0.793160
vt 0.232741 0.878975
vt 0.238858 0.793250
vt 0.236498 0.879106
vt 0.241438 0.793305
vt 0.240256 0.879190
vt 0.244019 0.793326
vt 0.244015 0.879224
vt 0.882541 0.701129
vt 0.879022 0.703630
vt 0.897582 0.704531
vt 0.899524 0.708086
vt 0.894560 0.701796
vt 0.890768 0.700200
vt 0.876417 0.707206
vt 0.876417 0.716931
vt 0.879022 0.720506
vt 0.882541 0.723007
vt 0.900194 0.712068
vt 0.899524 0.716050
vt 0.890768 0.723937
vt 0.886608 0.724182
vt 0.886608 0.699954
vt 0.666407 0.664507
vt 0.665844 0.661164
vt 0.664213 0.658179
vt 0.661675 0.655883
vt 0.658490 0.654544
vt 0.654997 0.654340
vt 0.651583 0.655329
vt 0.648630 0.657431
vt 0.646446 0.660435
vt 0.646446 0.668580
vt 0.648630 0.671584
vt 0.651583 0.673686
vt 0.654997 0.674675
vt 0.658490 0.674471
vt 0.661675 0.673132
s 0
usemtl UniV_Grid_2K
f 32/1/1 30/2/1 29/3/1 31/4/1
f 2/5/2 32/1/2 31/4/2 1/6/2
f 30/2/3 28/7/3 27/8/3 29/3/3
f 28/9/4 26/10/4 25/11/4 27/12/4
f 26/10/5 24/13/5 23/14/5 25/11/5
f 24/13/6 22/15/6 21/16/6 23/14/6
f 22/15/7 20/17/7 19/18/7 21/16/7
f 20/17/8 18/19/8 17/20/8 19/18/8
f 18/19/9 16/21/9 15/22/9 17/20/9
f 16/21/10 14/23/10 13/24/10 15/22/10
f 14/23/11 12/25/11 11/26/11 13/24/11
f 12/25/12 10/27/12 9/28/12 11/26/12
f 10/27/13 8/29/13 7/30/13 9/28/13
f 8/29/14 6/31/14 5/32/14 7/30/14
f 6/31/15 4/33/15 3/34/15 5/32/15
f 4/33/16 2/5/16 1/6/16 3/34/16
f 49/35/16 50/36/16 65/37/16 96/38/16
f 44/39/14 43/40/14 84/41/14 86/42/14
f 62/43/3 63/44/3 91/45/3 89/46/3
f 45/47/13 44/39/13 86/42/13 88/48/13
f 61/49/4 62/50/4 89/51/4 87/52/4
f 46/53/12 45/47/12 88/48/12 90/54/12
f 60/55/5 61/49/5 87/52/5 85/56/5
f 47/57/11 46/58/11 90/59/11 92/60/11
f 59/61/6 60/55/6 85/56/6 83/62/6
f 34/63/8 33/64/8 95/65/8 66/66/8
f 48/67/10 47/57/10 92/60/10 94/68/10
f 58/69/7 59/61/7 83/62/7 81/70/7
f 35/71/7 34/63/7 66/66/7 68/72/7
f 33/64/9 48/67/9 94/68/9 95/65/9
f 57/73/8 58/69/8 81/70/8 79/74/8
f 36/75/6 35/71/6 68/72/6 70/76/6
f 2/77/17 4/78/17 50/79/17 49/80/17
f 4/78/17 6/81/17 51/82/17 50/79/17
f 6/81/17 8/83/17 52/84/17 51/82/17
f 8/83/17 10/85/17 53/86/17 52/84/17
f 10/85/17 12/87/17 54/88/17 53/86/17
f 12/87/17 14/89/17 55/90/17 54/88/17
f 14/89/17 16/91/17 56/92/17 55/90/17
f 16/91/17 18/93/17 57/94/17 56/92/17
f 18/93/17 20/95/17 58/96/17 57/94/17
f 20/95/17 22/97/17 59/98/17 58/96/17
f 22/97/17 24/99/17 60/100/17 59/98/17
f 24/99/17 26/101/17 61/102/17 60/100/17
f 26/101/17 28/103/17 62/104/17 61/102/17
f 28/105/17 30/106/17 63/107/17 62/108/17
f 30/106/17 32/109/17 64/110/17 63/107/17
f 32/109/17 2/77/17 49/80/17 64/110/17
f 93/111/17 96/112/17 95/113/17 94/114/17
f 91/115/17 93/111/17 94/114/17 92/116/17
f 89/117/17 91/115/17 92/116/17 90/118/17
f 87/119/17 89/117/17 90/118/17 88/120/17
f 85/121/17 87/119/17 88/120/17 86/122/17
f 83/123/17 85/121/17 86/122/17 84/124/17
f 81/125/17 83/123/17 84/124/17 82/126/17
f 79/127/17 81/125/17 82/126/17 80/128/17
f 77/129/17 79/127/17 80/128/17 78/130/17
f 75/131/17 77/129/17 78/130/17 76/132/17
f 73/133/17 75/131/17 76/132/17 74/134/17
f 71/135/17 73/133/17 74/134/17 72/136/17
f 69/137/17 71/135/17 72/136/17 70/138/17
f 67/139/17 69/137/17 70/138/17 68/140/17
f 65/141/17 67/139/17 68/140/17 66/142/17
f 96/112/17 65/141/17 66/142/17 95/113/17
f 63/44/1 64/143/1 93/144/1 91/45/1
f 43/40/15 42/145/15 82/146/15 84/41/15
f 50/36/15 51/147/15 67/148/15 65/37/15
f 64/143/2 49/35/2 96/38/2 93/144/2
f 42/145/16 41/149/16 80/150/16 82/146/16
f 51/147/14 52/151/14 69/152/14 67/148/14
f 41/149/2 40/153/2 78/154/2 80/150/2
f 52/151/13 53/155/13 71/156/13 69/152/13
f 40/153/1 39/157/1 76/158/1 78/154/1
f 53/155/12 54/159/12 73/160/12 71/156/12
f 39/157/3 38/161/3 74/162/3 76/158/3
f 54/159/11 55/163/11 75/164/11 73/160/11
f 38/161/4 37/165/4 72/166/4 74/162/4
f 55/163/10 56/167/10 77/168/10 75/164/10
f 37/165/5 36/75/5 70/76/5 72/166/5
f 56/167/9 57/73/9 79/74/9 77/168/9
f 128/169/1 127/170/1 125/171/1 126/172/1
f 98/173/2 97/174/2 127/170/2 128/169/2
f 126/172/3 125/171/3 123/175/3 124/176/3
f 124/177/4 123/178/4 121/179/4 122/180/4
f 122/180/5 121/179/5 119/181/5 120/182/5
f 120/182/6 119/181/6 117/183/6 118/184/6
f 118/184/7 117/183/7 115/185/7 116/186/7
f 116/186/8 115/185/8 113/187/8 114/188/8
f 114/188/9 113/187/9 111/189/9 112/190/9
f 112/190/10 111/189/10 109/191/10 110/192/10
f 110/192/11 109/191/11 107/193/11 108/194/11
f 108/194/12 107/193/12 105/195/12 106/196/12
f 106/196/13 105/195/13 103/197/13 104/198/13
f 104/198/14 103/197/14 101/199/14 102/200/14
f 102/200/15 101/199/15 99/201/15 100/202/15
f 100/202/16 99/201/16 97/174/16 98/173/16
f 98/203/18 96/204/18 65/205/18 100/206/18
f 100/206/18 65/205/18 67/207/18 102/208/18
f 102/208/18 67/207/18 69/209/18 104/210/18
f 104/210/18 69/209/18 71/211/18 106/212/18
f 106/212/18 71/211/18 73/213/18 108/214/18
f 108/214/18 73/213/18 75/215/18 110/216/18
f 110/216/18 75/215/18 77/217/18 112/218/18
f 112/218/18 77/217/18 79/219/18 114/220/18
f 114/220/18 79/219/18 81/221/18 116/222/18
f 116/222/18 81/221/18 83/223/18 118/224/18
f 118/224/18 83/223/18 85/225/18 120/226/18
f 120/226/18 85/225/18 87/227/18 122/228/18
f 122/228/18 87/227/18 89/229/18 124/230/18
f 124/231/18 89/232/18 91/233/18 126/234/18
f 126/234/18 91/233/18 93/235/18 128/236/18
f 128/236/18 93/235/18 96/204/18 98/203/18
f 131/237/19 139/238/19 138/239/19 256/240/19
f 132/241/20 140/242/20 139/238/20 131/237/20
f 133/243/21 141/244/21 140/242/21 132/241/21
f 129/245/22 135/246/22 134/247/22 254/248/22
f 255/249/23 136/250/23 135/246/23 129/245/23
f 130/251/24 137/252/24 136/250/24 255/249/24
f 256/240/25 138/239/25 137/252/25 130/251/25
f 138/239/26 146/253/26 145/254/26 137/252/26
f 139/238/27 147/255/27 146/253/27 138/239/27
f 140/242/28 148/256/28 147/255/28 139/238/28
f 141/244/29 149/257/29 148/256/29 140/242/29
f 135/246/30 143/258/30 142/259/30 134/247/30
f 136/250/31 144/260/31 143/258/31 135/246/31
f 137/252/32 145/254/32 144/260/32 136/250/32
f 143/258/33 151/261/33 150/262/33 142/259/33
f 144/260/34 152/263/34 151/261/34 143/258/34
f 145/254/35 153/264/35 152/263/35 144/260/35
f 146/253/36 154/265/36 153/264/36 145/254/36
f 147/255/37 155/266/37 154/265/37 146/253/37
f 148/256/38 156/267/38 155/266/38 147/255/38
f 149/257/39 157/268/39 156/267/39 148/256/39
f 154/265/40 162/269/40 161/270/40 153/264/40
f 155/266/41 163/271/41 162/269/41 154/265/41
f 156/267/42 164/272/42 163/271/42 155/266/42
f 157/268/43 165/273/43 164/272/43 156/267/43
f 151/261/44 159/274/44 158/275/44 150/262/44
f 152/263/45 160/276/45 159/274/45 151/261/45
f 153/264/46 161/270/46 160/276/46 152/263/46
f 159/274/47 167/277/47 166/278/47 158/275/47
f 160/276/48 168/279/48 167/277/48 159/274/48
f 161/270/49 169/280/49 168/279/49 160/276/49
f 162/269/50 170/281/50 169/280/50 161/270/50
f 163/271/51 171/282/51 170/281/51 162/269/51
f 164/272/52 172/283/52 171/282/52 163/271/52
f 165/273/53 173/284/53 172/283/53 164/272/53
f 171/285/54 179/286/54 178/287/54 170/288/54
f 172/289/55 180/290/55 179/286/55 171/285/55
f 173/291/56 181/292/56 180/290/56 172/289/56
f 167/293/57 175/294/57 174/295/57 166/296/57
f 168/297/58 176/298/58 175/294/58 167/293/58
f 169/299/59 177/300/59 176/298/59 168/297/59
f 170/288/60 178/287/60 177/300/60 169/299/60
f 176/298/61 184/301/61 183/302/61 175/294/61
f 177/300/62 185/303/62 184/301/62 176/298/62
f 178/287/63 186/304/63 185/303/63 177/300/63
f 179/286/64 187/305/64 186/304/64 178/287/64
f 180/290/65 188/306/65 187/305/65 179/286/65
f 181/292/66 189/307/66 188/306/66 180/290/66
f 175/294/67 183/302/67 182/308/67 174/295/67
f 188/306/68 196/309/68 195/310/68 187/305/68
f 189/307/69 197/311/69 196/309/69 188/306/69
f 183/302/70 191/312/70 190/313/70 182/308/70
f 184/301/71 192/314/71 191/312/71 183/302/71
f 185/303/72 193/315/72 192/314/72 184/301/72
f 186/304/73 194/316/73 193/315/73 185/303/73
f 187/305/74 195/310/74 194/316/74 186/304/74
f 192/314/75 200/317/75 199/318/75 191/312/75
f 193/315/76 201/319/76 200/317/76 192/314/76
f 194/316/77 202/320/77 201/319/77 193/315/77
f 195/310/78 203/321/78 202/320/78 194/316/78
f 196/309/79 204/322/79 203/321/79 195/310/79
f 197/311/80 205/323/80 204/322/80 196/309/80
f 191/312/81 199/318/81 198/324/81 190/313/81
f 204/322/82 212/325/82 211/326/82 203/321/82
f 205/323/83 213/327/83 212/325/83 204/322/83
f 199/318/84 207/328/84 206/329/84 198/324/84
f 200/317/85 208/330/85 207/328/85 199/318/85
f 201/319/86 209/331/86 208/330/86 200/317/86
f 202/320/87 210/332/87 209/331/87 201/319/87
f 203/321/88 211/326/88 210/332/88 202/320/88
f 209/331/89 217/333/89 216/334/89 208/330/89
f 210/332/90 218/335/90 217/333/90 209/331/90
f 211/326/91 219/336/91 218/335/91 210/332/91
f 212/325/92 220/337/92 219/336/92 211/326/92
f 213/327/93 221/338/93 220/337/93 212/325/93
f 207/328/94 215/339/94 214/340/94 206/329/94
f 208/330/95 216/334/95 215/339/95 207/328/95
f 221/338/96 229/341/96 228/342/96 220/337/96
f 215/339/97 223/343/97 222/344/97 214/340/97
f 216/334/98 224/345/98 223/343/98 215/339/98
f 217/333/99 225/346/99 224/345/99 216/334/99
f 218/335/100 226/347/100 225/346/100 217/333/100
f 219/336/101 227/348/101 226/347/101 218/335/101
f 220/337/102 228/342/102 227/348/102 219/336/102
f 225/346/103 233/349/103 232/350/103 224/345/103
f 226/347/104 234/351/104 233/349/104 225/346/104
f 227/348/105 235/352/105 234/351/105 226/347/105
f 228/342/106 236/353/106 235/352/106 227/348/106
f 229/341/107 237/354/107 236/353/107 228/342/107
f 223/343/108 231/355/108 230/356/108 222/344/108
f 224/345/109 232/350/109 231/355/109 223/343/109
f 237/354/110 245/357/110 244/358/110 236/353/110
f 231/355/111 239/359/111 238/360/111 230/356/111
f 232/350/112 240/361/112 239/359/112 231/355/112
f 233/349/113 241/362/113 240/361/113 232/350/113
f 234/351/114 242/363/114 241/362/114 233/349/114
f 235/352/115 243/364/115 242/363/115 234/351/115
f 236/353/116 244/358/116 243/364/116 235/352/116
f 242/363/117 250/365/117 249/366/117 241/362/117
f 243/364/118 251/367/118 250/365/118 242/363/118
f 244/358/119 252/368/119 251/367/119 243/364/119
f 245/357/120 253/369/120 252/368/120 244/358/120
f 239/359/121 247/370/121 246/371/121 238/360/121
f 240/361/122 248/372/122 247/370/122 239/359/122
f 241/362/123 249/366/123 248/372/123 240/361/123
f 247/370/124 129/245/124 254/248/124 246/371/124
f 248/372/125 255/249/125 129/245/125 247/370/125
f 249/366/126 130/251/126 255/249/126 248/372/126
f 250/365/127 256/240/127 130/251/127 249/366/127
f 251/367/128 131/237/128 256/240/128 250/365/128
f 252/368/129 132/241/129 131/237/129 251/367/129
f 253/369/130 133/243/130 132/241/130 252/368/130
f 259/373/131 268/374/131 267/375/131 385/376/131
f 260/377/132 269/378/132 268/374/132 259/373/132
f 261/379/133 270/380/133 269/378/133 260/377/133
f 262/381/134 270/380/134 261/379/134
f 257/382/135 264/383/135 263/384/135 383/385/135
f 384/386/136 265/387/136 264/383/136 257/382/136
f 258/388/137 266/389/137 265/387/137 384/386/137
f 385/376/138 267/375/138 266/389/138 258/388/138
f 267/375/139 275/390/139 274/391/139 266/389/139
f 268/374/140 276/392/140 275/390/140 267/375/140
f 269/378/141 277/393/141 276/392/141 268/374/141
f 270/380/142 278/394/142 277/393/142 269/378/142
f 262/381/143 278/394/143 270/380/143
f 264/383/144 272/395/144 271/396/144 263/384/144
f 265/387/145 273/397/145 272/395/145 264/383/145
f 266/389/146 274/391/146 273/397/146 265/387/146
f 262/381/147 286/398/147 278/394/147
f 272/395/148 280/399/148 279/400/148 271/396/148
f 273/397/149 281/401/149 280/399/149 272/395/149
f 274/391/150 282/402/150 281/401/150 273/397/150
f 275/390/151 283/403/151 282/402/151 274/391/151
f 276/392/152 284/404/152 283/403/152 275/390/152
f 277/393/153 285/405/153 284/404/153 276/392/153
f 278/394/154 286/398/154 285/405/154 277/393/154
f 283/403/155 291/406/155 290/407/155 282/402/155
f 284/404/156 292/408/156 291/406/156 283/403/156
f 285/405/157 293/409/157 292/408/157 284/404/157
f 286/398/158 294/410/158 293/409/158 285/405/158
f 262/381/159 294/410/159 286/398/159
f 280/399/160 288/411/160 287/412/160 279/400/160
f 281/401/161 289/413/161 288/411/161 280/399/161
f 282/402/162 290/407/162 289/413/162 281/401/162
f 262/381/163 302/414/163 294/410/163
f 288/411/164 296/415/164 295/416/164 287/412/164
f 289/413/165 297/417/165 296/415/165 288/411/165
f 290/407/166 298/418/166 297/417/166 289/413/166
f 291/406/167 299/419/167 298/418/167 290/407/167
f 292/408/168 300/420/168 299/419/168 291/406/168
f 293/409/169 301/421/169 300/420/169 292/408/169
f 294/410/170 302/414/170 301/421/170 293/409/170
f 300/422/171 308/423/171 307/424/171 299/425/171
f 301/426/172 309/427/172 308/423/172 300/422/172
f 302/428/173 310/429/173 309/427/173 301/426/173
f 262/430/174 310/429/174 302/428/174
f 296/431/175 304/432/175 303/433/175 295/434/175
f 297/435/176 305/436/176 304/432/176 296/431/176
f 298/437/177 306/438/177 305/436/177 297/435/177
f 299/425/178 307/424/178 306/438/178 298/437/178
f 305/436/179 313/439/179 312/440/179 304/432/179
f 306/438/180 314/441/180 313/439/180 305/436/180
f 307/424/181 315/442/181 314/441/181 306/438/181
f 308/423/182 316/443/182 315/442/182 307/424/182
f 309/427/183 317/444/183 316/443/183 308/423/183
f 310/429/184 318/445/184 317/444/184 309/427/184
f 262/430/185 318/445/185 310/429/185
f 304/432/186 312/440/186 311/446/186 303/433/186
f 317/444/187 325/447/187 324/448/187 316/443/187
f 318/445/188 326/449/188 325/447/188 317/444/188
f 262/430/189 326/449/189 318/445/189
f 312/440/190 320/450/190 319/451/190 311/446/190
f 313/439/191 321/452/191 320/450/191 312/440/191
f 314/441/192 322/453/192 321/452/192 313/439/192
f 315/442/193 323/454/193 322/453/193 314/441/193
f 316/443/194 324/448/194 323/454/194 315/442/194
f 321/452/195 329/455/195 328/456/195 320/450/195
f 322/453/196 330/457/196 329/455/196 321/452/196
f 323/454/197 331/458/197 330/457/197 322/453/197
f 324/448/198 332/459/198 331/458/198 323/454/198
f 325/447/199 333/460/199 332/459/199 324/448/199
f 326/449/200 334/461/200 333/460/200 325/447/200
f 262/430/201 334/461/201 326/449/201
f 320/450/202 328/456/202 327/462/202 319/451/202
f 333/460/203 341/463/203 340/464/203 332/459/203
f 334/461/204 342/465/204 341/463/204 333/460/204
f 262/430/205 342/465/205 334/461/205
f 328/456/206 336/466/206 335/467/206 327/462/206
f 329/455/207 337/468/207 336/466/207 328/456/207
f 330/457/208 338/469/208 337/468/208 329/455/208
f 331/458/209 339/470/209 338/469/209 330/457/209
f 332/459/210 340/464/210 339/470/210 331/458/210
f 338/469/211 346/471/211 345/472/211 337/468/211
f 339/470/212 347/473/212 346/471/212 338/469/212
f 340/464/213 348/474/213 347/473/213 339/470/213
f 341/463/214 349/475/214 348/474/214 340/464/214
f 342/465/215 350/476/215 349/475/215 341/463/215
f 262/430/216 350/476/216 342/465/216
f 336/466/217 344/477/217 343/478/217 335/467/217
f 337/468/218 345/472/218 344/477/218 336/466/218
f 350/476/219 358/479/219 357/480/219 349/475/219
f 262/430/220 358/479/220 350/476/220
f 344/477/221 352/481/221 351/482/221 343/478/221
f 345/472/222 353/483/222 352/481/222 344/477/222
f 346/471/223 354/484/223 353/483/223 345/472/223
f 347/473/224 355/485/224 354/484/224 346/471/224
f 348/474/225 356/486/225 355/485/225 347/473/225
f 349/475/226 357/480/226 356/486/226 348/474/226
f 354/484/227 362/487/227 361/488/227 353/483/227
f 355/485/228 363/489/228 362/487/228 354/484/228
f 356/486/229 364/490/229 363/489/229 355/485/229
f 357/480/230 365/491/230 364/490/230 356/486/230
f 358/479/231 366/492/231 365/491/231 357/480/231
f 262/430/232 366/492/232 358/479/232
f 352/481/233 360/493/233 359/494/233 351/482/233
f 353/483/234 361/488/234 360/493/234 352/481/234
f 366/495/235 374/496/235 373/497/235 365/498/235
f 262/381/236 374/496/236 366/495/236
f 360/499/237 368/500/237 367/501/237 359/502/237
f 361/503/238 369/504/238 368/500/238 360/499/238
f 362/505/239 370/506/239 369/504/239 361/503/239
f 363/507/240 371/508/240 370/506/240 362/505/240
f 364/509/241 372/510/241 371/508/241 363/507/241
f 365/498/242 373/497/242 372/510/242 364/509/242
f 371/508/243 379/511/243 378/512/243 370/506/243
f 372/510/244 380/513/244 379/511/244 371/508/244
f 373/497/245 381/514/245 380/513/245 372/510/245
f 374/496/246 382/515/246 381/514/246 373/497/246
f 262/381/247 382/515/247 374/496/247
f 368/500/248 376/516/248 375/517/248 367/501/248
f 369/504/249 377/518/249 376/516/249 368/500/249
f 370/506/250 378/512/250 377/518/250 369/504/250
f 262/381/251 261/379/251 382/515/251
f 376/516/252 257/382/252 383/385/252 375/517/252
f 377/518/253 384/386/253 257/382/253 376/516/253
f 378/512/254 258/388/254 384/386/254 377/518/254
f 379/511/255 385/376/255 258/388/255 378/512/255
f 380/513/256 259/373/256 385/376/256 379/511/256
f 381/514/257 260/377/257 259/373/257 380/513/257
f 382/515/258 261/379/258 260/377/258 381/514/258
f 396/519/259 395/520/259 134/521/259 142/522/259
f 397/523/260 396/519/260 142/522/260 150/524/260
f 398/525/261 397/523/261 150/524/261 158/526/261
f 399/527/262 398/525/262 158/526/262 166/528/262
f 400/529/263 399/530/263 166/531/263 174/532/263
f 401/533/264 400/529/264 174/532/264 182/534/264
f 387/535/265 401/533/265 182/534/265 190/536/265
f 386/537/266 387/535/266 190/536/266 198/538/266
f 388/539/267 386/537/267 198/538/267 206/540/267
f 389/541/268 388/539/268 206/540/268 214/542/268
f 390/543/269 389/541/269 214/542/269 222/544/269
f 405/545/270 406/546/270 359/547/270 351/548/270
f 406/549/271 407/550/271 367/551/271 359/552/271
f 404/553/272 405/554/272 351/555/272 343/556/272
f 403/557/273 404/553/273 343/556/273 335/558/273
f 402/559/274 403/557/274 335/558/274 327/560/274
f 417/561/275 402/559/275 327/560/275 319/562/275
f 416/563/276 417/561/276 319/562/276 311/564/276
f 415/565/277 416/563/277 311/564/277 303/566/277
f 414/567/278 415/565/278 303/566/278 295/568/278
f 413/569/279 414/570/279 295/571/279 287/572/279
f 412/573/280 413/569/280 287/572/280 279/574/280
f 411/575/281 412/573/281 279/574/281 271/576/281
f 410/577/282 411/575/282 271/576/282 263/578/282
f 409/579/283 410/577/283 263/578/283 383/580/283
f 408/581/284 409/579/284 383/580/284 375/582/284
f 390/583/285 405/584/285 351/585/285 222/586/285
f 407/550/286 408/581/286 375/582/286 367/551/286
f 393/587/287 392/588/287 238/589/287 246/590/287
f 394/591/288 393/587/288 246/590/288 254/592/288
f 395/520/289 394/591/289 254/592/289 134/521/289
f 99/593/17 402/594/17 417/595/17 97/596/17
f 101/597/17 403/598/17 402/594/17 99/593/17
f 103/599/17 404/600/17 403/598/17 101/597/17
f 105/601/17 405/602/17 404/600/17 103/599/17
f 107/603/17 406/604/17 405/602/17 105/601/17
f 109/605/17 407/606/17 406/604/17 107/603/17
f 111/607/17 408/608/17 407/606/17 109/605/17
f 113/609/17 409/610/17 408/608/17 111/607/17
f 115/611/17 410/612/17 409/610/17 113/609/17
f 117/613/17 411/614/17 410/612/17 115/611/17
f 119/615/17 412/616/17 411/614/17 117/613/17
f 121/617/17 413/618/17 412/616/17 119/615/17
f 123/619/17 414/620/17 413/618/17 121/617/17
f 125/621/17 415/622/17 414/623/17 123/624/17
f 127/625/17 416/626/17 415/622/17 125/621/17
f 97/596/17 417/595/17 416/626/17 127/625/17
f 392/588/290 391/627/290 230/628/290 238/589/290
f 391/627/291 390/629/291 222/630/291 230/628/291
f 424/631/292 426/632/292 421/633/292 419/634/292
f 426/635/293 425/636/293 422/637/293 421/638/293
f 425/636/294 423/639/294 420/640/294 422/637/294
f 428/641/295 430/642/295 426/632/295 424/631/295
f 430/643/296 429/644/296 425/636/296 426/635/296
f 429/644/297 427/645/297 423/639/297 425/636/297
f 427/645/298 429/644/298 433/646/298 431/647/298
f 429/644/299 430/643/299 434/648/299 433/646/299
f 430/642/300 428/641/300 432/649/300 434/650/300
f 436/651/301 438/652/301 434/650/301 432/649/301
f 438/653/302 437/654/302 433/646/302 434/648/302
f 437/654/303 435/655/303 431/647/303 433/646/303
f 435/655/304 437/654/304 441/656/304 439/657/304
f 437/654/305 438/653/305 442/658/305 441/656/305
f 438/652/306 436/651/306 440/659/306 442/660/306
f 444/661/307 446/662/307 442/663/307 440/664/307
f 446/665/308 445/666/308 441/667/308 442/668/308
f 445/666/309 443/669/309 439/670/309 441/667/309
f 448/671/310 450/672/310 446/662/310 444/661/310
f 450/673/311 449/674/311 445/666/311 446/665/311
f 449/674/312 447/675/312 443/669/312 445/666/312
f 452/676/313 454/677/313 450/672/313 448/671/313
f 454/678/314 453/679/314 449/674/314 450/673/314
f 453/679/315 451/680/315 447/675/315 449/674/315
f 456/681/316 458/682/316 454/677/316 452/676/316
f 458/683/317 457/684/317 453/679/317 454/678/317
f 457/684/318 455/685/318 451/680/318 453/679/318
f 460/686/319 462/687/319 458/682/319 456/681/319
f 462/688/320 461/689/320 457/684/320 458/683/320
f 461/689/321 459/690/321 455/685/321 457/684/321
f 464/691/322 466/692/322 462/687/322 460/686/322
f 466/693/323 465/694/323 461/689/323 462/688/323
f 465/694/324 463/695/324 459/690/324 461/689/324
f 468/696/325 470/697/325 466/692/325 464/691/325
f 470/698/326 469/699/326 465/694/326 466/693/326
f 469/699/327 467/700/327 463/695/327 465/694/327
f 472/701/328 474/702/328 470/697/328 468/696/328
f 474/703/329 473/704/329 469/699/329 470/698/329
f 473/704/330 471/705/330 467/700/330 469/699/330
f 476/706/331 478/707/331 474/702/331 472/701/331
f 478/708/332 477/709/332 473/704/332 474/703/332
f 477/709/333 475/710/333 471/705/333 473/704/333
f 480/711/334 482/712/334 478/707/334 476/706/334
f 482/713/335 481/714/335 477/709/335 478/708/335
f 481/714/336 479/715/336 475/710/336 477/709/336
f 479/715/337 481/714/337 422/637/337 420/640/337
f 481/714/338 482/713/338 421/638/338 422/637/338
f 482/712/339 480/711/339 419/634/339 421/633/339
f 133/243/17 141/244/17 423/716/17 420/717/17
f 418/718/340 419/634/340 480/711/340
f 418/718/341 424/631/341 419/634/341
f 253/369/17 133/243/17 420/717/17 479/719/17
f 141/244/17 149/257/17 427/720/17 423/716/17
f 418/718/342 428/641/342 424/631/342
f 149/257/17 157/268/17 431/721/17 427/720/17
f 418/718/343 432/649/343 428/641/343
f 418/718/344 436/651/344 432/649/344
f 157/268/17 165/273/17 435/722/17 431/721/17
f 165/273/17 173/284/17 439/723/17 435/722/17
f 418/718/345 440/659/345 436/651/345
f 418/718/346 444/661/346 440/664/346
f 173/291/17 181/292/17 443/724/17 439/725/17
f 418/718/347 448/671/347 444/661/347
f 181/292/17 189/307/17 447/726/17 443/724/17
f 189/307/17 197/311/17 451/727/17 447/726/17
f 418/718/348 452/676/348 448/671/348
f 418/718/349 456/681/349 452/676/349
f 197/311/17 205/323/17 455/728/17 451/727/17
f 205/323/17 213/327/17 459/729/17 455/728/17
f 418/718/350 460/686/350 456/681/350
f 418/718/351 464/691/351 460/686/351
f 213/327/17 221/338/17 463/730/17 459/729/17
f 221/338/17 229/341/17 467/731/17 463/730/17
f 418/718/352 468/696/352 464/691/352
f 418/718/353 472/701/353 468/696/353
f 229/341/17 237/354/17 471/732/17 467/731/17
f 237/354/17 245/357/17 475/733/17 471/732/17
f 418/718/354 476/706/354 472/701/354
f 418/718/355 480/711/355 476/706/355
f 245/357/17 253/369/17 479/719/17 475/733/17
f 484/734/356 487/735/356 489/736/356 486/737/356
f 486/737/357 489/736/357 490/738/357 485/739/357
f 485/739/358 490/738/358 488/740/358 483/741/358
f 487/735/359 491/742/359 493/743/359 489/736/359
f 489/736/360 493/743/360 494/744/360 490/738/360
f 490/738/361 494/744/361 492/745/361 488/740/361
f 491/742/362 495/746/362 497/747/362 493/743/362
f 493/743/363 497/747/363 498/748/363 494/744/363
f 494/744/364 498/748/364 496/749/364 492/745/364
f 495/746/365 499/750/365 501/751/365 497/747/365
f 497/747/366 501/751/366 502/752/366 498/748/366
f 498/748/367 502/752/367 500/753/367 496/749/367
f 499/750/368 503/754/368 505/755/368 501/751/368
f 501/751/369 505/755/369 506/756/369 502/752/369
f 502/752/370 506/756/370 504/757/370 500/753/370
f 503/754/371 507/758/371 509/759/371 505/755/371
f 505/755/372 509/759/372 510/760/372 506/756/372
f 506/756/373 510/760/373 508/761/373 504/757/373
f 507/758/374 511/762/374 513/763/374 509/759/374
f 509/759/375 513/763/375 514/764/375 510/760/375
f 510/760/376 514/764/376 512/765/376 508/761/376
f 511/762/377 515/766/377 517/767/377 513/763/377
f 513/763/378 517/767/378 518/768/378 514/764/378
f 514/764/379 518/768/379 516/769/379 512/765/379
f 515/766/380 519/770/380 521/771/380 517/767/380
f 517/767/381 521/771/381 522/772/381 518/768/381
f 518/768/382 522/772/382 520/773/382 516/769/382
f 519/770/383 523/774/383 525/775/383 521/771/383
f 521/771/384 525/775/384 526/776/384 522/772/384
f 522/772/385 526/776/385 524/777/385 520/773/385
f 523/774/386 527/778/386 529/779/386 525/775/386
f 525/775/387 529/779/387 530/780/387 526/776/387
f 526/776/388 530/780/388 528/781/388 524/777/388
f 527/778/389 531/782/389 533/783/389 529/779/389
f 529/779/390 533/783/390 534/784/390 530/780/390
f 530/780/391 534/784/391 532/785/391 528/781/391
f 531/782/392 535/786/392 537/787/392 533/783/392
f 533/783/393 537/787/393 538/788/393 534/784/393
f 534/784/394 538/788/394 536/789/394 532/785/394
f 535/790/395 539/791/395 541/792/395 537/793/395
f 537/793/396 541/792/396 542/794/396 538/795/396
f 538/795/397 542/794/397 540/796/397 536/797/397
f 539/791/398 543/798/398 545/799/398 541/792/398
f 541/792/399 545/799/399 546/800/399 542/794/399
f 542/794/400 546/800/400 544/801/400 540/796/400
f 543/798/401 484/734/401 486/737/401 545/799/401
f 545/799/402 486/737/402 485/739/402 546/800/402
f 546/800/403 485/739/403 483/741/403 544/801/403
f 386/802/17 487/803/17 484/804/17 387/805/17
f 387/805/17 484/804/17 543/806/17 401/807/17
f 388/808/17 491/809/17 487/803/17 386/802/17
f 389/810/17 495/811/17 491/809/17 388/808/17
f 390/812/17 499/813/17 495/811/17 389/810/17
f 391/814/17 503/815/17 499/813/17 390/812/17
f 392/816/17 507/817/17 503/815/17 391/814/17
f 393/818/17 511/819/17 507/817/17 392/816/17
f 394/820/17 515/821/17 511/819/17 393/818/17
f 395/822/17 519/823/17 515/821/17 394/820/17
f 396/824/17 523/825/17 519/823/17 395/822/17
f 397/826/17 527/827/17 523/825/17 396/824/17
f 398/828/17 531/829/17 527/827/17 397/826/17
f 399/830/17 535/831/17 531/829/17 398/828/17
f 400/832/17 539/833/17 535/834/17 399/835/17
f 401/807/17 543/806/17 539/833/17 400/832/17
f 548/836/404 551/837/404 553/838/404 550/839/404
f 550/839/405 553/838/405 554/840/405 549/841/405
f 549/841/406 554/840/406 552/842/406 547/843/406
f 556/844/407 548/836/407 550/839/407 558/845/407
f 558/845/408 550/839/408 549/841/408 557/846/408
f 557/846/409 549/841/409 547/843/409 555/847/409
f 560/848/410 556/844/410 558/845/410 562/849/410
f 562/849/411 558/845/411 557/846/411 561/850/411
f 561/850/412 557/846/412 555/847/412 559/851/412
f 564/852/413 560/848/413 562/849/413 566/853/413
f 566/853/414 562/849/414 561/850/414 565/854/414
f 565/854/415 561/850/415 559/851/415 563/855/415
f 568/856/416 564/852/416 566/853/416 570/857/416
f 570/857/417 566/853/417 565/854/417 569/858/417
f 569/858/418 565/854/418 563/855/418 567/859/418
f 572/860/419 568/856/419 570/857/419 574/861/419
f 574/861/420 570/857/420 569/858/420 573/862/420
f 573/862/421 569/858/421 567/859/421 571/863/421
f 576/864/422 572/860/422 574/861/422 578/865/422
f 578/865/423 574/861/423 573/862/423 577/866/423
f 577/866/424 573/862/424 571/863/424 575/867/424
f 580/868/425 576/864/425 578/865/425 582/869/425
f 582/869/426 578/865/426 577/866/426 581/870/426
f 581/870/427 577/866/427 575/867/427 579/871/427
f 584/872/428 580/868/428 582/869/428 586/873/428
f 586/873/429 582/869/429 581/870/429 585/874/429
f 585/874/430 581/870/430 579/871/430 583/875/430
f 588/876/431 584/872/431 586/873/431 590/877/431
f 590/877/432 586/873/432 585/874/432 589/878/432
f 589/878/433 585/874/433 583/875/433 587/879/433
f 592/880/434 588/876/434 590/877/434 594/881/434
f 594/881/435 590/877/435 589/878/435 593/882/435
f 593/882/436 589/878/436 587/879/436 591/883/436
f 596/884/437 592/880/437 594/881/437 598/885/437
f 598/885/438 594/881/438 593/882/438 597/886/438
f 597/886/439 593/882/439 591/883/439 595/887/439
f 600/888/440 596/884/440 598/885/440 602/889/440
f 602/889/441 598/885/441 597/886/441 601/890/441
f 601/890/442 597/886/442 595/887/442 599/891/442
f 604/892/443 600/893/443 602/894/443 606/895/443
f 606/895/444 602/894/444 601/896/444 605/897/444
f 605/897/445 601/896/445 599/898/445 603/899/445
f 608/900/446 604/892/446 606/895/446 610/901/446
f 610/901/447 606/895/447 605/897/447 609/902/447
f 609/902/448 605/897/448 603/899/448 607/903/448
f 551/837/449 608/900/449 610/901/449 553/838/449
f 553/838/450 610/901/450 609/902/450 554/840/450
f 554/840/451 609/902/451 607/903/451 552/842/451
f 483/741/8 488/740/8 547/843/8 552/842/8
f 66/904/18 548/905/18 556/906/18 68/907/18
f 95/908/18 551/909/18 548/905/18 66/904/18
f 488/740/7 492/745/7 555/847/7 547/843/7
f 544/801/9 483/741/9 552/842/9 607/903/9
f 94/910/18 608/911/18 551/909/18 95/908/18
f 68/907/18 556/906/18 560/912/18 70/913/18
f 492/745/6 496/749/6 559/851/6 555/847/6
f 70/913/18 560/912/18 564/914/18 72/915/18
f 496/749/5 500/753/5 563/855/5 559/851/5
f 72/915/18 564/914/18 568/916/18 74/917/18
f 500/753/4 504/757/4 567/859/4 563/855/4
f 74/917/18 568/916/18 572/918/18 76/919/18
f 504/757/3 508/761/3 571/863/3 567/859/3
f 76/919/18 572/918/18 576/920/18 78/921/18
f 508/761/1 512/765/1 575/867/1 571/863/1
f 78/921/18 576/920/18 580/922/18 80/923/18
f 512/765/2 516/769/2 579/871/2 575/867/2
f 80/923/18 580/922/18 584/924/18 82/925/18
f 516/769/16 520/773/16 583/875/16 579/871/16
f 82/925/18 584/924/18 588/926/18 84/927/18
f 520/773/15 524/777/15 587/879/15 583/875/15
f 84/927/18 588/926/18 592/928/18 86/929/18
f 524/777/14 528/781/14 591/883/14 587/879/14
f 86/929/18 592/928/18 596/930/18 88/931/18
f 528/781/13 532/785/13 595/887/13 591/883/13
f 88/931/18 596/930/18 600/932/18 90/933/18
f 532/785/12 536/789/12 599/891/12 595/887/12
f 90/934/18 600/935/18 604/936/18 92/937/18
f 536/797/11 540/796/11 603/899/11 599/898/11
f 92/937/18 604/936/18 608/911/18 94/910/18
f 540/796/10 544/801/10 607/903/10 603/899/10
f 612/938/406 615/939/406 617/940/406 614/941/406
f 614/941/452 617/940/452 618/942/452 613/943/452
f 613/943/404 618/942/404 616/944/404 611/945/404
f 620/946/358 623/947/358 625/948/358 622/949/358
f 622/949/453 625/948/453 626/950/453 621/951/453
f 621/952/356 626/953/356 624/954/356 619/955/356
f 615/939/409 627/956/409 629/957/409 617/940/409
f 617/940/408 629/957/408 630/958/408 618/942/408
f 618/942/407 630/958/407 628/959/407 616/944/407
f 632/960/361 620/946/361 622/949/361 634/961/361
f 634/961/360 622/949/360 621/951/360 633/962/360
f 633/963/359 621/952/359 619/955/359 631/964/359
f 627/956/412 635/965/412 637/966/412 629/957/412
f 629/957/411 637/966/411 638/967/411 630/958/411
f 630/958/410 638/967/410 636/968/410 628/959/410
f 640/969/364 632/960/364 634/961/364 642/970/364
f 642/970/363 634/961/363 633/962/363 641/971/363
f 641/972/362 633/963/362 631/964/362 639/973/362
f 635/965/415 643/974/415 645/975/415 637/966/415
f 637/966/414 645/975/414 646/976/414 638/967/414
f 638/967/413 646/976/413 644/977/413 636/968/413
f 648/978/367 640/969/367 642/970/367 650/979/367
f 650/979/366 642/970/366 641/971/366 649/980/366
f 649/981/365 641/972/365 639/973/365 647/982/365
f 643/974/418 651/983/418 653/984/418 645/975/418
f 645/975/417 653/984/417 654/985/417 646/976/417
f 646/976/416 654/985/416 652/986/416 644/977/416
f 656/987/370 648/978/370 650/979/370 658/988/370
f 658/988/369 650/979/369 649/980/369 657/989/369
f 657/990/368 649/981/368 647/982/368 655/991/368
f 651/983/421 659/992/421 661/993/421 653/984/421
f 653/984/420 661/993/420 662/994/420 654/985/420
f 654/985/419 662/994/419 660/995/419 652/986/419
f 664/996/373 656/987/373 658/988/373 666/997/373
f 666/997/372 658/988/372 657/989/372 665/998/372
f 665/999/371 657/990/371 655/991/371 663/1000/371
f 659/992/424 667/1001/424 669/1002/424 661/993/424
f 661/993/423 669/1002/423 670/1003/423 662/994/423
f 662/994/422 670/1003/422 668/1004/422 660/995/422
f 672/1005/376 664/996/376 666/997/376 674/1006/376
f 674/1006/375 666/997/375 665/998/375 673/1007/375
f 673/1008/374 665/999/374 663/1000/374 671/1009/374
f 667/1001/427 675/1010/427 677/1011/427 669/1002/427
f 669/1002/454 677/1011/454 678/1012/454 670/1003/454
f 670/1003/425 678/1012/425 676/1013/425 668/1004/425
f 680/1014/379 672/1005/379 674/1006/379 682/1015/379
f 682/1015/378 674/1006/378 673/1007/378 681/1016/378
f 681/1017/377 673/1008/377 671/1009/377 679/1018/377
f 675/1010/430 683/1019/430 685/1020/430 677/1011/430
f 677/1011/455 685/1020/455 686/1021/455 678/1012/455
f 678/1012/428 686/1021/428 684/1022/428 676/1013/428
f 688/1023/382 680/1014/382 682/1015/382 690/1024/382
f 690/1024/456 682/1015/456 681/1016/456 689/1025/456
f 689/1026/380 681/1017/380 679/1018/380 687/1027/380
f 683/1019/433 691/1028/433 693/1029/433 685/1020/433
f 685/1020/432 693/1029/432 694/1030/432 686/1021/432
f 686/1021/431 694/1030/431 692/1031/431 684/1022/431
f 696/1032/385 688/1023/385 690/1024/385 698/1033/385
f 698/1033/384 690/1024/384 689/1025/384 697/1034/384
f 697/1035/383 689/1026/383 687/1027/383 695/1036/383
f 691/1028/436 699/1037/436 701/1038/436 693/1029/436
f 693/1029/435 701/1038/435 702/1039/435 694/1030/435
f 694/1030/434 702/1039/434 700/1040/434 692/1031/434
f 704/1041/388 696/1032/388 698/1033/388 706/1042/388
f 706/1042/387 698/1033/387 697/1034/387 705/1043/387
f 705/1044/386 697/1035/386 695/1036/386 703/1045/386
f 699/1037/439 707/1046/439 709/1047/439 701/1038/439
f 701/1038/438 709/1047/438 710/1048/438 702/1039/438
f 702/1039/437 710/1048/437 708/1049/437 700/1040/437
f 712/1050/391 704/1041/391 706/1042/391 714/1051/391
f 714/1051/390 706/1042/390 705/1043/390 713/1052/390
f 713/1053/389 705/1044/389 703/1045/389 711/1054/389
f 707/1046/442 715/1055/442 717/1056/442 709/1047/442
f 709/1047/441 717/1056/441 718/1057/441 710/1048/441
f 710/1048/440 718/1057/440 716/1058/440 708/1049/440
f 720/1059/394 712/1050/394 714/1051/394 722/1060/394
f 722/1060/393 714/1051/393 713/1052/393 721/1061/393
f 721/1062/392 713/1053/392 711/1054/392 719/1063/392
f 715/1064/445 723/1065/445 725/1066/445 717/1067/445
f 717/1067/444 725/1066/444 726/1068/444 718/1069/444
f 718/1069/443 726/1068/443 724/1070/443 716/1071/443
f 728/1072/397 720/1073/397 722/1074/397 730/1075/397
f 730/1075/396 722/1074/396 721/1076/396 729/1077/396
f 729/1078/395 721/1079/395 719/1080/395 727/1081/395
f 723/1065/448 731/1082/448 733/1083/448 725/1066/448
f 725/1066/447 733/1083/447 734/1084/447 726/1068/447
f 726/1068/446 734/1084/446 732/1085/446 724/1070/446
f 736/1086/400 728/1072/400 730/1075/400 738/1087/400
f 738/1087/399 730/1075/399 729/1077/399 737/1088/399
f 737/1089/398 729/1078/398 727/1081/398 735/1090/398
f 731/1082/451 612/938/451 614/941/451 733/1083/451
f 733/1083/457 614/941/457 613/943/457 734/1084/457
f 734/1084/449 613/943/449 611/945/449 732/1085/449
f 623/947/403 736/1086/403 738/1087/403 625/948/403
f 625/948/402 738/1087/402 737/1088/402 626/950/402
f 626/953/401 737/1089/401 735/1090/401 624/954/401
f 3/1091/18 1/1092/18 611/1093/18 616/1094/18
f 612/938/8 623/947/8 620/946/8 615/939/8
f 731/1082/9 736/1086/9 623/947/9 612/938/9
f 1/1092/18 31/1095/18 732/1096/18 611/1093/18
f 615/939/7 620/946/7 632/960/7 627/956/7
f 5/1097/18 3/1091/18 616/1094/18 628/1098/18
f 33/1099/17 34/1100/17 619/955/17 624/954/17
f 34/1100/17 35/1101/17 631/964/17 619/955/17
f 48/1102/17 33/1099/17 624/954/17 735/1090/17
f 627/956/6 632/960/6 640/969/6 635/965/6
f 7/1103/18 5/1097/18 628/1098/18 636/1104/18
f 35/1101/17 36/1105/17 639/973/17 631/964/17
f 635/965/5 640/969/5 648/978/5 643/974/5
f 9/1106/18 7/1103/18 636/1104/18 644/1107/18
f 36/1105/17 37/1108/17 647/982/17 639/973/17
f 643/974/4 648/978/4 656/987/4 651/983/4
f 11/1109/18 9/1106/18 644/1107/18 652/1110/18
f 37/1108/17 38/1111/17 655/991/17 647/982/17
f 651/983/3 656/987/3 664/996/3 659/992/3
f 13/1112/18 11/1109/18 652/1110/18 660/1113/18
f 38/1111/17 39/1114/17 663/1000/17 655/991/17
f 659/992/1 664/996/1 672/1005/1 667/1001/1
f 15/1115/18 13/1112/18 660/1113/18 668/1116/18
f 39/1114/17 40/1117/17 671/1009/17 663/1000/17
f 667/1001/2 672/1005/2 680/1014/2 675/1010/2
f 17/1118/18 15/1115/18 668/1116/18 676/1119/18
f 40/1117/17 41/1120/17 679/1018/17 671/1009/17
f 675/1010/16 680/1014/16 688/1023/16 683/1019/16
f 19/1121/18 17/1118/18 676/1119/18 684/1122/18
f 41/1120/17 42/1123/17 687/1027/17 679/1018/17
f 683/1019/15 688/1023/15 696/1032/15 691/1028/15
f 21/1124/18 19/1121/18 684/1122/18 692/1125/18
f 42/1123/17 43/1126/17 695/1036/17 687/1027/17
f 691/1028/14 696/1032/14 704/1041/14 699/1037/14
f 23/1127/18 21/1124/18 692/1125/18 700/1128/18
f 43/1126/17 44/1129/17 703/1045/17 695/1036/17
f 699/1037/13 704/1041/13 712/1050/13 707/1046/13
f 25/1130/18 23/1127/18 700/1128/18 708/1131/18
f 44/1129/17 45/1132/17 711/1054/17 703/1045/17
f 707/1046/12 712/1050/12 720/1059/12 715/1055/12
f 27/1133/18 25/1130/18 708/1131/18 716/1134/18
f 45/1132/17 46/1135/17 719/1063/17 711/1054/17
f 715/1064/11 720/1073/11 728/1072/11 723/1065/11
f 29/1136/18 27/1137/18 716/1138/18 724/1139/18
f 46/1140/17 47/1141/17 727/1081/17 719/1080/17
f 723/1065/10 728/1072/10 736/1086/10 731/1082/10
f 31/1095/18 29/1136/18 724/1139/18 732/1096/18
f 47/1141/17 48/1102/17 735/1090/17 727/1081/17
f 739/1142/18 836/1143/18 754/1144/18
f 835/1145/17 756/1146/17 811/1147/17
f 763/1148/458 757/1149/458 759/1150/458 766/1151/458
f 766/1151/458 759/1150/458 760/1152/458 765/1153/458
f 765/1153/459 760/1152/459 761/1154/459 764/1155/459
f 764/1155/460 761/1154/460 758/1156/460 762/1157/460
f 768/1158/461 763/1148/461 766/1151/461 771/1159/461
f 771/1159/461 766/1151/461 765/1153/461 770/1160/461
f 770/1160/462 765/1153/462 764/1155/462 769/1161/462
f 769/1161/463 764/1155/463 762/1157/463 767/1162/463
f 773/1163/464 768/1158/464 771/1159/464 776/1164/464
f 776/1164/464 771/1159/464 770/1160/464 775/1165/464
f 775/1165/465 770/1160/465 769/1161/465 774/1166/465
f 774/1166/466 769/1161/466 767/1162/466 772/1167/466
f 777/1168/467 773/1163/467 776/1164/467 780/1169/467
f 780/1169/467 776/1164/467 775/1165/467 779/1170/467
f 779/1170/468 775/1165/468 774/1166/468 778/1171/468
f 778/1171/469 774/1166/469 772/1167/469 755/1172/469
f 782/1173/470 777/1168/470 780/1169/470 785/1174/470
f 785/1174/470 780/1169/470 779/1170/470 784/1175/470
f 784/1175/471 779/1170/471 778/1171/471 783/1176/471
f 783/1176/472 778/1171/472 755/1172/472 781/1177/472
f 787/1178/473 782/1173/473 785/1174/473 790/1179/473
f 790/1179/473 785/1174/473 784/1175/473 789/1180/473
f 789/1180/474 784/1175/474 783/1176/474 788/1181/474
f 788/1181/475 783/1176/475 781/1177/475 786/1182/475
f 792/1183/476 787/1184/476 790/1185/476 795/1186/476
f 795/1186/476 790/1185/476 789/1187/476 794/1188/476
f 794/1188/477 789/1187/477 788/1189/477 793/1190/477
f 793/1190/478 788/1189/478 786/1191/478 791/1192/478
f 797/1193/479 792/1183/479 795/1186/479 800/1194/479
f 800/1194/479 795/1186/479 794/1188/479 799/1195/479
f 799/1195/480 794/1188/480 793/1190/480 798/1196/480
f 798/1196/481 793/1190/481 791/1192/481 796/1197/481
f 802/1198/482 797/1193/482 800/1194/482 805/1199/482
f 805/1199/482 800/1194/482 799/1195/482 804/1200/482
f 804/1200/483 799/1195/483 798/1196/483 803/1201/483
f 803/1201/484 798/1196/484 796/1197/484 801/1202/484
f 807/1203/485 802/1198/485 805/1199/485 810/1204/485
f 810/1204/485 805/1199/485 804/1200/485 809/1205/485
f 809/1205/486 804/1200/486 803/1201/486 808/1206/486
f 808/1206/487 803/1201/487 801/1202/487 806/1207/487
f 812/1208/488 807/1203/488 810/1204/488 815/1209/488
f 815/1209/488 810/1204/488 809/1205/488 814/1210/488
f 814/1210/489 809/1205/489 808/1206/489 813/1211/489
f 813/1211/490 808/1206/490 806/1207/490 811/1212/490
f 816/1213/491 812/1208/491 815/1209/491 819/1214/491
f 819/1214/491 815/1209/491 814/1210/491 818/1215/491
f 818/1215/492 814/1210/492 813/1211/492 817/1216/492
f 817/1216/493 813/1211/493 811/1212/493 756/1217/493
f 821/1218/494 816/1213/494 819/1214/494 824/1219/494
f 824/1219/494 819/1214/494 818/1215/494 823/1220/494
f 823/1220/12 818/1215/12 817/1216/12 822/1221/12
f 822/1221/495 817/1216/495 756/1217/495 820/1222/495
f 826/1223/496 821/1218/496 824/1219/496 829/1224/496
f 829/1224/496 824/1219/496 823/1220/496 828/1225/496
f 828/1225/497 823/1220/497 822/1221/497 827/1226/497
f 827/1226/498 822/1221/498 820/1222/498 825/1227/498
f 831/1228/499 826/1223/499 829/1224/499 834/1229/499
f 834/1229/499 829/1224/499 828/1225/499 833/1230/499
f 833/1230/500 828/1225/500 827/1226/500 832/1231/500
f 832/1231/501 827/1226/501 825/1227/501 830/1232/501
f 757/1149/502 831/1228/502 834/1229/502 759/1150/502
f 759/1150/502 834/1229/502 833/1230/502 760/1152/502
f 760/1152/503 833/1230/503 832/1231/503 761/1154/503
f 761/1154/504 832/1231/504 830/1232/504 758/1156/504
f 739/1233/505 757/1234/505 763/1235/505 740/1236/505
f 754/1237/506 831/1238/506 757/1234/506 739/1233/506
f 740/1236/507 763/1235/507 768/1239/507 741/1240/507
f 741/1240/508 768/1239/508 773/1241/508 742/1242/508
f 742/1242/509 773/1241/509 777/1243/509 743/1244/509
f 743/1244/510 777/1243/510 782/1245/510 744/1246/510
f 744/1246/511 782/1245/511 787/1247/511 745/1248/511
f 745/1249/512 787/1250/512 792/1251/512 746/1252/512
f 746/1252/513 792/1251/513 797/1253/513 747/1254/513
f 747/1254/514 797/1253/514 802/1255/514 748/1256/514
f 748/1256/515 802/1255/515 807/1257/515 749/1258/515
f 749/1258/516 807/1257/516 812/1259/516 750/1260/516
f 750/1260/517 812/1259/517 816/1261/517 751/1262/517
f 751/1262/518 816/1261/518 821/1263/518 752/1264/518
f 752/1264/519 821/1263/519 826/1265/519 753/1266/519
f 753/1266/520 826/1265/520 831/1238/520 754/1237/520
f 755/1267/17 835/1145/17 781/1268/17
f 758/1269/17 830/1270/17 835/1145/17
f 762/1271/17 835/1145/17 767/1272/17
f 781/1268/17 835/1145/17 786/1273/17
f 786/1274/17 835/1145/17 791/1275/17
f 791/1275/17 835/1145/17 796/1276/17
f 835/1145/17 830/1270/17 825/1277/17
f 825/1277/17 820/1278/17 835/1145/17
f 820/1278/17 756/1146/17 835/1145/17
f 811/1147/17 806/1279/17 835/1145/17
f 806/1279/17 801/1280/17 835/1145/17
f 801/1280/17 796/1276/17 835/1145/17
f 767/1272/17 835/1145/17 772/1281/17
f 772/1281/17 835/1145/17 755/1267/17
f 835/1145/17 762/1271/17 758/1269/17
f 754/1144/18 836/1143/18 753/1282/18
f 753/1282/18 836/1143/18 752/1283/18
f 752/1283/18 836/1143/18 751/1284/18
f 751/1284/18 836/1143/18 750/1285/18
f 750/1285/18 836/1143/18 749/1286/18
f 749/1286/18 836/1143/18 748/1287/18
f 748/1287/18 836/1143/18 747/1288/18
f 747/1288/18 836/1143/18 746/1289/18
f 746/1289/18 836/1143/18 745/1290/18
f 745/1291/18 836/1143/18 744/1292/18
f 744/1292/18 836/1143/18 743/1293/18
f 743/1293/18 836/1143/18 742/1294/18
f 742/1294/18 836/1143/18 741/1295/18
f 741/1295/18 836/1143/18 740/1296/18
f 740/1296/18 836/1143/18 739/1142/18
f 837/1297/18 934/1298/18 852/1299/18
f 933/1300/17 854/1301/17 909/1302/17
f 861/1303/521 855/1304/521 857/1305/521 864/1306/521
f 864/1306/521 857/1305/521 858/1307/521 863/1308/521
f 863/1308/522 858/1307/522 859/1309/522 862/1310/522
f 862/1310/523 859/1309/523 856/1311/523 860/1312/523
f 866/1313/524 861/1303/524 864/1306/524 869/1314/524
f 869/1314/524 864/1306/524 863/1308/524 868/1315/524
f 868/1315/525 863/1308/525 862/1310/525 867/1316/525
f 867/1316/526 862/1310/526 860/1312/526 865/1317/526
f 871/1318/527 866/1313/527 869/1314/527 874/1319/527
f 874/1319/528 869/1314/528 868/1315/528 873/1320/528
f 873/1320/529 868/1315/529 867/1316/529 872/1321/529
f 872/1321/530 867/1316/530 865/1317/530 870/1322/530
f 875/1323/531 871/1318/531 874/1319/531 878/1324/531
f 878/1324/531 874/1319/531 873/1320/531 877/1325/531
f 877/1325/532 873/1320/532 872/1321/532 876/1326/532
f 876/1326/533 872/1321/533 870/1322/533 853/1327/533
f 880/1328/534 875/1323/534 878/1324/534 883/1329/534
f 883/1329/534 878/1324/534 877/1325/534 882/1330/534
f 882/1330/535 877/1325/535 876/1326/535 881/1331/535
f 881/1331/536 876/1326/536 853/1327/536 879/1332/536
f 885/1333/537 880/1328/537 883/1329/537 888/1334/537
f 888/1334/537 883/1329/537 882/1330/537 887/1335/537
f 887/1335/538 882/1330/538 881/1331/538 886/1336/538
f 886/1336/539 881/1331/539 879/1332/539 884/1337/539
f 890/1338/540 885/1339/540 888/1340/540 893/1341/540
f 893/1341/540 888/1340/540 887/1342/540 892/1343/540
f 892/1343/541 887/1342/541 886/1344/541 891/1345/541
f 891/1345/542 886/1344/542 884/1346/542 889/1347/542
f 895/1348/543 890/1338/543 893/1341/543 898/1349/543
f 898/1349/544 893/1341/544 892/1343/544 897/1350/544
f 897/1350/545 892/1343/545 891/1345/545 896/1351/545
f 896/1351/546 891/1345/546 889/1347/546 894/1352/546
f 900/1353/547 895/1348/547 898/1349/547 903/1354/547
f 903/1354/547 898/1349/547 897/1350/547 902/1355/547
f 902/1355/548 897/1350/548 896/1351/548 901/1356/548
f 901/1356/549 896/1351/549 894/1352/549 899/1357/549
f 905/1358/550 900/1353/550 903/1354/550 908/1359/550
f 908/1359/550 903/1354/550 902/1355/550 907/1360/550
f 907/1360/551 902/1355/551 901/1356/551 906/1361/551
f 906/1361/552 901/1356/552 899/1357/552 904/1362/552
f 910/1363/553 905/1358/553 908/1359/553 913/1364/553
f 913/1364/553 908/1359/553 907/1360/553 912/1365/553
f 912/1365/554 907/1360/554 906/1361/554 911/1366/554
f 911/1366/555 906/1361/555 904/1362/555 909/1367/555
f 914/1368/556 910/1363/556 913/1364/556 917/1369/556
f 917/1369/556 913/1364/556 912/1365/556 916/1370/556
f 916/1370/557 912/1365/557 911/1366/557 915/1371/557
f 915/1371/558 911/1366/558 909/1367/558 854/1372/558
f 919/1373/559 914/1368/559 917/1369/559 922/1374/559
f 922/1374/559 917/1369/559 916/1370/559 921/1375/559
f 921/1375/560 916/1370/560 915/1371/560 920/1376/560
f 920/1376/561 915/1371/561 854/1372/561 918/1377/561
f 924/1378/562 919/1373/562 922/1374/562 927/1379/562
f 927/1379/562 922/1374/562 921/1375/562 926/1380/562
f 926/1380/563 921/1375/563 920/1376/563 925/1381/563
f 925/1381/564 920/1376/564 918/1377/564 923/1382/564
f 929/1383/565 924/1378/565 927/1379/565 932/1384/565
f 932/1384/565 927/1379/565 926/1380/565 931/1385/565
f 931/1385/566 926/1380/566 925/1381/566 930/1386/566
f 930/1386/567 925/1381/567 923/1382/567 928/1387/567
f 855/1304/568 929/1383/568 932/1384/568 857/1305/568
f 857/1305/568 932/1384/568 931/1385/568 858/1307/568
f 858/1307/569 931/1385/569 930/1386/569 859/1309/569
f 859/1309/570 930/1386/570 928/1387/570 856/1311/570
f 837/1388/571 855/1389/571 861/1390/571 838/1391/571
f 852/1392/572 929/1393/572 855/1389/572 837/1388/572
f 838/1391/573 861/1390/573 866/1394/573 839/1395/573
f 839/1395/574 866/1394/574 871/1396/574 840/1397/574
f 840/1397/575 871/1396/575 875/1398/575 841/1399/575
f 841/1399/576 875/1398/576 880/1400/576 842/1401/576
f 842/1401/577 880/1400/577 885/1402/577 843/1403/577
f 843/1404/578 885/1405/578 890/1406/578 844/1407/578
f 844/1407/579 890/1406/579 895/1408/579 845/1409/579
f 845/1409/580 895/1408/580 900/1410/580 846/1411/580
f 846/1411/581 900/1410/581 905/1412/581 847/1413/581
f 847/1413/582 905/1412/582 910/1414/582 848/1415/582
f 848/1415/583 910/1414/583 914/1416/583 849/1417/583
f 849/1417/584 914/1416/584 919/1418/584 850/1419/584
f 850/1419/585 919/1418/585 924/1420/585 851/1421/585
f 851/1421/586 924/1420/586 929/1393/586 852/1392/586
f 853/1422/17 933/1300/17 879/1423/17
f 856/1424/17 928/1425/17 933/1300/17
f 860/1426/17 933/1300/17 865/1427/17
f 879/1423/17 933/1300/17 884/1428/17
f 884/1429/17 933/1300/17 889/1430/17
f 889/1430/17 933/1300/17 894/1431/17
f 933/1300/17 928/1425/17 923/1432/17
f 923/1432/17 918/1433/17 933/1300/17
f 918/1433/17 854/1301/17 933/1300/17
f 909/1302/17 904/1434/17 933/1300/17
f 904/1434/17 899/1435/17 933/1300/17
f 899/1435/17 894/1431/17 933/1300/17
f 865/1427/17 933/1300/17 870/1436/17
f 870/1436/17 933/1300/17 853/1422/17
f 933/1300/17 860/1426/17 856/1424/17
f 852/1299/18 934/1298/18 851/1437/18
f 851/1437/18 934/1298/18 850/1438/18
f 850/1438/18 934/1298/18 849/1439/18
f 849/1439/18 934/1298/18 848/1440/18
f 848/1440/18 934/1298/18 847/1441/18
f 847/1441/18 934/1298/18 846/1442/18
f 846/1442/18 934/1298/18 845/1443/18
f 845/1443/18 934/1298/18 844/1444/18
f 844/1444/18 934/1298/18 843/1445/18
f 843/1446/18 934/1298/18 842/1447/18
f 842/1447/18 934/1298/18 841/1448/18
f 841/1448/18 934/1298/18 840/1449/18
f 840/1449/18 934/1298/18 839/1450/18
f 839/1450/18 934/1298/18 838/1451/18
f 838/1451/18 934/1298/18 837/1297/18
f 935/1452/18 1032/1453/18 950/1454/18
f 1031/1455/17 952/1456/17 1007/1457/17
f 959/1458/587 953/1459/587 955/1460/587 962/1461/587
f 962/1461/587 955/1460/587 956/1462/587 961/1463/587
f 961/1463/588 956/1462/588 957/1464/588 960/1465/588
f 960/1465/589 957/1464/589 954/1466/589 958/1467/589
f 964/1468/590 959/1458/590 962/1461/590 967/1469/590
f 967/1469/590 962/1461/590 961/1463/590 966/1470/590
f 966/1470/591 961/1463/591 960/1465/591 965/1471/591
f 965/1471/592 960/1465/592 958/1467/592 963/1472/592
f 969/1473/593 964/1468/593 967/1469/593 972/1474/593
f 972/1474/593 967/1469/593 966/1470/593 971/1475/593
f 971/1475/594 966/1470/594 965/1471/594 970/1476/594
f 970/1476/595 965/1471/595 963/1472/595 968/1477/595
f 973/1478/596 969/1473/596 972/1474/596 976/1479/596
f 976/1479/596 972/1474/596 971/1475/596 975/1480/596
f 975/1480/597 971/1475/597 970/1476/597 974/1481/597
f 974/1481/598 970/1476/598 968/1477/598 951/1482/598
f 978/1483/599 973/1478/599 976/1479/599 981/1484/599
f 981/1484/599 976/1479/599 975/1480/599 980/1485/599
f 980/1485/600 975/1480/600 974/1481/600 979/1486/600
f 979/1486/601 974/1481/601 951/1482/601 977/1487/601
f 983/1488/602 978/1483/602 981/1484/602 986/1489/602
f 986/1489/602 981/1484/602 980/1485/602 985/1490/602
f 985/1490/603 980/1485/603 979/1486/603 984/1491/603
f 984/1491/604 979/1486/604 977/1487/604 982/1492/604
f 988/1493/605 983/1494/605 986/1495/605 991/1496/605
f 991/1496/605 986/1495/605 985/1497/605 990/1498/605
f 990/1498/606 985/1497/606 984/1499/606 989/1500/606
f 989/1500/607 984/1499/607 982/1501/607 987/1502/607
f 993/1503/608 988/1493/608 991/1496/608 996/1504/608
f 996/1504/608 991/1496/608 990/1498/608 995/1505/608
f 995/1505/609 990/1498/609 989/1500/609 994/1506/609
f 994/1506/610 989/1500/610 987/1502/610 992/1507/610
f 998/1508/611 993/1503/611 996/1504/611 1001/1509/611
f 1001/1509/612 996/1504/612 995/1505/612 1000/1510/612
f 1000/1510/613 995/1505/613 994/1506/613 999/1511/613
f 999/1511/614 994/1506/614 992/1507/614 997/1512/614
f 1003/1513/615 998/1508/615 1001/1509/615 1006/1514/615
f 1006/1514/615 1001/1509/615 1000/1510/615 1005/1515/615
f 1005/1515/616 1000/1510/616 999/1511/616 1004/1516/616
f 1004/1516/617 999/1511/617 997/1512/617 1002/1517/617
f 1008/1518/618 1003/1513/618 1006/1514/618 1011/1519/618
f 1011/1519/618 1006/1514/618 1005/1515/618 1010/1520/618
f 1010/1520/619 1005/1515/619 1004/1516/619 1009/1521/619
f 1009/1521/620 1004/1516/620 1002/1517/620 1007/1522/620
f 1012/1523/621 1008/1518/621 1011/1519/621 1015/1524/621
f 1015/1524/621 1011/1519/621 1010/1520/621 1014/1525/621
f 1014/1525/622 1010/1520/622 1009/1521/622 1013/1526/622
f 1013/1526/623 1009/1521/623 1007/1522/623 952/1527/623
f 1017/1528/624 1012/1523/624 1015/1524/624 1020/1529/624
f 1020/1529/624 1015/1524/624 1014/1525/624 1019/1530/624
f 1019/1530/625 1014/1525/625 1013/1526/625 1018/1531/625
f 1018/1531/626 1013/1526/626 952/1527/626 1016/1532/626
f 1022/1533/627 1017/1528/627 1020/1529/627 1025/1534/627
f 1025/1534/627 1020/1529/627 1019/1530/627 1024/1535/627
f 1024/1535/628 1019/1530/628 1018/1531/628 1023/1536/628
f 1023/1536/629 1018/1531/629 1016/1532/629 1021/1537/629
f 1027/1538/630 1022/1533/630 1025/1534/630 1030/1539/630
f 1030/1539/630 1025/1534/630 1024/1535/630 1029/1540/630
f 1029/1540/631 1024/1535/631 1023/1536/631 1028/1541/631
f 1028/1541/632 1023/1536/632 1021/1537/632 1026/1542/632
f 953/1459/633 1027/1538/633 1030/1539/633 955/1460/633
f 955/1460/633 1030/1539/633 1029/1540/633 956/1462/633
f 956/1462/634 1029/1540/634 1028/1541/634 957/1464/634
f 957/1464/635 1028/1541/635 1026/1542/635 954/1466/635
f 935/1543/636 953/1544/636 959/1545/636 936/1546/636
f 950/1547/637 1027/1548/637 953/1544/637 935/1543/637
f 936/1546/638 959/1545/638 964/1549/638 937/1550/638
f 937/1550/639 964/1549/639 969/1551/639 938/1552/639
f 938/1552/640 969/1551/640 973/1553/640 939/1554/640
f 939/1554/641 973/1553/641 978/1555/641 940/1556/641
f 940/1556/642 978/1555/642 983/1557/642 941/1558/642
f 941/1559/643 983/1560/643 988/1561/643 942/1562/643
f 942/1562/644 988/1561/644 993/1563/644 943/1564/644
f 943/1564/645 993/1563/645 998/1565/645 944/1566/645
f 944/1566/646 998/1565/646 1003/1567/646 945/1568/646
f 945/1568/647 1003/1567/647 1008/1569/647 946/1570/647
f 946/1570/648 1008/1569/648 1012/1571/648 947/1572/648
f 947/1572/649 1012/1571/649 1017/1573/649 948/1574/649
f 948/1574/650 1017/1573/650 1022/1575/650 949/1576/650
f 949/1576/651 1022/1575/651 1027/1548/651 950/1547/651
f 951/1577/17 1031/1455/17 977/1578/17
f 954/1579/17 1026/1580/17 1031/1455/17
f 958/1581/17 1031/1455/17 963/1582/17
f 977/1578/17 1031/1455/17 982/1583/17
f 982/1584/17 1031/1455/17 987/1585/17
f 987/1585/17 1031/1455/17 992/1586/17
f 1031/1455/17 1026/1580/17 1021/1587/17
f 1021/1587/17 1016/1588/17 1031/1455/17
f 1016/1588/17 952/1456/17 1031/1455/17
f 1007/1457/17 1002/1589/17 1031/1455/17
f 1002/1589/17 997/1590/17 1031/1455/17
f 997/1590/17 992/1586/17 1031/1455/17
f 963/1582/17 1031/1455/17 968/1591/17
f 968/1591/17 1031/1455/17 951/1577/17
f 1031/1455/17 958/1581/17 954/1579/17
f 950/1454/18 1032/1453/18 949/1592/18
f 949/1592/18 1032/1453/18 948/1593/18
f 948/1593/18 1032/1453/18 947/1594/18
f 947/1594/18 1032/1453/18 946/1595/18
f 946/1595/18 1032/1453/18 945/1596/18
f 945/1596/18 1032/1453/18 944/1597/18
f 944/1597/18 1032/1453/18 943/1598/18
f 943/1598/18 1032/1453/18 942/1599/18
f 942/1599/18 1032/1453/18 941/1600/18
f 941/1601/18 1032/1453/18 940/1602/18
f 940/1602/18 1032/1453/18 939/1603/18
f 939/1603/18 1032/1453/18 938/1604/18
f 938/1604/18 1032/1453/18 937/1605/18
f 937/1605/18 1032/1453/18 936/1606/18
f 936/1606/18 1032/1453/18 935/1452/18
f 1033/1607/18 1130/1608/18 1048/1609/18
f 1129/1610/17 1050/1611/17 1105/1612/17
f 1057/1613/652 1051/1614/652 1053/1615/652 1060/1616/652
f 1060/1616/652 1053/1615/652 1054/1617/652 1059/1618/652
f 1059/1618/653 1054/1617/653 1055/1619/653 1058/1620/653
f 1058/1620/654 1055/1619/654 1052/1621/654 1056/1622/654
f 1062/1623/655 1057/1613/655 1060/1616/655 1065/1624/655
f 1065/1624/655 1060/1616/655 1059/1618/655 1064/1625/655
f 1064/1625/656 1059/1618/656 1058/1620/656 1063/1626/656
f 1063/1626/657 1058/1620/657 1056/1622/657 1061/1627/657
f 1067/1628/658 1062/1623/658 1065/1624/658 1070/1629/658
f 1070/1629/658 1065/1624/658 1064/1625/658 1069/1630/658
f 1069/1630/659 1064/1625/659 1063/1626/659 1068/1631/659
f 1068/1631/660 1063/1626/660 1061/1627/660 1066/1632/660
f 1071/1633/661 1067/1628/661 1070/1629/661 1074/1634/661
f 1074/1634/661 1070/1629/661 1069/1630/661 1073/1635/661
f 1073/1635/662 1069/1630/662 1068/1631/662 1072/1636/662
f 1072/1636/663 1068/1631/663 1066/1632/663 1049/1637/663
f 1076/1638/664 1071/1633/664 1074/1634/664 1079/1639/664
f 1079/1639/664 1074/1634/664 1073/1635/664 1078/1640/664
f 1078/1640/665 1073/1635/665 1072/1636/665 1077/1641/665
f 1077/1641/666 1072/1636/666 1049/1637/666 1075/1642/666
f 1081/1643/667 1076/1638/667 1079/1639/667 1084/1644/667
f 1084/1644/667 1079/1639/667 1078/1640/667 1083/1645/667
f 1083/1645/668 1078/1640/668 1077/1641/668 1082/1646/668
f 1082/1646/669 1077/1641/669 1075/1642/669 1080/1647/669
f 1086/1648/670 1081/1649/670 1084/1650/670 1089/1651/670
f 1089/1651/670 1084/1650/670 1083/1652/670 1088/1653/670
f 1088/1653/671 1083/1652/671 1082/1654/671 1087/1655/671
f 1087/1655/672 1082/1654/672 1080/1656/672 1085/1657/672
f 1091/1658/673 1086/1648/673 1089/1651/673 1094/1659/673
f 1094/1659/673 1089/1651/673 1088/1653/673 1093/1660/673
f 1093/1660/674 1088/1653/674 1087/1655/674 1092/1661/674
f 1092/1661/675 1087/1655/675 1085/1657/675 1090/1662/675
f 1096/1663/676 1091/1658/676 1094/1659/676 1099/1664/676
f 1099/1664/676 1094/1659/676 1093/1660/676 1098/1665/676
f 1098/1665/677 1093/1660/677 1092/1661/677 1097/1666/677
f 1097/1666/678 1092/1661/678 1090/1662/678 1095/1667/678
f 1101/1668/679 1096/1663/679 1099/1664/679 1104/1669/679
f 1104/1669/679 1099/1664/679 1098/1665/679 1103/1670/679
f 1103/1670/680 1098/1665/680 1097/1666/680 1102/1671/680
f 1102/1671/681 1097/1666/681 1095/1667/681 1100/1672/681
f 1106/1673/682 1101/1668/682 1104/1669/682 1109/1674/682
f 1109/1674/682 1104/1669/682 1103/1670/682 1108/1675/682
f 1108/1675/683 1103/1670/683 1102/1671/683 1107/1676/683
f 1107/1676/684 1102/1671/684 1100/1672/684 1105/1677/684
f 1110/1678/685 1106/1673/685 1109/1674/685 1113/1679/685
f 1113/1679/685 1109/1674/685 1108/1675/685 1112/1680/685
f 1112/1680/686 1108/1675/686 1107/1676/686 1111/1681/686
f 1111/1681/687 1107/1676/687 1105/1677/687 1050/1682/687
f 1115/1683/688 1110/1678/688 1113/1679/688 1118/1684/688
f 1118/1684/688 1113/1679/688 1112/1680/688 1117/1685/688
f 1117/1685/689 1112/1680/689 1111/1681/689 1116/1686/689
f 1116/1686/690 1111/1681/690 1050/1682/690 1114/1687/690
f 1120/1688/691 1115/1683/691 1118/1684/691 1123/1689/691
f 1123/1689/691 1118/1684/691 1117/1685/691 1122/1690/691
f 1122/1690/692 1117/1685/692 1116/1686/692 1121/1691/692
f 1121/1691/693 1116/1686/693 1114/1687/693 1119/1692/693
f 1125/1693/694 1120/1688/694 1123/1689/694 1128/1694/694
f 1128/1694/694 1123/1689/694 1122/1690/694 1127/1695/694
f 1127/1695/695 1122/1690/695 1121/1691/695 1126/1696/695
f 1126/1696/696 1121/1691/696 1119/1692/696 1124/1697/696
f 1051/1614/697 1125/1693/697 1128/1694/697 1053/1615/697
f 1053/1615/697 1128/1694/697 1127/1695/697 1054/1617/697
f 1054/1617/698 1127/1695/698 1126/1696/698 1055/1619/698
f 1055/1619/699 1126/1696/699 1124/1697/699 1052/1621/699
f 1033/1698/700 1051/1699/700 1057/1700/700 1034/1701/700
f 1048/1702/701 1125/1703/701 1051/1699/701 1033/1698/701
f 1034/1701/702 1057/1700/702 1062/1704/702 1035/1705/702
f 1035/1705/703 1062/1704/703 1067/1706/703 1036/1707/703
f 1036/1707/704 1067/1706/704 1071/1708/704 1037/1709/704
f 1037/1709/705 1071/1708/705 1076/1710/705 1038/1711/705
f 1038/1711/706 1076/1710/706 1081/1712/706 1039/1713/706
f 1039/1714/707 1081/1715/707 1086/1716/707 1040/1717/707
f 1040/1717/708 1086/1716/708 1091/1718/708 1041/1719/708
f 1041/1719/709 1091/1718/709 1096/1720/709 1042/1721/709
f 1042/1721/710 1096/1720/710 1101/1722/710 1043/1723/710
f 1043/1723/711 1101/1722/711 1106/1724/711 1044/1725/711
f 1044/1725/712 1106/1724/712 1110/1726/712 1045/1727/712
f 1045/1727/713 1110/1726/713 1115/1728/713 1046/1729/713
f 1046/1729/714 1115/1728/714 1120/1730/714 1047/1731/714
f 1047/1731/715 1120/1730/715 1125/1703/715 1048/1702/715
f 1049/1732/17 1129/1610/17 1075/1733/17
f 1052/1734/17 1124/1735/17 1129/1610/17
f 1056/1736/17 1129/1610/17 1061/1737/17
f 1075/1733/17 1129/1610/17 1080/1738/17
f 1080/1739/17 1129/1610/17 1085/1740/17
f 1085/1740/17 1129/1610/17 1090/1741/17
f 1129/1610/17 1124/1735/17 1119/1742/17
f 1119/1742/17 1114/1743/17 1129/1610/17
f 1114/1743/17 1050/1611/17 1129/1610/17
f 1105/1612/17 1100/1744/17 1129/1610/17
f 1100/1744/17 1095/1745/17 1129/1610/17
f 1095/1745/17 1090/1741/17 1129/1610/17
f 1061/1737/17 1129/1610/17 1066/1746/17
f 1066/1746/17 1129/1610/17 1049/1732/17
f 1129/1610/17 1056/1736/17 1052/1734/17
f 1048/1609/18 1130/1608/18 1047/1747/18
f 1047/1747/18 1130/1608/18 1046/1748/18
f 1046/1748/18 1130/1608/18 1045/1749/18
f 1045/1749/18 1130/1608/18 1044/1750/18
f 1044/1750/18 1130/1608/18 1043/1751/18
f 1043/1751/18 1130/1608/18 1042/1752/18
f 1042/1752/18 1130/1608/18 1041/1753/18
f 1041/1753/18 1130/1608/18 1040/1754/18
f 1040/1754/18 1130/1608/18 1039/1755/18
f 1039/1756/18 1130/1608/18 1038/1757/18
f 1038/1757/18 1130/1608/18 1037/1758/18
f 1037/1758/18 1130/1608/18 1036/1759/18
f 1036/1759/18 1130/1608/18 1035/1760/18
f 1035/1760/18 1130/1608/18 1034/1761/18
f 1034/1761/18 1130/1608/18 1033/1607/18
f 1131/1762/18 1228/1763/18 1146/1764/18
f 1227/1765/17 1148/1766/17 1203/1767/17
f 1155/1768/716 1149/1769/716 1151/1770/716 1158/1771/716
f 1158/1771/717 1151/1770/717 1152/1772/717 1157/1773/717
f 1157/1773/718 1152/1772/718 1153/1774/718 1156/1775/718
f 1156/1775/719 1153/1774/719 1150/1776/719 1154/1777/719
f 1160/1778/720 1155/1768/720 1158/1771/720 1163/1779/720
f 1163/1779/720 1158/1771/720 1157/1773/720 1162/1780/720
f 1162/1780/721 1157/1773/721 1156/1775/721 1161/1781/721
f 1161/1781/722 1156/1775/722 1154/1777/722 1159/1782/722
f 1165/1783/723 1160/1778/723 1163/1779/723 1168/1784/723
f 1168/1784/723 1163/1779/723 1162/1780/723 1167/1785/723
f 1167/1785/724 1162/1780/724 1161/1781/724 1166/1786/724
f 1166/1786/725 1161/1781/725 1159/1782/725 1164/1787/725
f 1169/1788/726 1165/1783/726 1168/1784/726 1172/1789/726
f 1172/1789/726 1168/1784/726 1167/1785/726 1171/1790/726
f 1171/1790/727 1167/1785/727 1166/1786/727 1170/1791/727
f 1170/1791/728 1166/1786/728 1164/1787/728 1147/1792/728
f 1174/1793/729 1169/1788/729 1172/1789/729 1177/1794/729
f 1177/1794/729 1172/1789/729 1171/1790/729 1176/1795/729
f 1176/1795/730 1171/1790/730 1170/1791/730 1175/1796/730
f 1175/1796/731 1170/1791/731 1147/1792/731 1173/1797/731
f 1179/1798/732 1174/1793/732 1177/1794/732 1182/1799/732
f 1182/1799/732 1177/1794/732 1176/1795/732 1181/1800/732
f 1181/1800/733 1176/1795/733 1175/1796/733 1180/1801/733
f 1180/1801/734 1175/1796/734 1173/1797/734 1178/1802/734
f 1184/1803/735 1179/1804/735 1182/1805/735 1187/1806/735
f 1187/1806/735 1182/1805/735 1181/1807/735 1186/1808/735
f 1186/1808/736 1181/1807/736 1180/1809/736 1185/1810/736
f 1185/1810/737 1180/1809/737 1178/1811/737 1183/1812/737
f 1189/1813/738 1184/1803/738 1187/1806/738 1192/1814/738
f 1192/1814/738 1187/1806/738 1186/1808/738 1191/1815/738
f 1191/1815/739 1186/1808/739 1185/1810/739 1190/1816/739
f 1190/1816/740 1185/1810/740 1183/1812/740 1188/1817/740
f 1194/1818/741 1189/1813/741 1192/1814/741 1197/1819/741
f 1197/1819/741 1192/1814/741 1191/1815/741 1196/1820/741
f 1196/1820/742 1191/1815/742 1190/1816/742 1195/1821/742
f 1195/1821/743 1190/1816/743 1188/1817/743 1193/1822/743
f 1199/1823/744 1194/1818/744 1197/1819/744 1202/1824/744
f 1202/1824/745 1197/1819/745 1196/1820/745 1201/1825/745
f 1201/1825/746 1196/1820/746 1195/1821/746 1200/1826/746
f 1200/1826/747 1195/1821/747 1193/1822/747 1198/1827/747
f 1204/1828/748 1199/1823/748 1202/1824/748 1207/1829/748
f 1207/1829/748 1202/1824/748 1201/1825/748 1206/1830/748
f 1206/1830/749 1201/1825/749 1200/1826/749 1205/1831/749
f 1205/1831/750 1200/1826/750 1198/1827/750 1203/1832/750
f 1208/1833/751 1204/1828/751 1207/1829/751 1211/1834/751
f 1211/1834/751 1207/1829/751 1206/1830/751 1210/1835/751
f 1210/1835/752 1206/1830/752 1205/1831/752 1209/1836/752
f 1209/1836/753 1205/1831/753 1203/1832/753 1148/1837/753
f 1213/1838/754 1208/1833/754 1211/1834/754 1216/1839/754
f 1216/1839/754 1211/1834/754 1210/1835/754 1215/1840/754
f 1215/1840/755 1210/1835/755 1209/1836/755 1214/1841/755
f 1214/1841/756 1209/1836/756 1148/1837/756 1212/1842/756
f 1218/1843/757 1213/1838/757 1216/1839/757 1221/1844/757
f 1221/1844/757 1216/1839/757 1215/1840/757 1220/1845/757
f 1220/1845/758 1215/1840/758 1214/1841/758 1219/1846/758
f 1219/1846/759 1214/1841/759 1212/1842/759 1217/1847/759
f 1223/1848/760 1218/1843/760 1221/1844/760 1226/1849/760
f 1226/1849/760 1221/1844/760 1220/1845/760 1225/1850/760
f 1225/1850/761 1220/1845/761 1219/1846/761 1224/1851/761
f 1224/1851/762 1219/1846/762 1217/1847/762 1222/1852/762
f 1149/1769/763 1223/1848/763 1226/1849/763 1151/1770/763
f 1151/1770/763 1226/1849/763 1225/1850/763 1152/1772/763
f 1152/1772/764 1225/1850/764 1224/1851/764 1153/1774/764
f 1153/1774/765 1224/1851/765 1222/1852/765 1150/1776/765
f 1131/1853/766 1149/1854/766 1155/1855/766 1132/1856/766
f 1146/1857/767 1223/1858/767 1149/1854/767 1131/1853/767
f 1132/1856/768 1155/1855/768 1160/1859/768 1133/1860/768
f 1133/1860/769 1160/1859/769 1165/1861/769 1134/1862/769
f 1134/1862/770 1165/1861/770 1169/1863/770 1135/1864/770
f 1135/1864/771 1169/1863/771 1174/1865/771 1136/1866/771
f 1136/1866/772 1174/1865/772 1179/1867/772 1137/1868/772
f 1137/1869/773 1179/1870/773 1184/1871/773 1138/1872/773
f 1138/1872/774 1184/1871/774 1189/1873/774 1139/1874/774
f 1139/1874/775 1189/1873/775 1194/1875/775 1140/1876/775
f 1140/1876/776 1194/1875/776 1199/1877/776 1141/1878/776
f 1141/1878/777 1199/1877/777 1204/1879/777 1142/1880/777
f 1142/1880/778 1204/1879/778 1208/1881/778 1143/1882/778
f 1143/1882/779 1208/1881/779 1213/1883/779 1144/1884/779
f 1144/1884/780 1213/1883/780 1218/1885/780 1145/1886/780
f 1145/1886/781 1218/1885/781 1223/1858/781 1146/1857/781
f 1147/1887/17 1227/1765/17 1173/1888/17
f 1150/1889/17 1222/1890/17 1227/1765/17
f 1154/1891/17 1227/1765/17 1159/1892/17
f 1173/1888/17 1227/1765/17 1178/1893/17
f 1178/1894/17 1227/1765/17 1183/1895/17
f 1183/1895/17 1227/1765/17 1188/1896/17
f 1227/1765/17 1222/1890/17 1217/1897/17
f 1217/1897/17 1212/1898/17 1227/1765/17
f 1212/1898/17 1148/1766/17 1227/1765/17
f 1203/1767/17 1198/1899/17 1227/1765/17
f 1198/1899/17 1193/1900/17 1227/1765/17
f 1193/1900/17 1188/1896/17 1227/1765/17
f 1159/1892/17 1227/1765/17 1164/1901/17
f 1164/1901/17 1227/1765/17 1147/1887/17
f 1227/1765/17 1154/1891/17 1150/1889/17
f 1146/1764/18 1228/1763/18 1145/1902/18
f 1145/1902/18 1228/1763/18 1144/1903/18
f 1144/1903/18 1228/1763/18 1143/1904/18
f 1143/1904/18 1228/1763/18 1142/1905/18
f 1142/1905/18 1228/1763/18 1141/1906/18
f 1141/1906/18 1228/1763/18 1140/1907/18
f 1140/1907/18 1228/1763/18 1139/1908/18
f 1139/1908/18 1228/1763/18 1138/1909/18
f 1138/1909/18 1228/1763/18 1137/1910/18
f 1137/1911/18 1228/1763/18 1136/1912/18
f 1136/1912/18 1228/1763/18 1135/1913/18
f 1135/1913/18 1228/1763/18 1134/1914/18
f 1134/1914/18 1228/1763/18 1133/1915/18
f 1133/1915/18 1228/1763/18 1132/1916/18
f 1132/1916/18 1228/1763/18 1131/1762/18
f 1229/1917/18 1326/1918/18 1244/1919/18
f 1325/1920/17 1246/1921/17 1301/1922/17
f 1253/1923/782 1247/1924/782 1249/1925/782 1256/1926/782
f 1256/1926/782 1249/1925/782 1250/1927/782 1255/1928/782
f 1255/1928/483 1250/1927/483 1251/1929/483 1254/1930/483
f 1254/1930/783 1251/1929/783 1248/1931/783 1252/1932/783
f 1258/1933/784 1253/1923/784 1256/1926/784 1261/1934/784
f 1261/1934/784 1256/1926/784 1255/1928/784 1260/1935/784
f 1260/1935/785 1255/1928/785 1254/1930/785 1259/1936/785
f 1259/1936/786 1254/1930/786 1252/1932/786 1257/1937/786
f 1263/1938/787 1258/1933/787 1261/1934/787 1266/1939/787
f 1266/1939/787 1261/1934/787 1260/1935/787 1265/1940/787
f 1265/1940/788 1260/1935/788 1259/1936/788 1264/1941/788
f 1264/1941/789 1259/1936/789 1257/1937/789 1262/1942/789
f 1267/1943/790 1263/1938/790 1266/1939/790 1270/1944/790
f 1270/1944/790 1266/1939/790 1265/1940/790 1269/1945/790
f 1269/1945/791 1265/1940/791 1264/1941/791 1268/1946/791
f 1268/1946/792 1264/1941/792 1262/1942/792 1245/1947/792
f 1272/1948/494 1267/1943/494 1270/1944/494 1275/1949/494
f 1275/1949/494 1270/1944/494 1269/1945/494 1274/1950/494
f 1274/1950/793 1269/1945/793 1268/1946/793 1273/1951/793
f 1273/1951/794 1268/1946/794 1245/1947/794 1271/1952/794
f 1277/1953/496 1272/1948/496 1275/1949/496 1280/1954/496
f 1280/1954/496 1275/1949/496 1274/1950/496 1279/1955/496
f 1279/1955/795 1274/1950/795 1273/1951/795 1278/1956/795
f 1278/1956/796 1273/1951/796 1271/1952/796 1276/1957/796
f 1282/1958/797 1277/1959/797 1280/1960/797 1285/1961/797
f 1285/1961/797 1280/1960/797 1279/1962/797 1284/1963/797
f 1284/1963/798 1279/1962/798 1278/1964/798 1283/1965/798
f 1283/1965/799 1278/1964/799 1276/1966/799 1281/1967/799
f 1287/1968/800 1282/1958/800 1285/1961/800 1290/1969/800
f 1290/1969/800 1285/1961/800 1284/1963/800 1289/1970/800
f 1289/1970/801 1284/1963/801 1283/1965/801 1288/1971/801
f 1288/1971/802 1283/1965/802 1281/1967/802 1286/1972/802
f 1292/1973/803 1287/1968/803 1290/1969/803 1295/1974/803
f 1295/1974/803 1290/1969/803 1289/1970/803 1294/1975/803
f 1294/1975/459 1289/1970/459 1288/1971/459 1293/1976/459
f 1293/1976/804 1288/1971/804 1286/1972/804 1291/1977/804
f 1297/1978/805 1292/1973/805 1295/1974/805 1300/1979/805
f 1300/1979/805 1295/1974/805 1294/1975/805 1299/1980/805
f 1299/1980/806 1294/1975/806 1293/1976/806 1298/1981/806
f 1298/1981/807 1293/1976/807 1291/1977/807 1296/1982/807
f 1302/1983/808 1297/1978/808 1300/1979/808 1305/1984/808
f 1305/1984/808 1300/1979/808 1299/1980/808 1304/1985/808
f 1304/1985/809 1299/1980/809 1298/1981/809 1303/1986/809
f 1303/1986/810 1298/1981/810 1296/1982/810 1301/1987/810
f 1306/1988/811 1302/1983/811 1305/1984/811 1309/1989/811
f 1309/1989/811 1305/1984/811 1304/1985/811 1308/1990/811
f 1308/1990/812 1304/1985/812 1303/1986/812 1307/1991/812
f 1307/1991/813 1303/1986/813 1301/1987/813 1246/1992/813
f 1311/1993/470 1306/1988/470 1309/1989/470 1314/1994/470
f 1314/1994/470 1309/1989/470 1308/1990/470 1313/1995/470
f 1313/1995/4 1308/1990/4 1307/1991/4 1312/1996/4
f 1312/1996/814 1307/1991/814 1246/1992/814 1310/1997/814
f 1316/1998/473 1311/1993/473 1314/1994/473 1319/1999/473
f 1319/1999/473 1314/1994/473 1313/1995/473 1318/2000/473
f 1318/2000/815 1313/1995/815 1312/1996/815 1317/2001/815
f 1317/2001/816 1312/1996/816 1310/1997/816 1315/2002/816
f 1321/2003/817 1316/1998/817 1319/1999/817 1324/2004/817
f 1324/2004/817 1319/1999/817 1318/2000/817 1323/2005/817
f 1323/2005/818 1318/2000/818 1317/2001/818 1322/2006/818
f 1322/2006/819 1317/2001/819 1315/2002/819 1320/2007/819
f 1247/1924/820 1321/2003/820 1324/2004/820 1249/1925/820
f 1249/1925/820 1324/2004/820 1323/2005/820 1250/1927/820
f 1250/1927/821 1323/2005/821 1322/2006/821 1251/1929/821
f 1251/1929/822 1322/2006/822 1320/2007/822 1248/1931/822
f 1229/2008/823 1247/2009/823 1253/2010/823 1230/2011/823
f 1244/2012/824 1321/2013/824 1247/2009/824 1229/2008/824
f 1230/2011/825 1253/2010/825 1258/2014/825 1231/2015/825
f 1231/2015/826 1258/2014/826 1263/2016/826 1232/2017/826
f 1232/2017/827 1263/2016/827 1267/2018/827 1233/2019/827
f 1233/2019/828 1267/2018/828 1272/2020/828 1234/2021/828
f 1234/2021/829 1272/2020/829 1277/2022/829 1235/2023/829
f 1235/2024/830 1277/2025/830 1282/2026/830 1236/2027/830
f 1236/2027/831 1282/2026/831 1287/2028/831 1237/2029/831
f 1237/2029/832 1287/2028/832 1292/2030/832 1238/2031/832
f 1238/2031/833 1292/2030/833 1297/2032/833 1239/2033/833
f 1239/2033/834 1297/2032/834 1302/2034/834 1240/2035/834
f 1240/2035/835 1302/2034/835 1306/2036/835 1241/2037/835
f 1241/2037/836 1306/2036/836 1311/2038/836 1242/2039/836
f 1242/2039/837 1311/2038/837 1316/2040/837 1243/2041/837
f 1243/2041/838 1316/2040/838 1321/2013/838 1244/2012/838
f 1245/2042/17 1325/1920/17 1271/2043/17
f 1248/2044/17 1320/2045/17 1325/1920/17
f 1252/2046/17 1325/1920/17 1257/2047/17
f 1271/2043/17 1325/1920/17 1276/2048/17
f 1276/2049/17 1325/1920/17 1281/2050/17
f 1281/2050/17 1325/1920/17 1286/2051/17
f 1325/1920/17 1320/2045/17 1315/2052/17
f 1315/2052/17 1310/2053/17 1325/1920/17
f 1310/2053/17 1246/1921/17 1325/1920/17
f 1301/1922/17 1296/2054/17 1325/1920/17
f 1296/2054/17 1291/2055/17 1325/1920/17
f 1291/2055/17 1286/2051/17 1325/1920/17
f 1257/2047/17 1325/1920/17 1262/2056/17
f 1262/2056/17 1325/1920/17 1245/2042/17
f 1325/1920/17 1252/2046/17 1248/2044/17
f 1244/1919/18 1326/1918/18 1243/2057/18
f 1243/2057/18 1326/1918/18 1242/2058/18
f 1242/2058/18 1326/1918/18 1241/2059/18
f 1241/2059/18 1326/1918/18 1240/2060/18
f 1240/2060/18 1326/1918/18 1239/2061/18
f 1239/2061/18 1326/1918/18 1238/2062/18
f 1238/2062/18 1326/1918/18 1237/2063/18
f 1237/2063/18 1326/1918/18 1236/2064/18
f 1236/2064/18 1326/1918/18 1235/2065/18
f 1235/2066/18 1326/1918/18 1234/2067/18
f 1234/2067/18 1326/1918/18 1233/2068/18
f 1233/2068/18 1326/1918/18 1232/2069/18
f 1232/2069/18 1326/1918/18 1231/2070/18
f 1231/2070/18 1326/1918/18 1230/2071/18
f 1230/2071/18 1326/1918/18 1229/1917/18
f 1327/2072/18 1424/2073/18 1342/2074/18
f 1423/2075/17 1344/2076/17 1399/2077/17
f 1351/2078/839 1345/2079/839 1347/2080/839 1354/2081/839
f 1354/2081/839 1347/2080/839 1348/2082/839 1353/2083/839
f 1353/2083/548 1348/2082/548 1349/2084/548 1352/2085/548
f 1352/2085/840 1349/2084/840 1346/2086/840 1350/2087/840
f 1356/2088/550 1351/2078/550 1354/2081/550 1359/2089/550
f 1359/2089/550 1354/2081/550 1353/2083/550 1358/2090/550
f 1358/2090/841 1353/2083/841 1352/2085/841 1357/2091/841
f 1357/2091/842 1352/2085/842 1350/2087/842 1355/2092/842
f 1361/2093/843 1356/2088/843 1359/2089/843 1364/2094/843
f 1364/2094/843 1359/2089/843 1358/2090/843 1363/2095/843
f 1363/2095/844 1358/2090/844 1357/2091/844 1362/2096/844
f 1362/2096/845 1357/2091/845 1355/2092/845 1360/2097/845
f 1365/2098/556 1361/2093/556 1364/2094/556 1368/2099/556
f 1368/2099/556 1364/2094/556 1363/2095/556 1367/2100/556
f 1367/2100/846 1363/2095/846 1362/2096/846 1366/2101/846
f 1366/2101/847 1362/2096/847 1360/2097/847 1343/2102/847
f 1370/2103/559 1365/2098/559 1368/2099/559 1373/2104/559
f 1373/2104/559 1368/2099/559 1367/2100/559 1372/2105/559
f 1372/2105/848 1367/2100/848 1366/2101/848 1371/2106/848
f 1371/2106/849 1366/2101/849 1343/2102/849 1369/2107/849
f 1375/2108/562 1370/2103/562 1373/2104/562 1378/2109/562
f 1378/2109/562 1373/2104/562 1372/2105/562 1377/2110/562
f 1377/2110/850 1372/2105/850 1371/2106/850 1376/2111/850
f 1376/2111/851 1371/2106/851 1369/2107/851 1374/2112/851
f 1380/2113/565 1375/2114/565 1378/2115/565 1383/2116/565
f 1383/2116/565 1378/2115/565 1377/2117/565 1382/2118/565
f 1382/2118/852 1377/2117/852 1376/2119/852 1381/2120/852
f 1381/2120/853 1376/2119/853 1374/2121/853 1379/2122/853
f 1385/2123/854 1380/2113/854 1383/2116/854 1388/2124/854
f 1388/2124/854 1383/2116/854 1382/2118/854 1387/2125/854
f 1387/2125/855 1382/2118/855 1381/2120/855 1386/2126/855
f 1386/2126/856 1381/2120/856 1379/2122/856 1384/2127/856
f 1390/2128/857 1385/2123/857 1388/2124/857 1393/2129/857
f 1393/2129/857 1388/2124/857 1387/2125/857 1392/2130/857
f 1392/2130/522 1387/2125/522 1386/2126/522 1391/2131/522
f 1391/2131/858 1386/2126/858 1384/2127/858 1389/2132/858
f 1395/2133/524 1390/2128/524 1393/2129/524 1398/2134/524
f 1398/2134/524 1393/2129/524 1392/2130/524 1397/2135/524
f 1397/2135/859 1392/2130/859 1391/2131/859 1396/2136/859
f 1396/2136/860 1391/2131/860 1389/2132/860 1394/2137/860
f 1400/2138/861 1395/2133/861 1398/2134/861 1403/2139/861
f 1403/2139/861 1398/2134/861 1397/2135/861 1402/2140/861
f 1402/2140/862 1397/2135/862 1396/2136/862 1401/2141/862
f 1401/2141/863 1396/2136/863 1394/2137/863 1399/2142/863
f 1404/2143/531 1400/2138/531 1403/2139/531 1407/2144/531
f 1407/2144/531 1403/2139/531 1402/2140/531 1406/2145/531
f 1406/2145/864 1402/2140/864 1401/2141/864 1405/2146/864
f 1405/2146/865 1401/2141/865 1399/2142/865 1344/2147/865
f 1409/2148/534 1404/2143/534 1407/2144/534 1412/2149/534
f 1412/2149/534 1407/2144/534 1406/2145/534 1411/2150/534
f 1411/2150/866 1406/2145/866 1405/2146/866 1410/2151/866
f 1410/2151/867 1405/2146/867 1344/2147/867 1408/2152/867
f 1414/2153/537 1409/2148/537 1412/2149/537 1417/2154/537
f 1417/2154/537 1412/2149/537 1411/2150/537 1416/2155/537
f 1416/2155/868 1411/2150/868 1410/2151/868 1415/2156/868
f 1415/2156/869 1410/2151/869 1408/2152/869 1413/2157/869
f 1419/2158/540 1414/2153/540 1417/2154/540 1422/2159/540
f 1422/2159/540 1417/2154/540 1416/2155/540 1421/2160/540
f 1421/2160/870 1416/2155/870 1415/2156/870 1420/2161/870
f 1420/2161/871 1415/2156/871 1413/2157/871 1418/2162/871
f 1345/2079/872 1419/2158/872 1422/2159/872 1347/2080/872
f 1347/2080/872 1422/2159/872 1421/2160/872 1348/2082/872
f 1348/2082/873 1421/2160/873 1420/2161/873 1349/2084/873
f 1349/2084/874 1420/2161/874 1418/2162/874 1346/2086/874
f 1327/2163/875 1345/2164/875 1351/2165/875 1328/2166/875
f 1342/2167/876 1419/2168/876 1345/2164/876 1327/2163/876
f 1328/2166/877 1351/2165/877 1356/2169/877 1329/2170/877
f 1329/2170/878 1356/2169/878 1361/2171/878 1330/2172/878
f 1330/2172/879 1361/2171/879 1365/2173/879 1331/2174/879
f 1331/2174/880 1365/2173/880 1370/2175/880 1332/2176/880
f 1332/2176/881 1370/2175/881 1375/2177/881 1333/2178/881
f 1333/2179/882 1375/2180/882 1380/2181/882 1334/2182/882
f 1334/2182/883 1380/2181/883 1385/2183/883 1335/2184/883
f 1335/2184/884 1385/2183/884 1390/2185/884 1336/2186/884
f 1336/2186/885 1390/2185/885 1395/2187/885 1337/2188/885
f 1337/2188/886 1395/2187/886 1400/2189/886 1338/2190/886
f 1338/2190/887 1400/2189/887 1404/2191/887 1339/2192/887
f 1339/2192/888 1404/2191/888 1409/2193/888 1340/2194/888
f 1340/2194/889 1409/2193/889 1414/2195/889 1341/2196/889
f 1341/2196/890 1414/2195/890 1419/2168/890 1342/2167/890
f 1343/2197/17 1423/2075/17 1369/2198/17
f 1346/2199/17 1418/2200/17 1423/2075/17
f 1350/2201/17 1423/2075/17 1355/2202/17
f 1369/2198/17 1423/2075/17 1374/2203/17
f 1374/2204/17 1423/2075/17 1379/2205/17
f 1379/2205/17 1423/2075/17 1384/2206/17
f 1423/2075/17 1418/2200/17 1413/2207/17
f 1413/2207/17 1408/2208/17 1423/2075/17
f 1408/2208/17 1344/2076/17 1423/2075/17
f 1399/2077/17 1394/2209/17 1423/2075/17
f 1394/2209/17 1389/2210/17 1423/2075/17
f 1389/2210/17 1384/2206/17 1423/2075/17
f 1355/2202/17 1423/2075/17 1360/2211/17
f 1360/2211/17 1423/2075/17 1343/2197/17
f 1423/2075/17 1350/2201/17 1346/2199/17
f 1342/2074/18 1424/2073/18 1341/2212/18
f 1341/2212/18 1424/2073/18 1340/2213/18
f 1340/2213/18 1424/2073/18 1339/2214/18
f 1339/2214/18 1424/2073/18 1338/2215/18
f 1338/2215/18 1424/2073/18 1337/2216/18
f 1337/2216/18 1424/2073/18 1336/2217/18
f 1336/2217/18 1424/2073/18 1335/2218/18
f 1335/2218/18 1424/2073/18 1334/2219/18
f 1334/2219/18 1424/2073/18 1333/2220/18
f 1333/2221/18 1424/2073/18 1332/2222/18
f 1332/2222/18 1424/2073/18 1331/2223/18
f 1331/2223/18 1424/2073/18 1330/2224/18
f 1330/2224/18 1424/2073/18 1329/2225/18
f 1329/2225/18 1424/2073/18 1328/2226/18
f 1328/2226/18 1424/2073/18 1327/2072/18
f 1425/2227/18 1522/2228/18 1440/2229/18
f 1521/2230/17 1442/2231/17 1497/2232/17
f 1449/2233/612 1443/2234/612 1445/2235/612 1452/2236/612
f 1452/2236/612 1445/2235/612 1446/2237/612 1451/2238/612
f 1451/2238/613 1446/2237/613 1447/2239/613 1450/2240/613
f 1450/2240/891 1447/2239/891 1444/2241/891 1448/2242/891
f 1454/2243/615 1449/2233/615 1452/2236/615 1457/2244/615
f 1457/2244/615 1452/2236/615 1451/2238/615 1456/2245/615
f 1456/2245/892 1451/2238/892 1450/2240/892 1455/2246/892
f 1455/2246/893 1450/2240/893 1448/2242/893 1453/2247/893
f 1459/2248/894 1454/2243/894 1457/2244/894 1462/2249/894
f 1462/2249/894 1457/2244/894 1456/2245/894 1461/2250/894
f 1461/2250/895 1456/2245/895 1455/2246/895 1460/2251/895
f 1460/2251/896 1455/2246/896 1453/2247/896 1458/2252/896
f 1463/2253/897 1459/2248/897 1462/2249/897 1466/2254/897
f 1466/2254/897 1462/2249/897 1461/2250/897 1465/2255/897
f 1465/2255/898 1461/2250/898 1460/2251/898 1464/2256/898
f 1464/2256/899 1460/2251/899 1458/2252/899 1441/2257/899
f 1468/2258/624 1463/2253/624 1466/2254/624 1471/2259/624
f 1471/2259/624 1466/2254/624 1465/2255/624 1470/2260/624
f 1470/2260/900 1465/2255/900 1464/2256/900 1469/2261/900
f 1469/2261/901 1464/2256/901 1441/2257/901 1467/2262/901
f 1473/2263/627 1468/2258/627 1471/2259/627 1476/2264/627
f 1476/2264/627 1471/2259/627 1470/2260/627 1475/2265/627
f 1475/2265/902 1470/2260/902 1469/2261/902 1474/2266/902
f 1474/2266/903 1469/2261/903 1467/2262/903 1472/2267/903
f 1478/2268/904 1473/2269/904 1476/2270/904 1481/2271/904
f 1481/2271/904 1476/2270/904 1475/2272/904 1480/2273/904
f 1480/2273/905 1475/2272/905 1474/2274/905 1479/2275/905
f 1479/2275/906 1474/2274/906 1472/2276/906 1477/2277/906
f 1483/2278/907 1478/2268/907 1481/2271/907 1486/2279/907
f 1486/2279/907 1481/2271/907 1480/2273/907 1485/2280/907
f 1485/2280/908 1480/2273/908 1479/2275/908 1484/2281/908
f 1484/2281/909 1479/2275/909 1477/2277/909 1482/2282/909
f 1488/2283/587 1483/2278/587 1486/2279/587 1491/2284/587
f 1491/2284/587 1486/2279/587 1485/2280/587 1490/2285/587
f 1490/2285/588 1485/2280/588 1484/2281/588 1489/2286/588
f 1489/2286/910 1484/2281/910 1482/2282/910 1487/2287/910
f 1493/2288/590 1488/2283/590 1491/2284/590 1496/2289/590
f 1496/2289/590 1491/2284/590 1490/2285/590 1495/2290/590
f 1495/2290/911 1490/2285/911 1489/2286/911 1494/2291/911
f 1494/2291/912 1489/2286/912 1487/2287/912 1492/2292/912
f 1498/2293/913 1493/2288/913 1496/2289/913 1501/2294/913
f 1501/2294/913 1496/2289/913 1495/2290/913 1500/2295/913
f 1500/2295/914 1495/2290/914 1494/2291/914 1499/2296/914
f 1499/2296/915 1494/2291/915 1492/2292/915 1497/2297/915
f 1502/2298/916 1498/2293/916 1501/2294/916 1505/2299/916
f 1505/2299/916 1501/2294/916 1500/2295/916 1504/2300/916
f 1504/2300/917 1500/2295/917 1499/2296/917 1503/2301/917
f 1503/2301/918 1499/2296/918 1497/2297/918 1442/2302/918
f 1507/2303/599 1502/2298/599 1505/2299/599 1510/2304/599
f 1510/2304/599 1505/2299/599 1504/2300/599 1509/2305/599
f 1509/2305/919 1504/2300/919 1503/2301/919 1508/2306/919
f 1508/2306/920 1503/2301/920 1442/2302/920 1506/2307/920
f 1512/2308/602 1507/2303/602 1510/2304/602 1515/2309/602
f 1515/2309/602 1510/2304/602 1509/2305/602 1514/2310/602
f 1514/2310/921 1509/2305/921 1508/2306/921 1513/2311/921
f 1513/2311/922 1508/2306/922 1506/2307/922 1511/2312/922
f 1517/2313/923 1512/2308/923 1515/2309/923 1520/2314/923
f 1520/2314/923 1515/2309/923 1514/2310/923 1519/2315/923
f 1519/2315/924 1514/2310/924 1513/2311/924 1518/2316/924
f 1518/2316/925 1513/2311/925 1511/2312/925 1516/2317/925
f 1443/2234/926 1517/2313/926 1520/2314/926 1445/2235/926
f 1445/2235/926 1520/2314/926 1519/2315/926 1446/2237/926
f 1446/2237/927 1519/2315/927 1518/2316/927 1447/2239/927
f 1447/2239/928 1518/2316/928 1516/2317/928 1444/2241/928
f 1425/2318/929 1443/2319/929 1449/2320/929 1426/2321/929
f 1440/2322/930 1517/2323/930 1443/2319/930 1425/2318/930
f 1426/2321/931 1449/2320/931 1454/2324/931 1427/2325/931
f 1427/2325/932 1454/2324/932 1459/2326/932 1428/2327/932
f 1428/2327/933 1459/2326/933 1463/2328/933 1429/2329/933
f 1429/2329/934 1463/2328/934 1468/2330/934 1430/2331/934
f 1430/2331/935 1468/2330/935 1473/2332/935 1431/2333/935
f 1431/2334/936 1473/2335/936 1478/2336/936 1432/2337/936
f 1432/2337/937 1478/2336/937 1483/2338/937 1433/2339/937
f 1433/2339/938 1483/2338/938 1488/2340/938 1434/2341/938
f 1434/2341/939 1488/2340/939 1493/2342/939 1435/2343/939
f 1435/2343/940 1493/2342/940 1498/2344/940 1436/2345/940
f 1436/2345/941 1498/2344/941 1502/2346/941 1437/2347/941
f 1437/2347/942 1502/2346/942 1507/2348/942 1438/2349/942
f 1438/2349/943 1507/2348/943 1512/2350/943 1439/2351/943
f 1439/2351/944 1512/2350/944 1517/2323/944 1440/2322/944
f 1441/2352/17 1521/2230/17 1467/2353/17
f 1444/2354/17 1516/2355/17 1521/2230/17
f 1448/2356/17 1521/2230/17 1453/2357/17
f 1467/2353/17 1521/2230/17 1472/2358/17
f 1472/2359/17 1521/2230/17 1477/2360/17
f 1477/2360/17 1521/2230/17 1482/2361/17
f 1521/2230/17 1516/2355/17 1511/2362/17
f 1511/2362/17 1506/2363/17 1521/2230/17
f 1506/2363/17 1442/2231/17 1521/2230/17
f 1497/2232/17 1492/2364/17 1521/2230/17
f 1492/2364/17 1487/2365/17 1521/2230/17
f 1487/2365/17 1482/2361/17 1521/2230/17
f 1453/2357/17 1521/2230/17 1458/2366/17
f 1458/2366/17 1521/2230/17 1441/2352/17
f 1521/2230/17 1448/2356/17 1444/2354/17
f 1440/2229/18 1522/2228/18 1439/2367/18
f 1439/2367/18 1522/2228/18 1438/2368/18
f 1438/2368/18 1522/2228/18 1437/2369/18
f 1437/2369/18 1522/2228/18 1436/2370/18
f 1436/2370/18 1522/2228/18 1435/2371/18
f 1435/2371/18 1522/2228/18 1434/2372/18
f 1434/2372/18 1522/2228/18 1433/2373/18
f 1433/2373/18 1522/2228/18 1432/2374/18
f 1432/2374/18 1522/2228/18 1431/2375/18
f 1431/2376/18 1522/2228/18 1430/2377/18
f 1430/2377/18 1522/2228/18 1429/2378/18
f 1429/2378/18 1522/2228/18 1428/2379/18
f 1428/2379/18 1522/2228/18 1427/2380/18
f 1427/2380/18 1522/2228/18 1426/2381/18
f 1426/2381/18 1522/2228/18 1425/2227/18
f 1523/2382/18 1620/2383/18 1538/2384/18
f 1619/2385/17 1540/2386/17 1595/2387/17
f 1547/2388/945 1541/2389/945 1543/2390/945 1550/2391/945
f 1550/2391/945 1543/2390/945 1544/2392/945 1549/2393/945
f 1549/2393/677 1544/2392/677 1545/2394/677 1548/2395/677
f 1548/2395/946 1545/2394/946 1542/2396/946 1546/2397/946
f 1552/2398/947 1547/2388/947 1550/2391/947 1555/2399/947
f 1555/2399/947 1550/2391/947 1549/2393/947 1554/2400/947
f 1554/2400/948 1549/2393/948 1548/2395/948 1553/2401/948
f 1553/2401/949 1548/2395/949 1546/2397/949 1551/2402/949
f 1557/2403/682 1552/2398/682 1555/2399/682 1560/2404/682
f 1560/2404/682 1555/2399/682 1554/2400/682 1559/2405/682
f 1559/2405/950 1554/2400/950 1553/2401/950 1558/2406/950
f 1558/2406/951 1553/2401/951 1551/2402/951 1556/2407/951
f 1561/2408/685 1557/2403/685 1560/2404/685 1564/2409/685
f 1564/2409/685 1560/2404/685 1559/2405/685 1563/2410/685
f 1563/2410/952 1559/2405/952 1558/2406/952 1562/2411/952
f 1562/2411/953 1558/2406/953 1556/2407/953 1539/2412/953
f 1566/2413/688 1561/2408/688 1564/2409/688 1569/2414/688
f 1569/2414/688 1564/2409/688 1563/2410/688 1568/2415/688
f 1568/2415/954 1563/2410/954 1562/2411/954 1567/2416/954
f 1567/2416/955 1562/2411/955 1539/2412/955 1565/2417/955
f 1571/2418/956 1566/2413/956 1569/2414/956 1574/2419/956
f 1574/2419/956 1569/2414/956 1568/2415/956 1573/2420/956
f 1573/2420/957 1568/2415/957 1567/2416/957 1572/2421/957
f 1572/2421/958 1567/2416/958 1565/2417/958 1570/2422/958
f 1576/2423/694 1571/2424/694 1574/2425/694 1579/2426/694
f 1579/2426/694 1574/2425/694 1573/2427/694 1578/2428/694
f 1578/2428/959 1573/2427/959 1572/2429/959 1577/2430/959
f 1577/2430/960 1572/2429/960 1570/2431/960 1575/2432/960
f 1581/2433/697 1576/2423/697 1579/2426/697 1584/2434/697
f 1584/2434/697 1579/2426/697 1578/2428/697 1583/2435/697
f 1583/2435/961 1578/2428/961 1577/2430/961 1582/2436/961
f 1582/2436/962 1577/2430/962 1575/2432/962 1580/2437/962
f 1586/2438/963 1581/2433/963 1584/2434/963 1589/2439/963
f 1589/2439/963 1584/2434/963 1583/2435/963 1588/2440/963
f 1588/2440/653 1583/2435/653 1582/2436/653 1587/2441/653
f 1587/2441/964 1582/2436/964 1580/2437/964 1585/2442/964
f 1591/2443/965 1586/2438/965 1589/2439/965 1594/2444/965
f 1594/2444/965 1589/2439/965 1588/2440/965 1593/2445/965
f 1593/2445/966 1588/2440/966 1587/2441/966 1592/2446/966
f 1592/2446/967 1587/2441/967 1585/2442/967 1590/2447/967
f 1596/2448/658 1591/2443/658 1594/2444/658 1599/2449/658
f 1599/2449/658 1594/2444/658 1593/2445/658 1598/2450/658
f 1598/2450/968 1593/2445/968 1592/2446/968 1597/2451/968
f 1597/2451/969 1592/2446/969 1590/2447/969 1595/2452/969
f 1600/2453/661 1596/2448/661 1599/2449/661 1603/2454/661
f 1603/2454/661 1599/2449/661 1598/2450/661 1602/2455/661
f 1602/2455/970 1598/2450/970 1597/2451/970 1601/2456/970
f 1601/2456/971 1597/2451/971 1595/2452/971 1540/2457/971
f 1605/2458/664 1600/2453/664 1603/2454/664 1608/2459/664
f 1608/2459/664 1603/2454/664 1602/2455/664 1607/2460/664
f 1607/2460/972 1602/2455/972 1601/2456/972 1606/2461/972
f 1606/2461/973 1601/2456/973 1540/2457/973 1604/2462/973
f 1610/2463/974 1605/2458/974 1608/2459/974 1613/2464/974
f 1613/2464/974 1608/2459/974 1607/2460/974 1612/2465/974
f 1612/2465/975 1607/2460/975 1606/2461/975 1611/2466/975
f 1611/2466/976 1606/2461/976 1604/2462/976 1609/2467/976
f 1615/2468/670 1610/2463/670 1613/2464/670 1618/2469/670
f 1618/2469/670 1613/2464/670 1612/2465/670 1617/2470/670
f 1617/2470/977 1612/2465/977 1611/2466/977 1616/2471/977
f 1616/2471/978 1611/2466/978 1609/2467/978 1614/2472/978
f 1541/2389/673 1615/2468/673 1618/2469/673 1543/2390/673
f 1543/2390/673 1618/2469/673 1617/2470/673 1544/2392/673
f 1544/2392/979 1617/2470/979 1616/2471/979 1545/2394/979
f 1545/2394/980 1616/2471/980 1614/2472/980 1542/2396/980
f 1523/2473/981 1541/2474/981 1547/2475/981 1524/2476/981
f 1538/2477/982 1615/2478/982 1541/2474/982 1523/2473/982
f 1524/2476/983 1547/2475/983 1552/2479/983 1525/2480/983
f 1525/2480/984 1552/2479/984 1557/2481/984 1526/2482/984
f 1526/2482/985 1557/2481/985 1561/2483/985 1527/2484/985
f 1527/2484/986 1561/2483/986 1566/2485/986 1528/2486/986
f 1528/2486/987 1566/2485/987 1571/2487/987 1529/2488/987
f 1529/2489/988 1571/2490/988 1576/2491/988 1530/2492/988
f 1530/2492/989 1576/2491/989 1581/2493/989 1531/2494/989
f 1531/2494/990 1581/2493/990 1586/2495/990 1532/2496/990
f 1532/2496/991 1586/2495/991 1591/2497/991 1533/2498/991
f 1533/2498/992 1591/2497/992 1596/2499/992 1534/2500/992
f 1534/2500/993 1596/2499/993 1600/2501/993 1535/2502/993
f 1535/2502/994 1600/2501/994 1605/2503/994 1536/2504/994
f 1536/2504/995 1605/2503/995 1610/2505/995 1537/2506/995
f 1537/2506/996 1610/2505/996 1615/2478/996 1538/2477/996
f 1539/2507/17 1619/2385/17 1565/2508/17
f 1542/2509/17 1614/2510/17 1619/2385/17
f 1546/2511/17 1619/2385/17 1551/2512/17
f 1565/2508/17 1619/2385/17 1570/2513/17
f 1570/2514/17 1619/2385/17 1575/2515/17
f 1575/2515/17 1619/2385/17 1580/2516/17
f 1619/2385/17 1614/2510/17 1609/2517/17
f 1609/2517/17 1604/2518/17 1619/2385/17
f 1604/2518/17 1540/2386/17 1619/2385/17
f 1595/2387/17 1590/2519/17 1619/2385/17
f 1590/2519/17 1585/2520/17 1619/2385/17
f 1585/2520/17 1580/2516/17 1619/2385/17
f 1551/2512/17 1619/2385/17 1556/2521/17
f 1556/2521/17 1619/2385/17 1539/2507/17
f 1619/2385/17 1546/2511/17 1542/2509/17
f 1538/2384/18 1620/2383/18 1537/2522/18
f 1537/2522/18 1620/2383/18 1536/2523/18
f 1536/2523/18 1620/2383/18 1535/2524/18
f 1535/2524/18 1620/2383/18 1534/2525/18
f 1534/2525/18 1620/2383/18 1533/2526/18
f 1533/2526/18 1620/2383/18 1532/2527/18
f 1532/2527/18 1620/2383/18 1531/2528/18
f 1531/2528/18 1620/2383/18 1530/2529/18
f 1530/2529/18 1620/2383/18 1529/2530/18
f 1529/2531/18 1620/2383/18 1528/2532/18
f 1528/2532/18 1620/2383/18 1527/2533/18
f 1527/2533/18 1620/2383/18 1526/2534/18
f 1526/2534/18 1620/2383/18 1525/2535/18
f 1525/2535/18 1620/2383/18 1524/2536/18
f 1524/2536/18 1620/2383/18 1523/2382/18
f 1621/2537/18 1718/2538/18 1636/2539/18
f 1717/2540/17 1638/2541/17 1693/2542/17
f 1645/2543/997 1639/2544/997 1641/2545/997 1648/2546/997
f 1648/2546/997 1641/2545/997 1642/2547/997 1647/2548/997
f 1647/2548/742 1642/2547/742 1643/2549/742 1646/2550/742
f 1646/2550/998 1643/2549/998 1640/2551/998 1644/2552/998
f 1650/2553/999 1645/2543/999 1648/2546/999 1653/2554/999
f 1653/2554/999 1648/2546/999 1647/2548/999 1652/2555/999
f 1652/2555/1000 1647/2548/1000 1646/2550/1000 1651/2556/1000
f 1651/2556/1001 1646/2550/1001 1644/2552/1001 1649/2557/1001
f 1655/2558/748 1650/2553/748 1653/2554/748 1658/2559/748
f 1658/2559/748 1653/2554/748 1652/2555/748 1657/2560/748
f 1657/2560/1002 1652/2555/1002 1651/2556/1002 1656/2561/1002
f 1656/2561/1003 1651/2556/1003 1649/2557/1003 1654/2562/1003
f 1659/2563/751 1655/2558/751 1658/2559/751 1662/2564/751
f 1662/2564/751 1658/2559/751 1657/2560/751 1661/2565/751
f 1661/2565/1004 1657/2560/1004 1656/2561/1004 1660/2566/1004
f 1660/2566/1005 1656/2561/1005 1654/2562/1005 1637/2567/1005
f 1664/2568/754 1659/2563/754 1662/2564/754 1667/2569/754
f 1667/2569/754 1662/2564/754 1661/2565/754 1666/2570/754
f 1666/2570/1006 1661/2565/1006 1660/2566/1006 1665/2571/1006
f 1665/2571/1007 1660/2566/1007 1637/2567/1007 1663/2572/1007
f 1669/2573/757 1664/2568/757 1667/2569/757 1672/2574/757
f 1672/2574/757 1667/2569/757 1666/2570/757 1671/2575/757
f 1671/2575/1008 1666/2570/1008 1665/2571/1008 1670/2576/1008
f 1670/2576/1009 1665/2571/1009 1663/2572/1009 1668/2577/1009
f 1674/2578/760 1669/2579/760 1672/2580/760 1677/2581/760
f 1677/2581/760 1672/2580/760 1671/2582/760 1676/2583/760
f 1676/2583/1010 1671/2582/1010 1670/2584/1010 1675/2585/1010
f 1675/2585/1011 1670/2584/1011 1668/2586/1011 1673/2587/1011
f 1679/2588/1012 1674/2578/1012 1677/2581/1012 1682/2589/1012
f 1682/2589/1012 1677/2581/1012 1676/2583/1012 1681/2590/1012
f 1681/2590/1013 1676/2583/1013 1675/2585/1013 1680/2591/1013
f 1680/2591/1014 1675/2585/1014 1673/2587/1014 1678/2592/1014
f 1684/2593/1015 1679/2588/1015 1682/2589/1015 1687/2594/1015
f 1687/2594/1015 1682/2589/1015 1681/2590/1015 1686/2595/1015
f 1686/2595/718 1681/2590/718 1680/2591/718 1685/2596/718
f 1685/2596/1016 1680/2591/1016 1678/2592/1016 1683/2597/1016
f 1689/2598/1017 1684/2593/1017 1687/2594/1017 1692/2599/1017
f 1692/2599/1018 1687/2594/1018 1686/2595/1018 1691/2600/1018
f 1691/2600/1019 1686/2595/1019 1685/2596/1019 1690/2601/1019
f 1690/2601/1020 1685/2596/1020 1683/2597/1020 1688/2602/1020
f 1694/2603/723 1689/2598/723 1692/2599/723 1697/2604/723
f 1697/2604/723 1692/2599/723 1691/2600/723 1696/2605/723
f 1696/2605/1021 1691/2600/1021 1690/2601/1021 1695/2606/1021
f 1695/2606/1022 1690/2601/1022 1688/2602/1022 1693/2607/1022
f 1698/2608/726 1694/2603/726 1697/2604/726 1701/2609/726
f 1701/2609/726 1697/2604/726 1696/2605/726 1700/2610/726
f 1700/2610/1023 1696/2605/1023 1695/2606/1023 1699/2611/1023
f 1699/2611/1024 1695/2606/1024 1693/2607/1024 1638/2612/1024
f 1703/2613/729 1698/2608/729 1701/2609/729 1706/2614/729
f 1706/2614/729 1701/2609/729 1700/2610/729 1705/2615/729
f 1705/2615/1025 1700/2610/1025 1699/2611/1025 1704/2616/1025
f 1704/2616/1026 1699/2611/1026 1638/2612/1026 1702/2617/1026
f 1708/2618/732 1703/2613/732 1706/2614/732 1711/2619/732
f 1711/2619/732 1706/2614/732 1705/2615/732 1710/2620/732
f 1710/2620/1027 1705/2615/1027 1704/2616/1027 1709/2621/1027
f 1709/2621/1028 1704/2616/1028 1702/2617/1028 1707/2622/1028
f 1713/2623/735 1708/2618/735 1711/2619/735 1716/2624/735
f 1716/2624/735 1711/2619/735 1710/2620/735 1715/2625/735
f 1715/2625/1029 1710/2620/1029 1709/2621/1029 1714/2626/1029
f 1714/2626/1030 1709/2621/1030 1707/2622/1030 1712/2627/1030
f 1639/2544/1031 1713/2623/1031 1716/2624/1031 1641/2545/1031
f 1641/2545/1031 1716/2624/1031 1715/2625/1031 1642/2547/1031
f 1642/2547/1032 1715/2625/1032 1714/2626/1032 1643/2549/1032
f 1643/2549/1033 1714/2626/1033 1712/2627/1033 1640/2551/1033
f 1621/2628/1034 1639/2629/1034 1645/2630/1034 1622/2631/1034
f 1636/2632/1035 1713/2633/1035 1639/2629/1035 1621/2628/1035
f 1622/2631/1036 1645/2630/1036 1650/2634/1036 1623/2635/1036
f 1623/2635/1037 1650/2634/1037 1655/2636/1037 1624/2637/1037
f 1624/2637/1038 1655/2636/1038 1659/2638/1038 1625/2639/1038
f 1625/2639/1039 1659/2638/1039 1664/2640/1039 1626/2641/1039
f 1626/2641/1040 1664/2640/1040 1669/2642/1040 1627/2643/1040
f 1627/2644/1041 1669/2645/1041 1674/2646/1041 1628/2647/1041
f 1628/2647/1042 1674/2646/1042 1679/2648/1042 1629/2649/1042
f 1629/2649/1043 1679/2648/1043 1684/2650/1043 1630/2651/1043
f 1630/2651/1044 1684/2650/1044 1689/2652/1044 1631/2653/1044
f 1631/2653/1045 1689/2652/1045 1694/2654/1045 1632/2655/1045
f 1632/2655/1046 1694/2654/1046 1698/2656/1046 1633/2657/1046
f 1633/2657/1047 1698/2656/1047 1703/2658/1047 1634/2659/1047
f 1634/2659/1048 1703/2658/1048 1708/2660/1048 1635/2661/1048
f 1635/2661/1049 1708/2660/1049 1713/2633/1049 1636/2632/1049
f 1637/2662/17 1717/2540/17 1663/2663/17
f 1640/2664/17 1712/2665/17 1717/2540/17
f 1644/2666/17 1717/2540/17 1649/2667/17
f 1663/2663/17 1717/2540/17 1668/2668/17
f 1668/2669/17 1717/2540/17 1673/2670/17
f 1673/2670/17 1717/2540/17 1678/2671/17
f 1717/2540/17 1712/2665/17 1707/2672/17
f 1707/2672/17 1702/2673/17 1717/2540/17
f 1702/2673/17 1638/2541/17 1717/2540/17
f 1693/2542/17 1688/2674/17 1717/2540/17
f 1688/2674/17 1683/2675/17 1717/2540/17
f 1683/2675/17 1678/2671/17 1717/2540/17
f 1649/2667/17 1717/2540/17 1654/2676/17
f 1654/2676/17 1717/2540/17 1637/2662/17
f 1717/2540/17 1644/2666/17 1640/2664/17
f 1636/2539/18 1718/2538/18 1635/2677/18
f 1635/2677/18 1718/2538/18 1634/2678/18
f 1634/2678/18 1718/2538/18 1633/2679/18
f 1633/2679/18 1718/2538/18 1632/2680/18
f 1632/2680/18 1718/2538/18 1631/2681/18
f 1631/2681/18 1718/2538/18 1630/2682/18
f 1630/2682/18 1718/2538/18 1629/2683/18
f 1629/2683/18 1718/2538/18 1628/2684/18
f 1628/2684/18 1718/2538/18 1627/2685/18
f 1627/2686/18 1718/2538/18 1626/2687/18
f 1626/2687/18 1718/2538/18 1625/2688/18
f 1625/2688/18 1718/2538/18 1624/2689/18
f 1624/2689/18 1718/2538/18 1623/2690/18
f 1623/2690/18 1718/2538/18 1622/2691/18
f 1622/2691/18 1718/2538/18 1621/2537/18
